measurement_id,time,event_key,dev_eui,metric_name,metric_value,metric_text,metric_bool,unit,quality,source_field
58553,2026-09-22 02:53:17.447997+00,4be84b7b-2571-48fe-a99b-37c95a980153,ac1f09fffe296d29,soil_moisture_percent,4,,,%,measured,soil_moisture_percent
58554,2026-09-22 02:53:17.447997+00,4be84b7b-2571-48fe-a99b-37c95a980153,ac1f09fffe296d29,soil_temperature_c,30.2,,,Cel,measured,soil_temperature_c
58555,2026-09-22 02:53:17.447997+00,4be84b7b-2571-48fe-a99b-37c95a980153,ac1f09fffe296d29,uv_index,0,,,1,measured,uv_index
58556,2026-09-22 02:53:17.447997+00,4be84b7b-2571-48fe-a99b-37c95a980153,ac1f09fffe296d29,barometer_pressure_pa,101491,,,Pa,measured,barometer_pressure_pa
58557,2026-09-22 02:53:17.447997+00,4be84b7b-2571-48fe-a99b-37c95a980153,ac1f09fffe296d29,barometer_temperature_c,25.45,,,Cel,measured,barometer_temperature_c
58558,2026-09-22 02:53:17.447997+00,4be84b7b-2571-48fe-a99b-37c95a980153,ac1f09fffe296d29,light_veml7700_lux,181.28,,,lx,measured,light_veml7700_lux
58559,2026-09-22 02:53:17.447997+00,4be84b7b-2571-48fe-a99b-37c95a980153,ac1f09fffe296d29,light_opt3001_lux,161.04,,,lx,measured,light_opt3001_lux
58560,2026-09-22 02:53:17.447997+00,4be84b7b-2571-48fe-a99b-37c95a980153,ac1f09fffe296d29,environment_temperature_c,28.69,,,Cel,measured,environment_temperature_c
58561,2026-09-22 02:53:17.447997+00,4be84b7b-2571-48fe-a99b-37c95a980153,ac1f09fffe296d29,environment_humidity_percent,51.03,,,%,measured,environment_humidity_percent
58562,2026-09-22 02:53:17.447997+00,4be84b7b-2571-48fe-a99b-37c95a980153,ac1f09fffe296d29,environment_pressure_pa,101171,,,Pa,measured,environment_pressure_pa
58563,2026-09-22 02:53:17.447997+00,4be84b7b-2571-48fe-a99b-37c95a980153,ac1f09fffe296d29,environment_gas_resistance_ohm,48768,,,ohm,measured,environment_gas_resistance_ohm
58564,2026-09-22 02:53:17.447997+00,4be84b7b-2571-48fe-a99b-37c95a980153,ac1f09fffe296d29,rain_wet,,,f,boolean,measured,rain_wet
58565,2026-09-22 02:53:17.447997+00,4be84b7b-2571-48fe-a99b-37c95a980153,ac1f09fffe296d29,battery_v,,,,V,invalid,battery_v
58566,2026-09-22 02:53:32.644325+00,369cf6bc-2a06-4835-91c2-73b27eba1d5d,ac1f09fffe296d29,soil_moisture_percent,5,,,%,measured,soil_moisture_percent
58567,2026-09-22 02:53:32.644325+00,369cf6bc-2a06-4835-91c2-73b27eba1d5d,ac1f09fffe296d29,soil_temperature_c,30.2,,,Cel,measured,soil_temperature_c
58568,2026-09-22 02:53:32.644325+00,369cf6bc-2a06-4835-91c2-73b27eba1d5d,ac1f09fffe296d29,uv_index,0,,,1,measured,uv_index
58569,2026-09-22 02:53:32.644325+00,369cf6bc-2a06-4835-91c2-73b27eba1d5d,ac1f09fffe296d29,barometer_pressure_pa,101491,,,Pa,measured,barometer_pressure_pa
58570,2026-09-22 02:53:32.644325+00,369cf6bc-2a06-4835-91c2-73b27eba1d5d,ac1f09fffe296d29,barometer_temperature_c,25.47,,,Cel,measured,barometer_temperature_c
58571,2026-09-22 02:53:32.644325+00,369cf6bc-2a06-4835-91c2-73b27eba1d5d,ac1f09fffe296d29,light_veml7700_lux,179.34,,,lx,measured,light_veml7700_lux
58572,2026-09-22 02:53:32.644325+00,369cf6bc-2a06-4835-91c2-73b27eba1d5d,ac1f09fffe296d29,light_opt3001_lux,158.48,,,lx,measured,light_opt3001_lux
58573,2026-09-22 02:53:32.644325+00,369cf6bc-2a06-4835-91c2-73b27eba1d5d,ac1f09fffe296d29,environment_temperature_c,28.71,,,Cel,measured,environment_temperature_c
58574,2026-09-22 02:53:32.644325+00,369cf6bc-2a06-4835-91c2-73b27eba1d5d,ac1f09fffe296d29,environment_humidity_percent,50.94,,,%,measured,environment_humidity_percent
58575,2026-09-22 02:53:32.644325+00,369cf6bc-2a06-4835-91c2-73b27eba1d5d,ac1f09fffe296d29,environment_pressure_pa,101171,,,Pa,measured,environment_pressure_pa
58576,2026-09-22 02:53:32.644325+00,369cf6bc-2a06-4835-91c2-73b27eba1d5d,ac1f09fffe296d29,environment_gas_resistance_ohm,48911,,,ohm,measured,environment_gas_resistance_ohm
58577,2026-09-22 02:53:32.644325+00,369cf6bc-2a06-4835-91c2-73b27eba1d5d,ac1f09fffe296d29,rain_wet,,,f,boolean,measured,rain_wet
58578,2026-09-22 02:53:32.644325+00,369cf6bc-2a06-4835-91c2-73b27eba1d5d,ac1f09fffe296d29,battery_v,,,,V,invalid,battery_v
58579,2026-09-22 02:53:47.647556+00,f3f61338-a7a9-4829-ab71-254953f79a63,ac1f09fffe296d29,soil_moisture_percent,4,,,%,measured,soil_moisture_percent
58580,2026-09-22 02:53:47.647556+00,f3f61338-a7a9-4829-ab71-254953f79a63,ac1f09fffe296d29,soil_temperature_c,30.2,,,Cel,measured,soil_temperature_c
58581,2026-09-22 02:53:47.647556+00,f3f61338-a7a9-4829-ab71-254953f79a63,ac1f09fffe296d29,uv_index,0,,,1,measured,uv_index
58582,2026-09-22 02:53:47.647556+00,f3f61338-a7a9-4829-ab71-254953f79a63,ac1f09fffe296d29,barometer_pressure_pa,101490,,,Pa,measured,barometer_pressure_pa
58583,2026-09-22 02:53:47.647556+00,f3f61338-a7a9-4829-ab71-254953f79a63,ac1f09fffe296d29,barometer_temperature_c,25.47,,,Cel,measured,barometer_temperature_c
58584,2026-09-22 02:53:47.647556+00,f3f61338-a7a9-4829-ab71-254953f79a63,ac1f09fffe296d29,light_veml7700_lux,181.38,,,lx,measured,light_veml7700_lux
58585,2026-09-22 02:53:47.647556+00,f3f61338-a7a9-4829-ab71-254953f79a63,ac1f09fffe296d29,light_opt3001_lux,160.4,,,lx,measured,light_opt3001_lux
58586,2026-09-22 02:53:47.647556+00,f3f61338-a7a9-4829-ab71-254953f79a63,ac1f09fffe296d29,environment_temperature_c,28.71,,,Cel,measured,environment_temperature_c
58587,2026-09-22 02:53:47.647556+00,f3f61338-a7a9-4829-ab71-254953f79a63,ac1f09fffe296d29,environment_humidity_percent,50.45,,,%,measured,environment_humidity_percent
58588,2026-09-22 02:53:47.647556+00,f3f61338-a7a9-4829-ab71-254953f79a63,ac1f09fffe296d29,environment_pressure_pa,101171,,,Pa,measured,environment_pressure_pa
58589,2026-09-22 02:53:47.647556+00,f3f61338-a7a9-4829-ab71-254953f79a63,ac1f09fffe296d29,environment_gas_resistance_ohm,49256,,,ohm,measured,environment_gas_resistance_ohm
58590,2026-09-22 02:53:47.647556+00,f3f61338-a7a9-4829-ab71-254953f79a63,ac1f09fffe296d29,rain_wet,,,f,boolean,measured,rain_wet
58591,2026-09-22 02:53:47.647556+00,f3f61338-a7a9-4829-ab71-254953f79a63,ac1f09fffe296d29,battery_v,,,,V,invalid,battery_v
58592,2026-09-22 02:54:02.716339+00,2549ae41-6925-4c4f-8b6c-fa521b4aad64,ac1f09fffe296d29,soil_moisture_percent,4,,,%,measured,soil_moisture_percent
58593,2026-09-22 02:54:02.716339+00,2549ae41-6925-4c4f-8b6c-fa521b4aad64,ac1f09fffe296d29,soil_temperature_c,30.2,,,Cel,measured,soil_temperature_c
58594,2026-09-22 02:54:02.716339+00,2549ae41-6925-4c4f-8b6c-fa521b4aad64,ac1f09fffe296d29,uv_index,0,,,1,measured,uv_index
58595,2026-09-22 02:54:02.716339+00,2549ae41-6925-4c4f-8b6c-fa521b4aad64,ac1f09fffe296d29,barometer_pressure_pa,101490,,,Pa,measured,barometer_pressure_pa
58596,2026-09-22 02:54:02.716339+00,2549ae41-6925-4c4f-8b6c-fa521b4aad64,ac1f09fffe296d29,barometer_temperature_c,25.46,,,Cel,measured,barometer_temperature_c
58597,2026-09-22 02:54:02.716339+00,2549ae41-6925-4c4f-8b6c-fa521b4aad64,ac1f09fffe296d29,light_veml7700_lux,179.69,,,lx,measured,light_veml7700_lux
58598,2026-09-22 02:54:02.716339+00,2549ae41-6925-4c4f-8b6c-fa521b4aad64,ac1f09fffe296d29,light_opt3001_lux,159.4,,,lx,measured,light_opt3001_lux
58599,2026-09-22 02:54:02.716339+00,2549ae41-6925-4c4f-8b6c-fa521b4aad64,ac1f09fffe296d29,environment_temperature_c,28.7,,,Cel,measured,environment_temperature_c
58600,2026-09-22 02:54:02.716339+00,2549ae41-6925-4c4f-8b6c-fa521b4aad64,ac1f09fffe296d29,environment_humidity_percent,50.55,,,%,measured,environment_humidity_percent
58601,2026-09-22 02:54:02.716339+00,2549ae41-6925-4c4f-8b6c-fa521b4aad64,ac1f09fffe296d29,environment_pressure_pa,101171,,,Pa,measured,environment_pressure_pa
58602,2026-09-22 02:54:02.716339+00,2549ae41-6925-4c4f-8b6c-fa521b4aad64,ac1f09fffe296d29,environment_gas_resistance_ohm,49813,,,ohm,measured,environment_gas_resistance_ohm
58603,2026-09-22 02:54:02.716339+00,2549ae41-6925-4c4f-8b6c-fa521b4aad64,ac1f09fffe296d29,rain_wet,,,f,boolean,measured,rain_wet
58604,2026-09-22 02:54:02.716339+00,2549ae41-6925-4c4f-8b6c-fa521b4aad64,ac1f09fffe296d29,battery_v,,,,V,invalid,battery_v
58605,2026-09-22 02:54:17.439205+00,541c9291-2897-4d71-b51c-eb79fbcc5453,ac1f09fffe296d29,soil_moisture_percent,4,,,%,measured,soil_moisture_percent
58606,2026-09-22 02:54:17.439205+00,541c9291-2897-4d71-b51c-eb79fbcc5453,ac1f09fffe296d29,soil_temperature_c,30.2,,,Cel,measured,soil_temperature_c
58607,2026-09-22 02:54:17.439205+00,541c9291-2897-4d71-b51c-eb79fbcc5453,ac1f09fffe296d29,uv_index,0,,,1,measured,uv_index
58608,2026-09-22 02:54:17.439205+00,541c9291-2897-4d71-b51c-eb79fbcc5453,ac1f09fffe296d29,barometer_pressure_pa,101492,,,Pa,measured,barometer_pressure_pa
58609,2026-09-22 02:54:17.439205+00,541c9291-2897-4d71-b51c-eb79fbcc5453,ac1f09fffe296d29,barometer_temperature_c,25.45,,,Cel,measured,barometer_temperature_c
58610,2026-09-22 02:54:17.439205+00,541c9291-2897-4d71-b51c-eb79fbcc5453,ac1f09fffe296d29,light_veml7700_lux,180.99,,,lx,measured,light_veml7700_lux
58611,2026-09-22 02:54:17.439205+00,541c9291-2897-4d71-b51c-eb79fbcc5453,ac1f09fffe296d29,light_opt3001_lux,159.44,,,lx,measured,light_opt3001_lux
58612,2026-09-22 02:54:17.439205+00,541c9291-2897-4d71-b51c-eb79fbcc5453,ac1f09fffe296d29,environment_temperature_c,28.7,,,Cel,measured,environment_temperature_c
58613,2026-09-22 02:54:17.439205+00,541c9291-2897-4d71-b51c-eb79fbcc5453,ac1f09fffe296d29,environment_humidity_percent,50.77,,,%,measured,environment_humidity_percent
58614,2026-09-22 02:54:17.439205+00,541c9291-2897-4d71-b51c-eb79fbcc5453,ac1f09fffe296d29,environment_pressure_pa,101170,,,Pa,measured,environment_pressure_pa
58615,2026-09-22 02:54:17.439205+00,541c9291-2897-4d71-b51c-eb79fbcc5453,ac1f09fffe296d29,environment_gas_resistance_ohm,49813,,,ohm,measured,environment_gas_resistance_ohm
58616,2026-09-22 02:54:17.439205+00,541c9291-2897-4d71-b51c-eb79fbcc5453,ac1f09fffe296d29,rain_wet,,,f,boolean,measured,rain_wet
58617,2026-09-22 02:54:17.439205+00,541c9291-2897-4d71-b51c-eb79fbcc5453,ac1f09fffe296d29,battery_v,,,,V,invalid,battery_v
58618,2026-09-22 02:54:32.86413+00,66cf0d1a-a4e6-488b-b34e-446ad2caea57,ac1f09fffe296d29,soil_moisture_percent,5,,,%,measured,soil_moisture_percent
58619,2026-09-22 02:54:32.86413+00,66cf0d1a-a4e6-488b-b34e-446ad2caea57,ac1f09fffe296d29,soil_temperature_c,30.2,,,Cel,measured,soil_temperature_c
58620,2026-09-22 02:54:32.86413+00,66cf0d1a-a4e6-488b-b34e-446ad2caea57,ac1f09fffe296d29,uv_index,0,,,1,measured,uv_index
58621,2026-09-22 02:54:32.86413+00,66cf0d1a-a4e6-488b-b34e-446ad2caea57,ac1f09fffe296d29,barometer_pressure_pa,101491,,,Pa,measured,barometer_pressure_pa
58622,2026-09-22 02:54:32.86413+00,66cf0d1a-a4e6-488b-b34e-446ad2caea57,ac1f09fffe296d29,barometer_temperature_c,25.45,,,Cel,measured,barometer_temperature_c
58623,2026-09-22 02:54:32.86413+00,66cf0d1a-a4e6-488b-b34e-446ad2caea57,ac1f09fffe296d29,light_veml7700_lux,177.36,,,lx,measured,light_veml7700_lux
58624,2026-09-22 02:54:32.86413+00,66cf0d1a-a4e6-488b-b34e-446ad2caea57,ac1f09fffe296d29,light_opt3001_lux,152.64,,,lx,measured,light_opt3001_lux
58625,2026-09-22 02:54:32.86413+00,66cf0d1a-a4e6-488b-b34e-446ad2caea57,ac1f09fffe296d29,environment_temperature_c,28.69,,,Cel,measured,environment_temperature_c
58626,2026-09-22 02:54:32.86413+00,66cf0d1a-a4e6-488b-b34e-446ad2caea57,ac1f09fffe296d29,environment_humidity_percent,50.82,,,%,measured,environment_humidity_percent
58627,2026-09-22 02:54:32.86413+00,66cf0d1a-a4e6-488b-b34e-446ad2caea57,ac1f09fffe296d29,environment_pressure_pa,101171,,,Pa,measured,environment_pressure_pa
58628,2026-09-22 02:54:32.86413+00,66cf0d1a-a4e6-488b-b34e-446ad2caea57,ac1f09fffe296d29,environment_gas_resistance_ohm,49754,,,ohm,measured,environment_gas_resistance_ohm
58629,2026-09-22 02:54:32.86413+00,66cf0d1a-a4e6-488b-b34e-446ad2caea57,ac1f09fffe296d29,rain_wet,,,f,boolean,measured,rain_wet
58630,2026-09-22 02:54:32.86413+00,66cf0d1a-a4e6-488b-b34e-446ad2caea57,ac1f09fffe296d29,battery_v,,,,V,invalid,battery_v
58631,2026-09-22 02:54:47.516157+00,aa057c20-b8c0-4c99-971f-cec0dd84ac4d,ac1f09fffe296d29,soil_moisture_percent,4,,,%,measured,soil_moisture_percent
58632,2026-09-22 02:54:47.516157+00,aa057c20-b8c0-4c99-971f-cec0dd84ac4d,ac1f09fffe296d29,soil_temperature_c,30.2,,,Cel,measured,soil_temperature_c
58633,2026-09-22 02:54:47.516157+00,aa057c20-b8c0-4c99-971f-cec0dd84ac4d,ac1f09fffe296d29,uv_index,0,,,1,measured,uv_index
58634,2026-09-22 02:54:47.516157+00,aa057c20-b8c0-4c99-971f-cec0dd84ac4d,ac1f09fffe296d29,barometer_pressure_pa,101490,,,Pa,measured,barometer_pressure_pa
58635,2026-09-22 02:54:47.516157+00,aa057c20-b8c0-4c99-971f-cec0dd84ac4d,ac1f09fffe296d29,barometer_temperature_c,25.46,,,Cel,measured,barometer_temperature_c
58636,2026-09-22 02:54:47.516157+00,aa057c20-b8c0-4c99-971f-cec0dd84ac4d,ac1f09fffe296d29,light_veml7700_lux,178.98,,,lx,measured,light_veml7700_lux
58637,2026-09-22 02:54:47.516157+00,aa057c20-b8c0-4c99-971f-cec0dd84ac4d,ac1f09fffe296d29,light_opt3001_lux,159.08,,,lx,measured,light_opt3001_lux
58638,2026-09-22 02:54:47.516157+00,aa057c20-b8c0-4c99-971f-cec0dd84ac4d,ac1f09fffe296d29,environment_temperature_c,28.69,,,Cel,measured,environment_temperature_c
58639,2026-09-22 02:54:47.516157+00,aa057c20-b8c0-4c99-971f-cec0dd84ac4d,ac1f09fffe296d29,environment_humidity_percent,51.01,,,%,measured,environment_humidity_percent
58640,2026-09-22 02:54:47.516157+00,aa057c20-b8c0-4c99-971f-cec0dd84ac4d,ac1f09fffe296d29,environment_pressure_pa,101170,,,Pa,measured,environment_pressure_pa
58641,2026-09-22 02:54:47.516157+00,aa057c20-b8c0-4c99-971f-cec0dd84ac4d,ac1f09fffe296d29,environment_gas_resistance_ohm,49577,,,ohm,measured,environment_gas_resistance_ohm
58642,2026-09-22 02:54:47.516157+00,aa057c20-b8c0-4c99-971f-cec0dd84ac4d,ac1f09fffe296d29,rain_wet,,,f,boolean,measured,rain_wet
58643,2026-09-22 02:54:47.516157+00,aa057c20-b8c0-4c99-971f-cec0dd84ac4d,ac1f09fffe296d29,battery_v,,,,V,invalid,battery_v
58644,2026-09-22 02:55:02.765428+00,64f0967c-7188-4f8c-aab5-e0693f73c50d,ac1f09fffe296d29,soil_moisture_percent,4,,,%,measured,soil_moisture_percent
58645,2026-09-22 02:55:02.765428+00,64f0967c-7188-4f8c-aab5-e0693f73c50d,ac1f09fffe296d29,soil_temperature_c,30.2,,,Cel,measured,soil_temperature_c
58646,2026-09-22 02:55:02.765428+00,64f0967c-7188-4f8c-aab5-e0693f73c50d,ac1f09fffe296d29,uv_index,0,,,1,measured,uv_index
58647,2026-09-22 02:55:02.765428+00,64f0967c-7188-4f8c-aab5-e0693f73c50d,ac1f09fffe296d29,barometer_pressure_pa,101488,,,Pa,measured,barometer_pressure_pa
58648,2026-09-22 02:55:02.765428+00,64f0967c-7188-4f8c-aab5-e0693f73c50d,ac1f09fffe296d29,barometer_temperature_c,25.47,,,Cel,measured,barometer_temperature_c
58649,2026-09-22 02:55:02.765428+00,64f0967c-7188-4f8c-aab5-e0693f73c50d,ac1f09fffe296d29,light_veml7700_lux,177.72,,,lx,measured,light_veml7700_lux
58650,2026-09-22 02:55:02.765428+00,64f0967c-7188-4f8c-aab5-e0693f73c50d,ac1f09fffe296d29,light_opt3001_lux,153.28,,,lx,measured,light_opt3001_lux
58651,2026-09-22 02:55:02.765428+00,64f0967c-7188-4f8c-aab5-e0693f73c50d,ac1f09fffe296d29,environment_temperature_c,28.7,,,Cel,measured,environment_temperature_c
58652,2026-09-22 02:55:02.765428+00,64f0967c-7188-4f8c-aab5-e0693f73c50d,ac1f09fffe296d29,environment_humidity_percent,50.93,,,%,measured,environment_humidity_percent
58653,2026-09-22 02:55:02.765428+00,64f0967c-7188-4f8c-aab5-e0693f73c50d,ac1f09fffe296d29,environment_pressure_pa,101170,,,Pa,measured,environment_pressure_pa
58654,2026-09-22 02:55:02.765428+00,64f0967c-7188-4f8c-aab5-e0693f73c50d,ac1f09fffe296d29,environment_gas_resistance_ohm,49606,,,ohm,measured,environment_gas_resistance_ohm
58655,2026-09-22 02:55:02.765428+00,64f0967c-7188-4f8c-aab5-e0693f73c50d,ac1f09fffe296d29,rain_wet,,,f,boolean,measured,rain_wet
58656,2026-09-22 02:55:02.765428+00,64f0967c-7188-4f8c-aab5-e0693f73c50d,ac1f09fffe296d29,battery_v,,,,V,invalid,battery_v
58657,2026-09-22 02:55:17.686758+00,09aa8682-249a-45a9-a73f-4b4d453cba77,ac1f09fffe296d29,soil_moisture_percent,3,,,%,measured,soil_moisture_percent
58658,2026-09-22 02:55:17.686758+00,09aa8682-249a-45a9-a73f-4b4d453cba77,ac1f09fffe296d29,soil_temperature_c,30.2,,,Cel,measured,soil_temperature_c
58659,2026-09-22 02:55:17.686758+00,09aa8682-249a-45a9-a73f-4b4d453cba77,ac1f09fffe296d29,uv_index,0,,,1,measured,uv_index
58660,2026-09-22 02:55:17.686758+00,09aa8682-249a-45a9-a73f-4b4d453cba77,ac1f09fffe296d29,barometer_pressure_pa,101492,,,Pa,measured,barometer_pressure_pa
58661,2026-09-22 02:55:17.686758+00,09aa8682-249a-45a9-a73f-4b4d453cba77,ac1f09fffe296d29,barometer_temperature_c,25.49,,,Cel,measured,barometer_temperature_c
58662,2026-09-22 02:55:17.686758+00,09aa8682-249a-45a9-a73f-4b4d453cba77,ac1f09fffe296d29,light_veml7700_lux,180.68,,,lx,measured,light_veml7700_lux
58663,2026-09-22 02:55:17.686758+00,09aa8682-249a-45a9-a73f-4b4d453cba77,ac1f09fffe296d29,light_opt3001_lux,155.24,,,lx,measured,light_opt3001_lux
58664,2026-09-22 02:55:17.686758+00,09aa8682-249a-45a9-a73f-4b4d453cba77,ac1f09fffe296d29,environment_temperature_c,28.69,,,Cel,measured,environment_temperature_c
58665,2026-09-22 02:55:17.686758+00,09aa8682-249a-45a9-a73f-4b4d453cba77,ac1f09fffe296d29,environment_humidity_percent,51.07,,,%,measured,environment_humidity_percent
58666,2026-09-22 02:55:17.686758+00,09aa8682-249a-45a9-a73f-4b4d453cba77,ac1f09fffe296d29,environment_pressure_pa,101169,,,Pa,measured,environment_pressure_pa
58667,2026-09-22 02:55:17.686758+00,09aa8682-249a-45a9-a73f-4b4d453cba77,ac1f09fffe296d29,environment_gas_resistance_ohm,49902,,,ohm,measured,environment_gas_resistance_ohm
58668,2026-09-22 02:55:17.686758+00,09aa8682-249a-45a9-a73f-4b4d453cba77,ac1f09fffe296d29,rain_wet,,,f,boolean,measured,rain_wet
58669,2026-09-22 02:55:17.686758+00,09aa8682-249a-45a9-a73f-4b4d453cba77,ac1f09fffe296d29,battery_v,,,,V,invalid,battery_v
58670,2026-09-22 02:55:32.610349+00,d69a4eea-8bc7-4ebe-91d6-0a05a3831dc8,ac1f09fffe296d29,soil_moisture_percent,4,,,%,measured,soil_moisture_percent
58671,2026-09-22 02:55:32.610349+00,d69a4eea-8bc7-4ebe-91d6-0a05a3831dc8,ac1f09fffe296d29,soil_temperature_c,30.2,,,Cel,measured,soil_temperature_c
58672,2026-09-22 02:55:32.610349+00,d69a4eea-8bc7-4ebe-91d6-0a05a3831dc8,ac1f09fffe296d29,uv_index,0,,,1,measured,uv_index
58673,2026-09-22 02:55:32.610349+00,d69a4eea-8bc7-4ebe-91d6-0a05a3831dc8,ac1f09fffe296d29,barometer_pressure_pa,101485,,,Pa,measured,barometer_pressure_pa
58674,2026-09-22 02:55:32.610349+00,d69a4eea-8bc7-4ebe-91d6-0a05a3831dc8,ac1f09fffe296d29,barometer_temperature_c,25.47,,,Cel,measured,barometer_temperature_c
58675,2026-09-22 02:55:32.610349+00,d69a4eea-8bc7-4ebe-91d6-0a05a3831dc8,ac1f09fffe296d29,light_veml7700_lux,176.07,,,lx,measured,light_veml7700_lux
58676,2026-09-22 02:55:32.610349+00,d69a4eea-8bc7-4ebe-91d6-0a05a3831dc8,ac1f09fffe296d29,light_opt3001_lux,154.24,,,lx,measured,light_opt3001_lux
58677,2026-09-22 02:55:32.610349+00,d69a4eea-8bc7-4ebe-91d6-0a05a3831dc8,ac1f09fffe296d29,environment_temperature_c,28.69,,,Cel,measured,environment_temperature_c
58678,2026-09-22 02:55:32.610349+00,d69a4eea-8bc7-4ebe-91d6-0a05a3831dc8,ac1f09fffe296d29,environment_humidity_percent,51.14,,,%,measured,environment_humidity_percent
58679,2026-09-22 02:55:32.610349+00,d69a4eea-8bc7-4ebe-91d6-0a05a3831dc8,ac1f09fffe296d29,environment_pressure_pa,101169,,,Pa,measured,environment_pressure_pa
58680,2026-09-22 02:55:32.610349+00,d69a4eea-8bc7-4ebe-91d6-0a05a3831dc8,ac1f09fffe296d29,environment_gas_resistance_ohm,49783,,,ohm,measured,environment_gas_resistance_ohm
58681,2026-09-22 02:55:32.610349+00,d69a4eea-8bc7-4ebe-91d6-0a05a3831dc8,ac1f09fffe296d29,rain_wet,,,f,boolean,measured,rain_wet
58682,2026-09-22 02:55:32.610349+00,d69a4eea-8bc7-4ebe-91d6-0a05a3831dc8,ac1f09fffe296d29,battery_v,,,,V,invalid,battery_v
58683,2026-09-22 02:55:47.659139+00,0e6014bf-aec6-450d-a19b-03d967b49525,ac1f09fffe296d29,soil_moisture_percent,5,,,%,measured,soil_moisture_percent
58684,2026-09-22 02:55:47.659139+00,0e6014bf-aec6-450d-a19b-03d967b49525,ac1f09fffe296d29,soil_temperature_c,30.2,,,Cel,measured,soil_temperature_c
58685,2026-09-22 02:55:47.659139+00,0e6014bf-aec6-450d-a19b-03d967b49525,ac1f09fffe296d29,uv_index,0,,,1,measured,uv_index
58686,2026-09-22 02:55:47.659139+00,0e6014bf-aec6-450d-a19b-03d967b49525,ac1f09fffe296d29,barometer_pressure_pa,101488,,,Pa,measured,barometer_pressure_pa
58687,2026-09-22 02:55:47.659139+00,0e6014bf-aec6-450d-a19b-03d967b49525,ac1f09fffe296d29,barometer_temperature_c,25.46,,,Cel,measured,barometer_temperature_c
58688,2026-09-22 02:55:47.659139+00,0e6014bf-aec6-450d-a19b-03d967b49525,ac1f09fffe296d29,light_veml7700_lux,181.35,,,lx,measured,light_veml7700_lux
58689,2026-09-22 02:55:47.659139+00,0e6014bf-aec6-450d-a19b-03d967b49525,ac1f09fffe296d29,light_opt3001_lux,158.76,,,lx,measured,light_opt3001_lux
58690,2026-09-22 02:55:47.659139+00,0e6014bf-aec6-450d-a19b-03d967b49525,ac1f09fffe296d29,environment_temperature_c,28.68,,,Cel,measured,environment_temperature_c
58691,2026-09-22 02:55:47.659139+00,0e6014bf-aec6-450d-a19b-03d967b49525,ac1f09fffe296d29,environment_humidity_percent,51.19,,,%,measured,environment_humidity_percent
58692,2026-09-22 02:55:47.659139+00,0e6014bf-aec6-450d-a19b-03d967b49525,ac1f09fffe296d29,environment_pressure_pa,101169,,,Pa,measured,environment_pressure_pa
58693,2026-09-22 02:55:47.659139+00,0e6014bf-aec6-450d-a19b-03d967b49525,ac1f09fffe296d29,environment_gas_resistance_ohm,49842,,,ohm,measured,environment_gas_resistance_ohm
58694,2026-09-22 02:55:47.659139+00,0e6014bf-aec6-450d-a19b-03d967b49525,ac1f09fffe296d29,rain_wet,,,f,boolean,measured,rain_wet
58695,2026-09-22 02:55:47.659139+00,0e6014bf-aec6-450d-a19b-03d967b49525,ac1f09fffe296d29,battery_v,,,,V,invalid,battery_v
58696,2026-09-22 02:56:02.566606+00,2796e830-2b57-4b19-8227-6c8afe1187f8,ac1f09fffe296d29,soil_moisture_percent,5,,,%,measured,soil_moisture_percent
58697,2026-09-22 02:56:02.566606+00,2796e830-2b57-4b19-8227-6c8afe1187f8,ac1f09fffe296d29,soil_temperature_c,30.1,,,Cel,measured,soil_temperature_c
58698,2026-09-22 02:56:02.566606+00,2796e830-2b57-4b19-8227-6c8afe1187f8,ac1f09fffe296d29,uv_index,0,,,1,measured,uv_index
58699,2026-09-22 02:56:02.566606+00,2796e830-2b57-4b19-8227-6c8afe1187f8,ac1f09fffe296d29,barometer_pressure_pa,101485,,,Pa,measured,barometer_pressure_pa
58700,2026-09-22 02:56:02.566606+00,2796e830-2b57-4b19-8227-6c8afe1187f8,ac1f09fffe296d29,barometer_temperature_c,25.45,,,Cel,measured,barometer_temperature_c
58701,2026-09-22 02:56:02.566606+00,2796e830-2b57-4b19-8227-6c8afe1187f8,ac1f09fffe296d29,light_veml7700_lux,179.45,,,lx,measured,light_veml7700_lux
58702,2026-09-22 02:56:02.566606+00,2796e830-2b57-4b19-8227-6c8afe1187f8,ac1f09fffe296d29,light_opt3001_lux,153.64,,,lx,measured,light_opt3001_lux
58703,2026-09-22 02:56:02.566606+00,2796e830-2b57-4b19-8227-6c8afe1187f8,ac1f09fffe296d29,environment_temperature_c,28.68,,,Cel,measured,environment_temperature_c
58704,2026-09-22 02:56:02.566606+00,2796e830-2b57-4b19-8227-6c8afe1187f8,ac1f09fffe296d29,environment_humidity_percent,51.18,,,%,measured,environment_humidity_percent
58705,2026-09-22 02:56:02.566606+00,2796e830-2b57-4b19-8227-6c8afe1187f8,ac1f09fffe296d29,environment_pressure_pa,101168,,,Pa,measured,environment_pressure_pa
58706,2026-09-22 02:56:02.566606+00,2796e830-2b57-4b19-8227-6c8afe1187f8,ac1f09fffe296d29,environment_gas_resistance_ohm,50021,,,ohm,measured,environment_gas_resistance_ohm
58707,2026-09-22 02:56:02.566606+00,2796e830-2b57-4b19-8227-6c8afe1187f8,ac1f09fffe296d29,rain_wet,,,f,boolean,measured,rain_wet
58708,2026-09-22 02:56:02.566606+00,2796e830-2b57-4b19-8227-6c8afe1187f8,ac1f09fffe296d29,battery_v,,,,V,invalid,battery_v
58709,2026-09-22 02:56:17.7004+00,a57dd9b5-0777-48ff-ab4f-a53f363d09b4,ac1f09fffe296d29,soil_moisture_percent,4,,,%,measured,soil_moisture_percent
58710,2026-09-22 02:56:17.7004+00,a57dd9b5-0777-48ff-ab4f-a53f363d09b4,ac1f09fffe296d29,soil_temperature_c,30.1,,,Cel,measured,soil_temperature_c
58711,2026-09-22 02:56:17.7004+00,a57dd9b5-0777-48ff-ab4f-a53f363d09b4,ac1f09fffe296d29,uv_index,0,,,1,measured,uv_index
58712,2026-09-22 02:56:17.7004+00,a57dd9b5-0777-48ff-ab4f-a53f363d09b4,ac1f09fffe296d29,barometer_pressure_pa,101484,,,Pa,measured,barometer_pressure_pa
58713,2026-09-22 02:56:17.7004+00,a57dd9b5-0777-48ff-ab4f-a53f363d09b4,ac1f09fffe296d29,barometer_temperature_c,25.45,,,Cel,measured,barometer_temperature_c
58714,2026-09-22 02:56:17.7004+00,a57dd9b5-0777-48ff-ab4f-a53f363d09b4,ac1f09fffe296d29,light_veml7700_lux,180.78,,,lx,measured,light_veml7700_lux
58715,2026-09-22 02:56:17.7004+00,a57dd9b5-0777-48ff-ab4f-a53f363d09b4,ac1f09fffe296d29,light_opt3001_lux,159.44,,,lx,measured,light_opt3001_lux
58716,2026-09-22 02:56:17.7004+00,a57dd9b5-0777-48ff-ab4f-a53f363d09b4,ac1f09fffe296d29,environment_temperature_c,28.67,,,Cel,measured,environment_temperature_c
58717,2026-09-22 02:56:17.7004+00,a57dd9b5-0777-48ff-ab4f-a53f363d09b4,ac1f09fffe296d29,environment_humidity_percent,51.28,,,%,measured,environment_humidity_percent
58718,2026-09-22 02:56:17.7004+00,a57dd9b5-0777-48ff-ab4f-a53f363d09b4,ac1f09fffe296d29,environment_pressure_pa,101168,,,Pa,measured,environment_pressure_pa
58719,2026-09-22 02:56:17.7004+00,a57dd9b5-0777-48ff-ab4f-a53f363d09b4,ac1f09fffe296d29,environment_gas_resistance_ohm,49636,,,ohm,measured,environment_gas_resistance_ohm
58720,2026-09-22 02:56:17.7004+00,a57dd9b5-0777-48ff-ab4f-a53f363d09b4,ac1f09fffe296d29,rain_wet,,,f,boolean,measured,rain_wet
58721,2026-09-22 02:56:17.7004+00,a57dd9b5-0777-48ff-ab4f-a53f363d09b4,ac1f09fffe296d29,battery_v,,,,V,invalid,battery_v
58722,2026-09-22 02:56:32.845343+00,5346e1d0-9de3-4aeb-9e95-4f5af8e26268,ac1f09fffe296d29,soil_moisture_percent,3,,,%,measured,soil_moisture_percent
58723,2026-09-22 02:56:32.845343+00,5346e1d0-9de3-4aeb-9e95-4f5af8e26268,ac1f09fffe296d29,soil_temperature_c,30.1,,,Cel,measured,soil_temperature_c
58724,2026-09-22 02:56:32.845343+00,5346e1d0-9de3-4aeb-9e95-4f5af8e26268,ac1f09fffe296d29,uv_index,0,,,1,measured,uv_index
58725,2026-09-22 02:56:32.845343+00,5346e1d0-9de3-4aeb-9e95-4f5af8e26268,ac1f09fffe296d29,barometer_pressure_pa,101487,,,Pa,measured,barometer_pressure_pa
58726,2026-09-22 02:56:32.845343+00,5346e1d0-9de3-4aeb-9e95-4f5af8e26268,ac1f09fffe296d29,barometer_temperature_c,25.43,,,Cel,measured,barometer_temperature_c
58727,2026-09-22 02:56:32.845343+00,5346e1d0-9de3-4aeb-9e95-4f5af8e26268,ac1f09fffe296d29,light_veml7700_lux,175.85,,,lx,measured,light_veml7700_lux
58728,2026-09-22 02:56:32.845343+00,5346e1d0-9de3-4aeb-9e95-4f5af8e26268,ac1f09fffe296d29,light_opt3001_lux,156.24,,,lx,measured,light_opt3001_lux
58729,2026-09-22 02:56:32.845343+00,5346e1d0-9de3-4aeb-9e95-4f5af8e26268,ac1f09fffe296d29,environment_temperature_c,28.66,,,Cel,measured,environment_temperature_c
58730,2026-09-22 02:56:32.845343+00,5346e1d0-9de3-4aeb-9e95-4f5af8e26268,ac1f09fffe296d29,environment_humidity_percent,51.43,,,%,measured,environment_humidity_percent
58731,2026-09-22 02:56:32.845343+00,5346e1d0-9de3-4aeb-9e95-4f5af8e26268,ac1f09fffe296d29,environment_pressure_pa,101168,,,Pa,measured,environment_pressure_pa
58732,2026-09-22 02:56:32.845343+00,5346e1d0-9de3-4aeb-9e95-4f5af8e26268,ac1f09fffe296d29,environment_gas_resistance_ohm,49724,,,ohm,measured,environment_gas_resistance_ohm
58733,2026-09-22 02:56:32.845343+00,5346e1d0-9de3-4aeb-9e95-4f5af8e26268,ac1f09fffe296d29,rain_wet,,,f,boolean,measured,rain_wet
58734,2026-09-22 02:56:32.845343+00,5346e1d0-9de3-4aeb-9e95-4f5af8e26268,ac1f09fffe296d29,battery_v,,,,V,invalid,battery_v
58735,2026-09-22 02:56:47.545136+00,8146ce57-daf3-477b-afad-1dfcca5373dd,ac1f09fffe296d29,soil_moisture_percent,5,,,%,measured,soil_moisture_percent
58736,2026-09-22 02:56:47.545136+00,8146ce57-daf3-477b-afad-1dfcca5373dd,ac1f09fffe296d29,soil_temperature_c,30.1,,,Cel,measured,soil_temperature_c
58737,2026-09-22 02:56:47.545136+00,8146ce57-daf3-477b-afad-1dfcca5373dd,ac1f09fffe296d29,uv_index,0,,,1,measured,uv_index
58738,2026-09-22 02:56:47.545136+00,8146ce57-daf3-477b-afad-1dfcca5373dd,ac1f09fffe296d29,barometer_pressure_pa,101488,,,Pa,measured,barometer_pressure_pa
58739,2026-09-22 02:56:47.545136+00,8146ce57-daf3-477b-afad-1dfcca5373dd,ac1f09fffe296d29,barometer_temperature_c,25.43,,,Cel,measured,barometer_temperature_c
58740,2026-09-22 02:56:47.545136+00,8146ce57-daf3-477b-afad-1dfcca5373dd,ac1f09fffe296d29,light_veml7700_lux,178.55,,,lx,measured,light_veml7700_lux
58741,2026-09-22 02:56:47.545136+00,8146ce57-daf3-477b-afad-1dfcca5373dd,ac1f09fffe296d29,light_opt3001_lux,158.8,,,lx,measured,light_opt3001_lux
58742,2026-09-22 02:56:47.545136+00,8146ce57-daf3-477b-afad-1dfcca5373dd,ac1f09fffe296d29,environment_temperature_c,28.65,,,Cel,measured,environment_temperature_c
58743,2026-09-22 02:56:47.545136+00,8146ce57-daf3-477b-afad-1dfcca5373dd,ac1f09fffe296d29,environment_humidity_percent,51.54,,,%,measured,environment_humidity_percent
58744,2026-09-22 02:56:47.545136+00,8146ce57-daf3-477b-afad-1dfcca5373dd,ac1f09fffe296d29,environment_pressure_pa,101168,,,Pa,measured,environment_pressure_pa
58745,2026-09-22 02:56:47.545136+00,8146ce57-daf3-477b-afad-1dfcca5373dd,ac1f09fffe296d29,environment_gas_resistance_ohm,49842,,,ohm,measured,environment_gas_resistance_ohm
58746,2026-09-22 02:56:47.545136+00,8146ce57-daf3-477b-afad-1dfcca5373dd,ac1f09fffe296d29,rain_wet,,,f,boolean,measured,rain_wet
58747,2026-09-22 02:56:47.545136+00,8146ce57-daf3-477b-afad-1dfcca5373dd,ac1f09fffe296d29,battery_v,,,,V,invalid,battery_v
58748,2026-09-22 02:57:02.792331+00,723c4100-cb15-4f67-9ee2-2fa65bfd5565,ac1f09fffe296d29,soil_moisture_percent,4,,,%,measured,soil_moisture_percent
58749,2026-09-22 02:57:02.792331+00,723c4100-cb15-4f67-9ee2-2fa65bfd5565,ac1f09fffe296d29,soil_temperature_c,30.1,,,Cel,measured,soil_temperature_c
58750,2026-09-22 02:57:02.792331+00,723c4100-cb15-4f67-9ee2-2fa65bfd5565,ac1f09fffe296d29,uv_index,0,,,1,measured,uv_index
58751,2026-09-22 02:57:02.792331+00,723c4100-cb15-4f67-9ee2-2fa65bfd5565,ac1f09fffe296d29,barometer_pressure_pa,101489,,,Pa,measured,barometer_pressure_pa
58752,2026-09-22 02:57:02.792331+00,723c4100-cb15-4f67-9ee2-2fa65bfd5565,ac1f09fffe296d29,barometer_temperature_c,25.41,,,Cel,measured,barometer_temperature_c
58753,2026-09-22 02:57:02.792331+00,723c4100-cb15-4f67-9ee2-2fa65bfd5565,ac1f09fffe296d29,light_veml7700_lux,180.5,,,lx,measured,light_veml7700_lux
58754,2026-09-22 02:57:02.792331+00,723c4100-cb15-4f67-9ee2-2fa65bfd5565,ac1f09fffe296d29,light_opt3001_lux,157.84,,,lx,measured,light_opt3001_lux
58755,2026-09-22 02:57:02.792331+00,723c4100-cb15-4f67-9ee2-2fa65bfd5565,ac1f09fffe296d29,environment_temperature_c,28.64,,,Cel,measured,environment_temperature_c
58756,2026-09-22 02:57:02.792331+00,723c4100-cb15-4f67-9ee2-2fa65bfd5565,ac1f09fffe296d29,environment_humidity_percent,51.62,,,%,measured,environment_humidity_percent
58757,2026-09-22 02:57:02.792331+00,723c4100-cb15-4f67-9ee2-2fa65bfd5565,ac1f09fffe296d29,environment_pressure_pa,101169,,,Pa,measured,environment_pressure_pa
58758,2026-09-22 02:57:02.792331+00,723c4100-cb15-4f67-9ee2-2fa65bfd5565,ac1f09fffe296d29,environment_gas_resistance_ohm,49991,,,ohm,measured,environment_gas_resistance_ohm
58759,2026-09-22 02:57:02.792331+00,723c4100-cb15-4f67-9ee2-2fa65bfd5565,ac1f09fffe296d29,rain_wet,,,f,boolean,measured,rain_wet
58760,2026-09-22 02:57:02.792331+00,723c4100-cb15-4f67-9ee2-2fa65bfd5565,ac1f09fffe296d29,battery_v,,,,V,invalid,battery_v
58761,2026-09-22 02:57:17.592695+00,5888bad8-4859-435a-a055-52e8a9231874,ac1f09fffe296d29,soil_moisture_percent,4,,,%,measured,soil_moisture_percent
58762,2026-09-22 02:57:17.592695+00,5888bad8-4859-435a-a055-52e8a9231874,ac1f09fffe296d29,soil_temperature_c,30.1,,,Cel,measured,soil_temperature_c
58763,2026-09-22 02:57:17.592695+00,5888bad8-4859-435a-a055-52e8a9231874,ac1f09fffe296d29,uv_index,0,,,1,measured,uv_index
58764,2026-09-22 02:57:17.592695+00,5888bad8-4859-435a-a055-52e8a9231874,ac1f09fffe296d29,barometer_pressure_pa,101490,,,Pa,measured,barometer_pressure_pa
58765,2026-09-22 02:57:17.592695+00,5888bad8-4859-435a-a055-52e8a9231874,ac1f09fffe296d29,barometer_temperature_c,25.4,,,Cel,measured,barometer_temperature_c
58766,2026-09-22 02:57:17.592695+00,5888bad8-4859-435a-a055-52e8a9231874,ac1f09fffe296d29,light_veml7700_lux,179.5,,,lx,measured,light_veml7700_lux
58767,2026-09-22 02:57:17.592695+00,5888bad8-4859-435a-a055-52e8a9231874,ac1f09fffe296d29,light_opt3001_lux,159.4,,,lx,measured,light_opt3001_lux
58768,2026-09-22 02:57:17.592695+00,5888bad8-4859-435a-a055-52e8a9231874,ac1f09fffe296d29,environment_temperature_c,28.63,,,Cel,measured,environment_temperature_c
58769,2026-09-22 02:57:17.592695+00,5888bad8-4859-435a-a055-52e8a9231874,ac1f09fffe296d29,environment_humidity_percent,51.55,,,%,measured,environment_humidity_percent
58770,2026-09-22 02:57:17.592695+00,5888bad8-4859-435a-a055-52e8a9231874,ac1f09fffe296d29,environment_pressure_pa,101168,,,Pa,measured,environment_pressure_pa
58771,2026-09-22 02:57:17.592695+00,5888bad8-4859-435a-a055-52e8a9231874,ac1f09fffe296d29,environment_gas_resistance_ohm,49754,,,ohm,measured,environment_gas_resistance_ohm
58772,2026-09-22 02:57:17.592695+00,5888bad8-4859-435a-a055-52e8a9231874,ac1f09fffe296d29,rain_wet,,,f,boolean,measured,rain_wet
58773,2026-09-22 02:57:17.592695+00,5888bad8-4859-435a-a055-52e8a9231874,ac1f09fffe296d29,battery_v,,,,V,invalid,battery_v
58774,2026-09-22 02:57:32.93144+00,189386e9-44e7-4166-9127-95fc6f38d439,ac1f09fffe296d29,soil_moisture_percent,4,,,%,measured,soil_moisture_percent
58775,2026-09-22 02:57:32.93144+00,189386e9-44e7-4166-9127-95fc6f38d439,ac1f09fffe296d29,soil_temperature_c,30.1,,,Cel,measured,soil_temperature_c
58776,2026-09-22 02:57:32.93144+00,189386e9-44e7-4166-9127-95fc6f38d439,ac1f09fffe296d29,uv_index,0,,,1,measured,uv_index
58777,2026-09-22 02:57:32.93144+00,189386e9-44e7-4166-9127-95fc6f38d439,ac1f09fffe296d29,barometer_pressure_pa,101488,,,Pa,measured,barometer_pressure_pa
58778,2026-09-22 02:57:32.93144+00,189386e9-44e7-4166-9127-95fc6f38d439,ac1f09fffe296d29,barometer_temperature_c,25.39,,,Cel,measured,barometer_temperature_c
58779,2026-09-22 02:57:32.93144+00,189386e9-44e7-4166-9127-95fc6f38d439,ac1f09fffe296d29,light_veml7700_lux,180.3,,,lx,measured,light_veml7700_lux
58780,2026-09-22 02:57:32.93144+00,189386e9-44e7-4166-9127-95fc6f38d439,ac1f09fffe296d29,light_opt3001_lux,158.76,,,lx,measured,light_opt3001_lux
58781,2026-09-22 02:57:32.93144+00,189386e9-44e7-4166-9127-95fc6f38d439,ac1f09fffe296d29,environment_temperature_c,28.63,,,Cel,measured,environment_temperature_c
58782,2026-09-22 02:57:32.93144+00,189386e9-44e7-4166-9127-95fc6f38d439,ac1f09fffe296d29,environment_humidity_percent,51.6,,,%,measured,environment_humidity_percent
58783,2026-09-22 02:57:32.93144+00,189386e9-44e7-4166-9127-95fc6f38d439,ac1f09fffe296d29,environment_pressure_pa,101168,,,Pa,measured,environment_pressure_pa
58784,2026-09-22 02:57:32.93144+00,189386e9-44e7-4166-9127-95fc6f38d439,ac1f09fffe296d29,environment_gas_resistance_ohm,49842,,,ohm,measured,environment_gas_resistance_ohm
58785,2026-09-22 02:57:32.93144+00,189386e9-44e7-4166-9127-95fc6f38d439,ac1f09fffe296d29,rain_wet,,,f,boolean,measured,rain_wet
58786,2026-09-22 02:57:32.93144+00,189386e9-44e7-4166-9127-95fc6f38d439,ac1f09fffe296d29,battery_v,,,,V,invalid,battery_v
58787,2026-09-22 02:57:47.784068+00,21f409f1-c6db-4827-9464-0302ff0ac539,ac1f09fffe296d29,soil_moisture_percent,4,,,%,measured,soil_moisture_percent
58788,2026-09-22 02:57:47.784068+00,21f409f1-c6db-4827-9464-0302ff0ac539,ac1f09fffe296d29,soil_temperature_c,30.1,,,Cel,measured,soil_temperature_c
58789,2026-09-22 02:57:47.784068+00,21f409f1-c6db-4827-9464-0302ff0ac539,ac1f09fffe296d29,uv_index,0,,,1,measured,uv_index
58790,2026-09-22 02:57:47.784068+00,21f409f1-c6db-4827-9464-0302ff0ac539,ac1f09fffe296d29,barometer_pressure_pa,101489,,,Pa,measured,barometer_pressure_pa
58791,2026-09-22 02:57:47.784068+00,21f409f1-c6db-4827-9464-0302ff0ac539,ac1f09fffe296d29,barometer_temperature_c,25.39,,,Cel,measured,barometer_temperature_c
58792,2026-09-22 02:57:47.784068+00,21f409f1-c6db-4827-9464-0302ff0ac539,ac1f09fffe296d29,light_veml7700_lux,180.58,,,lx,measured,light_veml7700_lux
58793,2026-09-22 02:57:47.784068+00,21f409f1-c6db-4827-9464-0302ff0ac539,ac1f09fffe296d29,light_opt3001_lux,159.44,,,lx,measured,light_opt3001_lux
58794,2026-09-22 02:57:47.784068+00,21f409f1-c6db-4827-9464-0302ff0ac539,ac1f09fffe296d29,environment_temperature_c,28.62,,,Cel,measured,environment_temperature_c
58795,2026-09-22 02:57:47.784068+00,21f409f1-c6db-4827-9464-0302ff0ac539,ac1f09fffe296d29,environment_humidity_percent,51.56,,,%,measured,environment_humidity_percent
58796,2026-09-22 02:57:47.784068+00,21f409f1-c6db-4827-9464-0302ff0ac539,ac1f09fffe296d29,environment_pressure_pa,101169,,,Pa,measured,environment_pressure_pa
58797,2026-09-22 02:57:47.784068+00,21f409f1-c6db-4827-9464-0302ff0ac539,ac1f09fffe296d29,environment_gas_resistance_ohm,49902,,,ohm,measured,environment_gas_resistance_ohm
58798,2026-09-22 02:57:47.784068+00,21f409f1-c6db-4827-9464-0302ff0ac539,ac1f09fffe296d29,rain_wet,,,f,boolean,measured,rain_wet
58799,2026-09-22 02:57:47.784068+00,21f409f1-c6db-4827-9464-0302ff0ac539,ac1f09fffe296d29,battery_v,,,,V,invalid,battery_v
58800,2026-09-22 02:58:02.957872+00,f9005f0b-895a-4a15-86f1-fd1b26858299,ac1f09fffe296d29,soil_moisture_percent,4,,,%,measured,soil_moisture_percent
58801,2026-09-22 02:58:02.957872+00,f9005f0b-895a-4a15-86f1-fd1b26858299,ac1f09fffe296d29,soil_temperature_c,30.1,,,Cel,measured,soil_temperature_c
58802,2026-09-22 02:58:02.957872+00,f9005f0b-895a-4a15-86f1-fd1b26858299,ac1f09fffe296d29,uv_index,0,,,1,measured,uv_index
58803,2026-09-22 02:58:02.957872+00,f9005f0b-895a-4a15-86f1-fd1b26858299,ac1f09fffe296d29,barometer_pressure_pa,101489,,,Pa,measured,barometer_pressure_pa
58804,2026-09-22 02:58:02.957872+00,f9005f0b-895a-4a15-86f1-fd1b26858299,ac1f09fffe296d29,barometer_temperature_c,25.37,,,Cel,measured,barometer_temperature_c
58805,2026-09-22 02:58:02.957872+00,f9005f0b-895a-4a15-86f1-fd1b26858299,ac1f09fffe296d29,light_veml7700_lux,171.17,,,lx,measured,light_veml7700_lux
58806,2026-09-22 02:58:02.957872+00,f9005f0b-895a-4a15-86f1-fd1b26858299,ac1f09fffe296d29,light_opt3001_lux,146.88,,,lx,measured,light_opt3001_lux
58807,2026-09-22 02:58:02.957872+00,f9005f0b-895a-4a15-86f1-fd1b26858299,ac1f09fffe296d29,environment_temperature_c,28.61,,,Cel,measured,environment_temperature_c
58808,2026-09-22 02:58:02.957872+00,f9005f0b-895a-4a15-86f1-fd1b26858299,ac1f09fffe296d29,environment_humidity_percent,51.5,,,%,measured,environment_humidity_percent
58809,2026-09-22 02:58:02.957872+00,f9005f0b-895a-4a15-86f1-fd1b26858299,ac1f09fffe296d29,environment_pressure_pa,101167,,,Pa,measured,environment_pressure_pa
58810,2026-09-22 02:58:02.957872+00,f9005f0b-895a-4a15-86f1-fd1b26858299,ac1f09fffe296d29,environment_gas_resistance_ohm,50051,,,ohm,measured,environment_gas_resistance_ohm
58811,2026-09-22 02:58:02.957872+00,f9005f0b-895a-4a15-86f1-fd1b26858299,ac1f09fffe296d29,rain_wet,,,f,boolean,measured,rain_wet
58812,2026-09-22 02:58:02.957872+00,f9005f0b-895a-4a15-86f1-fd1b26858299,ac1f09fffe296d29,battery_v,,,,V,invalid,battery_v
58813,2026-09-22 02:58:17.545908+00,2afab055-3466-41f5-8f0f-41173079b096,ac1f09fffe296d29,soil_moisture_percent,5,,,%,measured,soil_moisture_percent
58814,2026-09-22 02:58:17.545908+00,2afab055-3466-41f5-8f0f-41173079b096,ac1f09fffe296d29,soil_temperature_c,30.1,,,Cel,measured,soil_temperature_c
58815,2026-09-22 02:58:17.545908+00,2afab055-3466-41f5-8f0f-41173079b096,ac1f09fffe296d29,uv_index,0,,,1,measured,uv_index
58816,2026-09-22 02:58:17.545908+00,2afab055-3466-41f5-8f0f-41173079b096,ac1f09fffe296d29,barometer_pressure_pa,101488,,,Pa,measured,barometer_pressure_pa
58817,2026-09-22 02:58:17.545908+00,2afab055-3466-41f5-8f0f-41173079b096,ac1f09fffe296d29,barometer_temperature_c,25.36,,,Cel,measured,barometer_temperature_c
58818,2026-09-22 02:58:17.545908+00,2afab055-3466-41f5-8f0f-41173079b096,ac1f09fffe296d29,light_veml7700_lux,180.72,,,lx,measured,light_veml7700_lux
58819,2026-09-22 02:58:17.545908+00,2afab055-3466-41f5-8f0f-41173079b096,ac1f09fffe296d29,light_opt3001_lux,159.44,,,lx,measured,light_opt3001_lux
58820,2026-09-22 02:58:17.545908+00,2afab055-3466-41f5-8f0f-41173079b096,ac1f09fffe296d29,environment_temperature_c,28.61,,,Cel,measured,environment_temperature_c
58821,2026-09-22 02:58:17.545908+00,2afab055-3466-41f5-8f0f-41173079b096,ac1f09fffe296d29,environment_humidity_percent,51.52,,,%,measured,environment_humidity_percent
58822,2026-09-22 02:58:17.545908+00,2afab055-3466-41f5-8f0f-41173079b096,ac1f09fffe296d29,environment_pressure_pa,101167,,,Pa,measured,environment_pressure_pa
58823,2026-09-22 02:58:17.545908+00,2afab055-3466-41f5-8f0f-41173079b096,ac1f09fffe296d29,environment_gas_resistance_ohm,49813,,,ohm,measured,environment_gas_resistance_ohm
58824,2026-09-22 02:58:17.545908+00,2afab055-3466-41f5-8f0f-41173079b096,ac1f09fffe296d29,rain_wet,,,f,boolean,measured,rain_wet
58825,2026-09-22 02:58:17.545908+00,2afab055-3466-41f5-8f0f-41173079b096,ac1f09fffe296d29,battery_v,,,,V,invalid,battery_v
58826,2026-09-22 02:58:32.968794+00,6206ecec-a42a-4eb3-9683-8a4d56660edc,ac1f09fffe296d29,soil_moisture_percent,4,,,%,measured,soil_moisture_percent
58827,2026-09-22 02:58:32.968794+00,6206ecec-a42a-4eb3-9683-8a4d56660edc,ac1f09fffe296d29,soil_temperature_c,30,,,Cel,measured,soil_temperature_c
58828,2026-09-22 02:58:32.968794+00,6206ecec-a42a-4eb3-9683-8a4d56660edc,ac1f09fffe296d29,uv_index,0,,,1,measured,uv_index
58829,2026-09-22 02:58:32.968794+00,6206ecec-a42a-4eb3-9683-8a4d56660edc,ac1f09fffe296d29,barometer_pressure_pa,101486,,,Pa,measured,barometer_pressure_pa
58830,2026-09-22 02:58:32.968794+00,6206ecec-a42a-4eb3-9683-8a4d56660edc,ac1f09fffe296d29,barometer_temperature_c,25.36,,,Cel,measured,barometer_temperature_c
58831,2026-09-22 02:58:32.968794+00,6206ecec-a42a-4eb3-9683-8a4d56660edc,ac1f09fffe296d29,light_veml7700_lux,180.41,,,lx,measured,light_veml7700_lux
58832,2026-09-22 02:58:32.968794+00,6206ecec-a42a-4eb3-9683-8a4d56660edc,ac1f09fffe296d29,light_opt3001_lux,159.76,,,lx,measured,light_opt3001_lux
58833,2026-09-22 02:58:32.968794+00,6206ecec-a42a-4eb3-9683-8a4d56660edc,ac1f09fffe296d29,environment_temperature_c,28.6,,,Cel,measured,environment_temperature_c
58834,2026-09-22 02:58:32.968794+00,6206ecec-a42a-4eb3-9683-8a4d56660edc,ac1f09fffe296d29,environment_humidity_percent,51.43,,,%,measured,environment_humidity_percent
58835,2026-09-22 02:58:32.968794+00,6206ecec-a42a-4eb3-9683-8a4d56660edc,ac1f09fffe296d29,environment_pressure_pa,101167,,,Pa,measured,environment_pressure_pa
58836,2026-09-22 02:58:32.968794+00,6206ecec-a42a-4eb3-9683-8a4d56660edc,ac1f09fffe296d29,environment_gas_resistance_ohm,50021,,,ohm,measured,environment_gas_resistance_ohm
58837,2026-09-22 02:58:32.968794+00,6206ecec-a42a-4eb3-9683-8a4d56660edc,ac1f09fffe296d29,rain_wet,,,f,boolean,measured,rain_wet
58838,2026-09-22 02:58:32.968794+00,6206ecec-a42a-4eb3-9683-8a4d56660edc,ac1f09fffe296d29,battery_v,,,,V,invalid,battery_v
58839,2026-09-22 02:58:47.744086+00,004bd401-f200-4529-a6b8-c1bf94748547,ac1f09fffe296d29,soil_moisture_percent,5,,,%,measured,soil_moisture_percent
58840,2026-09-22 02:58:47.744086+00,004bd401-f200-4529-a6b8-c1bf94748547,ac1f09fffe296d29,soil_temperature_c,30,,,Cel,measured,soil_temperature_c
58841,2026-09-22 02:58:47.744086+00,004bd401-f200-4529-a6b8-c1bf94748547,ac1f09fffe296d29,uv_index,0,,,1,measured,uv_index
58842,2026-09-22 02:58:47.744086+00,004bd401-f200-4529-a6b8-c1bf94748547,ac1f09fffe296d29,barometer_pressure_pa,101487,,,Pa,measured,barometer_pressure_pa
58843,2026-09-22 02:58:47.744086+00,004bd401-f200-4529-a6b8-c1bf94748547,ac1f09fffe296d29,barometer_temperature_c,25.36,,,Cel,measured,barometer_temperature_c
58844,2026-09-22 02:58:47.744086+00,004bd401-f200-4529-a6b8-c1bf94748547,ac1f09fffe296d29,light_veml7700_lux,180.12,,,lx,measured,light_veml7700_lux
58845,2026-09-22 02:58:47.744086+00,004bd401-f200-4529-a6b8-c1bf94748547,ac1f09fffe296d29,light_opt3001_lux,160.04,,,lx,measured,light_opt3001_lux
58846,2026-09-22 02:58:47.744086+00,004bd401-f200-4529-a6b8-c1bf94748547,ac1f09fffe296d29,environment_temperature_c,28.6,,,Cel,measured,environment_temperature_c
58847,2026-09-22 02:58:47.744086+00,004bd401-f200-4529-a6b8-c1bf94748547,ac1f09fffe296d29,environment_humidity_percent,51.51,,,%,measured,environment_humidity_percent
58848,2026-09-22 02:58:47.744086+00,004bd401-f200-4529-a6b8-c1bf94748547,ac1f09fffe296d29,environment_pressure_pa,101166,,,Pa,measured,environment_pressure_pa
58849,2026-09-22 02:58:47.744086+00,004bd401-f200-4529-a6b8-c1bf94748547,ac1f09fffe296d29,environment_gas_resistance_ohm,50352,,,ohm,measured,environment_gas_resistance_ohm
58850,2026-09-22 02:58:47.744086+00,004bd401-f200-4529-a6b8-c1bf94748547,ac1f09fffe296d29,rain_wet,,,f,boolean,measured,rain_wet
58851,2026-09-22 02:58:47.744086+00,004bd401-f200-4529-a6b8-c1bf94748547,ac1f09fffe296d29,battery_v,,,,V,invalid,battery_v
58852,2026-09-22 02:59:02.939545+00,535d2df6-7700-4068-a96c-925300c12473,ac1f09fffe296d29,soil_moisture_percent,4,,,%,measured,soil_moisture_percent
58853,2026-09-22 02:59:02.939545+00,535d2df6-7700-4068-a96c-925300c12473,ac1f09fffe296d29,soil_temperature_c,30,,,Cel,measured,soil_temperature_c
58854,2026-09-22 02:59:02.939545+00,535d2df6-7700-4068-a96c-925300c12473,ac1f09fffe296d29,uv_index,0,,,1,measured,uv_index
58855,2026-09-22 02:59:02.939545+00,535d2df6-7700-4068-a96c-925300c12473,ac1f09fffe296d29,barometer_pressure_pa,101488,,,Pa,measured,barometer_pressure_pa
58856,2026-09-22 02:59:02.939545+00,535d2df6-7700-4068-a96c-925300c12473,ac1f09fffe296d29,barometer_temperature_c,25.37,,,Cel,measured,barometer_temperature_c
58857,2026-09-22 02:59:02.939545+00,535d2df6-7700-4068-a96c-925300c12473,ac1f09fffe296d29,light_veml7700_lux,180.49,,,lx,measured,light_veml7700_lux
58858,2026-09-22 02:59:02.939545+00,535d2df6-7700-4068-a96c-925300c12473,ac1f09fffe296d29,light_opt3001_lux,159.12,,,lx,measured,light_opt3001_lux
58859,2026-09-22 02:59:02.939545+00,535d2df6-7700-4068-a96c-925300c12473,ac1f09fffe296d29,environment_temperature_c,28.61,,,Cel,measured,environment_temperature_c
58860,2026-09-22 02:59:02.939545+00,535d2df6-7700-4068-a96c-925300c12473,ac1f09fffe296d29,environment_humidity_percent,51.64,,,%,measured,environment_humidity_percent
58861,2026-09-22 02:59:02.939545+00,535d2df6-7700-4068-a96c-925300c12473,ac1f09fffe296d29,environment_pressure_pa,101166,,,Pa,measured,environment_pressure_pa
58862,2026-09-22 02:59:02.939545+00,535d2df6-7700-4068-a96c-925300c12473,ac1f09fffe296d29,environment_gas_resistance_ohm,49724,,,ohm,measured,environment_gas_resistance_ohm
58863,2026-09-22 02:59:02.939545+00,535d2df6-7700-4068-a96c-925300c12473,ac1f09fffe296d29,rain_wet,,,f,boolean,measured,rain_wet
58864,2026-09-22 02:59:02.939545+00,535d2df6-7700-4068-a96c-925300c12473,ac1f09fffe296d29,battery_v,,,,V,invalid,battery_v
58865,2026-09-22 02:59:17.59693+00,a3e6200f-9a13-49b2-b1f7-881982db8343,ac1f09fffe296d29,soil_moisture_percent,4,,,%,measured,soil_moisture_percent
58866,2026-09-22 02:59:17.59693+00,a3e6200f-9a13-49b2-b1f7-881982db8343,ac1f09fffe296d29,soil_temperature_c,30,,,Cel,measured,soil_temperature_c
58867,2026-09-22 02:59:17.59693+00,a3e6200f-9a13-49b2-b1f7-881982db8343,ac1f09fffe296d29,uv_index,0,,,1,measured,uv_index
58868,2026-09-22 02:59:17.59693+00,a3e6200f-9a13-49b2-b1f7-881982db8343,ac1f09fffe296d29,barometer_pressure_pa,101487,,,Pa,measured,barometer_pressure_pa
58869,2026-09-22 02:59:17.59693+00,a3e6200f-9a13-49b2-b1f7-881982db8343,ac1f09fffe296d29,barometer_temperature_c,25.37,,,Cel,measured,barometer_temperature_c
58870,2026-09-22 02:59:17.59693+00,a3e6200f-9a13-49b2-b1f7-881982db8343,ac1f09fffe296d29,light_veml7700_lux,179.75,,,lx,measured,light_veml7700_lux
58871,2026-09-22 02:59:17.59693+00,a3e6200f-9a13-49b2-b1f7-881982db8343,ac1f09fffe296d29,light_opt3001_lux,159.72,,,lx,measured,light_opt3001_lux
58872,2026-09-22 02:59:17.59693+00,a3e6200f-9a13-49b2-b1f7-881982db8343,ac1f09fffe296d29,environment_temperature_c,28.61,,,Cel,measured,environment_temperature_c
58873,2026-09-22 02:59:17.59693+00,a3e6200f-9a13-49b2-b1f7-881982db8343,ac1f09fffe296d29,environment_humidity_percent,51.57,,,%,measured,environment_humidity_percent
58874,2026-09-22 02:59:17.59693+00,a3e6200f-9a13-49b2-b1f7-881982db8343,ac1f09fffe296d29,environment_pressure_pa,101167,,,Pa,measured,environment_pressure_pa
58875,2026-09-22 02:59:17.59693+00,a3e6200f-9a13-49b2-b1f7-881982db8343,ac1f09fffe296d29,environment_gas_resistance_ohm,49754,,,ohm,measured,environment_gas_resistance_ohm
58876,2026-09-22 02:59:17.59693+00,a3e6200f-9a13-49b2-b1f7-881982db8343,ac1f09fffe296d29,rain_wet,,,f,boolean,measured,rain_wet
58877,2026-09-22 02:59:17.59693+00,a3e6200f-9a13-49b2-b1f7-881982db8343,ac1f09fffe296d29,battery_v,,,,V,invalid,battery_v
58878,2026-09-22 02:59:33.001567+00,86cad74e-ba74-4bab-894e-2e74e757aa0c,ac1f09fffe296d29,soil_moisture_percent,4,,,%,measured,soil_moisture_percent
58879,2026-09-22 02:59:33.001567+00,86cad74e-ba74-4bab-894e-2e74e757aa0c,ac1f09fffe296d29,soil_temperature_c,30,,,Cel,measured,soil_temperature_c
58880,2026-09-22 02:59:33.001567+00,86cad74e-ba74-4bab-894e-2e74e757aa0c,ac1f09fffe296d29,uv_index,0,,,1,measured,uv_index
58881,2026-09-22 02:59:33.001567+00,86cad74e-ba74-4bab-894e-2e74e757aa0c,ac1f09fffe296d29,barometer_pressure_pa,101487,,,Pa,measured,barometer_pressure_pa
58882,2026-09-22 02:59:33.001567+00,86cad74e-ba74-4bab-894e-2e74e757aa0c,ac1f09fffe296d29,barometer_temperature_c,25.38,,,Cel,measured,barometer_temperature_c
58883,2026-09-22 02:59:33.001567+00,86cad74e-ba74-4bab-894e-2e74e757aa0c,ac1f09fffe296d29,light_veml7700_lux,179.89,,,lx,measured,light_veml7700_lux
58884,2026-09-22 02:59:33.001567+00,86cad74e-ba74-4bab-894e-2e74e757aa0c,ac1f09fffe296d29,light_opt3001_lux,158.8,,,lx,measured,light_opt3001_lux
58885,2026-09-22 02:59:33.001567+00,86cad74e-ba74-4bab-894e-2e74e757aa0c,ac1f09fffe296d29,environment_temperature_c,28.62,,,Cel,measured,environment_temperature_c
58886,2026-09-22 02:59:33.001567+00,86cad74e-ba74-4bab-894e-2e74e757aa0c,ac1f09fffe296d29,environment_humidity_percent,51.48,,,%,measured,environment_humidity_percent
58887,2026-09-22 02:59:33.001567+00,86cad74e-ba74-4bab-894e-2e74e757aa0c,ac1f09fffe296d29,environment_pressure_pa,101168,,,Pa,measured,environment_pressure_pa
58888,2026-09-22 02:59:33.001567+00,86cad74e-ba74-4bab-894e-2e74e757aa0c,ac1f09fffe296d29,environment_gas_resistance_ohm,49872,,,ohm,measured,environment_gas_resistance_ohm
58889,2026-09-22 02:59:33.001567+00,86cad74e-ba74-4bab-894e-2e74e757aa0c,ac1f09fffe296d29,rain_wet,,,f,boolean,measured,rain_wet
58890,2026-09-22 02:59:33.001567+00,86cad74e-ba74-4bab-894e-2e74e757aa0c,ac1f09fffe296d29,battery_v,,,,V,invalid,battery_v
58891,2026-09-22 02:59:47.782235+00,8cc5e5a6-8ae9-4afe-9e76-61bfdd2b2b7e,ac1f09fffe296d29,soil_moisture_percent,5,,,%,measured,soil_moisture_percent
58892,2026-09-22 02:59:47.782235+00,8cc5e5a6-8ae9-4afe-9e76-61bfdd2b2b7e,ac1f09fffe296d29,soil_temperature_c,30,,,Cel,measured,soil_temperature_c
58893,2026-09-22 02:59:47.782235+00,8cc5e5a6-8ae9-4afe-9e76-61bfdd2b2b7e,ac1f09fffe296d29,uv_index,0,,,1,measured,uv_index
58894,2026-09-22 02:59:47.782235+00,8cc5e5a6-8ae9-4afe-9e76-61bfdd2b2b7e,ac1f09fffe296d29,barometer_pressure_pa,101486,,,Pa,measured,barometer_pressure_pa
58895,2026-09-22 02:59:47.782235+00,8cc5e5a6-8ae9-4afe-9e76-61bfdd2b2b7e,ac1f09fffe296d29,barometer_temperature_c,25.39,,,Cel,measured,barometer_temperature_c
58896,2026-09-22 02:59:47.782235+00,8cc5e5a6-8ae9-4afe-9e76-61bfdd2b2b7e,ac1f09fffe296d29,light_veml7700_lux,179.91,,,lx,measured,light_veml7700_lux
58897,2026-09-22 02:59:47.782235+00,8cc5e5a6-8ae9-4afe-9e76-61bfdd2b2b7e,ac1f09fffe296d29,light_opt3001_lux,159.72,,,lx,measured,light_opt3001_lux
58898,2026-09-22 02:59:47.782235+00,8cc5e5a6-8ae9-4afe-9e76-61bfdd2b2b7e,ac1f09fffe296d29,environment_temperature_c,28.63,,,Cel,measured,environment_temperature_c
58899,2026-09-22 02:59:47.782235+00,8cc5e5a6-8ae9-4afe-9e76-61bfdd2b2b7e,ac1f09fffe296d29,environment_humidity_percent,51.42,,,%,measured,environment_humidity_percent
58900,2026-09-22 02:59:47.782235+00,8cc5e5a6-8ae9-4afe-9e76-61bfdd2b2b7e,ac1f09fffe296d29,environment_pressure_pa,101168,,,Pa,measured,environment_pressure_pa
58901,2026-09-22 02:59:47.782235+00,8cc5e5a6-8ae9-4afe-9e76-61bfdd2b2b7e,ac1f09fffe296d29,environment_gas_resistance_ohm,50021,,,ohm,measured,environment_gas_resistance_ohm
58902,2026-09-22 02:59:47.782235+00,8cc5e5a6-8ae9-4afe-9e76-61bfdd2b2b7e,ac1f09fffe296d29,rain_wet,,,f,boolean,measured,rain_wet
58903,2026-09-22 02:59:47.782235+00,8cc5e5a6-8ae9-4afe-9e76-61bfdd2b2b7e,ac1f09fffe296d29,battery_v,,,,V,invalid,battery_v
58904,2026-09-22 03:00:02.85236+00,5b0e8a62-0b73-47a9-bc90-14bad2637909,ac1f09fffe296d29,soil_moisture_percent,5,,,%,measured,soil_moisture_percent
58905,2026-09-22 03:00:02.85236+00,5b0e8a62-0b73-47a9-bc90-14bad2637909,ac1f09fffe296d29,soil_temperature_c,30,,,Cel,measured,soil_temperature_c
58906,2026-09-22 03:00:02.85236+00,5b0e8a62-0b73-47a9-bc90-14bad2637909,ac1f09fffe296d29,uv_index,0,,,1,measured,uv_index
58907,2026-09-22 03:00:02.85236+00,5b0e8a62-0b73-47a9-bc90-14bad2637909,ac1f09fffe296d29,barometer_pressure_pa,101486,,,Pa,measured,barometer_pressure_pa
58908,2026-09-22 03:00:02.85236+00,5b0e8a62-0b73-47a9-bc90-14bad2637909,ac1f09fffe296d29,barometer_temperature_c,25.4,,,Cel,measured,barometer_temperature_c
58909,2026-09-22 03:00:02.85236+00,5b0e8a62-0b73-47a9-bc90-14bad2637909,ac1f09fffe296d29,light_veml7700_lux,179.91,,,lx,measured,light_veml7700_lux
58910,2026-09-22 03:00:02.85236+00,5b0e8a62-0b73-47a9-bc90-14bad2637909,ac1f09fffe296d29,light_opt3001_lux,159.12,,,lx,measured,light_opt3001_lux
58911,2026-09-22 03:00:02.85236+00,5b0e8a62-0b73-47a9-bc90-14bad2637909,ac1f09fffe296d29,environment_temperature_c,28.64,,,Cel,measured,environment_temperature_c
58912,2026-09-22 03:00:02.85236+00,5b0e8a62-0b73-47a9-bc90-14bad2637909,ac1f09fffe296d29,environment_humidity_percent,51.38,,,%,measured,environment_humidity_percent
58913,2026-09-22 03:00:02.85236+00,5b0e8a62-0b73-47a9-bc90-14bad2637909,ac1f09fffe296d29,environment_pressure_pa,101166,,,Pa,measured,environment_pressure_pa
58914,2026-09-22 03:00:02.85236+00,5b0e8a62-0b73-47a9-bc90-14bad2637909,ac1f09fffe296d29,environment_gas_resistance_ohm,49902,,,ohm,measured,environment_gas_resistance_ohm
58915,2026-09-22 03:00:02.85236+00,5b0e8a62-0b73-47a9-bc90-14bad2637909,ac1f09fffe296d29,rain_wet,,,f,boolean,measured,rain_wet
58916,2026-09-22 03:00:02.85236+00,5b0e8a62-0b73-47a9-bc90-14bad2637909,ac1f09fffe296d29,battery_v,,,,V,invalid,battery_v
58917,2026-09-22 03:00:17.755352+00,317091fd-1e6a-443c-b739-1ed4d64dfe87,ac1f09fffe296d29,soil_moisture_percent,5,,,%,measured,soil_moisture_percent
58918,2026-09-22 03:00:17.755352+00,317091fd-1e6a-443c-b739-1ed4d64dfe87,ac1f09fffe296d29,soil_temperature_c,30,,,Cel,measured,soil_temperature_c
58919,2026-09-22 03:00:17.755352+00,317091fd-1e6a-443c-b739-1ed4d64dfe87,ac1f09fffe296d29,uv_index,0,,,1,measured,uv_index
58920,2026-09-22 03:00:17.755352+00,317091fd-1e6a-443c-b739-1ed4d64dfe87,ac1f09fffe296d29,barometer_pressure_pa,101486,,,Pa,measured,barometer_pressure_pa
58921,2026-09-22 03:00:17.755352+00,317091fd-1e6a-443c-b739-1ed4d64dfe87,ac1f09fffe296d29,barometer_temperature_c,25.41,,,Cel,measured,barometer_temperature_c
58922,2026-09-22 03:00:17.755352+00,317091fd-1e6a-443c-b739-1ed4d64dfe87,ac1f09fffe296d29,light_veml7700_lux,180.54,,,lx,measured,light_veml7700_lux
58923,2026-09-22 03:00:17.755352+00,317091fd-1e6a-443c-b739-1ed4d64dfe87,ac1f09fffe296d29,light_opt3001_lux,160.4,,,lx,measured,light_opt3001_lux
58924,2026-09-22 03:00:17.755352+00,317091fd-1e6a-443c-b739-1ed4d64dfe87,ac1f09fffe296d29,environment_temperature_c,28.65,,,Cel,measured,environment_temperature_c
58925,2026-09-22 03:00:17.755352+00,317091fd-1e6a-443c-b739-1ed4d64dfe87,ac1f09fffe296d29,environment_humidity_percent,51.24,,,%,measured,environment_humidity_percent
58926,2026-09-22 03:00:17.755352+00,317091fd-1e6a-443c-b739-1ed4d64dfe87,ac1f09fffe296d29,environment_pressure_pa,101166,,,Pa,measured,environment_pressure_pa
58927,2026-09-22 03:00:17.755352+00,317091fd-1e6a-443c-b739-1ed4d64dfe87,ac1f09fffe296d29,environment_gas_resistance_ohm,50051,,,ohm,measured,environment_gas_resistance_ohm
58928,2026-09-22 03:00:17.755352+00,317091fd-1e6a-443c-b739-1ed4d64dfe87,ac1f09fffe296d29,rain_wet,,,f,boolean,measured,rain_wet
58929,2026-09-22 03:00:17.755352+00,317091fd-1e6a-443c-b739-1ed4d64dfe87,ac1f09fffe296d29,battery_v,,,,V,invalid,battery_v
58930,2026-09-22 03:00:32.701146+00,25f91a28-b814-4e89-847c-3fce6dd27ea5,ac1f09fffe296d29,soil_moisture_percent,4,,,%,measured,soil_moisture_percent
58931,2026-09-22 03:00:32.701146+00,25f91a28-b814-4e89-847c-3fce6dd27ea5,ac1f09fffe296d29,soil_temperature_c,30,,,Cel,measured,soil_temperature_c
58932,2026-09-22 03:00:32.701146+00,25f91a28-b814-4e89-847c-3fce6dd27ea5,ac1f09fffe296d29,uv_index,0,,,1,measured,uv_index
58933,2026-09-22 03:00:32.701146+00,25f91a28-b814-4e89-847c-3fce6dd27ea5,ac1f09fffe296d29,barometer_pressure_pa,101485,,,Pa,measured,barometer_pressure_pa
58934,2026-09-22 03:00:32.701146+00,25f91a28-b814-4e89-847c-3fce6dd27ea5,ac1f09fffe296d29,barometer_temperature_c,25.42,,,Cel,measured,barometer_temperature_c
58935,2026-09-22 03:00:32.701146+00,25f91a28-b814-4e89-847c-3fce6dd27ea5,ac1f09fffe296d29,light_veml7700_lux,182.06,,,lx,measured,light_veml7700_lux
58936,2026-09-22 03:00:32.701146+00,25f91a28-b814-4e89-847c-3fce6dd27ea5,ac1f09fffe296d29,light_opt3001_lux,160.72,,,lx,measured,light_opt3001_lux
58937,2026-09-22 03:00:32.701146+00,25f91a28-b814-4e89-847c-3fce6dd27ea5,ac1f09fffe296d29,environment_temperature_c,28.67,,,Cel,measured,environment_temperature_c
58938,2026-09-22 03:00:32.701146+00,25f91a28-b814-4e89-847c-3fce6dd27ea5,ac1f09fffe296d29,environment_humidity_percent,51.24,,,%,measured,environment_humidity_percent
58939,2026-09-22 03:00:32.701146+00,25f91a28-b814-4e89-847c-3fce6dd27ea5,ac1f09fffe296d29,environment_pressure_pa,101166,,,Pa,measured,environment_pressure_pa
58940,2026-09-22 03:00:32.701146+00,25f91a28-b814-4e89-847c-3fce6dd27ea5,ac1f09fffe296d29,environment_gas_resistance_ohm,50291,,,ohm,measured,environment_gas_resistance_ohm
58941,2026-09-22 03:00:32.701146+00,25f91a28-b814-4e89-847c-3fce6dd27ea5,ac1f09fffe296d29,rain_wet,,,f,boolean,measured,rain_wet
58942,2026-09-22 03:00:32.701146+00,25f91a28-b814-4e89-847c-3fce6dd27ea5,ac1f09fffe296d29,battery_v,,,,V,invalid,battery_v
58943,2026-09-22 03:00:47.723687+00,e218da9e-d869-436e-be88-6113b2a52c10,ac1f09fffe296d29,soil_moisture_percent,5,,,%,measured,soil_moisture_percent
58944,2026-09-22 03:00:47.723687+00,e218da9e-d869-436e-be88-6113b2a52c10,ac1f09fffe296d29,soil_temperature_c,30,,,Cel,measured,soil_temperature_c
58945,2026-09-22 03:00:47.723687+00,e218da9e-d869-436e-be88-6113b2a52c10,ac1f09fffe296d29,uv_index,0,,,1,measured,uv_index
58946,2026-09-22 03:00:47.723687+00,e218da9e-d869-436e-be88-6113b2a52c10,ac1f09fffe296d29,barometer_pressure_pa,101484,,,Pa,measured,barometer_pressure_pa
58947,2026-09-22 03:00:47.723687+00,e218da9e-d869-436e-be88-6113b2a52c10,ac1f09fffe296d29,barometer_temperature_c,25.45,,,Cel,measured,barometer_temperature_c
58948,2026-09-22 03:00:47.723687+00,e218da9e-d869-436e-be88-6113b2a52c10,ac1f09fffe296d29,light_veml7700_lux,180.91,,,lx,measured,light_veml7700_lux
58949,2026-09-22 03:00:47.723687+00,e218da9e-d869-436e-be88-6113b2a52c10,ac1f09fffe296d29,light_opt3001_lux,159.44,,,lx,measured,light_opt3001_lux
58950,2026-09-22 03:00:47.723687+00,e218da9e-d869-436e-be88-6113b2a52c10,ac1f09fffe296d29,environment_temperature_c,28.67,,,Cel,measured,environment_temperature_c
58951,2026-09-22 03:00:47.723687+00,e218da9e-d869-436e-be88-6113b2a52c10,ac1f09fffe296d29,environment_humidity_percent,51.08,,,%,measured,environment_humidity_percent
58952,2026-09-22 03:00:47.723687+00,e218da9e-d869-436e-be88-6113b2a52c10,ac1f09fffe296d29,environment_pressure_pa,101165,,,Pa,measured,environment_pressure_pa
58953,2026-09-22 03:00:47.723687+00,e218da9e-d869-436e-be88-6113b2a52c10,ac1f09fffe296d29,environment_gas_resistance_ohm,50322,,,ohm,measured,environment_gas_resistance_ohm
58954,2026-09-22 03:00:47.723687+00,e218da9e-d869-436e-be88-6113b2a52c10,ac1f09fffe296d29,rain_wet,,,f,boolean,measured,rain_wet
58955,2026-09-22 03:00:47.723687+00,e218da9e-d869-436e-be88-6113b2a52c10,ac1f09fffe296d29,battery_v,,,,V,invalid,battery_v
58956,2026-09-22 03:01:02.706848+00,62feca86-6a71-4888-ac27-f48fe330fa3d,ac1f09fffe296d29,soil_moisture_percent,5,,,%,measured,soil_moisture_percent
58957,2026-09-22 03:01:02.706848+00,62feca86-6a71-4888-ac27-f48fe330fa3d,ac1f09fffe296d29,soil_temperature_c,30,,,Cel,measured,soil_temperature_c
58958,2026-09-22 03:01:02.706848+00,62feca86-6a71-4888-ac27-f48fe330fa3d,ac1f09fffe296d29,uv_index,0,,,1,measured,uv_index
58959,2026-09-22 03:01:02.706848+00,62feca86-6a71-4888-ac27-f48fe330fa3d,ac1f09fffe296d29,barometer_pressure_pa,101485,,,Pa,measured,barometer_pressure_pa
58960,2026-09-22 03:01:02.706848+00,62feca86-6a71-4888-ac27-f48fe330fa3d,ac1f09fffe296d29,barometer_temperature_c,25.45,,,Cel,measured,barometer_temperature_c
58961,2026-09-22 03:01:02.706848+00,62feca86-6a71-4888-ac27-f48fe330fa3d,ac1f09fffe296d29,light_veml7700_lux,180.96,,,lx,measured,light_veml7700_lux
58962,2026-09-22 03:01:02.706848+00,62feca86-6a71-4888-ac27-f48fe330fa3d,ac1f09fffe296d29,light_opt3001_lux,160.08,,,lx,measured,light_opt3001_lux
58963,2026-09-22 03:01:02.706848+00,62feca86-6a71-4888-ac27-f48fe330fa3d,ac1f09fffe296d29,environment_temperature_c,28.67,,,Cel,measured,environment_temperature_c
58964,2026-09-22 03:01:02.706848+00,62feca86-6a71-4888-ac27-f48fe330fa3d,ac1f09fffe296d29,environment_humidity_percent,51.02,,,%,measured,environment_humidity_percent
58965,2026-09-22 03:01:02.706848+00,62feca86-6a71-4888-ac27-f48fe330fa3d,ac1f09fffe296d29,environment_pressure_pa,101165,,,Pa,measured,environment_pressure_pa
58966,2026-09-22 03:01:02.706848+00,62feca86-6a71-4888-ac27-f48fe330fa3d,ac1f09fffe296d29,environment_gas_resistance_ohm,50565,,,ohm,measured,environment_gas_resistance_ohm
58967,2026-09-22 03:01:02.706848+00,62feca86-6a71-4888-ac27-f48fe330fa3d,ac1f09fffe296d29,rain_wet,,,f,boolean,measured,rain_wet
58968,2026-09-22 03:01:02.706848+00,62feca86-6a71-4888-ac27-f48fe330fa3d,ac1f09fffe296d29,battery_v,,,,V,invalid,battery_v
58969,2026-09-22 03:01:17.774401+00,0b93c206-79ae-4dcf-9689-f0305ed71a1f,ac1f09fffe296d29,soil_moisture_percent,4,,,%,measured,soil_moisture_percent
58970,2026-09-22 03:01:17.774401+00,0b93c206-79ae-4dcf-9689-f0305ed71a1f,ac1f09fffe296d29,soil_temperature_c,30.1,,,Cel,measured,soil_temperature_c
58971,2026-09-22 03:01:17.774401+00,0b93c206-79ae-4dcf-9689-f0305ed71a1f,ac1f09fffe296d29,uv_index,0,,,1,measured,uv_index
58972,2026-09-22 03:01:17.774401+00,0b93c206-79ae-4dcf-9689-f0305ed71a1f,ac1f09fffe296d29,barometer_pressure_pa,101483,,,Pa,measured,barometer_pressure_pa
58973,2026-09-22 03:01:17.774401+00,0b93c206-79ae-4dcf-9689-f0305ed71a1f,ac1f09fffe296d29,barometer_temperature_c,25.45,,,Cel,measured,barometer_temperature_c
58974,2026-09-22 03:01:17.774401+00,0b93c206-79ae-4dcf-9689-f0305ed71a1f,ac1f09fffe296d29,light_veml7700_lux,181.46,,,lx,measured,light_veml7700_lux
58975,2026-09-22 03:01:17.774401+00,0b93c206-79ae-4dcf-9689-f0305ed71a1f,ac1f09fffe296d29,light_opt3001_lux,160.4,,,lx,measured,light_opt3001_lux
58976,2026-09-22 03:01:17.774401+00,0b93c206-79ae-4dcf-9689-f0305ed71a1f,ac1f09fffe296d29,environment_temperature_c,28.68,,,Cel,measured,environment_temperature_c
58977,2026-09-22 03:01:17.774401+00,0b93c206-79ae-4dcf-9689-f0305ed71a1f,ac1f09fffe296d29,environment_humidity_percent,51.43,,,%,measured,environment_humidity_percent
58978,2026-09-22 03:01:17.774401+00,0b93c206-79ae-4dcf-9689-f0305ed71a1f,ac1f09fffe296d29,environment_pressure_pa,101164,,,Pa,measured,environment_pressure_pa
58979,2026-09-22 03:01:17.774401+00,0b93c206-79ae-4dcf-9689-f0305ed71a1f,ac1f09fffe296d29,environment_gas_resistance_ohm,50141,,,ohm,measured,environment_gas_resistance_ohm
58980,2026-09-22 03:01:17.774401+00,0b93c206-79ae-4dcf-9689-f0305ed71a1f,ac1f09fffe296d29,rain_wet,,,f,boolean,measured,rain_wet
58981,2026-09-22 03:01:17.774401+00,0b93c206-79ae-4dcf-9689-f0305ed71a1f,ac1f09fffe296d29,battery_v,,,,V,invalid,battery_v
58982,2026-09-22 03:01:33.059805+00,66cc0ad7-7731-4e15-a81a-cb4c8cb72c56,ac1f09fffe296d29,soil_moisture_percent,4,,,%,measured,soil_moisture_percent
58983,2026-09-22 03:01:33.059805+00,66cc0ad7-7731-4e15-a81a-cb4c8cb72c56,ac1f09fffe296d29,soil_temperature_c,30.1,,,Cel,measured,soil_temperature_c
58984,2026-09-22 03:01:33.059805+00,66cc0ad7-7731-4e15-a81a-cb4c8cb72c56,ac1f09fffe296d29,uv_index,0,,,1,measured,uv_index
58985,2026-09-22 03:01:33.059805+00,66cc0ad7-7731-4e15-a81a-cb4c8cb72c56,ac1f09fffe296d29,barometer_pressure_pa,101487,,,Pa,measured,barometer_pressure_pa
58986,2026-09-22 03:01:33.059805+00,66cc0ad7-7731-4e15-a81a-cb4c8cb72c56,ac1f09fffe296d29,barometer_temperature_c,25.46,,,Cel,measured,barometer_temperature_c
58987,2026-09-22 03:01:33.059805+00,66cc0ad7-7731-4e15-a81a-cb4c8cb72c56,ac1f09fffe296d29,light_veml7700_lux,180.84,,,lx,measured,light_veml7700_lux
58988,2026-09-22 03:01:33.059805+00,66cc0ad7-7731-4e15-a81a-cb4c8cb72c56,ac1f09fffe296d29,light_opt3001_lux,159.72,,,lx,measured,light_opt3001_lux
58989,2026-09-22 03:01:33.059805+00,66cc0ad7-7731-4e15-a81a-cb4c8cb72c56,ac1f09fffe296d29,environment_temperature_c,28.69,,,Cel,measured,environment_temperature_c
58990,2026-09-22 03:01:33.059805+00,66cc0ad7-7731-4e15-a81a-cb4c8cb72c56,ac1f09fffe296d29,environment_humidity_percent,51.36,,,%,measured,environment_humidity_percent
58991,2026-09-22 03:01:33.059805+00,66cc0ad7-7731-4e15-a81a-cb4c8cb72c56,ac1f09fffe296d29,environment_pressure_pa,101164,,,Pa,measured,environment_pressure_pa
58992,2026-09-22 03:01:33.059805+00,66cc0ad7-7731-4e15-a81a-cb4c8cb72c56,ac1f09fffe296d29,environment_gas_resistance_ohm,50412,,,ohm,measured,environment_gas_resistance_ohm
58993,2026-09-22 03:01:33.059805+00,66cc0ad7-7731-4e15-a81a-cb4c8cb72c56,ac1f09fffe296d29,rain_wet,,,f,boolean,measured,rain_wet
58994,2026-09-22 03:01:33.059805+00,66cc0ad7-7731-4e15-a81a-cb4c8cb72c56,ac1f09fffe296d29,battery_v,,,,V,invalid,battery_v
58995,2026-09-22 03:01:47.6547+00,484b4c37-4a3e-41af-ba1b-bd8a06b6fa22,ac1f09fffe296d29,soil_moisture_percent,4,,,%,measured,soil_moisture_percent
58996,2026-09-22 03:01:47.6547+00,484b4c37-4a3e-41af-ba1b-bd8a06b6fa22,ac1f09fffe296d29,soil_temperature_c,30.1,,,Cel,measured,soil_temperature_c
58997,2026-09-22 03:01:47.6547+00,484b4c37-4a3e-41af-ba1b-bd8a06b6fa22,ac1f09fffe296d29,uv_index,0,,,1,measured,uv_index
58998,2026-09-22 03:01:47.6547+00,484b4c37-4a3e-41af-ba1b-bd8a06b6fa22,ac1f09fffe296d29,barometer_pressure_pa,101482,,,Pa,measured,barometer_pressure_pa
58999,2026-09-22 03:01:47.6547+00,484b4c37-4a3e-41af-ba1b-bd8a06b6fa22,ac1f09fffe296d29,barometer_temperature_c,25.45,,,Cel,measured,barometer_temperature_c
59000,2026-09-22 03:01:47.6547+00,484b4c37-4a3e-41af-ba1b-bd8a06b6fa22,ac1f09fffe296d29,light_veml7700_lux,181.27,,,lx,measured,light_veml7700_lux
59001,2026-09-22 03:01:47.6547+00,484b4c37-4a3e-41af-ba1b-bd8a06b6fa22,ac1f09fffe296d29,light_opt3001_lux,160.72,,,lx,measured,light_opt3001_lux
59002,2026-09-22 03:01:47.6547+00,484b4c37-4a3e-41af-ba1b-bd8a06b6fa22,ac1f09fffe296d29,environment_temperature_c,28.7,,,Cel,measured,environment_temperature_c
59003,2026-09-22 03:01:47.6547+00,484b4c37-4a3e-41af-ba1b-bd8a06b6fa22,ac1f09fffe296d29,environment_humidity_percent,51.3,,,%,measured,environment_humidity_percent
59004,2026-09-22 03:01:47.6547+00,484b4c37-4a3e-41af-ba1b-bd8a06b6fa22,ac1f09fffe296d29,environment_pressure_pa,101163,,,Pa,measured,environment_pressure_pa
59005,2026-09-22 03:01:47.6547+00,484b4c37-4a3e-41af-ba1b-bd8a06b6fa22,ac1f09fffe296d29,environment_gas_resistance_ohm,50352,,,ohm,measured,environment_gas_resistance_ohm
59006,2026-09-22 03:01:47.6547+00,484b4c37-4a3e-41af-ba1b-bd8a06b6fa22,ac1f09fffe296d29,rain_wet,,,f,boolean,measured,rain_wet
59007,2026-09-22 03:01:47.6547+00,484b4c37-4a3e-41af-ba1b-bd8a06b6fa22,ac1f09fffe296d29,battery_v,,,,V,invalid,battery_v
59008,2026-09-22 03:02:02.867596+00,aa27d2c3-4090-4509-8008-4f7debe6649e,ac1f09fffe296d29,soil_moisture_percent,5,,,%,measured,soil_moisture_percent
59009,2026-09-22 03:02:02.867596+00,aa27d2c3-4090-4509-8008-4f7debe6649e,ac1f09fffe296d29,soil_temperature_c,30.1,,,Cel,measured,soil_temperature_c
59010,2026-09-22 03:02:02.867596+00,aa27d2c3-4090-4509-8008-4f7debe6649e,ac1f09fffe296d29,uv_index,0,,,1,measured,uv_index
59011,2026-09-22 03:02:02.867596+00,aa27d2c3-4090-4509-8008-4f7debe6649e,ac1f09fffe296d29,barometer_pressure_pa,101483,,,Pa,measured,barometer_pressure_pa
59012,2026-09-22 03:02:02.867596+00,aa27d2c3-4090-4509-8008-4f7debe6649e,ac1f09fffe296d29,barometer_temperature_c,25.46,,,Cel,measured,barometer_temperature_c
59013,2026-09-22 03:02:02.867596+00,aa27d2c3-4090-4509-8008-4f7debe6649e,ac1f09fffe296d29,light_veml7700_lux,180.72,,,lx,measured,light_veml7700_lux
59014,2026-09-22 03:02:02.867596+00,aa27d2c3-4090-4509-8008-4f7debe6649e,ac1f09fffe296d29,light_opt3001_lux,158.16,,,lx,measured,light_opt3001_lux
59015,2026-09-22 03:02:02.867596+00,aa27d2c3-4090-4509-8008-4f7debe6649e,ac1f09fffe296d29,environment_temperature_c,28.7,,,Cel,measured,environment_temperature_c
59016,2026-09-22 03:02:02.867596+00,aa27d2c3-4090-4509-8008-4f7debe6649e,ac1f09fffe296d29,environment_humidity_percent,51.47,,,%,measured,environment_humidity_percent
59017,2026-09-22 03:02:02.867596+00,aa27d2c3-4090-4509-8008-4f7debe6649e,ac1f09fffe296d29,environment_pressure_pa,101163,,,Pa,measured,environment_pressure_pa
59018,2026-09-22 03:02:02.867596+00,aa27d2c3-4090-4509-8008-4f7debe6649e,ac1f09fffe296d29,environment_gas_resistance_ohm,50201,,,ohm,measured,environment_gas_resistance_ohm
59019,2026-09-22 03:02:02.867596+00,aa27d2c3-4090-4509-8008-4f7debe6649e,ac1f09fffe296d29,rain_wet,,,f,boolean,measured,rain_wet
59020,2026-09-22 03:02:02.867596+00,aa27d2c3-4090-4509-8008-4f7debe6649e,ac1f09fffe296d29,battery_v,,,,V,invalid,battery_v
59021,2026-09-22 03:02:17.82412+00,df81ac24-cd5d-47cd-a73e-d2c983957d45,ac1f09fffe296d29,soil_moisture_percent,4,,,%,measured,soil_moisture_percent
59022,2026-09-22 03:02:17.82412+00,df81ac24-cd5d-47cd-a73e-d2c983957d45,ac1f09fffe296d29,soil_temperature_c,30.1,,,Cel,measured,soil_temperature_c
59023,2026-09-22 03:02:17.82412+00,df81ac24-cd5d-47cd-a73e-d2c983957d45,ac1f09fffe296d29,uv_index,0,,,1,measured,uv_index
59024,2026-09-22 03:02:17.82412+00,df81ac24-cd5d-47cd-a73e-d2c983957d45,ac1f09fffe296d29,barometer_pressure_pa,101481,,,Pa,measured,barometer_pressure_pa
59025,2026-09-22 03:02:17.82412+00,df81ac24-cd5d-47cd-a73e-d2c983957d45,ac1f09fffe296d29,barometer_temperature_c,25.46,,,Cel,measured,barometer_temperature_c
59026,2026-09-22 03:02:17.82412+00,df81ac24-cd5d-47cd-a73e-d2c983957d45,ac1f09fffe296d29,light_veml7700_lux,181.02,,,lx,measured,light_veml7700_lux
59027,2026-09-22 03:02:17.82412+00,df81ac24-cd5d-47cd-a73e-d2c983957d45,ac1f09fffe296d29,light_opt3001_lux,159.44,,,lx,measured,light_opt3001_lux
59028,2026-09-22 03:02:17.82412+00,df81ac24-cd5d-47cd-a73e-d2c983957d45,ac1f09fffe296d29,environment_temperature_c,28.69,,,Cel,measured,environment_temperature_c
59029,2026-09-22 03:02:17.82412+00,df81ac24-cd5d-47cd-a73e-d2c983957d45,ac1f09fffe296d29,environment_humidity_percent,51.5,,,%,measured,environment_humidity_percent
59030,2026-09-22 03:02:17.82412+00,df81ac24-cd5d-47cd-a73e-d2c983957d45,ac1f09fffe296d29,environment_pressure_pa,101163,,,Pa,measured,environment_pressure_pa
59031,2026-09-22 03:02:17.82412+00,df81ac24-cd5d-47cd-a73e-d2c983957d45,ac1f09fffe296d29,environment_gas_resistance_ohm,50504,,,ohm,measured,environment_gas_resistance_ohm
59032,2026-09-22 03:02:17.82412+00,df81ac24-cd5d-47cd-a73e-d2c983957d45,ac1f09fffe296d29,rain_wet,,,f,boolean,measured,rain_wet
59033,2026-09-22 03:02:17.82412+00,df81ac24-cd5d-47cd-a73e-d2c983957d45,ac1f09fffe296d29,battery_v,,,,V,invalid,battery_v
59034,2026-09-22 03:02:33.020777+00,89cd7bc3-0500-4703-8194-99ce2a0c38ba,ac1f09fffe296d29,soil_moisture_percent,3,,,%,measured,soil_moisture_percent
59035,2026-09-22 03:02:33.020777+00,89cd7bc3-0500-4703-8194-99ce2a0c38ba,ac1f09fffe296d29,soil_temperature_c,30.1,,,Cel,measured,soil_temperature_c
59036,2026-09-22 03:02:33.020777+00,89cd7bc3-0500-4703-8194-99ce2a0c38ba,ac1f09fffe296d29,uv_index,0,,,1,measured,uv_index
59037,2026-09-22 03:02:33.020777+00,89cd7bc3-0500-4703-8194-99ce2a0c38ba,ac1f09fffe296d29,barometer_pressure_pa,101480,,,Pa,measured,barometer_pressure_pa
59038,2026-09-22 03:02:33.020777+00,89cd7bc3-0500-4703-8194-99ce2a0c38ba,ac1f09fffe296d29,barometer_temperature_c,25.46,,,Cel,measured,barometer_temperature_c
59039,2026-09-22 03:02:33.020777+00,89cd7bc3-0500-4703-8194-99ce2a0c38ba,ac1f09fffe296d29,light_veml7700_lux,181.61,,,lx,measured,light_veml7700_lux
59040,2026-09-22 03:02:33.020777+00,89cd7bc3-0500-4703-8194-99ce2a0c38ba,ac1f09fffe296d29,light_opt3001_lux,160.4,,,lx,measured,light_opt3001_lux
59041,2026-09-22 03:02:33.020777+00,89cd7bc3-0500-4703-8194-99ce2a0c38ba,ac1f09fffe296d29,environment_temperature_c,28.68,,,Cel,measured,environment_temperature_c
59042,2026-09-22 03:02:33.020777+00,89cd7bc3-0500-4703-8194-99ce2a0c38ba,ac1f09fffe296d29,environment_humidity_percent,51.19,,,%,measured,environment_humidity_percent
59043,2026-09-22 03:02:33.020777+00,89cd7bc3-0500-4703-8194-99ce2a0c38ba,ac1f09fffe296d29,environment_pressure_pa,101162,,,Pa,measured,environment_pressure_pa
59044,2026-09-22 03:02:33.020777+00,89cd7bc3-0500-4703-8194-99ce2a0c38ba,ac1f09fffe296d29,environment_gas_resistance_ohm,50656,,,ohm,measured,environment_gas_resistance_ohm
59045,2026-09-22 03:02:33.020777+00,89cd7bc3-0500-4703-8194-99ce2a0c38ba,ac1f09fffe296d29,rain_wet,,,f,boolean,measured,rain_wet
59046,2026-09-22 03:02:33.020777+00,89cd7bc3-0500-4703-8194-99ce2a0c38ba,ac1f09fffe296d29,battery_v,,,,V,invalid,battery_v
59047,2026-09-22 03:02:47.966691+00,c1729d8e-52e7-492b-972b-35a8dfea93fa,ac1f09fffe296d29,soil_moisture_percent,4,,,%,measured,soil_moisture_percent
59048,2026-09-22 03:02:47.966691+00,c1729d8e-52e7-492b-972b-35a8dfea93fa,ac1f09fffe296d29,soil_temperature_c,30,,,Cel,measured,soil_temperature_c
59049,2026-09-22 03:02:47.966691+00,c1729d8e-52e7-492b-972b-35a8dfea93fa,ac1f09fffe296d29,uv_index,0,,,1,measured,uv_index
59050,2026-09-22 03:02:47.966691+00,c1729d8e-52e7-492b-972b-35a8dfea93fa,ac1f09fffe296d29,barometer_pressure_pa,101483,,,Pa,measured,barometer_pressure_pa
59051,2026-09-22 03:02:47.966691+00,c1729d8e-52e7-492b-972b-35a8dfea93fa,ac1f09fffe296d29,barometer_temperature_c,25.46,,,Cel,measured,barometer_temperature_c
59052,2026-09-22 03:02:47.966691+00,c1729d8e-52e7-492b-972b-35a8dfea93fa,ac1f09fffe296d29,light_veml7700_lux,182.02,,,lx,measured,light_veml7700_lux
59053,2026-09-22 03:02:47.966691+00,c1729d8e-52e7-492b-972b-35a8dfea93fa,ac1f09fffe296d29,light_opt3001_lux,159.76,,,lx,measured,light_opt3001_lux
59054,2026-09-22 03:02:47.966691+00,c1729d8e-52e7-492b-972b-35a8dfea93fa,ac1f09fffe296d29,environment_temperature_c,28.67,,,Cel,measured,environment_temperature_c
59055,2026-09-22 03:02:47.966691+00,c1729d8e-52e7-492b-972b-35a8dfea93fa,ac1f09fffe296d29,environment_humidity_percent,51.52,,,%,measured,environment_humidity_percent
59056,2026-09-22 03:02:47.966691+00,c1729d8e-52e7-492b-972b-35a8dfea93fa,ac1f09fffe296d29,environment_pressure_pa,101163,,,Pa,measured,environment_pressure_pa
59057,2026-09-22 03:02:47.966691+00,c1729d8e-52e7-492b-972b-35a8dfea93fa,ac1f09fffe296d29,environment_gas_resistance_ohm,50718,,,ohm,measured,environment_gas_resistance_ohm
59058,2026-09-22 03:02:47.966691+00,c1729d8e-52e7-492b-972b-35a8dfea93fa,ac1f09fffe296d29,rain_wet,,,f,boolean,measured,rain_wet
59059,2026-09-22 03:02:47.966691+00,c1729d8e-52e7-492b-972b-35a8dfea93fa,ac1f09fffe296d29,battery_v,,,,V,invalid,battery_v
59060,2026-09-22 03:03:02.993188+00,000073de-2682-4826-bc1c-1b8da02bc60f,ac1f09fffe296d29,soil_moisture_percent,4,,,%,measured,soil_moisture_percent
59061,2026-09-22 03:03:02.993188+00,000073de-2682-4826-bc1c-1b8da02bc60f,ac1f09fffe296d29,soil_temperature_c,30.1,,,Cel,measured,soil_temperature_c
59062,2026-09-22 03:03:02.993188+00,000073de-2682-4826-bc1c-1b8da02bc60f,ac1f09fffe296d29,uv_index,0,,,1,measured,uv_index
59063,2026-09-22 03:03:02.993188+00,000073de-2682-4826-bc1c-1b8da02bc60f,ac1f09fffe296d29,barometer_pressure_pa,101483,,,Pa,measured,barometer_pressure_pa
59064,2026-09-22 03:03:02.993188+00,000073de-2682-4826-bc1c-1b8da02bc60f,ac1f09fffe296d29,barometer_temperature_c,25.45,,,Cel,measured,barometer_temperature_c
59065,2026-09-22 03:03:02.993188+00,000073de-2682-4826-bc1c-1b8da02bc60f,ac1f09fffe296d29,light_veml7700_lux,180.96,,,lx,measured,light_veml7700_lux
59066,2026-09-22 03:03:02.993188+00,000073de-2682-4826-bc1c-1b8da02bc60f,ac1f09fffe296d29,light_opt3001_lux,160.08,,,lx,measured,light_opt3001_lux
59067,2026-09-22 03:03:02.993188+00,000073de-2682-4826-bc1c-1b8da02bc60f,ac1f09fffe296d29,environment_temperature_c,28.67,,,Cel,measured,environment_temperature_c
59068,2026-09-22 03:03:02.993188+00,000073de-2682-4826-bc1c-1b8da02bc60f,ac1f09fffe296d29,environment_humidity_percent,51.39,,,%,measured,environment_humidity_percent
59069,2026-09-22 03:03:02.993188+00,000073de-2682-4826-bc1c-1b8da02bc60f,ac1f09fffe296d29,environment_pressure_pa,101161,,,Pa,measured,environment_pressure_pa
59070,2026-09-22 03:03:02.993188+00,000073de-2682-4826-bc1c-1b8da02bc60f,ac1f09fffe296d29,environment_gas_resistance_ohm,50412,,,ohm,measured,environment_gas_resistance_ohm
59071,2026-09-22 03:03:02.993188+00,000073de-2682-4826-bc1c-1b8da02bc60f,ac1f09fffe296d29,rain_wet,,,f,boolean,measured,rain_wet
59072,2026-09-22 03:03:02.993188+00,000073de-2682-4826-bc1c-1b8da02bc60f,ac1f09fffe296d29,battery_v,,,,V,invalid,battery_v
59073,2026-09-22 03:03:17.695232+00,42845550-0b70-4048-b7d4-b64c9ce8901c,ac1f09fffe296d29,soil_moisture_percent,5,,,%,measured,soil_moisture_percent
59074,2026-09-22 03:03:17.695232+00,42845550-0b70-4048-b7d4-b64c9ce8901c,ac1f09fffe296d29,soil_temperature_c,30,,,Cel,measured,soil_temperature_c
59075,2026-09-22 03:03:17.695232+00,42845550-0b70-4048-b7d4-b64c9ce8901c,ac1f09fffe296d29,uv_index,0,,,1,measured,uv_index
59076,2026-09-22 03:03:17.695232+00,42845550-0b70-4048-b7d4-b64c9ce8901c,ac1f09fffe296d29,barometer_pressure_pa,101480,,,Pa,measured,barometer_pressure_pa
59077,2026-09-22 03:03:17.695232+00,42845550-0b70-4048-b7d4-b64c9ce8901c,ac1f09fffe296d29,barometer_temperature_c,25.46,,,Cel,measured,barometer_temperature_c
59078,2026-09-22 03:03:17.695232+00,42845550-0b70-4048-b7d4-b64c9ce8901c,ac1f09fffe296d29,light_veml7700_lux,182.16,,,lx,measured,light_veml7700_lux
59079,2026-09-22 03:03:17.695232+00,42845550-0b70-4048-b7d4-b64c9ce8901c,ac1f09fffe296d29,light_opt3001_lux,161.04,,,lx,measured,light_opt3001_lux
59080,2026-09-22 03:03:17.695232+00,42845550-0b70-4048-b7d4-b64c9ce8901c,ac1f09fffe296d29,environment_temperature_c,28.69,,,Cel,measured,environment_temperature_c
59081,2026-09-22 03:03:17.695232+00,42845550-0b70-4048-b7d4-b64c9ce8901c,ac1f09fffe296d29,environment_humidity_percent,51.6,,,%,measured,environment_humidity_percent
59082,2026-09-22 03:03:17.695232+00,42845550-0b70-4048-b7d4-b64c9ce8901c,ac1f09fffe296d29,environment_pressure_pa,101161,,,Pa,measured,environment_pressure_pa
59083,2026-09-22 03:03:17.695232+00,42845550-0b70-4048-b7d4-b64c9ce8901c,ac1f09fffe296d29,environment_gas_resistance_ohm,50595,,,ohm,measured,environment_gas_resistance_ohm
59084,2026-09-22 03:03:17.695232+00,42845550-0b70-4048-b7d4-b64c9ce8901c,ac1f09fffe296d29,rain_wet,,,f,boolean,measured,rain_wet
59085,2026-09-22 03:03:17.695232+00,42845550-0b70-4048-b7d4-b64c9ce8901c,ac1f09fffe296d29,battery_v,,,,V,invalid,battery_v
59086,2026-09-22 03:03:33.144703+00,b9eba39b-30fb-47a9-95d3-f5824a10ac84,ac1f09fffe296d29,soil_moisture_percent,4,,,%,measured,soil_moisture_percent
59087,2026-09-22 03:03:33.144703+00,b9eba39b-30fb-47a9-95d3-f5824a10ac84,ac1f09fffe296d29,soil_temperature_c,30.1,,,Cel,measured,soil_temperature_c
59088,2026-09-22 03:03:33.144703+00,b9eba39b-30fb-47a9-95d3-f5824a10ac84,ac1f09fffe296d29,uv_index,0,,,1,measured,uv_index
59089,2026-09-22 03:03:33.144703+00,b9eba39b-30fb-47a9-95d3-f5824a10ac84,ac1f09fffe296d29,barometer_pressure_pa,101479,,,Pa,measured,barometer_pressure_pa
59090,2026-09-22 03:03:33.144703+00,b9eba39b-30fb-47a9-95d3-f5824a10ac84,ac1f09fffe296d29,barometer_temperature_c,25.46,,,Cel,measured,barometer_temperature_c
59091,2026-09-22 03:03:33.144703+00,b9eba39b-30fb-47a9-95d3-f5824a10ac84,ac1f09fffe296d29,light_veml7700_lux,181.45,,,lx,measured,light_veml7700_lux
59092,2026-09-22 03:03:33.144703+00,b9eba39b-30fb-47a9-95d3-f5824a10ac84,ac1f09fffe296d29,light_opt3001_lux,160.4,,,lx,measured,light_opt3001_lux
59093,2026-09-22 03:03:33.144703+00,b9eba39b-30fb-47a9-95d3-f5824a10ac84,ac1f09fffe296d29,environment_temperature_c,28.7,,,Cel,measured,environment_temperature_c
59094,2026-09-22 03:03:33.144703+00,b9eba39b-30fb-47a9-95d3-f5824a10ac84,ac1f09fffe296d29,environment_humidity_percent,51.22,,,%,measured,environment_humidity_percent
59095,2026-09-22 03:03:33.144703+00,b9eba39b-30fb-47a9-95d3-f5824a10ac84,ac1f09fffe296d29,environment_pressure_pa,101161,,,Pa,measured,environment_pressure_pa
59096,2026-09-22 03:03:33.144703+00,b9eba39b-30fb-47a9-95d3-f5824a10ac84,ac1f09fffe296d29,environment_gas_resistance_ohm,50595,,,ohm,measured,environment_gas_resistance_ohm
59097,2026-09-22 03:03:33.144703+00,b9eba39b-30fb-47a9-95d3-f5824a10ac84,ac1f09fffe296d29,rain_wet,,,f,boolean,measured,rain_wet
59098,2026-09-22 03:03:33.144703+00,b9eba39b-30fb-47a9-95d3-f5824a10ac84,ac1f09fffe296d29,battery_v,,,,V,invalid,battery_v
59099,2026-09-22 03:03:47.80342+00,74177c2c-609d-4a1c-8afe-08a555e0815c,ac1f09fffe296d29,soil_moisture_percent,4,,,%,measured,soil_moisture_percent
59100,2026-09-22 03:03:47.80342+00,74177c2c-609d-4a1c-8afe-08a555e0815c,ac1f09fffe296d29,soil_temperature_c,30,,,Cel,measured,soil_temperature_c
59101,2026-09-22 03:03:47.80342+00,74177c2c-609d-4a1c-8afe-08a555e0815c,ac1f09fffe296d29,uv_index,0,,,1,measured,uv_index
59102,2026-09-22 03:03:47.80342+00,74177c2c-609d-4a1c-8afe-08a555e0815c,ac1f09fffe296d29,barometer_pressure_pa,101475,,,Pa,measured,barometer_pressure_pa
59103,2026-09-22 03:03:47.80342+00,74177c2c-609d-4a1c-8afe-08a555e0815c,ac1f09fffe296d29,barometer_temperature_c,25.47,,,Cel,measured,barometer_temperature_c
59104,2026-09-22 03:03:47.80342+00,74177c2c-609d-4a1c-8afe-08a555e0815c,ac1f09fffe296d29,light_veml7700_lux,181.77,,,lx,measured,light_veml7700_lux
59105,2026-09-22 03:03:47.80342+00,74177c2c-609d-4a1c-8afe-08a555e0815c,ac1f09fffe296d29,light_opt3001_lux,160.72,,,lx,measured,light_opt3001_lux
59106,2026-09-22 03:03:47.80342+00,74177c2c-609d-4a1c-8afe-08a555e0815c,ac1f09fffe296d29,environment_temperature_c,28.7,,,Cel,measured,environment_temperature_c
59107,2026-09-22 03:03:47.80342+00,74177c2c-609d-4a1c-8afe-08a555e0815c,ac1f09fffe296d29,environment_humidity_percent,50.96,,,%,measured,environment_humidity_percent
59108,2026-09-22 03:03:47.80342+00,74177c2c-609d-4a1c-8afe-08a555e0815c,ac1f09fffe296d29,environment_pressure_pa,101160,,,Pa,measured,environment_pressure_pa
59109,2026-09-22 03:03:47.80342+00,74177c2c-609d-4a1c-8afe-08a555e0815c,ac1f09fffe296d29,environment_gas_resistance_ohm,50565,,,ohm,measured,environment_gas_resistance_ohm
59110,2026-09-22 03:03:47.80342+00,74177c2c-609d-4a1c-8afe-08a555e0815c,ac1f09fffe296d29,rain_wet,,,f,boolean,measured,rain_wet
59111,2026-09-22 03:03:47.80342+00,74177c2c-609d-4a1c-8afe-08a555e0815c,ac1f09fffe296d29,battery_v,,,,V,invalid,battery_v
59112,2026-09-22 03:04:03.302131+00,33d2b429-742d-459c-8aaf-7cc269e6f7a4,ac1f09fffe296d29,soil_moisture_percent,4,,,%,measured,soil_moisture_percent
59113,2026-09-22 03:04:03.302131+00,33d2b429-742d-459c-8aaf-7cc269e6f7a4,ac1f09fffe296d29,soil_temperature_c,30,,,Cel,measured,soil_temperature_c
59114,2026-09-22 03:04:03.302131+00,33d2b429-742d-459c-8aaf-7cc269e6f7a4,ac1f09fffe296d29,uv_index,0,,,1,measured,uv_index
59115,2026-09-22 03:04:03.302131+00,33d2b429-742d-459c-8aaf-7cc269e6f7a4,ac1f09fffe296d29,barometer_pressure_pa,101480,,,Pa,measured,barometer_pressure_pa
59116,2026-09-22 03:04:03.302131+00,33d2b429-742d-459c-8aaf-7cc269e6f7a4,ac1f09fffe296d29,barometer_temperature_c,25.48,,,Cel,measured,barometer_temperature_c
59117,2026-09-22 03:04:03.302131+00,33d2b429-742d-459c-8aaf-7cc269e6f7a4,ac1f09fffe296d29,light_veml7700_lux,179.95,,,lx,measured,light_veml7700_lux
59118,2026-09-22 03:04:03.302131+00,33d2b429-742d-459c-8aaf-7cc269e6f7a4,ac1f09fffe296d29,light_opt3001_lux,160.4,,,lx,measured,light_opt3001_lux
59119,2026-09-22 03:04:03.302131+00,33d2b429-742d-459c-8aaf-7cc269e6f7a4,ac1f09fffe296d29,environment_temperature_c,28.69,,,Cel,measured,environment_temperature_c
59120,2026-09-22 03:04:03.302131+00,33d2b429-742d-459c-8aaf-7cc269e6f7a4,ac1f09fffe296d29,environment_humidity_percent,51.58,,,%,measured,environment_humidity_percent
59121,2026-09-22 03:04:03.302131+00,33d2b429-742d-459c-8aaf-7cc269e6f7a4,ac1f09fffe296d29,environment_pressure_pa,101159,,,Pa,measured,environment_pressure_pa
59122,2026-09-22 03:04:03.302131+00,33d2b429-742d-459c-8aaf-7cc269e6f7a4,ac1f09fffe296d29,environment_gas_resistance_ohm,50473,,,ohm,measured,environment_gas_resistance_ohm
59123,2026-09-22 03:04:03.302131+00,33d2b429-742d-459c-8aaf-7cc269e6f7a4,ac1f09fffe296d29,rain_wet,,,f,boolean,measured,rain_wet
59124,2026-09-22 03:04:03.302131+00,33d2b429-742d-459c-8aaf-7cc269e6f7a4,ac1f09fffe296d29,battery_v,,,,V,invalid,battery_v
59125,2026-09-22 03:04:17.726995+00,9a16ee10-75e1-460b-a9b2-ee2e4488ffc5,ac1f09fffe296d29,soil_moisture_percent,6,,,%,measured,soil_moisture_percent
59126,2026-09-22 03:04:17.726995+00,9a16ee10-75e1-460b-a9b2-ee2e4488ffc5,ac1f09fffe296d29,soil_temperature_c,30,,,Cel,measured,soil_temperature_c
59127,2026-09-22 03:04:17.726995+00,9a16ee10-75e1-460b-a9b2-ee2e4488ffc5,ac1f09fffe296d29,uv_index,0,,,1,measured,uv_index
59128,2026-09-22 03:04:17.726995+00,9a16ee10-75e1-460b-a9b2-ee2e4488ffc5,ac1f09fffe296d29,barometer_pressure_pa,101475,,,Pa,measured,barometer_pressure_pa
59129,2026-09-22 03:04:17.726995+00,9a16ee10-75e1-460b-a9b2-ee2e4488ffc5,ac1f09fffe296d29,barometer_temperature_c,25.48,,,Cel,measured,barometer_temperature_c
59130,2026-09-22 03:04:17.726995+00,9a16ee10-75e1-460b-a9b2-ee2e4488ffc5,ac1f09fffe296d29,light_veml7700_lux,181.35,,,lx,measured,light_veml7700_lux
59131,2026-09-22 03:04:17.726995+00,9a16ee10-75e1-460b-a9b2-ee2e4488ffc5,ac1f09fffe296d29,light_opt3001_lux,160.4,,,lx,measured,light_opt3001_lux
59132,2026-09-22 03:04:17.726995+00,9a16ee10-75e1-460b-a9b2-ee2e4488ffc5,ac1f09fffe296d29,environment_temperature_c,28.67,,,Cel,measured,environment_temperature_c
59133,2026-09-22 03:04:17.726995+00,9a16ee10-75e1-460b-a9b2-ee2e4488ffc5,ac1f09fffe296d29,environment_humidity_percent,51.66,,,%,measured,environment_humidity_percent
59134,2026-09-22 03:04:17.726995+00,9a16ee10-75e1-460b-a9b2-ee2e4488ffc5,ac1f09fffe296d29,environment_pressure_pa,101159,,,Pa,measured,environment_pressure_pa
59135,2026-09-22 03:04:17.726995+00,9a16ee10-75e1-460b-a9b2-ee2e4488ffc5,ac1f09fffe296d29,environment_gas_resistance_ohm,50291,,,ohm,measured,environment_gas_resistance_ohm
59136,2026-09-22 03:04:17.726995+00,9a16ee10-75e1-460b-a9b2-ee2e4488ffc5,ac1f09fffe296d29,rain_wet,,,f,boolean,measured,rain_wet
59137,2026-09-22 03:04:17.726995+00,9a16ee10-75e1-460b-a9b2-ee2e4488ffc5,ac1f09fffe296d29,battery_v,,,,V,invalid,battery_v
59138,2026-09-22 03:04:32.887088+00,df918a22-4903-4536-b5c6-126209ec19b5,ac1f09fffe296d29,soil_moisture_percent,4,,,%,measured,soil_moisture_percent
59139,2026-09-22 03:04:32.887088+00,df918a22-4903-4536-b5c6-126209ec19b5,ac1f09fffe296d29,soil_temperature_c,30,,,Cel,measured,soil_temperature_c
59140,2026-09-22 03:04:32.887088+00,df918a22-4903-4536-b5c6-126209ec19b5,ac1f09fffe296d29,uv_index,0,,,1,measured,uv_index
59141,2026-09-22 03:04:32.887088+00,df918a22-4903-4536-b5c6-126209ec19b5,ac1f09fffe296d29,barometer_pressure_pa,101480,,,Pa,measured,barometer_pressure_pa
59142,2026-09-22 03:04:32.887088+00,df918a22-4903-4536-b5c6-126209ec19b5,ac1f09fffe296d29,barometer_temperature_c,25.48,,,Cel,measured,barometer_temperature_c
59143,2026-09-22 03:04:32.887088+00,df918a22-4903-4536-b5c6-126209ec19b5,ac1f09fffe296d29,light_veml7700_lux,181.91,,,lx,measured,light_veml7700_lux
59144,2026-09-22 03:04:32.887088+00,df918a22-4903-4536-b5c6-126209ec19b5,ac1f09fffe296d29,light_opt3001_lux,160.72,,,lx,measured,light_opt3001_lux
59145,2026-09-22 03:04:32.887088+00,df918a22-4903-4536-b5c6-126209ec19b5,ac1f09fffe296d29,environment_temperature_c,28.66,,,Cel,measured,environment_temperature_c
59146,2026-09-22 03:04:32.887088+00,df918a22-4903-4536-b5c6-126209ec19b5,ac1f09fffe296d29,environment_humidity_percent,51.18,,,%,measured,environment_humidity_percent
59147,2026-09-22 03:04:32.887088+00,df918a22-4903-4536-b5c6-126209ec19b5,ac1f09fffe296d29,environment_pressure_pa,101159,,,Pa,measured,environment_pressure_pa
59148,2026-09-22 03:04:32.887088+00,df918a22-4903-4536-b5c6-126209ec19b5,ac1f09fffe296d29,environment_gas_resistance_ohm,50810,,,ohm,measured,environment_gas_resistance_ohm
59149,2026-09-22 03:04:32.887088+00,df918a22-4903-4536-b5c6-126209ec19b5,ac1f09fffe296d29,rain_wet,,,f,boolean,measured,rain_wet
59150,2026-09-22 03:04:32.887088+00,df918a22-4903-4536-b5c6-126209ec19b5,ac1f09fffe296d29,battery_v,,,,V,invalid,battery_v
59151,2026-09-22 03:04:47.896719+00,b9c569de-1498-4a14-a8b5-2ddee4556e65,ac1f09fffe296d29,soil_moisture_percent,4,,,%,measured,soil_moisture_percent
59152,2026-09-22 03:04:47.896719+00,b9c569de-1498-4a14-a8b5-2ddee4556e65,ac1f09fffe296d29,soil_temperature_c,30,,,Cel,measured,soil_temperature_c
59153,2026-09-22 03:04:47.896719+00,b9c569de-1498-4a14-a8b5-2ddee4556e65,ac1f09fffe296d29,uv_index,0,,,1,measured,uv_index
59154,2026-09-22 03:04:47.896719+00,b9c569de-1498-4a14-a8b5-2ddee4556e65,ac1f09fffe296d29,barometer_pressure_pa,101480,,,Pa,measured,barometer_pressure_pa
59155,2026-09-22 03:04:47.896719+00,b9c569de-1498-4a14-a8b5-2ddee4556e65,ac1f09fffe296d29,barometer_temperature_c,25.48,,,Cel,measured,barometer_temperature_c
59156,2026-09-22 03:04:47.896719+00,b9c569de-1498-4a14-a8b5-2ddee4556e65,ac1f09fffe296d29,light_veml7700_lux,180.81,,,lx,measured,light_veml7700_lux
59157,2026-09-22 03:04:47.896719+00,b9c569de-1498-4a14-a8b5-2ddee4556e65,ac1f09fffe296d29,light_opt3001_lux,159.76,,,lx,measured,light_opt3001_lux
59158,2026-09-22 03:04:47.896719+00,b9c569de-1498-4a14-a8b5-2ddee4556e65,ac1f09fffe296d29,environment_temperature_c,28.67,,,Cel,measured,environment_temperature_c
59159,2026-09-22 03:04:47.896719+00,b9c569de-1498-4a14-a8b5-2ddee4556e65,ac1f09fffe296d29,environment_humidity_percent,51.36,,,%,measured,environment_humidity_percent
59160,2026-09-22 03:04:47.896719+00,b9c569de-1498-4a14-a8b5-2ddee4556e65,ac1f09fffe296d29,environment_pressure_pa,101159,,,Pa,measured,environment_pressure_pa
59161,2026-09-22 03:04:47.896719+00,b9c569de-1498-4a14-a8b5-2ddee4556e65,ac1f09fffe296d29,environment_gas_resistance_ohm,50595,,,ohm,measured,environment_gas_resistance_ohm
59162,2026-09-22 03:04:47.896719+00,b9c569de-1498-4a14-a8b5-2ddee4556e65,ac1f09fffe296d29,rain_wet,,,f,boolean,measured,rain_wet
59163,2026-09-22 03:04:47.896719+00,b9c569de-1498-4a14-a8b5-2ddee4556e65,ac1f09fffe296d29,battery_v,,,,V,invalid,battery_v
59164,2026-09-22 03:05:03.152002+00,06f06198-5abe-4097-943d-25df2576b24d,ac1f09fffe296d29,soil_moisture_percent,4,,,%,measured,soil_moisture_percent
59165,2026-09-22 03:05:03.152002+00,06f06198-5abe-4097-943d-25df2576b24d,ac1f09fffe296d29,soil_temperature_c,30,,,Cel,measured,soil_temperature_c
59166,2026-09-22 03:05:03.152002+00,06f06198-5abe-4097-943d-25df2576b24d,ac1f09fffe296d29,uv_index,0,,,1,measured,uv_index
59167,2026-09-22 03:05:03.152002+00,06f06198-5abe-4097-943d-25df2576b24d,ac1f09fffe296d29,barometer_pressure_pa,101476,,,Pa,measured,barometer_pressure_pa
59168,2026-09-22 03:05:03.152002+00,06f06198-5abe-4097-943d-25df2576b24d,ac1f09fffe296d29,barometer_temperature_c,25.47,,,Cel,measured,barometer_temperature_c
59169,2026-09-22 03:05:03.152002+00,06f06198-5abe-4097-943d-25df2576b24d,ac1f09fffe296d29,light_veml7700_lux,181.35,,,lx,measured,light_veml7700_lux
59170,2026-09-22 03:05:03.152002+00,06f06198-5abe-4097-943d-25df2576b24d,ac1f09fffe296d29,light_opt3001_lux,161.32,,,lx,measured,light_opt3001_lux
59171,2026-09-22 03:05:03.152002+00,06f06198-5abe-4097-943d-25df2576b24d,ac1f09fffe296d29,environment_temperature_c,28.65,,,Cel,measured,environment_temperature_c
59172,2026-09-22 03:05:03.152002+00,06f06198-5abe-4097-943d-25df2576b24d,ac1f09fffe296d29,environment_humidity_percent,50.83,,,%,measured,environment_humidity_percent
59173,2026-09-22 03:05:03.152002+00,06f06198-5abe-4097-943d-25df2576b24d,ac1f09fffe296d29,environment_pressure_pa,101158,,,Pa,measured,environment_pressure_pa
59174,2026-09-22 03:05:03.152002+00,06f06198-5abe-4097-943d-25df2576b24d,ac1f09fffe296d29,environment_gas_resistance_ohm,50934,,,ohm,measured,environment_gas_resistance_ohm
59175,2026-09-22 03:05:03.152002+00,06f06198-5abe-4097-943d-25df2576b24d,ac1f09fffe296d29,rain_wet,,,f,boolean,measured,rain_wet
59176,2026-09-22 03:05:03.152002+00,06f06198-5abe-4097-943d-25df2576b24d,ac1f09fffe296d29,battery_v,,,,V,invalid,battery_v
59177,2026-09-22 03:05:17.86913+00,8059ff13-aa86-4b9f-992d-825a5fefe237,ac1f09fffe296d29,soil_moisture_percent,4,,,%,measured,soil_moisture_percent
59178,2026-09-22 03:05:17.86913+00,8059ff13-aa86-4b9f-992d-825a5fefe237,ac1f09fffe296d29,soil_temperature_c,30,,,Cel,measured,soil_temperature_c
59179,2026-09-22 03:05:17.86913+00,8059ff13-aa86-4b9f-992d-825a5fefe237,ac1f09fffe296d29,uv_index,0,,,1,measured,uv_index
59180,2026-09-22 03:05:17.86913+00,8059ff13-aa86-4b9f-992d-825a5fefe237,ac1f09fffe296d29,barometer_pressure_pa,101479,,,Pa,measured,barometer_pressure_pa
59181,2026-09-22 03:05:17.86913+00,8059ff13-aa86-4b9f-992d-825a5fefe237,ac1f09fffe296d29,barometer_temperature_c,25.46,,,Cel,measured,barometer_temperature_c
59182,2026-09-22 03:05:17.86913+00,8059ff13-aa86-4b9f-992d-825a5fefe237,ac1f09fffe296d29,light_veml7700_lux,181.45,,,lx,measured,light_veml7700_lux
59183,2026-09-22 03:05:17.86913+00,8059ff13-aa86-4b9f-992d-825a5fefe237,ac1f09fffe296d29,light_opt3001_lux,160.4,,,lx,measured,light_opt3001_lux
59184,2026-09-22 03:05:17.86913+00,8059ff13-aa86-4b9f-992d-825a5fefe237,ac1f09fffe296d29,environment_temperature_c,28.65,,,Cel,measured,environment_temperature_c
59185,2026-09-22 03:05:17.86913+00,8059ff13-aa86-4b9f-992d-825a5fefe237,ac1f09fffe296d29,environment_humidity_percent,51.41,,,%,measured,environment_humidity_percent
59186,2026-09-22 03:05:17.86913+00,8059ff13-aa86-4b9f-992d-825a5fefe237,ac1f09fffe296d29,environment_pressure_pa,101158,,,Pa,measured,environment_pressure_pa
59187,2026-09-22 03:05:17.86913+00,8059ff13-aa86-4b9f-992d-825a5fefe237,ac1f09fffe296d29,environment_gas_resistance_ohm,50779,,,ohm,measured,environment_gas_resistance_ohm
59188,2026-09-22 03:05:17.86913+00,8059ff13-aa86-4b9f-992d-825a5fefe237,ac1f09fffe296d29,rain_wet,,,f,boolean,measured,rain_wet
59189,2026-09-22 03:05:17.86913+00,8059ff13-aa86-4b9f-992d-825a5fefe237,ac1f09fffe296d29,battery_v,,,,V,invalid,battery_v
59190,2026-09-22 03:05:32.960293+00,cbc85247-c2b9-4660-ae97-823b5f3b5af5,ac1f09fffe296d29,soil_moisture_percent,4,,,%,measured,soil_moisture_percent
59191,2026-09-22 03:05:32.960293+00,cbc85247-c2b9-4660-ae97-823b5f3b5af5,ac1f09fffe296d29,soil_temperature_c,30,,,Cel,measured,soil_temperature_c
59192,2026-09-22 03:05:32.960293+00,cbc85247-c2b9-4660-ae97-823b5f3b5af5,ac1f09fffe296d29,uv_index,0,,,1,measured,uv_index
59193,2026-09-22 03:05:32.960293+00,cbc85247-c2b9-4660-ae97-823b5f3b5af5,ac1f09fffe296d29,barometer_pressure_pa,101477,,,Pa,measured,barometer_pressure_pa
59194,2026-09-22 03:05:32.960293+00,cbc85247-c2b9-4660-ae97-823b5f3b5af5,ac1f09fffe296d29,barometer_temperature_c,25.46,,,Cel,measured,barometer_temperature_c
59195,2026-09-22 03:05:32.960293+00,cbc85247-c2b9-4660-ae97-823b5f3b5af5,ac1f09fffe296d29,light_veml7700_lux,181,,,lx,measured,light_veml7700_lux
59196,2026-09-22 03:05:32.960293+00,cbc85247-c2b9-4660-ae97-823b5f3b5af5,ac1f09fffe296d29,light_opt3001_lux,160.68,,,lx,measured,light_opt3001_lux
59197,2026-09-22 03:05:32.960293+00,cbc85247-c2b9-4660-ae97-823b5f3b5af5,ac1f09fffe296d29,environment_temperature_c,28.66,,,Cel,measured,environment_temperature_c
59198,2026-09-22 03:05:32.960293+00,cbc85247-c2b9-4660-ae97-823b5f3b5af5,ac1f09fffe296d29,environment_humidity_percent,51.41,,,%,measured,environment_humidity_percent
59199,2026-09-22 03:05:32.960293+00,cbc85247-c2b9-4660-ae97-823b5f3b5af5,ac1f09fffe296d29,environment_pressure_pa,101157,,,Pa,measured,environment_pressure_pa
59200,2026-09-22 03:05:32.960293+00,cbc85247-c2b9-4660-ae97-823b5f3b5af5,ac1f09fffe296d29,environment_gas_resistance_ohm,50687,,,ohm,measured,environment_gas_resistance_ohm
59201,2026-09-22 03:05:32.960293+00,cbc85247-c2b9-4660-ae97-823b5f3b5af5,ac1f09fffe296d29,rain_wet,,,f,boolean,measured,rain_wet
59202,2026-09-22 03:05:32.960293+00,cbc85247-c2b9-4660-ae97-823b5f3b5af5,ac1f09fffe296d29,battery_v,,,,V,invalid,battery_v
59203,2026-09-22 03:05:47.935467+00,382739f1-bb83-4350-a264-74de2346e041,ac1f09fffe296d29,soil_moisture_percent,6,,,%,measured,soil_moisture_percent
59204,2026-09-22 03:05:47.935467+00,382739f1-bb83-4350-a264-74de2346e041,ac1f09fffe296d29,soil_temperature_c,30.1,,,Cel,measured,soil_temperature_c
59205,2026-09-22 03:05:47.935467+00,382739f1-bb83-4350-a264-74de2346e041,ac1f09fffe296d29,uv_index,0,,,1,measured,uv_index
59206,2026-09-22 03:05:47.935467+00,382739f1-bb83-4350-a264-74de2346e041,ac1f09fffe296d29,barometer_pressure_pa,101475,,,Pa,measured,barometer_pressure_pa
59207,2026-09-22 03:05:47.935467+00,382739f1-bb83-4350-a264-74de2346e041,ac1f09fffe296d29,barometer_temperature_c,25.47,,,Cel,measured,barometer_temperature_c
59208,2026-09-22 03:05:47.935467+00,382739f1-bb83-4350-a264-74de2346e041,ac1f09fffe296d29,light_veml7700_lux,181.76,,,lx,measured,light_veml7700_lux
59209,2026-09-22 03:05:47.935467+00,382739f1-bb83-4350-a264-74de2346e041,ac1f09fffe296d29,light_opt3001_lux,160.72,,,lx,measured,light_opt3001_lux
59210,2026-09-22 03:05:47.935467+00,382739f1-bb83-4350-a264-74de2346e041,ac1f09fffe296d29,environment_temperature_c,28.69,,,Cel,measured,environment_temperature_c
59211,2026-09-22 03:05:47.935467+00,382739f1-bb83-4350-a264-74de2346e041,ac1f09fffe296d29,environment_humidity_percent,51.43,,,%,measured,environment_humidity_percent
59212,2026-09-22 03:05:47.935467+00,382739f1-bb83-4350-a264-74de2346e041,ac1f09fffe296d29,environment_pressure_pa,101157,,,Pa,measured,environment_pressure_pa
59213,2026-09-22 03:05:47.935467+00,382739f1-bb83-4350-a264-74de2346e041,ac1f09fffe296d29,environment_gas_resistance_ohm,50626,,,ohm,measured,environment_gas_resistance_ohm
59214,2026-09-22 03:05:47.935467+00,382739f1-bb83-4350-a264-74de2346e041,ac1f09fffe296d29,rain_wet,,,f,boolean,measured,rain_wet
59215,2026-09-22 03:05:47.935467+00,382739f1-bb83-4350-a264-74de2346e041,ac1f09fffe296d29,battery_v,,,,V,invalid,battery_v
59216,2026-09-22 03:06:03.120116+00,28326d60-1ec1-436d-9306-de3d6be5ebac,ac1f09fffe296d29,soil_moisture_percent,4,,,%,measured,soil_moisture_percent
59217,2026-09-22 03:06:03.120116+00,28326d60-1ec1-436d-9306-de3d6be5ebac,ac1f09fffe296d29,soil_temperature_c,30.1,,,Cel,measured,soil_temperature_c
59218,2026-09-22 03:06:03.120116+00,28326d60-1ec1-436d-9306-de3d6be5ebac,ac1f09fffe296d29,uv_index,0,,,1,measured,uv_index
59219,2026-09-22 03:06:03.120116+00,28326d60-1ec1-436d-9306-de3d6be5ebac,ac1f09fffe296d29,barometer_pressure_pa,101474,,,Pa,measured,barometer_pressure_pa
59220,2026-09-22 03:06:03.120116+00,28326d60-1ec1-436d-9306-de3d6be5ebac,ac1f09fffe296d29,barometer_temperature_c,25.47,,,Cel,measured,barometer_temperature_c
59221,2026-09-22 03:06:03.120116+00,28326d60-1ec1-436d-9306-de3d6be5ebac,ac1f09fffe296d29,light_veml7700_lux,176.21,,,lx,measured,light_veml7700_lux
59222,2026-09-22 03:06:03.120116+00,28326d60-1ec1-436d-9306-de3d6be5ebac,ac1f09fffe296d29,light_opt3001_lux,155.88,,,lx,measured,light_opt3001_lux
59223,2026-09-22 03:06:03.120116+00,28326d60-1ec1-436d-9306-de3d6be5ebac,ac1f09fffe296d29,environment_temperature_c,28.71,,,Cel,measured,environment_temperature_c
59224,2026-09-22 03:06:03.120116+00,28326d60-1ec1-436d-9306-de3d6be5ebac,ac1f09fffe296d29,environment_humidity_percent,51.28,,,%,measured,environment_humidity_percent
59225,2026-09-22 03:06:03.120116+00,28326d60-1ec1-436d-9306-de3d6be5ebac,ac1f09fffe296d29,environment_pressure_pa,101158,,,Pa,measured,environment_pressure_pa
59226,2026-09-22 03:06:03.120116+00,28326d60-1ec1-436d-9306-de3d6be5ebac,ac1f09fffe296d29,environment_gas_resistance_ohm,50656,,,ohm,measured,environment_gas_resistance_ohm
59227,2026-09-22 03:06:03.120116+00,28326d60-1ec1-436d-9306-de3d6be5ebac,ac1f09fffe296d29,rain_wet,,,f,boolean,measured,rain_wet
59228,2026-09-22 03:06:03.120116+00,28326d60-1ec1-436d-9306-de3d6be5ebac,ac1f09fffe296d29,battery_v,,,,V,invalid,battery_v
59229,2026-09-22 03:06:17.962545+00,03599ae7-aa68-4a19-901f-ce50cba68038,ac1f09fffe296d29,soil_moisture_percent,5,,,%,measured,soil_moisture_percent
59230,2026-09-22 03:06:17.962545+00,03599ae7-aa68-4a19-901f-ce50cba68038,ac1f09fffe296d29,soil_temperature_c,30.1,,,Cel,measured,soil_temperature_c
59231,2026-09-22 03:06:17.962545+00,03599ae7-aa68-4a19-901f-ce50cba68038,ac1f09fffe296d29,uv_index,0,,,1,measured,uv_index
59232,2026-09-22 03:06:17.962545+00,03599ae7-aa68-4a19-901f-ce50cba68038,ac1f09fffe296d29,barometer_pressure_pa,101477,,,Pa,measured,barometer_pressure_pa
59233,2026-09-22 03:06:17.962545+00,03599ae7-aa68-4a19-901f-ce50cba68038,ac1f09fffe296d29,barometer_temperature_c,25.49,,,Cel,measured,barometer_temperature_c
59234,2026-09-22 03:06:17.962545+00,03599ae7-aa68-4a19-901f-ce50cba68038,ac1f09fffe296d29,light_veml7700_lux,181.12,,,lx,measured,light_veml7700_lux
59235,2026-09-22 03:06:17.962545+00,03599ae7-aa68-4a19-901f-ce50cba68038,ac1f09fffe296d29,light_opt3001_lux,160.08,,,lx,measured,light_opt3001_lux
59236,2026-09-22 03:06:17.962545+00,03599ae7-aa68-4a19-901f-ce50cba68038,ac1f09fffe296d29,environment_temperature_c,28.74,,,Cel,measured,environment_temperature_c
59237,2026-09-22 03:06:17.962545+00,03599ae7-aa68-4a19-901f-ce50cba68038,ac1f09fffe296d29,environment_humidity_percent,50.9,,,%,measured,environment_humidity_percent
59238,2026-09-22 03:06:17.962545+00,03599ae7-aa68-4a19-901f-ce50cba68038,ac1f09fffe296d29,environment_pressure_pa,101158,,,Pa,measured,environment_pressure_pa
59239,2026-09-22 03:06:17.962545+00,03599ae7-aa68-4a19-901f-ce50cba68038,ac1f09fffe296d29,environment_gas_resistance_ohm,50412,,,ohm,measured,environment_gas_resistance_ohm
59240,2026-09-22 03:06:17.962545+00,03599ae7-aa68-4a19-901f-ce50cba68038,ac1f09fffe296d29,rain_wet,,,f,boolean,measured,rain_wet
59241,2026-09-22 03:06:17.962545+00,03599ae7-aa68-4a19-901f-ce50cba68038,ac1f09fffe296d29,battery_v,,,,V,invalid,battery_v
59242,2026-09-22 03:06:32.828845+00,a48dd455-c3f3-4925-a33d-66ca0c2b25bf,ac1f09fffe296d29,soil_moisture_percent,4,,,%,measured,soil_moisture_percent
59243,2026-09-22 03:06:32.828845+00,a48dd455-c3f3-4925-a33d-66ca0c2b25bf,ac1f09fffe296d29,soil_temperature_c,30.1,,,Cel,measured,soil_temperature_c
59244,2026-09-22 03:06:32.828845+00,a48dd455-c3f3-4925-a33d-66ca0c2b25bf,ac1f09fffe296d29,uv_index,0,,,1,measured,uv_index
59245,2026-09-22 03:06:32.828845+00,a48dd455-c3f3-4925-a33d-66ca0c2b25bf,ac1f09fffe296d29,barometer_pressure_pa,101474,,,Pa,measured,barometer_pressure_pa
59246,2026-09-22 03:06:32.828845+00,a48dd455-c3f3-4925-a33d-66ca0c2b25bf,ac1f09fffe296d29,barometer_temperature_c,25.49,,,Cel,measured,barometer_temperature_c
59247,2026-09-22 03:06:32.828845+00,a48dd455-c3f3-4925-a33d-66ca0c2b25bf,ac1f09fffe296d29,light_veml7700_lux,181.3,,,lx,measured,light_veml7700_lux
59248,2026-09-22 03:06:32.828845+00,a48dd455-c3f3-4925-a33d-66ca0c2b25bf,ac1f09fffe296d29,light_opt3001_lux,160.08,,,lx,measured,light_opt3001_lux
59249,2026-09-22 03:06:32.828845+00,a48dd455-c3f3-4925-a33d-66ca0c2b25bf,ac1f09fffe296d29,environment_temperature_c,28.75,,,Cel,measured,environment_temperature_c
59250,2026-09-22 03:06:32.828845+00,a48dd455-c3f3-4925-a33d-66ca0c2b25bf,ac1f09fffe296d29,environment_humidity_percent,51.29,,,%,measured,environment_humidity_percent
59251,2026-09-22 03:06:32.828845+00,a48dd455-c3f3-4925-a33d-66ca0c2b25bf,ac1f09fffe296d29,environment_pressure_pa,101157,,,Pa,measured,environment_pressure_pa
59252,2026-09-22 03:06:32.828845+00,a48dd455-c3f3-4925-a33d-66ca0c2b25bf,ac1f09fffe296d29,environment_gas_resistance_ohm,50412,,,ohm,measured,environment_gas_resistance_ohm
59253,2026-09-22 03:06:32.828845+00,a48dd455-c3f3-4925-a33d-66ca0c2b25bf,ac1f09fffe296d29,rain_wet,,,f,boolean,measured,rain_wet
59254,2026-09-22 03:06:32.828845+00,a48dd455-c3f3-4925-a33d-66ca0c2b25bf,ac1f09fffe296d29,battery_v,,,,V,invalid,battery_v
59255,2026-09-22 03:06:48.114063+00,a2fe33ff-1b4b-4462-9b63-ff375c859f99,ac1f09fffe296d29,soil_moisture_percent,5,,,%,measured,soil_moisture_percent
59256,2026-09-22 03:06:48.114063+00,a2fe33ff-1b4b-4462-9b63-ff375c859f99,ac1f09fffe296d29,soil_temperature_c,30.1,,,Cel,measured,soil_temperature_c
59257,2026-09-22 03:06:48.114063+00,a2fe33ff-1b4b-4462-9b63-ff375c859f99,ac1f09fffe296d29,uv_index,0,,,1,measured,uv_index
59258,2026-09-22 03:06:48.114063+00,a2fe33ff-1b4b-4462-9b63-ff375c859f99,ac1f09fffe296d29,barometer_pressure_pa,101471,,,Pa,measured,barometer_pressure_pa
59259,2026-09-22 03:06:48.114063+00,a2fe33ff-1b4b-4462-9b63-ff375c859f99,ac1f09fffe296d29,barometer_temperature_c,25.49,,,Cel,measured,barometer_temperature_c
59260,2026-09-22 03:06:48.114063+00,a2fe33ff-1b4b-4462-9b63-ff375c859f99,ac1f09fffe296d29,light_veml7700_lux,170.14,,,lx,measured,light_veml7700_lux
59261,2026-09-22 03:06:48.114063+00,a2fe33ff-1b4b-4462-9b63-ff375c859f99,ac1f09fffe296d29,light_opt3001_lux,158.76,,,lx,measured,light_opt3001_lux
59262,2026-09-22 03:06:48.114063+00,a2fe33ff-1b4b-4462-9b63-ff375c859f99,ac1f09fffe296d29,environment_temperature_c,28.75,,,Cel,measured,environment_temperature_c
59263,2026-09-22 03:06:48.114063+00,a2fe33ff-1b4b-4462-9b63-ff375c859f99,ac1f09fffe296d29,environment_humidity_percent,51.43,,,%,measured,environment_humidity_percent
59264,2026-09-22 03:06:48.114063+00,a2fe33ff-1b4b-4462-9b63-ff375c859f99,ac1f09fffe296d29,environment_pressure_pa,101156,,,Pa,measured,environment_pressure_pa
59265,2026-09-22 03:06:48.114063+00,a2fe33ff-1b4b-4462-9b63-ff375c859f99,ac1f09fffe296d29,environment_gas_resistance_ohm,50412,,,ohm,measured,environment_gas_resistance_ohm
59266,2026-09-22 03:06:48.114063+00,a2fe33ff-1b4b-4462-9b63-ff375c859f99,ac1f09fffe296d29,rain_wet,,,f,boolean,measured,rain_wet
59267,2026-09-22 03:06:48.114063+00,a2fe33ff-1b4b-4462-9b63-ff375c859f99,ac1f09fffe296d29,battery_v,,,,V,invalid,battery_v
59268,2026-09-22 03:07:03.341684+00,3bb81886-af21-4be3-9c7d-832142afe3ea,ac1f09fffe296d29,soil_moisture_percent,3,,,%,measured,soil_moisture_percent
59269,2026-09-22 03:07:03.341684+00,3bb81886-af21-4be3-9c7d-832142afe3ea,ac1f09fffe296d29,soil_temperature_c,30.1,,,Cel,measured,soil_temperature_c
59270,2026-09-22 03:07:03.341684+00,3bb81886-af21-4be3-9c7d-832142afe3ea,ac1f09fffe296d29,uv_index,0,,,1,measured,uv_index
59271,2026-09-22 03:07:03.341684+00,3bb81886-af21-4be3-9c7d-832142afe3ea,ac1f09fffe296d29,barometer_pressure_pa,101472,,,Pa,measured,barometer_pressure_pa
59272,2026-09-22 03:07:03.341684+00,3bb81886-af21-4be3-9c7d-832142afe3ea,ac1f09fffe296d29,barometer_temperature_c,25.48,,,Cel,measured,barometer_temperature_c
59273,2026-09-22 03:07:03.341684+00,3bb81886-af21-4be3-9c7d-832142afe3ea,ac1f09fffe296d29,light_veml7700_lux,176.74,,,lx,measured,light_veml7700_lux
59274,2026-09-22 03:07:03.341684+00,3bb81886-af21-4be3-9c7d-832142afe3ea,ac1f09fffe296d29,light_opt3001_lux,150.08,,,lx,measured,light_opt3001_lux
59275,2026-09-22 03:07:03.341684+00,3bb81886-af21-4be3-9c7d-832142afe3ea,ac1f09fffe296d29,environment_temperature_c,28.76,,,Cel,measured,environment_temperature_c
59276,2026-09-22 03:07:03.341684+00,3bb81886-af21-4be3-9c7d-832142afe3ea,ac1f09fffe296d29,environment_humidity_percent,51.24,,,%,measured,environment_humidity_percent
59277,2026-09-22 03:07:03.341684+00,3bb81886-af21-4be3-9c7d-832142afe3ea,ac1f09fffe296d29,environment_pressure_pa,101155,,,Pa,measured,environment_pressure_pa
59278,2026-09-22 03:07:03.341684+00,3bb81886-af21-4be3-9c7d-832142afe3ea,ac1f09fffe296d29,environment_gas_resistance_ohm,50443,,,ohm,measured,environment_gas_resistance_ohm
59279,2026-09-22 03:07:03.341684+00,3bb81886-af21-4be3-9c7d-832142afe3ea,ac1f09fffe296d29,rain_wet,,,f,boolean,measured,rain_wet
59280,2026-09-22 03:07:03.341684+00,3bb81886-af21-4be3-9c7d-832142afe3ea,ac1f09fffe296d29,battery_v,,,,V,invalid,battery_v
59281,2026-09-22 03:07:17.932005+00,c42315e5-cd03-4837-8d1a-38dbe8c25218,ac1f09fffe296d29,soil_moisture_percent,5,,,%,measured,soil_moisture_percent
59282,2026-09-22 03:07:17.932005+00,c42315e5-cd03-4837-8d1a-38dbe8c25218,ac1f09fffe296d29,soil_temperature_c,30.1,,,Cel,measured,soil_temperature_c
59283,2026-09-22 03:07:17.932005+00,c42315e5-cd03-4837-8d1a-38dbe8c25218,ac1f09fffe296d29,uv_index,0,,,1,measured,uv_index
59284,2026-09-22 03:07:17.932005+00,c42315e5-cd03-4837-8d1a-38dbe8c25218,ac1f09fffe296d29,barometer_pressure_pa,101475,,,Pa,measured,barometer_pressure_pa
59285,2026-09-22 03:07:17.932005+00,c42315e5-cd03-4837-8d1a-38dbe8c25218,ac1f09fffe296d29,barometer_temperature_c,25.5,,,Cel,measured,barometer_temperature_c
59286,2026-09-22 03:07:17.932005+00,c42315e5-cd03-4837-8d1a-38dbe8c25218,ac1f09fffe296d29,light_veml7700_lux,183.18,,,lx,measured,light_veml7700_lux
59287,2026-09-22 03:07:17.932005+00,c42315e5-cd03-4837-8d1a-38dbe8c25218,ac1f09fffe296d29,light_opt3001_lux,161.68,,,lx,measured,light_opt3001_lux
59288,2026-09-22 03:07:17.932005+00,c42315e5-cd03-4837-8d1a-38dbe8c25218,ac1f09fffe296d29,environment_temperature_c,28.77,,,Cel,measured,environment_temperature_c
59289,2026-09-22 03:07:17.932005+00,c42315e5-cd03-4837-8d1a-38dbe8c25218,ac1f09fffe296d29,environment_humidity_percent,51.28,,,%,measured,environment_humidity_percent
59290,2026-09-22 03:07:17.932005+00,c42315e5-cd03-4837-8d1a-38dbe8c25218,ac1f09fffe296d29,environment_pressure_pa,101155,,,Pa,measured,environment_pressure_pa
59291,2026-09-22 03:07:17.932005+00,c42315e5-cd03-4837-8d1a-38dbe8c25218,ac1f09fffe296d29,environment_gas_resistance_ohm,50443,,,ohm,measured,environment_gas_resistance_ohm
59292,2026-09-22 03:07:17.932005+00,c42315e5-cd03-4837-8d1a-38dbe8c25218,ac1f09fffe296d29,rain_wet,,,f,boolean,measured,rain_wet
59293,2026-09-22 03:07:17.932005+00,c42315e5-cd03-4837-8d1a-38dbe8c25218,ac1f09fffe296d29,battery_v,,,,V,invalid,battery_v
59294,2026-09-22 03:07:33.185198+00,950e27d6-ed9d-4b57-a33b-5307899a4744,ac1f09fffe296d29,soil_moisture_percent,4,,,%,measured,soil_moisture_percent
59295,2026-09-22 03:07:33.185198+00,950e27d6-ed9d-4b57-a33b-5307899a4744,ac1f09fffe296d29,soil_temperature_c,30.1,,,Cel,measured,soil_temperature_c
59296,2026-09-22 03:07:33.185198+00,950e27d6-ed9d-4b57-a33b-5307899a4744,ac1f09fffe296d29,uv_index,0,,,1,measured,uv_index
59297,2026-09-22 03:07:33.185198+00,950e27d6-ed9d-4b57-a33b-5307899a4744,ac1f09fffe296d29,barometer_pressure_pa,101475,,,Pa,measured,barometer_pressure_pa
59298,2026-09-22 03:07:33.185198+00,950e27d6-ed9d-4b57-a33b-5307899a4744,ac1f09fffe296d29,barometer_temperature_c,25.51,,,Cel,measured,barometer_temperature_c
59299,2026-09-22 03:07:33.185198+00,950e27d6-ed9d-4b57-a33b-5307899a4744,ac1f09fffe296d29,light_veml7700_lux,183.3,,,lx,measured,light_veml7700_lux
59300,2026-09-22 03:07:33.185198+00,950e27d6-ed9d-4b57-a33b-5307899a4744,ac1f09fffe296d29,light_opt3001_lux,162.92,,,lx,measured,light_opt3001_lux
59301,2026-09-22 03:07:33.185198+00,950e27d6-ed9d-4b57-a33b-5307899a4744,ac1f09fffe296d29,environment_temperature_c,28.77,,,Cel,measured,environment_temperature_c
59302,2026-09-22 03:07:33.185198+00,950e27d6-ed9d-4b57-a33b-5307899a4744,ac1f09fffe296d29,environment_humidity_percent,51.36,,,%,measured,environment_humidity_percent
59303,2026-09-22 03:07:33.185198+00,950e27d6-ed9d-4b57-a33b-5307899a4744,ac1f09fffe296d29,environment_pressure_pa,101154,,,Pa,measured,environment_pressure_pa
59304,2026-09-22 03:07:33.185198+00,950e27d6-ed9d-4b57-a33b-5307899a4744,ac1f09fffe296d29,environment_gas_resistance_ohm,50201,,,ohm,measured,environment_gas_resistance_ohm
59305,2026-09-22 03:07:33.185198+00,950e27d6-ed9d-4b57-a33b-5307899a4744,ac1f09fffe296d29,rain_wet,,,f,boolean,measured,rain_wet
59306,2026-09-22 03:07:33.185198+00,950e27d6-ed9d-4b57-a33b-5307899a4744,ac1f09fffe296d29,battery_v,,,,V,invalid,battery_v
59307,2026-09-22 03:07:48.017642+00,d15015c2-d4f4-4e79-93d5-3e9c19472e72,ac1f09fffe296d29,soil_moisture_percent,3,,,%,measured,soil_moisture_percent
59308,2026-09-22 03:07:48.017642+00,d15015c2-d4f4-4e79-93d5-3e9c19472e72,ac1f09fffe296d29,soil_temperature_c,30.1,,,Cel,measured,soil_temperature_c
59309,2026-09-22 03:07:48.017642+00,d15015c2-d4f4-4e79-93d5-3e9c19472e72,ac1f09fffe296d29,uv_index,0,,,1,measured,uv_index
59310,2026-09-22 03:07:48.017642+00,d15015c2-d4f4-4e79-93d5-3e9c19472e72,ac1f09fffe296d29,barometer_pressure_pa,101471,,,Pa,measured,barometer_pressure_pa
59311,2026-09-22 03:07:48.017642+00,d15015c2-d4f4-4e79-93d5-3e9c19472e72,ac1f09fffe296d29,barometer_temperature_c,25.51,,,Cel,measured,barometer_temperature_c
59312,2026-09-22 03:07:48.017642+00,d15015c2-d4f4-4e79-93d5-3e9c19472e72,ac1f09fffe296d29,light_veml7700_lux,183.32,,,lx,measured,light_veml7700_lux
59313,2026-09-22 03:07:48.017642+00,d15015c2-d4f4-4e79-93d5-3e9c19472e72,ac1f09fffe296d29,light_opt3001_lux,162,,,lx,measured,light_opt3001_lux
59314,2026-09-22 03:07:48.017642+00,d15015c2-d4f4-4e79-93d5-3e9c19472e72,ac1f09fffe296d29,environment_temperature_c,28.78,,,Cel,measured,environment_temperature_c
59315,2026-09-22 03:07:48.017642+00,d15015c2-d4f4-4e79-93d5-3e9c19472e72,ac1f09fffe296d29,environment_humidity_percent,51.36,,,%,measured,environment_humidity_percent
59316,2026-09-22 03:07:48.017642+00,d15015c2-d4f4-4e79-93d5-3e9c19472e72,ac1f09fffe296d29,environment_pressure_pa,101155,,,Pa,measured,environment_pressure_pa
59317,2026-09-22 03:07:48.017642+00,d15015c2-d4f4-4e79-93d5-3e9c19472e72,ac1f09fffe296d29,environment_gas_resistance_ohm,50352,,,ohm,measured,environment_gas_resistance_ohm
59318,2026-09-22 03:07:48.017642+00,d15015c2-d4f4-4e79-93d5-3e9c19472e72,ac1f09fffe296d29,rain_wet,,,f,boolean,measured,rain_wet
59319,2026-09-22 03:07:48.017642+00,d15015c2-d4f4-4e79-93d5-3e9c19472e72,ac1f09fffe296d29,battery_v,,,,V,invalid,battery_v
59320,2026-09-22 03:08:03.107857+00,3a74ef72-7ba6-4100-b3c5-d6651a0876e9,ac1f09fffe296d29,soil_moisture_percent,5,,,%,measured,soil_moisture_percent
59321,2026-09-22 03:08:03.107857+00,3a74ef72-7ba6-4100-b3c5-d6651a0876e9,ac1f09fffe296d29,soil_temperature_c,30.1,,,Cel,measured,soil_temperature_c
59322,2026-09-22 03:08:03.107857+00,3a74ef72-7ba6-4100-b3c5-d6651a0876e9,ac1f09fffe296d29,uv_index,0,,,1,measured,uv_index
59323,2026-09-22 03:08:03.107857+00,3a74ef72-7ba6-4100-b3c5-d6651a0876e9,ac1f09fffe296d29,barometer_pressure_pa,101475,,,Pa,measured,barometer_pressure_pa
59324,2026-09-22 03:08:03.107857+00,3a74ef72-7ba6-4100-b3c5-d6651a0876e9,ac1f09fffe296d29,barometer_temperature_c,25.52,,,Cel,measured,barometer_temperature_c
59325,2026-09-22 03:08:03.107857+00,3a74ef72-7ba6-4100-b3c5-d6651a0876e9,ac1f09fffe296d29,light_veml7700_lux,183.22,,,lx,measured,light_veml7700_lux
59326,2026-09-22 03:08:03.107857+00,3a74ef72-7ba6-4100-b3c5-d6651a0876e9,ac1f09fffe296d29,light_opt3001_lux,162.6,,,lx,measured,light_opt3001_lux
59327,2026-09-22 03:08:03.107857+00,3a74ef72-7ba6-4100-b3c5-d6651a0876e9,ac1f09fffe296d29,environment_temperature_c,28.78,,,Cel,measured,environment_temperature_c
59328,2026-09-22 03:08:03.107857+00,3a74ef72-7ba6-4100-b3c5-d6651a0876e9,ac1f09fffe296d29,environment_humidity_percent,51.13,,,%,measured,environment_humidity_percent
59329,2026-09-22 03:08:03.107857+00,3a74ef72-7ba6-4100-b3c5-d6651a0876e9,ac1f09fffe296d29,environment_pressure_pa,101155,,,Pa,measured,environment_pressure_pa
59330,2026-09-22 03:08:03.107857+00,3a74ef72-7ba6-4100-b3c5-d6651a0876e9,ac1f09fffe296d29,environment_gas_resistance_ohm,50534,,,ohm,measured,environment_gas_resistance_ohm
59331,2026-09-22 03:08:03.107857+00,3a74ef72-7ba6-4100-b3c5-d6651a0876e9,ac1f09fffe296d29,rain_wet,,,f,boolean,measured,rain_wet
59332,2026-09-22 03:08:03.107857+00,3a74ef72-7ba6-4100-b3c5-d6651a0876e9,ac1f09fffe296d29,battery_v,,,,V,invalid,battery_v
59333,2026-09-22 03:08:17.851692+00,d82e4e87-897a-4f52-851b-c3898f15212e,ac1f09fffe296d29,soil_moisture_percent,4,,,%,measured,soil_moisture_percent
59334,2026-09-22 03:08:17.851692+00,d82e4e87-897a-4f52-851b-c3898f15212e,ac1f09fffe296d29,soil_temperature_c,30.1,,,Cel,measured,soil_temperature_c
59335,2026-09-22 03:08:17.851692+00,d82e4e87-897a-4f52-851b-c3898f15212e,ac1f09fffe296d29,uv_index,0,,,1,measured,uv_index
59336,2026-09-22 03:08:17.851692+00,d82e4e87-897a-4f52-851b-c3898f15212e,ac1f09fffe296d29,barometer_pressure_pa,101472,,,Pa,measured,barometer_pressure_pa
59337,2026-09-22 03:08:17.851692+00,d82e4e87-897a-4f52-851b-c3898f15212e,ac1f09fffe296d29,barometer_temperature_c,25.54,,,Cel,measured,barometer_temperature_c
59338,2026-09-22 03:08:17.851692+00,d82e4e87-897a-4f52-851b-c3898f15212e,ac1f09fffe296d29,light_veml7700_lux,183.29,,,lx,measured,light_veml7700_lux
59339,2026-09-22 03:08:17.851692+00,d82e4e87-897a-4f52-851b-c3898f15212e,ac1f09fffe296d29,light_opt3001_lux,162,,,lx,measured,light_opt3001_lux
59340,2026-09-22 03:08:17.851692+00,d82e4e87-897a-4f52-851b-c3898f15212e,ac1f09fffe296d29,environment_temperature_c,28.78,,,Cel,measured,environment_temperature_c
59341,2026-09-22 03:08:17.851692+00,d82e4e87-897a-4f52-851b-c3898f15212e,ac1f09fffe296d29,environment_humidity_percent,51.32,,,%,measured,environment_humidity_percent
59342,2026-09-22 03:08:17.851692+00,d82e4e87-897a-4f52-851b-c3898f15212e,ac1f09fffe296d29,environment_pressure_pa,101155,,,Pa,measured,environment_pressure_pa
59343,2026-09-22 03:08:17.851692+00,d82e4e87-897a-4f52-851b-c3898f15212e,ac1f09fffe296d29,environment_gas_resistance_ohm,50473,,,ohm,measured,environment_gas_resistance_ohm
59344,2026-09-22 03:08:17.851692+00,d82e4e87-897a-4f52-851b-c3898f15212e,ac1f09fffe296d29,rain_wet,,,f,boolean,measured,rain_wet
59345,2026-09-22 03:08:17.851692+00,d82e4e87-897a-4f52-851b-c3898f15212e,ac1f09fffe296d29,battery_v,,,,V,invalid,battery_v
59346,2026-09-22 03:08:33.217529+00,0c445ec6-0f4e-431c-bfb1-5fce5abe6055,ac1f09fffe296d29,soil_moisture_percent,4,,,%,measured,soil_moisture_percent
59347,2026-09-22 03:08:33.217529+00,0c445ec6-0f4e-431c-bfb1-5fce5abe6055,ac1f09fffe296d29,soil_temperature_c,30.2,,,Cel,measured,soil_temperature_c
59348,2026-09-22 03:08:33.217529+00,0c445ec6-0f4e-431c-bfb1-5fce5abe6055,ac1f09fffe296d29,uv_index,0,,,1,measured,uv_index
59349,2026-09-22 03:08:33.217529+00,0c445ec6-0f4e-431c-bfb1-5fce5abe6055,ac1f09fffe296d29,barometer_pressure_pa,101474,,,Pa,measured,barometer_pressure_pa
59350,2026-09-22 03:08:33.217529+00,0c445ec6-0f4e-431c-bfb1-5fce5abe6055,ac1f09fffe296d29,barometer_temperature_c,25.55,,,Cel,measured,barometer_temperature_c
59351,2026-09-22 03:08:33.217529+00,0c445ec6-0f4e-431c-bfb1-5fce5abe6055,ac1f09fffe296d29,light_veml7700_lux,183.28,,,lx,measured,light_veml7700_lux
59352,2026-09-22 03:08:33.217529+00,0c445ec6-0f4e-431c-bfb1-5fce5abe6055,ac1f09fffe296d29,light_opt3001_lux,162,,,lx,measured,light_opt3001_lux
59353,2026-09-22 03:08:33.217529+00,0c445ec6-0f4e-431c-bfb1-5fce5abe6055,ac1f09fffe296d29,environment_temperature_c,28.79,,,Cel,measured,environment_temperature_c
59354,2026-09-22 03:08:33.217529+00,0c445ec6-0f4e-431c-bfb1-5fce5abe6055,ac1f09fffe296d29,environment_humidity_percent,51.35,,,%,measured,environment_humidity_percent
59355,2026-09-22 03:08:33.217529+00,0c445ec6-0f4e-431c-bfb1-5fce5abe6055,ac1f09fffe296d29,environment_pressure_pa,101155,,,Pa,measured,environment_pressure_pa
59356,2026-09-22 03:08:33.217529+00,0c445ec6-0f4e-431c-bfb1-5fce5abe6055,ac1f09fffe296d29,environment_gas_resistance_ohm,50322,,,ohm,measured,environment_gas_resistance_ohm
59357,2026-09-22 03:08:33.217529+00,0c445ec6-0f4e-431c-bfb1-5fce5abe6055,ac1f09fffe296d29,rain_wet,,,f,boolean,measured,rain_wet
59358,2026-09-22 03:08:33.217529+00,0c445ec6-0f4e-431c-bfb1-5fce5abe6055,ac1f09fffe296d29,battery_v,,,,V,invalid,battery_v
59359,2026-09-22 03:08:47.842894+00,dc121d3e-bdbe-48b8-bb5a-b0ea351c826d,ac1f09fffe296d29,soil_moisture_percent,4,,,%,measured,soil_moisture_percent
59360,2026-09-22 03:08:47.842894+00,dc121d3e-bdbe-48b8-bb5a-b0ea351c826d,ac1f09fffe296d29,soil_temperature_c,30.2,,,Cel,measured,soil_temperature_c
59361,2026-09-22 03:08:47.842894+00,dc121d3e-bdbe-48b8-bb5a-b0ea351c826d,ac1f09fffe296d29,uv_index,0,,,1,measured,uv_index
59362,2026-09-22 03:08:47.842894+00,dc121d3e-bdbe-48b8-bb5a-b0ea351c826d,ac1f09fffe296d29,barometer_pressure_pa,101472,,,Pa,measured,barometer_pressure_pa
59363,2026-09-22 03:08:47.842894+00,dc121d3e-bdbe-48b8-bb5a-b0ea351c826d,ac1f09fffe296d29,barometer_temperature_c,25.56,,,Cel,measured,barometer_temperature_c
59364,2026-09-22 03:08:47.842894+00,dc121d3e-bdbe-48b8-bb5a-b0ea351c826d,ac1f09fffe296d29,light_veml7700_lux,179.13,,,lx,measured,light_veml7700_lux
59365,2026-09-22 03:08:47.842894+00,dc121d3e-bdbe-48b8-bb5a-b0ea351c826d,ac1f09fffe296d29,light_opt3001_lux,159.08,,,lx,measured,light_opt3001_lux
59366,2026-09-22 03:08:47.842894+00,dc121d3e-bdbe-48b8-bb5a-b0ea351c826d,ac1f09fffe296d29,environment_temperature_c,28.8,,,Cel,measured,environment_temperature_c
59367,2026-09-22 03:08:47.842894+00,dc121d3e-bdbe-48b8-bb5a-b0ea351c826d,ac1f09fffe296d29,environment_humidity_percent,51.26,,,%,measured,environment_humidity_percent
59368,2026-09-22 03:08:47.842894+00,dc121d3e-bdbe-48b8-bb5a-b0ea351c826d,ac1f09fffe296d29,environment_pressure_pa,101156,,,Pa,measured,environment_pressure_pa
59369,2026-09-22 03:08:47.842894+00,dc121d3e-bdbe-48b8-bb5a-b0ea351c826d,ac1f09fffe296d29,environment_gas_resistance_ohm,50231,,,ohm,measured,environment_gas_resistance_ohm
59370,2026-09-22 03:08:47.842894+00,dc121d3e-bdbe-48b8-bb5a-b0ea351c826d,ac1f09fffe296d29,rain_wet,,,f,boolean,measured,rain_wet
59371,2026-09-22 03:08:47.842894+00,dc121d3e-bdbe-48b8-bb5a-b0ea351c826d,ac1f09fffe296d29,battery_v,,,,V,invalid,battery_v
59372,2026-09-22 03:09:03.339518+00,e4df798b-1be5-401a-9a34-96188c014cff,ac1f09fffe296d29,soil_moisture_percent,4,,,%,measured,soil_moisture_percent
59373,2026-09-22 03:09:03.339518+00,e4df798b-1be5-401a-9a34-96188c014cff,ac1f09fffe296d29,soil_temperature_c,30.2,,,Cel,measured,soil_temperature_c
59374,2026-09-22 03:09:03.339518+00,e4df798b-1be5-401a-9a34-96188c014cff,ac1f09fffe296d29,uv_index,0,,,1,measured,uv_index
59375,2026-09-22 03:09:03.339518+00,e4df798b-1be5-401a-9a34-96188c014cff,ac1f09fffe296d29,barometer_pressure_pa,101471,,,Pa,measured,barometer_pressure_pa
59376,2026-09-22 03:09:03.339518+00,e4df798b-1be5-401a-9a34-96188c014cff,ac1f09fffe296d29,barometer_temperature_c,25.58,,,Cel,measured,barometer_temperature_c
59377,2026-09-22 03:09:03.339518+00,e4df798b-1be5-401a-9a34-96188c014cff,ac1f09fffe296d29,light_veml7700_lux,183.14,,,lx,measured,light_veml7700_lux
59378,2026-09-22 03:09:03.339518+00,e4df798b-1be5-401a-9a34-96188c014cff,ac1f09fffe296d29,light_opt3001_lux,161.68,,,lx,measured,light_opt3001_lux
59379,2026-09-22 03:09:03.339518+00,e4df798b-1be5-401a-9a34-96188c014cff,ac1f09fffe296d29,environment_temperature_c,28.82,,,Cel,measured,environment_temperature_c
59380,2026-09-22 03:09:03.339518+00,e4df798b-1be5-401a-9a34-96188c014cff,ac1f09fffe296d29,environment_humidity_percent,51.1,,,%,measured,environment_humidity_percent
59381,2026-09-22 03:09:03.339518+00,e4df798b-1be5-401a-9a34-96188c014cff,ac1f09fffe296d29,environment_pressure_pa,101155,,,Pa,measured,environment_pressure_pa
59382,2026-09-22 03:09:03.339518+00,e4df798b-1be5-401a-9a34-96188c014cff,ac1f09fffe296d29,environment_gas_resistance_ohm,50081,,,ohm,measured,environment_gas_resistance_ohm
59383,2026-09-22 03:09:03.339518+00,e4df798b-1be5-401a-9a34-96188c014cff,ac1f09fffe296d29,rain_wet,,,f,boolean,measured,rain_wet
59384,2026-09-22 03:09:03.339518+00,e4df798b-1be5-401a-9a34-96188c014cff,ac1f09fffe296d29,battery_v,,,,V,invalid,battery_v
59385,2026-09-22 03:09:17.893217+00,b7206de8-d39d-4eed-873d-848f23f93b81,ac1f09fffe296d29,soil_moisture_percent,4,,,%,measured,soil_moisture_percent
59386,2026-09-22 03:09:17.893217+00,b7206de8-d39d-4eed-873d-848f23f93b81,ac1f09fffe296d29,soil_temperature_c,30.2,,,Cel,measured,soil_temperature_c
59387,2026-09-22 03:09:17.893217+00,b7206de8-d39d-4eed-873d-848f23f93b81,ac1f09fffe296d29,uv_index,0,,,1,measured,uv_index
59388,2026-09-22 03:09:17.893217+00,b7206de8-d39d-4eed-873d-848f23f93b81,ac1f09fffe296d29,barometer_pressure_pa,101472,,,Pa,measured,barometer_pressure_pa
59389,2026-09-22 03:09:17.893217+00,b7206de8-d39d-4eed-873d-848f23f93b81,ac1f09fffe296d29,barometer_temperature_c,25.59,,,Cel,measured,barometer_temperature_c
59390,2026-09-22 03:09:17.893217+00,b7206de8-d39d-4eed-873d-848f23f93b81,ac1f09fffe296d29,light_veml7700_lux,183.22,,,lx,measured,light_veml7700_lux
59391,2026-09-22 03:09:17.893217+00,b7206de8-d39d-4eed-873d-848f23f93b81,ac1f09fffe296d29,light_opt3001_lux,162,,,lx,measured,light_opt3001_lux
59392,2026-09-22 03:09:17.893217+00,b7206de8-d39d-4eed-873d-848f23f93b81,ac1f09fffe296d29,environment_temperature_c,28.84,,,Cel,measured,environment_temperature_c
59393,2026-09-22 03:09:17.893217+00,b7206de8-d39d-4eed-873d-848f23f93b81,ac1f09fffe296d29,environment_humidity_percent,51.15,,,%,measured,environment_humidity_percent
59394,2026-09-22 03:09:17.893217+00,b7206de8-d39d-4eed-873d-848f23f93b81,ac1f09fffe296d29,environment_pressure_pa,101155,,,Pa,measured,environment_pressure_pa
59395,2026-09-22 03:09:17.893217+00,b7206de8-d39d-4eed-873d-848f23f93b81,ac1f09fffe296d29,environment_gas_resistance_ohm,50141,,,ohm,measured,environment_gas_resistance_ohm
59396,2026-09-22 03:09:17.893217+00,b7206de8-d39d-4eed-873d-848f23f93b81,ac1f09fffe296d29,rain_wet,,,f,boolean,measured,rain_wet
59397,2026-09-22 03:09:17.893217+00,b7206de8-d39d-4eed-873d-848f23f93b81,ac1f09fffe296d29,battery_v,,,,V,invalid,battery_v
59398,2026-09-22 03:09:33.187586+00,183c611b-d7ae-417e-a4cd-b3b8505c76f4,ac1f09fffe296d29,soil_moisture_percent,3,,,%,measured,soil_moisture_percent
59399,2026-09-22 03:09:33.187586+00,183c611b-d7ae-417e-a4cd-b3b8505c76f4,ac1f09fffe296d29,soil_temperature_c,30.2,,,Cel,measured,soil_temperature_c
59400,2026-09-22 03:09:33.187586+00,183c611b-d7ae-417e-a4cd-b3b8505c76f4,ac1f09fffe296d29,uv_index,0,,,1,measured,uv_index
59401,2026-09-22 03:09:33.187586+00,183c611b-d7ae-417e-a4cd-b3b8505c76f4,ac1f09fffe296d29,barometer_pressure_pa,101473,,,Pa,measured,barometer_pressure_pa
59402,2026-09-22 03:09:33.187586+00,183c611b-d7ae-417e-a4cd-b3b8505c76f4,ac1f09fffe296d29,barometer_temperature_c,25.61,,,Cel,measured,barometer_temperature_c
59403,2026-09-22 03:09:33.187586+00,183c611b-d7ae-417e-a4cd-b3b8505c76f4,ac1f09fffe296d29,light_veml7700_lux,183.21,,,lx,measured,light_veml7700_lux
59404,2026-09-22 03:09:33.187586+00,183c611b-d7ae-417e-a4cd-b3b8505c76f4,ac1f09fffe296d29,light_opt3001_lux,161.68,,,lx,measured,light_opt3001_lux
59405,2026-09-22 03:09:33.187586+00,183c611b-d7ae-417e-a4cd-b3b8505c76f4,ac1f09fffe296d29,environment_temperature_c,28.85,,,Cel,measured,environment_temperature_c
59406,2026-09-22 03:09:33.187586+00,183c611b-d7ae-417e-a4cd-b3b8505c76f4,ac1f09fffe296d29,environment_humidity_percent,51.23,,,%,measured,environment_humidity_percent
59407,2026-09-22 03:09:33.187586+00,183c611b-d7ae-417e-a4cd-b3b8505c76f4,ac1f09fffe296d29,environment_pressure_pa,101155,,,Pa,measured,environment_pressure_pa
59408,2026-09-22 03:09:33.187586+00,183c611b-d7ae-417e-a4cd-b3b8505c76f4,ac1f09fffe296d29,environment_gas_resistance_ohm,50171,,,ohm,measured,environment_gas_resistance_ohm
59409,2026-09-22 03:09:33.187586+00,183c611b-d7ae-417e-a4cd-b3b8505c76f4,ac1f09fffe296d29,rain_wet,,,f,boolean,measured,rain_wet
59410,2026-09-22 03:09:33.187586+00,183c611b-d7ae-417e-a4cd-b3b8505c76f4,ac1f09fffe296d29,battery_v,,,,V,invalid,battery_v
59411,2026-09-22 03:09:48.053582+00,6e2c4278-ec9c-42a0-b70b-4abc529307eb,ac1f09fffe296d29,soil_moisture_percent,5,,,%,measured,soil_moisture_percent
59412,2026-09-22 03:09:48.053582+00,6e2c4278-ec9c-42a0-b70b-4abc529307eb,ac1f09fffe296d29,soil_temperature_c,30.2,,,Cel,measured,soil_temperature_c
59413,2026-09-22 03:09:48.053582+00,6e2c4278-ec9c-42a0-b70b-4abc529307eb,ac1f09fffe296d29,uv_index,0,,,1,measured,uv_index
59414,2026-09-22 03:09:48.053582+00,6e2c4278-ec9c-42a0-b70b-4abc529307eb,ac1f09fffe296d29,barometer_pressure_pa,101472,,,Pa,measured,barometer_pressure_pa
59415,2026-09-22 03:09:48.053582+00,6e2c4278-ec9c-42a0-b70b-4abc529307eb,ac1f09fffe296d29,barometer_temperature_c,25.62,,,Cel,measured,barometer_temperature_c
59416,2026-09-22 03:09:48.053582+00,6e2c4278-ec9c-42a0-b70b-4abc529307eb,ac1f09fffe296d29,light_veml7700_lux,183.18,,,lx,measured,light_veml7700_lux
59417,2026-09-22 03:09:48.053582+00,6e2c4278-ec9c-42a0-b70b-4abc529307eb,ac1f09fffe296d29,light_opt3001_lux,161.68,,,lx,measured,light_opt3001_lux
59418,2026-09-22 03:09:48.053582+00,6e2c4278-ec9c-42a0-b70b-4abc529307eb,ac1f09fffe296d29,environment_temperature_c,28.85,,,Cel,measured,environment_temperature_c
59419,2026-09-22 03:09:48.053582+00,6e2c4278-ec9c-42a0-b70b-4abc529307eb,ac1f09fffe296d29,environment_humidity_percent,51.32,,,%,measured,environment_humidity_percent
59420,2026-09-22 03:09:48.053582+00,6e2c4278-ec9c-42a0-b70b-4abc529307eb,ac1f09fffe296d29,environment_pressure_pa,101154,,,Pa,measured,environment_pressure_pa
59421,2026-09-22 03:09:48.053582+00,6e2c4278-ec9c-42a0-b70b-4abc529307eb,ac1f09fffe296d29,environment_gas_resistance_ohm,50171,,,ohm,measured,environment_gas_resistance_ohm
59422,2026-09-22 03:09:48.053582+00,6e2c4278-ec9c-42a0-b70b-4abc529307eb,ac1f09fffe296d29,rain_wet,,,f,boolean,measured,rain_wet
59423,2026-09-22 03:09:48.053582+00,6e2c4278-ec9c-42a0-b70b-4abc529307eb,ac1f09fffe296d29,battery_v,,,,V,invalid,battery_v
59424,2026-09-22 03:10:03.259708+00,8ec09c33-1c27-459f-98ab-e09c6f8ec8fb,ac1f09fffe296d29,soil_moisture_percent,4,,,%,measured,soil_moisture_percent
59425,2026-09-22 03:10:03.259708+00,8ec09c33-1c27-459f-98ab-e09c6f8ec8fb,ac1f09fffe296d29,soil_temperature_c,30.2,,,Cel,measured,soil_temperature_c
59426,2026-09-22 03:10:03.259708+00,8ec09c33-1c27-459f-98ab-e09c6f8ec8fb,ac1f09fffe296d29,uv_index,0,,,1,measured,uv_index
59427,2026-09-22 03:10:03.259708+00,8ec09c33-1c27-459f-98ab-e09c6f8ec8fb,ac1f09fffe296d29,barometer_pressure_pa,101475,,,Pa,measured,barometer_pressure_pa
59428,2026-09-22 03:10:03.259708+00,8ec09c33-1c27-459f-98ab-e09c6f8ec8fb,ac1f09fffe296d29,barometer_temperature_c,25.63,,,Cel,measured,barometer_temperature_c
59429,2026-09-22 03:10:03.259708+00,8ec09c33-1c27-459f-98ab-e09c6f8ec8fb,ac1f09fffe296d29,light_veml7700_lux,183.18,,,lx,measured,light_veml7700_lux
59430,2026-09-22 03:10:03.259708+00,8ec09c33-1c27-459f-98ab-e09c6f8ec8fb,ac1f09fffe296d29,light_opt3001_lux,162.92,,,lx,measured,light_opt3001_lux
59431,2026-09-22 03:10:03.259708+00,8ec09c33-1c27-459f-98ab-e09c6f8ec8fb,ac1f09fffe296d29,environment_temperature_c,28.84,,,Cel,measured,environment_temperature_c
59432,2026-09-22 03:10:03.259708+00,8ec09c33-1c27-459f-98ab-e09c6f8ec8fb,ac1f09fffe296d29,environment_humidity_percent,51.29,,,%,measured,environment_humidity_percent
59433,2026-09-22 03:10:03.259708+00,8ec09c33-1c27-459f-98ab-e09c6f8ec8fb,ac1f09fffe296d29,environment_pressure_pa,101155,,,Pa,measured,environment_pressure_pa
59434,2026-09-22 03:10:03.259708+00,8ec09c33-1c27-459f-98ab-e09c6f8ec8fb,ac1f09fffe296d29,environment_gas_resistance_ohm,50021,,,ohm,measured,environment_gas_resistance_ohm
59435,2026-09-22 03:10:03.259708+00,8ec09c33-1c27-459f-98ab-e09c6f8ec8fb,ac1f09fffe296d29,rain_wet,,,f,boolean,measured,rain_wet
59436,2026-09-22 03:10:03.259708+00,8ec09c33-1c27-459f-98ab-e09c6f8ec8fb,ac1f09fffe296d29,battery_v,,,,V,invalid,battery_v
59437,2026-09-22 03:10:17.89145+00,32f23329-f619-4eb4-89c2-072b1335ba1c,ac1f09fffe296d29,soil_moisture_percent,5,,,%,measured,soil_moisture_percent
59438,2026-09-22 03:10:17.89145+00,32f23329-f619-4eb4-89c2-072b1335ba1c,ac1f09fffe296d29,soil_temperature_c,30.2,,,Cel,measured,soil_temperature_c
59439,2026-09-22 03:10:17.89145+00,32f23329-f619-4eb4-89c2-072b1335ba1c,ac1f09fffe296d29,uv_index,0,,,1,measured,uv_index
59440,2026-09-22 03:10:17.89145+00,32f23329-f619-4eb4-89c2-072b1335ba1c,ac1f09fffe296d29,barometer_pressure_pa,101473,,,Pa,measured,barometer_pressure_pa
59441,2026-09-22 03:10:17.89145+00,32f23329-f619-4eb4-89c2-072b1335ba1c,ac1f09fffe296d29,barometer_temperature_c,25.63,,,Cel,measured,barometer_temperature_c
59442,2026-09-22 03:10:17.89145+00,32f23329-f619-4eb4-89c2-072b1335ba1c,ac1f09fffe296d29,light_veml7700_lux,183.18,,,lx,measured,light_veml7700_lux
59443,2026-09-22 03:10:17.89145+00,32f23329-f619-4eb4-89c2-072b1335ba1c,ac1f09fffe296d29,light_opt3001_lux,162,,,lx,measured,light_opt3001_lux
59444,2026-09-22 03:10:17.89145+00,32f23329-f619-4eb4-89c2-072b1335ba1c,ac1f09fffe296d29,environment_temperature_c,28.85,,,Cel,measured,environment_temperature_c
59445,2026-09-22 03:10:17.89145+00,32f23329-f619-4eb4-89c2-072b1335ba1c,ac1f09fffe296d29,environment_humidity_percent,51.29,,,%,measured,environment_humidity_percent
59446,2026-09-22 03:10:17.89145+00,32f23329-f619-4eb4-89c2-072b1335ba1c,ac1f09fffe296d29,environment_pressure_pa,101154,,,Pa,measured,environment_pressure_pa
59447,2026-09-22 03:10:17.89145+00,32f23329-f619-4eb4-89c2-072b1335ba1c,ac1f09fffe296d29,environment_gas_resistance_ohm,50051,,,ohm,measured,environment_gas_resistance_ohm
59448,2026-09-22 03:10:17.89145+00,32f23329-f619-4eb4-89c2-072b1335ba1c,ac1f09fffe296d29,rain_wet,,,f,boolean,measured,rain_wet
59449,2026-09-22 03:10:17.89145+00,32f23329-f619-4eb4-89c2-072b1335ba1c,ac1f09fffe296d29,battery_v,,,,V,invalid,battery_v
59450,2026-09-22 03:10:33.184277+00,fc7bb052-8a84-4062-a649-d2100ed6c772,ac1f09fffe296d29,soil_moisture_percent,2,,,%,measured,soil_moisture_percent
59451,2026-09-22 03:10:33.184277+00,fc7bb052-8a84-4062-a649-d2100ed6c772,ac1f09fffe296d29,soil_temperature_c,30.2,,,Cel,measured,soil_temperature_c
59452,2026-09-22 03:10:33.184277+00,fc7bb052-8a84-4062-a649-d2100ed6c772,ac1f09fffe296d29,uv_index,0,,,1,measured,uv_index
59453,2026-09-22 03:10:33.184277+00,fc7bb052-8a84-4062-a649-d2100ed6c772,ac1f09fffe296d29,barometer_pressure_pa,101472,,,Pa,measured,barometer_pressure_pa
59454,2026-09-22 03:10:33.184277+00,fc7bb052-8a84-4062-a649-d2100ed6c772,ac1f09fffe296d29,barometer_temperature_c,25.64,,,Cel,measured,barometer_temperature_c
59455,2026-09-22 03:10:33.184277+00,fc7bb052-8a84-4062-a649-d2100ed6c772,ac1f09fffe296d29,light_veml7700_lux,180.91,,,lx,measured,light_veml7700_lux
59456,2026-09-22 03:10:33.184277+00,fc7bb052-8a84-4062-a649-d2100ed6c772,ac1f09fffe296d29,light_opt3001_lux,160.68,,,lx,measured,light_opt3001_lux
59457,2026-09-22 03:10:33.184277+00,fc7bb052-8a84-4062-a649-d2100ed6c772,ac1f09fffe296d29,environment_temperature_c,28.85,,,Cel,measured,environment_temperature_c
59458,2026-09-22 03:10:33.184277+00,fc7bb052-8a84-4062-a649-d2100ed6c772,ac1f09fffe296d29,environment_humidity_percent,51.12,,,%,measured,environment_humidity_percent
59459,2026-09-22 03:10:33.184277+00,fc7bb052-8a84-4062-a649-d2100ed6c772,ac1f09fffe296d29,environment_pressure_pa,101154,,,Pa,measured,environment_pressure_pa
59460,2026-09-22 03:10:33.184277+00,fc7bb052-8a84-4062-a649-d2100ed6c772,ac1f09fffe296d29,environment_gas_resistance_ohm,49872,,,ohm,measured,environment_gas_resistance_ohm
59461,2026-09-22 03:10:33.184277+00,fc7bb052-8a84-4062-a649-d2100ed6c772,ac1f09fffe296d29,rain_wet,,,f,boolean,measured,rain_wet
59462,2026-09-22 03:10:33.184277+00,fc7bb052-8a84-4062-a649-d2100ed6c772,ac1f09fffe296d29,battery_v,,,,V,invalid,battery_v
59463,2026-09-22 03:10:47.925626+00,1601b245-0584-49cb-9805-8b0955920148,ac1f09fffe296d29,soil_moisture_percent,5,,,%,measured,soil_moisture_percent
59464,2026-09-22 03:10:47.925626+00,1601b245-0584-49cb-9805-8b0955920148,ac1f09fffe296d29,soil_temperature_c,30.2,,,Cel,measured,soil_temperature_c
59465,2026-09-22 03:10:47.925626+00,1601b245-0584-49cb-9805-8b0955920148,ac1f09fffe296d29,uv_index,0,,,1,measured,uv_index
59466,2026-09-22 03:10:47.925626+00,1601b245-0584-49cb-9805-8b0955920148,ac1f09fffe296d29,barometer_pressure_pa,101472,,,Pa,measured,barometer_pressure_pa
59467,2026-09-22 03:10:47.925626+00,1601b245-0584-49cb-9805-8b0955920148,ac1f09fffe296d29,barometer_temperature_c,25.64,,,Cel,measured,barometer_temperature_c
59468,2026-09-22 03:10:47.925626+00,1601b245-0584-49cb-9805-8b0955920148,ac1f09fffe296d29,light_veml7700_lux,180.83,,,lx,measured,light_veml7700_lux
59469,2026-09-22 03:10:47.925626+00,1601b245-0584-49cb-9805-8b0955920148,ac1f09fffe296d29,light_opt3001_lux,159.76,,,lx,measured,light_opt3001_lux
59470,2026-09-22 03:10:47.925626+00,1601b245-0584-49cb-9805-8b0955920148,ac1f09fffe296d29,environment_temperature_c,28.86,,,Cel,measured,environment_temperature_c
59471,2026-09-22 03:10:47.925626+00,1601b245-0584-49cb-9805-8b0955920148,ac1f09fffe296d29,environment_humidity_percent,51.06,,,%,measured,environment_humidity_percent
59472,2026-09-22 03:10:47.925626+00,1601b245-0584-49cb-9805-8b0955920148,ac1f09fffe296d29,environment_pressure_pa,101153,,,Pa,measured,environment_pressure_pa
59473,2026-09-22 03:10:47.925626+00,1601b245-0584-49cb-9805-8b0955920148,ac1f09fffe296d29,environment_gas_resistance_ohm,50141,,,ohm,measured,environment_gas_resistance_ohm
59474,2026-09-22 03:10:47.925626+00,1601b245-0584-49cb-9805-8b0955920148,ac1f09fffe296d29,rain_wet,,,f,boolean,measured,rain_wet
59475,2026-09-22 03:10:47.925626+00,1601b245-0584-49cb-9805-8b0955920148,ac1f09fffe296d29,battery_v,,,,V,invalid,battery_v
59476,2026-09-22 03:11:03.284673+00,7f53cf4f-fd04-4197-bc2e-464fd00868b5,ac1f09fffe296d29,soil_moisture_percent,3,,,%,measured,soil_moisture_percent
59477,2026-09-22 03:11:03.284673+00,7f53cf4f-fd04-4197-bc2e-464fd00868b5,ac1f09fffe296d29,soil_temperature_c,30.2,,,Cel,measured,soil_temperature_c
59478,2026-09-22 03:11:03.284673+00,7f53cf4f-fd04-4197-bc2e-464fd00868b5,ac1f09fffe296d29,uv_index,0,,,1,measured,uv_index
59479,2026-09-22 03:11:03.284673+00,7f53cf4f-fd04-4197-bc2e-464fd00868b5,ac1f09fffe296d29,barometer_pressure_pa,101472,,,Pa,measured,barometer_pressure_pa
59480,2026-09-22 03:11:03.284673+00,7f53cf4f-fd04-4197-bc2e-464fd00868b5,ac1f09fffe296d29,barometer_temperature_c,25.64,,,Cel,measured,barometer_temperature_c
59481,2026-09-22 03:11:03.284673+00,7f53cf4f-fd04-4197-bc2e-464fd00868b5,ac1f09fffe296d29,light_veml7700_lux,181.63,,,lx,measured,light_veml7700_lux
59482,2026-09-22 03:11:03.284673+00,7f53cf4f-fd04-4197-bc2e-464fd00868b5,ac1f09fffe296d29,light_opt3001_lux,161.64,,,lx,measured,light_opt3001_lux
59483,2026-09-22 03:11:03.284673+00,7f53cf4f-fd04-4197-bc2e-464fd00868b5,ac1f09fffe296d29,environment_temperature_c,28.87,,,Cel,measured,environment_temperature_c
59484,2026-09-22 03:11:03.284673+00,7f53cf4f-fd04-4197-bc2e-464fd00868b5,ac1f09fffe296d29,environment_humidity_percent,51.1,,,%,measured,environment_humidity_percent
59485,2026-09-22 03:11:03.284673+00,7f53cf4f-fd04-4197-bc2e-464fd00868b5,ac1f09fffe296d29,environment_pressure_pa,101154,,,Pa,measured,environment_pressure_pa
59486,2026-09-22 03:11:03.284673+00,7f53cf4f-fd04-4197-bc2e-464fd00868b5,ac1f09fffe296d29,environment_gas_resistance_ohm,50021,,,ohm,measured,environment_gas_resistance_ohm
59487,2026-09-22 03:11:03.284673+00,7f53cf4f-fd04-4197-bc2e-464fd00868b5,ac1f09fffe296d29,rain_wet,,,f,boolean,measured,rain_wet
59488,2026-09-22 03:11:03.284673+00,7f53cf4f-fd04-4197-bc2e-464fd00868b5,ac1f09fffe296d29,battery_v,,,,V,invalid,battery_v
59489,2026-09-22 03:11:17.931277+00,2b83cbb4-6f92-49ca-80ac-52b3b6ffba22,ac1f09fffe296d29,soil_moisture_percent,4,,,%,measured,soil_moisture_percent
59490,2026-09-22 03:11:17.931277+00,2b83cbb4-6f92-49ca-80ac-52b3b6ffba22,ac1f09fffe296d29,soil_temperature_c,30.3,,,Cel,measured,soil_temperature_c
59491,2026-09-22 03:11:17.931277+00,2b83cbb4-6f92-49ca-80ac-52b3b6ffba22,ac1f09fffe296d29,uv_index,0,,,1,measured,uv_index
59492,2026-09-22 03:11:17.931277+00,2b83cbb4-6f92-49ca-80ac-52b3b6ffba22,ac1f09fffe296d29,barometer_pressure_pa,101472,,,Pa,measured,barometer_pressure_pa
59493,2026-09-22 03:11:17.931277+00,2b83cbb4-6f92-49ca-80ac-52b3b6ffba22,ac1f09fffe296d29,barometer_temperature_c,25.64,,,Cel,measured,barometer_temperature_c
59494,2026-09-22 03:11:17.931277+00,2b83cbb4-6f92-49ca-80ac-52b3b6ffba22,ac1f09fffe296d29,light_veml7700_lux,179.9,,,lx,measured,light_veml7700_lux
59495,2026-09-22 03:11:17.931277+00,2b83cbb4-6f92-49ca-80ac-52b3b6ffba22,ac1f09fffe296d29,light_opt3001_lux,159.72,,,lx,measured,light_opt3001_lux
59496,2026-09-22 03:11:17.931277+00,2b83cbb4-6f92-49ca-80ac-52b3b6ffba22,ac1f09fffe296d29,environment_temperature_c,28.88,,,Cel,measured,environment_temperature_c
59497,2026-09-22 03:11:17.931277+00,2b83cbb4-6f92-49ca-80ac-52b3b6ffba22,ac1f09fffe296d29,environment_humidity_percent,51.16,,,%,measured,environment_humidity_percent
59498,2026-09-22 03:11:17.931277+00,2b83cbb4-6f92-49ca-80ac-52b3b6ffba22,ac1f09fffe296d29,environment_pressure_pa,101154,,,Pa,measured,environment_pressure_pa
59499,2026-09-22 03:11:17.931277+00,2b83cbb4-6f92-49ca-80ac-52b3b6ffba22,ac1f09fffe296d29,environment_gas_resistance_ohm,50081,,,ohm,measured,environment_gas_resistance_ohm
59500,2026-09-22 03:11:17.931277+00,2b83cbb4-6f92-49ca-80ac-52b3b6ffba22,ac1f09fffe296d29,rain_wet,,,f,boolean,measured,rain_wet
59501,2026-09-22 03:11:17.931277+00,2b83cbb4-6f92-49ca-80ac-52b3b6ffba22,ac1f09fffe296d29,battery_v,,,,V,invalid,battery_v
59502,2026-09-22 03:11:33.301325+00,1d89c94d-303d-4068-9a9a-3c5537554e5e,ac1f09fffe296d29,soil_moisture_percent,3,,,%,measured,soil_moisture_percent
59503,2026-09-22 03:11:33.301325+00,1d89c94d-303d-4068-9a9a-3c5537554e5e,ac1f09fffe296d29,soil_temperature_c,30.3,,,Cel,measured,soil_temperature_c
59504,2026-09-22 03:11:33.301325+00,1d89c94d-303d-4068-9a9a-3c5537554e5e,ac1f09fffe296d29,uv_index,0,,,1,measured,uv_index
59505,2026-09-22 03:11:33.301325+00,1d89c94d-303d-4068-9a9a-3c5537554e5e,ac1f09fffe296d29,barometer_pressure_pa,101467,,,Pa,measured,barometer_pressure_pa
59506,2026-09-22 03:11:33.301325+00,1d89c94d-303d-4068-9a9a-3c5537554e5e,ac1f09fffe296d29,barometer_temperature_c,25.65,,,Cel,measured,barometer_temperature_c
59507,2026-09-22 03:11:33.301325+00,1d89c94d-303d-4068-9a9a-3c5537554e5e,ac1f09fffe296d29,light_veml7700_lux,165.25,,,lx,measured,light_veml7700_lux
59508,2026-09-22 03:11:33.301325+00,1d89c94d-303d-4068-9a9a-3c5537554e5e,ac1f09fffe296d29,light_opt3001_lux,157.8,,,lx,measured,light_opt3001_lux
59509,2026-09-22 03:11:33.301325+00,1d89c94d-303d-4068-9a9a-3c5537554e5e,ac1f09fffe296d29,environment_temperature_c,28.89,,,Cel,measured,environment_temperature_c
59510,2026-09-22 03:11:33.301325+00,1d89c94d-303d-4068-9a9a-3c5537554e5e,ac1f09fffe296d29,environment_humidity_percent,50.96,,,%,measured,environment_humidity_percent
59511,2026-09-22 03:11:33.301325+00,1d89c94d-303d-4068-9a9a-3c5537554e5e,ac1f09fffe296d29,environment_pressure_pa,101153,,,Pa,measured,environment_pressure_pa
59512,2026-09-22 03:11:33.301325+00,1d89c94d-303d-4068-9a9a-3c5537554e5e,ac1f09fffe296d29,environment_gas_resistance_ohm,50081,,,ohm,measured,environment_gas_resistance_ohm
59513,2026-09-22 03:11:33.301325+00,1d89c94d-303d-4068-9a9a-3c5537554e5e,ac1f09fffe296d29,rain_wet,,,f,boolean,measured,rain_wet
59514,2026-09-22 03:11:33.301325+00,1d89c94d-303d-4068-9a9a-3c5537554e5e,ac1f09fffe296d29,battery_v,,,,V,invalid,battery_v
59515,2026-09-22 03:11:47.952731+00,31d13eff-c42e-4106-822f-255e1685a499,ac1f09fffe296d29,soil_moisture_percent,2,,,%,measured,soil_moisture_percent
59516,2026-09-22 03:11:47.952731+00,31d13eff-c42e-4106-822f-255e1685a499,ac1f09fffe296d29,soil_temperature_c,30.3,,,Cel,measured,soil_temperature_c
59517,2026-09-22 03:11:47.952731+00,31d13eff-c42e-4106-822f-255e1685a499,ac1f09fffe296d29,uv_index,0,,,1,measured,uv_index
59518,2026-09-22 03:11:47.952731+00,31d13eff-c42e-4106-822f-255e1685a499,ac1f09fffe296d29,barometer_pressure_pa,101472,,,Pa,measured,barometer_pressure_pa
59519,2026-09-22 03:11:47.952731+00,31d13eff-c42e-4106-822f-255e1685a499,ac1f09fffe296d29,barometer_temperature_c,25.67,,,Cel,measured,barometer_temperature_c
59520,2026-09-22 03:11:47.952731+00,31d13eff-c42e-4106-822f-255e1685a499,ac1f09fffe296d29,light_veml7700_lux,182.77,,,lx,measured,light_veml7700_lux
59521,2026-09-22 03:11:47.952731+00,31d13eff-c42e-4106-822f-255e1685a499,ac1f09fffe296d29,light_opt3001_lux,162,,,lx,measured,light_opt3001_lux
59522,2026-09-22 03:11:47.952731+00,31d13eff-c42e-4106-822f-255e1685a499,ac1f09fffe296d29,environment_temperature_c,28.91,,,Cel,measured,environment_temperature_c
59523,2026-09-22 03:11:47.952731+00,31d13eff-c42e-4106-822f-255e1685a499,ac1f09fffe296d29,environment_humidity_percent,50.9,,,%,measured,environment_humidity_percent
59524,2026-09-22 03:11:47.952731+00,31d13eff-c42e-4106-822f-255e1685a499,ac1f09fffe296d29,environment_pressure_pa,101153,,,Pa,measured,environment_pressure_pa
59525,2026-09-22 03:11:47.952731+00,31d13eff-c42e-4106-822f-255e1685a499,ac1f09fffe296d29,environment_gas_resistance_ohm,49813,,,ohm,measured,environment_gas_resistance_ohm
59526,2026-09-22 03:11:47.952731+00,31d13eff-c42e-4106-822f-255e1685a499,ac1f09fffe296d29,rain_wet,,,f,boolean,measured,rain_wet
59527,2026-09-22 03:11:47.952731+00,31d13eff-c42e-4106-822f-255e1685a499,ac1f09fffe296d29,battery_v,,,,V,invalid,battery_v
59528,2026-09-22 03:12:03.284705+00,f18e5abc-4dbc-410a-a0e1-60a09a4ced5f,ac1f09fffe296d29,soil_moisture_percent,5,,,%,measured,soil_moisture_percent
59529,2026-09-22 03:12:03.284705+00,f18e5abc-4dbc-410a-a0e1-60a09a4ced5f,ac1f09fffe296d29,soil_temperature_c,30.3,,,Cel,measured,soil_temperature_c
59530,2026-09-22 03:12:03.284705+00,f18e5abc-4dbc-410a-a0e1-60a09a4ced5f,ac1f09fffe296d29,uv_index,0,,,1,measured,uv_index
59531,2026-09-22 03:12:03.284705+00,f18e5abc-4dbc-410a-a0e1-60a09a4ced5f,ac1f09fffe296d29,barometer_pressure_pa,101469,,,Pa,measured,barometer_pressure_pa
59532,2026-09-22 03:12:03.284705+00,f18e5abc-4dbc-410a-a0e1-60a09a4ced5f,ac1f09fffe296d29,barometer_temperature_c,25.68,,,Cel,measured,barometer_temperature_c
59533,2026-09-22 03:12:03.284705+00,f18e5abc-4dbc-410a-a0e1-60a09a4ced5f,ac1f09fffe296d29,light_veml7700_lux,182.76,,,lx,measured,light_veml7700_lux
59534,2026-09-22 03:12:03.284705+00,f18e5abc-4dbc-410a-a0e1-60a09a4ced5f,ac1f09fffe296d29,light_opt3001_lux,162,,,lx,measured,light_opt3001_lux
59535,2026-09-22 03:12:03.284705+00,f18e5abc-4dbc-410a-a0e1-60a09a4ced5f,ac1f09fffe296d29,environment_temperature_c,28.92,,,Cel,measured,environment_temperature_c
59536,2026-09-22 03:12:03.284705+00,f18e5abc-4dbc-410a-a0e1-60a09a4ced5f,ac1f09fffe296d29,environment_humidity_percent,50.93,,,%,measured,environment_humidity_percent
59537,2026-09-22 03:12:03.284705+00,f18e5abc-4dbc-410a-a0e1-60a09a4ced5f,ac1f09fffe296d29,environment_pressure_pa,101152,,,Pa,measured,environment_pressure_pa
59538,2026-09-22 03:12:03.284705+00,f18e5abc-4dbc-410a-a0e1-60a09a4ced5f,ac1f09fffe296d29,environment_gas_resistance_ohm,49991,,,ohm,measured,environment_gas_resistance_ohm
59539,2026-09-22 03:12:03.284705+00,f18e5abc-4dbc-410a-a0e1-60a09a4ced5f,ac1f09fffe296d29,rain_wet,,,f,boolean,measured,rain_wet
59540,2026-09-22 03:12:03.284705+00,f18e5abc-4dbc-410a-a0e1-60a09a4ced5f,ac1f09fffe296d29,battery_v,,,,V,invalid,battery_v
59541,2026-09-22 03:12:18.035889+00,46a70c06-1773-45ce-b1f4-ea541d7dc7b5,ac1f09fffe296d29,soil_moisture_percent,4,,,%,measured,soil_moisture_percent
59542,2026-09-22 03:12:18.035889+00,46a70c06-1773-45ce-b1f4-ea541d7dc7b5,ac1f09fffe296d29,soil_temperature_c,30.3,,,Cel,measured,soil_temperature_c
59543,2026-09-22 03:12:18.035889+00,46a70c06-1773-45ce-b1f4-ea541d7dc7b5,ac1f09fffe296d29,uv_index,0,,,1,measured,uv_index
59544,2026-09-22 03:12:18.035889+00,46a70c06-1773-45ce-b1f4-ea541d7dc7b5,ac1f09fffe296d29,barometer_pressure_pa,101471,,,Pa,measured,barometer_pressure_pa
59545,2026-09-22 03:12:18.035889+00,46a70c06-1773-45ce-b1f4-ea541d7dc7b5,ac1f09fffe296d29,barometer_temperature_c,25.68,,,Cel,measured,barometer_temperature_c
59546,2026-09-22 03:12:18.035889+00,46a70c06-1773-45ce-b1f4-ea541d7dc7b5,ac1f09fffe296d29,light_veml7700_lux,182.72,,,lx,measured,light_veml7700_lux
59547,2026-09-22 03:12:18.035889+00,46a70c06-1773-45ce-b1f4-ea541d7dc7b5,ac1f09fffe296d29,light_opt3001_lux,162.92,,,lx,measured,light_opt3001_lux
59548,2026-09-22 03:12:18.035889+00,46a70c06-1773-45ce-b1f4-ea541d7dc7b5,ac1f09fffe296d29,environment_temperature_c,28.92,,,Cel,measured,environment_temperature_c
59549,2026-09-22 03:12:18.035889+00,46a70c06-1773-45ce-b1f4-ea541d7dc7b5,ac1f09fffe296d29,environment_humidity_percent,51.03,,,%,measured,environment_humidity_percent
59550,2026-09-22 03:12:18.035889+00,46a70c06-1773-45ce-b1f4-ea541d7dc7b5,ac1f09fffe296d29,environment_pressure_pa,101151,,,Pa,measured,environment_pressure_pa
59551,2026-09-22 03:12:18.035889+00,46a70c06-1773-45ce-b1f4-ea541d7dc7b5,ac1f09fffe296d29,environment_gas_resistance_ohm,49932,,,ohm,measured,environment_gas_resistance_ohm
59552,2026-09-22 03:12:18.035889+00,46a70c06-1773-45ce-b1f4-ea541d7dc7b5,ac1f09fffe296d29,rain_wet,,,f,boolean,measured,rain_wet
59553,2026-09-22 03:12:18.035889+00,46a70c06-1773-45ce-b1f4-ea541d7dc7b5,ac1f09fffe296d29,battery_v,,,,V,invalid,battery_v
59554,2026-09-22 03:12:33.277665+00,acbee62a-0f6e-4e18-888b-bf89e9ae25f8,ac1f09fffe296d29,soil_moisture_percent,4,,,%,measured,soil_moisture_percent
59555,2026-09-22 03:12:33.277665+00,acbee62a-0f6e-4e18-888b-bf89e9ae25f8,ac1f09fffe296d29,soil_temperature_c,30.3,,,Cel,measured,soil_temperature_c
59556,2026-09-22 03:12:33.277665+00,acbee62a-0f6e-4e18-888b-bf89e9ae25f8,ac1f09fffe296d29,uv_index,0,,,1,measured,uv_index
59557,2026-09-22 03:12:33.277665+00,acbee62a-0f6e-4e18-888b-bf89e9ae25f8,ac1f09fffe296d29,barometer_pressure_pa,101467,,,Pa,measured,barometer_pressure_pa
59558,2026-09-22 03:12:33.277665+00,acbee62a-0f6e-4e18-888b-bf89e9ae25f8,ac1f09fffe296d29,barometer_temperature_c,25.69,,,Cel,measured,barometer_temperature_c
59559,2026-09-22 03:12:33.277665+00,acbee62a-0f6e-4e18-888b-bf89e9ae25f8,ac1f09fffe296d29,light_veml7700_lux,178.6,,,lx,measured,light_veml7700_lux
59560,2026-09-22 03:12:33.277665+00,acbee62a-0f6e-4e18-888b-bf89e9ae25f8,ac1f09fffe296d29,light_opt3001_lux,155.24,,,lx,measured,light_opt3001_lux
59561,2026-09-22 03:12:33.277665+00,acbee62a-0f6e-4e18-888b-bf89e9ae25f8,ac1f09fffe296d29,environment_temperature_c,28.9,,,Cel,measured,environment_temperature_c
59562,2026-09-22 03:12:33.277665+00,acbee62a-0f6e-4e18-888b-bf89e9ae25f8,ac1f09fffe296d29,environment_humidity_percent,51.09,,,%,measured,environment_humidity_percent
59563,2026-09-22 03:12:33.277665+00,acbee62a-0f6e-4e18-888b-bf89e9ae25f8,ac1f09fffe296d29,environment_pressure_pa,101150,,,Pa,measured,environment_pressure_pa
59564,2026-09-22 03:12:33.277665+00,acbee62a-0f6e-4e18-888b-bf89e9ae25f8,ac1f09fffe296d29,environment_gas_resistance_ohm,49872,,,ohm,measured,environment_gas_resistance_ohm
59565,2026-09-22 03:12:33.277665+00,acbee62a-0f6e-4e18-888b-bf89e9ae25f8,ac1f09fffe296d29,rain_wet,,,f,boolean,measured,rain_wet
59566,2026-09-22 03:12:33.277665+00,acbee62a-0f6e-4e18-888b-bf89e9ae25f8,ac1f09fffe296d29,battery_v,,,,V,invalid,battery_v
59567,2026-09-22 03:12:48.129761+00,1b80aefb-0da9-413d-86b0-baa9e1028738,ac1f09fffe296d29,soil_moisture_percent,5,,,%,measured,soil_moisture_percent
59568,2026-09-22 03:12:48.129761+00,1b80aefb-0da9-413d-86b0-baa9e1028738,ac1f09fffe296d29,soil_temperature_c,30.3,,,Cel,measured,soil_temperature_c
59569,2026-09-22 03:12:48.129761+00,1b80aefb-0da9-413d-86b0-baa9e1028738,ac1f09fffe296d29,uv_index,0,,,1,measured,uv_index
59570,2026-09-22 03:12:48.129761+00,1b80aefb-0da9-413d-86b0-baa9e1028738,ac1f09fffe296d29,barometer_pressure_pa,101469,,,Pa,measured,barometer_pressure_pa
59571,2026-09-22 03:12:48.129761+00,1b80aefb-0da9-413d-86b0-baa9e1028738,ac1f09fffe296d29,barometer_temperature_c,25.68,,,Cel,measured,barometer_temperature_c
59572,2026-09-22 03:12:48.129761+00,1b80aefb-0da9-413d-86b0-baa9e1028738,ac1f09fffe296d29,light_veml7700_lux,179.99,,,lx,measured,light_veml7700_lux
59573,2026-09-22 03:12:48.129761+00,1b80aefb-0da9-413d-86b0-baa9e1028738,ac1f09fffe296d29,light_opt3001_lux,159.44,,,lx,measured,light_opt3001_lux
59574,2026-09-22 03:12:48.129761+00,1b80aefb-0da9-413d-86b0-baa9e1028738,ac1f09fffe296d29,environment_temperature_c,28.9,,,Cel,measured,environment_temperature_c
59575,2026-09-22 03:12:48.129761+00,1b80aefb-0da9-413d-86b0-baa9e1028738,ac1f09fffe296d29,environment_humidity_percent,51.04,,,%,measured,environment_humidity_percent
59576,2026-09-22 03:12:48.129761+00,1b80aefb-0da9-413d-86b0-baa9e1028738,ac1f09fffe296d29,environment_pressure_pa,101150,,,Pa,measured,environment_pressure_pa
59577,2026-09-22 03:12:48.129761+00,1b80aefb-0da9-413d-86b0-baa9e1028738,ac1f09fffe296d29,environment_gas_resistance_ohm,49932,,,ohm,measured,environment_gas_resistance_ohm
59578,2026-09-22 03:12:48.129761+00,1b80aefb-0da9-413d-86b0-baa9e1028738,ac1f09fffe296d29,rain_wet,,,f,boolean,measured,rain_wet
59579,2026-09-22 03:12:48.129761+00,1b80aefb-0da9-413d-86b0-baa9e1028738,ac1f09fffe296d29,battery_v,,,,V,invalid,battery_v
59580,2026-09-22 03:13:03.150141+00,f922fdc7-88a6-47d2-9d65-ed242001feaf,ac1f09fffe296d29,soil_moisture_percent,4,,,%,measured,soil_moisture_percent
59581,2026-09-22 03:13:03.150141+00,f922fdc7-88a6-47d2-9d65-ed242001feaf,ac1f09fffe296d29,soil_temperature_c,30.3,,,Cel,measured,soil_temperature_c
59582,2026-09-22 03:13:03.150141+00,f922fdc7-88a6-47d2-9d65-ed242001feaf,ac1f09fffe296d29,uv_index,0,,,1,measured,uv_index
59583,2026-09-22 03:13:03.150141+00,f922fdc7-88a6-47d2-9d65-ed242001feaf,ac1f09fffe296d29,barometer_pressure_pa,101466,,,Pa,measured,barometer_pressure_pa
59584,2026-09-22 03:13:03.150141+00,f922fdc7-88a6-47d2-9d65-ed242001feaf,ac1f09fffe296d29,barometer_temperature_c,25.68,,,Cel,measured,barometer_temperature_c
59585,2026-09-22 03:13:03.150141+00,f922fdc7-88a6-47d2-9d65-ed242001feaf,ac1f09fffe296d29,light_veml7700_lux,182.12,,,lx,measured,light_veml7700_lux
59586,2026-09-22 03:13:03.150141+00,f922fdc7-88a6-47d2-9d65-ed242001feaf,ac1f09fffe296d29,light_opt3001_lux,161.04,,,lx,measured,light_opt3001_lux
59587,2026-09-22 03:13:03.150141+00,f922fdc7-88a6-47d2-9d65-ed242001feaf,ac1f09fffe296d29,environment_temperature_c,28.89,,,Cel,measured,environment_temperature_c
59588,2026-09-22 03:13:03.150141+00,f922fdc7-88a6-47d2-9d65-ed242001feaf,ac1f09fffe296d29,environment_humidity_percent,50.92,,,%,measured,environment_humidity_percent
59589,2026-09-22 03:13:03.150141+00,f922fdc7-88a6-47d2-9d65-ed242001feaf,ac1f09fffe296d29,environment_pressure_pa,101149,,,Pa,measured,environment_pressure_pa
59590,2026-09-22 03:13:03.150141+00,f922fdc7-88a6-47d2-9d65-ed242001feaf,ac1f09fffe296d29,environment_gas_resistance_ohm,50081,,,ohm,measured,environment_gas_resistance_ohm
59591,2026-09-22 03:13:03.150141+00,f922fdc7-88a6-47d2-9d65-ed242001feaf,ac1f09fffe296d29,rain_wet,,,f,boolean,measured,rain_wet
59592,2026-09-22 03:13:03.150141+00,f922fdc7-88a6-47d2-9d65-ed242001feaf,ac1f09fffe296d29,battery_v,,,,V,invalid,battery_v
59593,2026-09-22 03:13:18.065265+00,4ce56f97-ef11-4b82-825c-9f48771987d4,ac1f09fffe296d29,soil_moisture_percent,4,,,%,measured,soil_moisture_percent
59594,2026-09-22 03:13:18.065265+00,4ce56f97-ef11-4b82-825c-9f48771987d4,ac1f09fffe296d29,soil_temperature_c,30.3,,,Cel,measured,soil_temperature_c
59595,2026-09-22 03:13:18.065265+00,4ce56f97-ef11-4b82-825c-9f48771987d4,ac1f09fffe296d29,uv_index,0,,,1,measured,uv_index
59596,2026-09-22 03:13:18.065265+00,4ce56f97-ef11-4b82-825c-9f48771987d4,ac1f09fffe296d29,barometer_pressure_pa,101467,,,Pa,measured,barometer_pressure_pa
59597,2026-09-22 03:13:18.065265+00,4ce56f97-ef11-4b82-825c-9f48771987d4,ac1f09fffe296d29,barometer_temperature_c,25.67,,,Cel,measured,barometer_temperature_c
59598,2026-09-22 03:13:18.065265+00,4ce56f97-ef11-4b82-825c-9f48771987d4,ac1f09fffe296d29,light_veml7700_lux,180.78,,,lx,measured,light_veml7700_lux
59599,2026-09-22 03:13:18.065265+00,4ce56f97-ef11-4b82-825c-9f48771987d4,ac1f09fffe296d29,light_opt3001_lux,160.68,,,lx,measured,light_opt3001_lux
59600,2026-09-22 03:13:18.065265+00,4ce56f97-ef11-4b82-825c-9f48771987d4,ac1f09fffe296d29,environment_temperature_c,28.88,,,Cel,measured,environment_temperature_c
59601,2026-09-22 03:13:18.065265+00,4ce56f97-ef11-4b82-825c-9f48771987d4,ac1f09fffe296d29,environment_humidity_percent,50.08,,,%,measured,environment_humidity_percent
59602,2026-09-22 03:13:18.065265+00,4ce56f97-ef11-4b82-825c-9f48771987d4,ac1f09fffe296d29,environment_pressure_pa,101149,,,Pa,measured,environment_pressure_pa
59603,2026-09-22 03:13:18.065265+00,4ce56f97-ef11-4b82-825c-9f48771987d4,ac1f09fffe296d29,environment_gas_resistance_ohm,50322,,,ohm,measured,environment_gas_resistance_ohm
59604,2026-09-22 03:13:18.065265+00,4ce56f97-ef11-4b82-825c-9f48771987d4,ac1f09fffe296d29,rain_wet,,,f,boolean,measured,rain_wet
59605,2026-09-22 03:13:18.065265+00,4ce56f97-ef11-4b82-825c-9f48771987d4,ac1f09fffe296d29,battery_v,,,,V,invalid,battery_v
59606,2026-09-22 03:13:32.953303+00,7ef61e2f-77a2-4139-990c-03911af6fcdd,ac1f09fffe296d29,soil_moisture_percent,4,,,%,measured,soil_moisture_percent
59607,2026-09-22 03:13:32.953303+00,7ef61e2f-77a2-4139-990c-03911af6fcdd,ac1f09fffe296d29,soil_temperature_c,30.2,,,Cel,measured,soil_temperature_c
59608,2026-09-22 03:13:32.953303+00,7ef61e2f-77a2-4139-990c-03911af6fcdd,ac1f09fffe296d29,uv_index,0,,,1,measured,uv_index
59609,2026-09-22 03:13:32.953303+00,7ef61e2f-77a2-4139-990c-03911af6fcdd,ac1f09fffe296d29,barometer_pressure_pa,101464,,,Pa,measured,barometer_pressure_pa
59610,2026-09-22 03:13:32.953303+00,7ef61e2f-77a2-4139-990c-03911af6fcdd,ac1f09fffe296d29,barometer_temperature_c,25.67,,,Cel,measured,barometer_temperature_c
59611,2026-09-22 03:13:32.953303+00,7ef61e2f-77a2-4139-990c-03911af6fcdd,ac1f09fffe296d29,light_veml7700_lux,182.5,,,lx,measured,light_veml7700_lux
59612,2026-09-22 03:13:32.953303+00,7ef61e2f-77a2-4139-990c-03911af6fcdd,ac1f09fffe296d29,light_opt3001_lux,161.36,,,lx,measured,light_opt3001_lux
59613,2026-09-22 03:13:32.953303+00,7ef61e2f-77a2-4139-990c-03911af6fcdd,ac1f09fffe296d29,environment_temperature_c,28.87,,,Cel,measured,environment_temperature_c
59614,2026-09-22 03:13:32.953303+00,7ef61e2f-77a2-4139-990c-03911af6fcdd,ac1f09fffe296d29,environment_humidity_percent,50.47,,,%,measured,environment_humidity_percent
59615,2026-09-22 03:13:32.953303+00,7ef61e2f-77a2-4139-990c-03911af6fcdd,ac1f09fffe296d29,environment_pressure_pa,101148,,,Pa,measured,environment_pressure_pa
59616,2026-09-22 03:13:32.953303+00,7ef61e2f-77a2-4139-990c-03911af6fcdd,ac1f09fffe296d29,environment_gas_resistance_ohm,50656,,,ohm,measured,environment_gas_resistance_ohm
59617,2026-09-22 03:13:32.953303+00,7ef61e2f-77a2-4139-990c-03911af6fcdd,ac1f09fffe296d29,rain_wet,,,f,boolean,measured,rain_wet
59618,2026-09-22 03:13:32.953303+00,7ef61e2f-77a2-4139-990c-03911af6fcdd,ac1f09fffe296d29,battery_v,,,,V,invalid,battery_v
59619,2026-09-22 03:13:48.08609+00,696f0829-b77a-4c2d-8f62-0fbffb2e5130,ac1f09fffe296d29,soil_moisture_percent,5,,,%,measured,soil_moisture_percent
59620,2026-09-22 03:13:48.08609+00,696f0829-b77a-4c2d-8f62-0fbffb2e5130,ac1f09fffe296d29,soil_temperature_c,30.2,,,Cel,measured,soil_temperature_c
59621,2026-09-22 03:13:48.08609+00,696f0829-b77a-4c2d-8f62-0fbffb2e5130,ac1f09fffe296d29,uv_index,0,,,1,measured,uv_index
59622,2026-09-22 03:13:48.08609+00,696f0829-b77a-4c2d-8f62-0fbffb2e5130,ac1f09fffe296d29,barometer_pressure_pa,101469,,,Pa,measured,barometer_pressure_pa
59623,2026-09-22 03:13:48.08609+00,696f0829-b77a-4c2d-8f62-0fbffb2e5130,ac1f09fffe296d29,barometer_temperature_c,25.66,,,Cel,measured,barometer_temperature_c
59624,2026-09-22 03:13:48.08609+00,696f0829-b77a-4c2d-8f62-0fbffb2e5130,ac1f09fffe296d29,light_veml7700_lux,181.76,,,lx,measured,light_veml7700_lux
59625,2026-09-22 03:13:48.08609+00,696f0829-b77a-4c2d-8f62-0fbffb2e5130,ac1f09fffe296d29,light_opt3001_lux,161.04,,,lx,measured,light_opt3001_lux
59626,2026-09-22 03:13:48.08609+00,696f0829-b77a-4c2d-8f62-0fbffb2e5130,ac1f09fffe296d29,environment_temperature_c,28.86,,,Cel,measured,environment_temperature_c
59627,2026-09-22 03:13:48.08609+00,696f0829-b77a-4c2d-8f62-0fbffb2e5130,ac1f09fffe296d29,environment_humidity_percent,50.96,,,%,measured,environment_humidity_percent
59628,2026-09-22 03:13:48.08609+00,696f0829-b77a-4c2d-8f62-0fbffb2e5130,ac1f09fffe296d29,environment_pressure_pa,101149,,,Pa,measured,environment_pressure_pa
59629,2026-09-22 03:13:48.08609+00,696f0829-b77a-4c2d-8f62-0fbffb2e5130,ac1f09fffe296d29,environment_gas_resistance_ohm,50443,,,ohm,measured,environment_gas_resistance_ohm
59630,2026-09-22 03:13:48.08609+00,696f0829-b77a-4c2d-8f62-0fbffb2e5130,ac1f09fffe296d29,rain_wet,,,f,boolean,measured,rain_wet
59631,2026-09-22 03:13:48.08609+00,696f0829-b77a-4c2d-8f62-0fbffb2e5130,ac1f09fffe296d29,battery_v,,,,V,invalid,battery_v
59632,2026-09-22 03:14:03.400969+00,825ba906-58a4-447c-a153-3ebbadcc31bd,ac1f09fffe296d29,soil_moisture_percent,4,,,%,measured,soil_moisture_percent
59633,2026-09-22 03:14:03.400969+00,825ba906-58a4-447c-a153-3ebbadcc31bd,ac1f09fffe296d29,soil_temperature_c,30.2,,,Cel,measured,soil_temperature_c
59634,2026-09-22 03:14:03.400969+00,825ba906-58a4-447c-a153-3ebbadcc31bd,ac1f09fffe296d29,uv_index,0,,,1,measured,uv_index
59635,2026-09-22 03:14:03.400969+00,825ba906-58a4-447c-a153-3ebbadcc31bd,ac1f09fffe296d29,barometer_pressure_pa,101467,,,Pa,measured,barometer_pressure_pa
59636,2026-09-22 03:14:03.400969+00,825ba906-58a4-447c-a153-3ebbadcc31bd,ac1f09fffe296d29,barometer_temperature_c,25.66,,,Cel,measured,barometer_temperature_c
59637,2026-09-22 03:14:03.400969+00,825ba906-58a4-447c-a153-3ebbadcc31bd,ac1f09fffe296d29,light_veml7700_lux,181.32,,,lx,measured,light_veml7700_lux
59638,2026-09-22 03:14:03.400969+00,825ba906-58a4-447c-a153-3ebbadcc31bd,ac1f09fffe296d29,light_opt3001_lux,160.72,,,lx,measured,light_opt3001_lux
59639,2026-09-22 03:14:03.400969+00,825ba906-58a4-447c-a153-3ebbadcc31bd,ac1f09fffe296d29,environment_temperature_c,28.86,,,Cel,measured,environment_temperature_c
59640,2026-09-22 03:14:03.400969+00,825ba906-58a4-447c-a153-3ebbadcc31bd,ac1f09fffe296d29,environment_humidity_percent,50.44,,,%,measured,environment_humidity_percent
59641,2026-09-22 03:14:03.400969+00,825ba906-58a4-447c-a153-3ebbadcc31bd,ac1f09fffe296d29,environment_pressure_pa,101147,,,Pa,measured,environment_pressure_pa
59642,2026-09-22 03:14:03.400969+00,825ba906-58a4-447c-a153-3ebbadcc31bd,ac1f09fffe296d29,environment_gas_resistance_ohm,50201,,,ohm,measured,environment_gas_resistance_ohm
59643,2026-09-22 03:14:03.400969+00,825ba906-58a4-447c-a153-3ebbadcc31bd,ac1f09fffe296d29,rain_wet,,,f,boolean,measured,rain_wet
59644,2026-09-22 03:14:03.400969+00,825ba906-58a4-447c-a153-3ebbadcc31bd,ac1f09fffe296d29,battery_v,,,,V,invalid,battery_v
59645,2026-09-22 03:14:18.056321+00,879e9ab1-5870-4f5b-ba2e-0698e6dad260,ac1f09fffe296d29,soil_moisture_percent,5,,,%,measured,soil_moisture_percent
59646,2026-09-22 03:14:18.056321+00,879e9ab1-5870-4f5b-ba2e-0698e6dad260,ac1f09fffe296d29,soil_temperature_c,30.2,,,Cel,measured,soil_temperature_c
59647,2026-09-22 03:14:18.056321+00,879e9ab1-5870-4f5b-ba2e-0698e6dad260,ac1f09fffe296d29,uv_index,0,,,1,measured,uv_index
59648,2026-09-22 03:14:18.056321+00,879e9ab1-5870-4f5b-ba2e-0698e6dad260,ac1f09fffe296d29,barometer_pressure_pa,101466,,,Pa,measured,barometer_pressure_pa
59649,2026-09-22 03:14:18.056321+00,879e9ab1-5870-4f5b-ba2e-0698e6dad260,ac1f09fffe296d29,barometer_temperature_c,25.65,,,Cel,measured,barometer_temperature_c
59650,2026-09-22 03:14:18.056321+00,879e9ab1-5870-4f5b-ba2e-0698e6dad260,ac1f09fffe296d29,light_veml7700_lux,181.76,,,lx,measured,light_veml7700_lux
59651,2026-09-22 03:14:18.056321+00,879e9ab1-5870-4f5b-ba2e-0698e6dad260,ac1f09fffe296d29,light_opt3001_lux,161.04,,,lx,measured,light_opt3001_lux
59652,2026-09-22 03:14:18.056321+00,879e9ab1-5870-4f5b-ba2e-0698e6dad260,ac1f09fffe296d29,environment_temperature_c,28.86,,,Cel,measured,environment_temperature_c
59653,2026-09-22 03:14:18.056321+00,879e9ab1-5870-4f5b-ba2e-0698e6dad260,ac1f09fffe296d29,environment_humidity_percent,50.84,,,%,measured,environment_humidity_percent
59654,2026-09-22 03:14:18.056321+00,879e9ab1-5870-4f5b-ba2e-0698e6dad260,ac1f09fffe296d29,environment_pressure_pa,101147,,,Pa,measured,environment_pressure_pa
59655,2026-09-22 03:14:18.056321+00,879e9ab1-5870-4f5b-ba2e-0698e6dad260,ac1f09fffe296d29,environment_gas_resistance_ohm,50473,,,ohm,measured,environment_gas_resistance_ohm
59656,2026-09-22 03:14:18.056321+00,879e9ab1-5870-4f5b-ba2e-0698e6dad260,ac1f09fffe296d29,rain_wet,,,f,boolean,measured,rain_wet
59657,2026-09-22 03:14:18.056321+00,879e9ab1-5870-4f5b-ba2e-0698e6dad260,ac1f09fffe296d29,battery_v,,,,V,invalid,battery_v
59658,2026-09-22 03:14:33.305195+00,198e38f5-f38a-493f-bd83-5135ce2eb55f,ac1f09fffe296d29,soil_moisture_percent,4,,,%,measured,soil_moisture_percent
59659,2026-09-22 03:14:33.305195+00,198e38f5-f38a-493f-bd83-5135ce2eb55f,ac1f09fffe296d29,soil_temperature_c,30.2,,,Cel,measured,soil_temperature_c
59660,2026-09-22 03:14:33.305195+00,198e38f5-f38a-493f-bd83-5135ce2eb55f,ac1f09fffe296d29,uv_index,0,,,1,measured,uv_index
59661,2026-09-22 03:14:33.305195+00,198e38f5-f38a-493f-bd83-5135ce2eb55f,ac1f09fffe296d29,barometer_pressure_pa,101469,,,Pa,measured,barometer_pressure_pa
59662,2026-09-22 03:14:33.305195+00,198e38f5-f38a-493f-bd83-5135ce2eb55f,ac1f09fffe296d29,barometer_temperature_c,25.65,,,Cel,measured,barometer_temperature_c
59663,2026-09-22 03:14:33.305195+00,198e38f5-f38a-493f-bd83-5135ce2eb55f,ac1f09fffe296d29,light_veml7700_lux,182.17,,,lx,measured,light_veml7700_lux
59664,2026-09-22 03:14:33.305195+00,198e38f5-f38a-493f-bd83-5135ce2eb55f,ac1f09fffe296d29,light_opt3001_lux,161.36,,,lx,measured,light_opt3001_lux
59665,2026-09-22 03:14:33.305195+00,198e38f5-f38a-493f-bd83-5135ce2eb55f,ac1f09fffe296d29,environment_temperature_c,28.85,,,Cel,measured,environment_temperature_c
59666,2026-09-22 03:14:33.305195+00,198e38f5-f38a-493f-bd83-5135ce2eb55f,ac1f09fffe296d29,environment_humidity_percent,50.51,,,%,measured,environment_humidity_percent
59667,2026-09-22 03:14:33.305195+00,198e38f5-f38a-493f-bd83-5135ce2eb55f,ac1f09fffe296d29,environment_pressure_pa,101148,,,Pa,measured,environment_pressure_pa
59668,2026-09-22 03:14:33.305195+00,198e38f5-f38a-493f-bd83-5135ce2eb55f,ac1f09fffe296d29,environment_gas_resistance_ohm,50656,,,ohm,measured,environment_gas_resistance_ohm
59669,2026-09-22 03:14:33.305195+00,198e38f5-f38a-493f-bd83-5135ce2eb55f,ac1f09fffe296d29,rain_wet,,,f,boolean,measured,rain_wet
59670,2026-09-22 03:14:33.305195+00,198e38f5-f38a-493f-bd83-5135ce2eb55f,ac1f09fffe296d29,battery_v,,,,V,invalid,battery_v
59671,2026-09-22 03:14:47.992177+00,53726601-f3a3-4475-924b-06370825ceea,ac1f09fffe296d29,soil_moisture_percent,4,,,%,measured,soil_moisture_percent
59672,2026-09-22 03:14:47.992177+00,53726601-f3a3-4475-924b-06370825ceea,ac1f09fffe296d29,soil_temperature_c,30.2,,,Cel,measured,soil_temperature_c
59673,2026-09-22 03:14:47.992177+00,53726601-f3a3-4475-924b-06370825ceea,ac1f09fffe296d29,uv_index,0,,,1,measured,uv_index
59674,2026-09-22 03:14:47.992177+00,53726601-f3a3-4475-924b-06370825ceea,ac1f09fffe296d29,barometer_pressure_pa,101465,,,Pa,measured,barometer_pressure_pa
59675,2026-09-22 03:14:47.992177+00,53726601-f3a3-4475-924b-06370825ceea,ac1f09fffe296d29,barometer_temperature_c,25.64,,,Cel,measured,barometer_temperature_c
59676,2026-09-22 03:14:47.992177+00,53726601-f3a3-4475-924b-06370825ceea,ac1f09fffe296d29,light_veml7700_lux,182.12,,,lx,measured,light_veml7700_lux
59677,2026-09-22 03:14:47.992177+00,53726601-f3a3-4475-924b-06370825ceea,ac1f09fffe296d29,light_opt3001_lux,161.36,,,lx,measured,light_opt3001_lux
59678,2026-09-22 03:14:47.992177+00,53726601-f3a3-4475-924b-06370825ceea,ac1f09fffe296d29,environment_temperature_c,28.84,,,Cel,measured,environment_temperature_c
59679,2026-09-22 03:14:47.992177+00,53726601-f3a3-4475-924b-06370825ceea,ac1f09fffe296d29,environment_humidity_percent,50.71,,,%,measured,environment_humidity_percent
59680,2026-09-22 03:14:47.992177+00,53726601-f3a3-4475-924b-06370825ceea,ac1f09fffe296d29,environment_pressure_pa,101148,,,Pa,measured,environment_pressure_pa
59681,2026-09-22 03:14:47.992177+00,53726601-f3a3-4475-924b-06370825ceea,ac1f09fffe296d29,environment_gas_resistance_ohm,50656,,,ohm,measured,environment_gas_resistance_ohm
59682,2026-09-22 03:14:47.992177+00,53726601-f3a3-4475-924b-06370825ceea,ac1f09fffe296d29,rain_wet,,,f,boolean,measured,rain_wet
59683,2026-09-22 03:14:47.992177+00,53726601-f3a3-4475-924b-06370825ceea,ac1f09fffe296d29,battery_v,,,,V,invalid,battery_v
59684,2026-09-22 03:15:03.57363+00,6c15cf63-de50-4672-a494-7a5e71c355c8,ac1f09fffe296d29,soil_moisture_percent,2,,,%,measured,soil_moisture_percent
59685,2026-09-22 03:15:03.57363+00,6c15cf63-de50-4672-a494-7a5e71c355c8,ac1f09fffe296d29,soil_temperature_c,30.2,,,Cel,measured,soil_temperature_c
59686,2026-09-22 03:15:03.57363+00,6c15cf63-de50-4672-a494-7a5e71c355c8,ac1f09fffe296d29,uv_index,0,,,1,measured,uv_index
59687,2026-09-22 03:15:03.57363+00,6c15cf63-de50-4672-a494-7a5e71c355c8,ac1f09fffe296d29,barometer_pressure_pa,101465,,,Pa,measured,barometer_pressure_pa
59688,2026-09-22 03:15:03.57363+00,6c15cf63-de50-4672-a494-7a5e71c355c8,ac1f09fffe296d29,barometer_temperature_c,25.64,,,Cel,measured,barometer_temperature_c
59689,2026-09-22 03:15:03.57363+00,6c15cf63-de50-4672-a494-7a5e71c355c8,ac1f09fffe296d29,light_veml7700_lux,167.62,,,lx,measured,light_veml7700_lux
59690,2026-09-22 03:15:03.57363+00,6c15cf63-de50-4672-a494-7a5e71c355c8,ac1f09fffe296d29,light_opt3001_lux,151.68,,,lx,measured,light_opt3001_lux
59691,2026-09-22 03:15:03.57363+00,6c15cf63-de50-4672-a494-7a5e71c355c8,ac1f09fffe296d29,environment_temperature_c,28.84,,,Cel,measured,environment_temperature_c
59692,2026-09-22 03:15:03.57363+00,6c15cf63-de50-4672-a494-7a5e71c355c8,ac1f09fffe296d29,environment_humidity_percent,50.93,,,%,measured,environment_humidity_percent
59693,2026-09-22 03:15:03.57363+00,6c15cf63-de50-4672-a494-7a5e71c355c8,ac1f09fffe296d29,environment_pressure_pa,101146,,,Pa,measured,environment_pressure_pa
59694,2026-09-22 03:15:03.57363+00,6c15cf63-de50-4672-a494-7a5e71c355c8,ac1f09fffe296d29,environment_gas_resistance_ohm,50291,,,ohm,measured,environment_gas_resistance_ohm
59695,2026-09-22 03:15:03.57363+00,6c15cf63-de50-4672-a494-7a5e71c355c8,ac1f09fffe296d29,rain_wet,,,f,boolean,measured,rain_wet
59696,2026-09-22 03:15:03.57363+00,6c15cf63-de50-4672-a494-7a5e71c355c8,ac1f09fffe296d29,battery_v,,,,V,invalid,battery_v
59697,2026-09-22 03:15:18.015133+00,b73f4011-3d71-499e-9d64-859e265a4418,ac1f09fffe296d29,soil_moisture_percent,4,,,%,measured,soil_moisture_percent
59698,2026-09-22 03:15:18.015133+00,b73f4011-3d71-499e-9d64-859e265a4418,ac1f09fffe296d29,soil_temperature_c,30.2,,,Cel,measured,soil_temperature_c
59699,2026-09-22 03:15:18.015133+00,b73f4011-3d71-499e-9d64-859e265a4418,ac1f09fffe296d29,uv_index,0,,,1,measured,uv_index
59700,2026-09-22 03:15:18.015133+00,b73f4011-3d71-499e-9d64-859e265a4418,ac1f09fffe296d29,barometer_pressure_pa,101468,,,Pa,measured,barometer_pressure_pa
59701,2026-09-22 03:15:18.015133+00,b73f4011-3d71-499e-9d64-859e265a4418,ac1f09fffe296d29,barometer_temperature_c,25.64,,,Cel,measured,barometer_temperature_c
59702,2026-09-22 03:15:18.015133+00,b73f4011-3d71-499e-9d64-859e265a4418,ac1f09fffe296d29,light_veml7700_lux,181.18,,,lx,measured,light_veml7700_lux
59703,2026-09-22 03:15:18.015133+00,b73f4011-3d71-499e-9d64-859e265a4418,ac1f09fffe296d29,light_opt3001_lux,161.64,,,lx,measured,light_opt3001_lux
59704,2026-09-22 03:15:18.015133+00,b73f4011-3d71-499e-9d64-859e265a4418,ac1f09fffe296d29,environment_temperature_c,28.85,,,Cel,measured,environment_temperature_c
59705,2026-09-22 03:15:18.015133+00,b73f4011-3d71-499e-9d64-859e265a4418,ac1f09fffe296d29,environment_humidity_percent,50.83,,,%,measured,environment_humidity_percent
59706,2026-09-22 03:15:18.015133+00,b73f4011-3d71-499e-9d64-859e265a4418,ac1f09fffe296d29,environment_pressure_pa,101147,,,Pa,measured,environment_pressure_pa
59707,2026-09-22 03:15:18.015133+00,b73f4011-3d71-499e-9d64-859e265a4418,ac1f09fffe296d29,environment_gas_resistance_ohm,50051,,,ohm,measured,environment_gas_resistance_ohm
59708,2026-09-22 03:15:18.015133+00,b73f4011-3d71-499e-9d64-859e265a4418,ac1f09fffe296d29,rain_wet,,,f,boolean,measured,rain_wet
59709,2026-09-22 03:15:18.015133+00,b73f4011-3d71-499e-9d64-859e265a4418,ac1f09fffe296d29,battery_v,,,,V,invalid,battery_v
59710,2026-09-22 03:15:33.242735+00,c3be7f18-6de4-43c2-ac8e-e591516ed97f,ac1f09fffe296d29,soil_moisture_percent,5,,,%,measured,soil_moisture_percent
59711,2026-09-22 03:15:33.242735+00,c3be7f18-6de4-43c2-ac8e-e591516ed97f,ac1f09fffe296d29,soil_temperature_c,30.2,,,Cel,measured,soil_temperature_c
59712,2026-09-22 03:15:33.242735+00,c3be7f18-6de4-43c2-ac8e-e591516ed97f,ac1f09fffe296d29,uv_index,0,,,1,measured,uv_index
59713,2026-09-22 03:15:33.242735+00,c3be7f18-6de4-43c2-ac8e-e591516ed97f,ac1f09fffe296d29,barometer_pressure_pa,101460,,,Pa,measured,barometer_pressure_pa
59714,2026-09-22 03:15:33.242735+00,c3be7f18-6de4-43c2-ac8e-e591516ed97f,ac1f09fffe296d29,barometer_temperature_c,25.63,,,Cel,measured,barometer_temperature_c
59715,2026-09-22 03:15:33.242735+00,c3be7f18-6de4-43c2-ac8e-e591516ed97f,ac1f09fffe296d29,light_veml7700_lux,174.65,,,lx,measured,light_veml7700_lux
59716,2026-09-22 03:15:33.242735+00,c3be7f18-6de4-43c2-ac8e-e591516ed97f,ac1f09fffe296d29,light_opt3001_lux,159.76,,,lx,measured,light_opt3001_lux
59717,2026-09-22 03:15:33.242735+00,c3be7f18-6de4-43c2-ac8e-e591516ed97f,ac1f09fffe296d29,environment_temperature_c,28.87,,,Cel,measured,environment_temperature_c
59718,2026-09-22 03:15:33.242735+00,c3be7f18-6de4-43c2-ac8e-e591516ed97f,ac1f09fffe296d29,environment_humidity_percent,50.89,,,%,measured,environment_humidity_percent
59719,2026-09-22 03:15:33.242735+00,c3be7f18-6de4-43c2-ac8e-e591516ed97f,ac1f09fffe296d29,environment_pressure_pa,101145,,,Pa,measured,environment_pressure_pa
59720,2026-09-22 03:15:33.242735+00,c3be7f18-6de4-43c2-ac8e-e591516ed97f,ac1f09fffe296d29,environment_gas_resistance_ohm,50081,,,ohm,measured,environment_gas_resistance_ohm
59721,2026-09-22 03:15:33.242735+00,c3be7f18-6de4-43c2-ac8e-e591516ed97f,ac1f09fffe296d29,rain_wet,,,f,boolean,measured,rain_wet
59722,2026-09-22 03:15:33.242735+00,c3be7f18-6de4-43c2-ac8e-e591516ed97f,ac1f09fffe296d29,battery_v,,,,V,invalid,battery_v
59723,2026-09-22 03:15:48.058278+00,ca8589a0-f28c-4d64-b4c8-dc10b93e4834,ac1f09fffe296d29,soil_moisture_percent,4,,,%,measured,soil_moisture_percent
59724,2026-09-22 03:15:48.058278+00,ca8589a0-f28c-4d64-b4c8-dc10b93e4834,ac1f09fffe296d29,soil_temperature_c,30.2,,,Cel,measured,soil_temperature_c
59725,2026-09-22 03:15:48.058278+00,ca8589a0-f28c-4d64-b4c8-dc10b93e4834,ac1f09fffe296d29,uv_index,0,,,1,measured,uv_index
59726,2026-09-22 03:15:48.058278+00,ca8589a0-f28c-4d64-b4c8-dc10b93e4834,ac1f09fffe296d29,barometer_pressure_pa,101460,,,Pa,measured,barometer_pressure_pa
59727,2026-09-22 03:15:48.058278+00,ca8589a0-f28c-4d64-b4c8-dc10b93e4834,ac1f09fffe296d29,barometer_temperature_c,25.63,,,Cel,measured,barometer_temperature_c
59728,2026-09-22 03:15:48.058278+00,ca8589a0-f28c-4d64-b4c8-dc10b93e4834,ac1f09fffe296d29,light_veml7700_lux,182.8,,,lx,measured,light_veml7700_lux
59729,2026-09-22 03:15:48.058278+00,ca8589a0-f28c-4d64-b4c8-dc10b93e4834,ac1f09fffe296d29,light_opt3001_lux,162,,,lx,measured,light_opt3001_lux
59730,2026-09-22 03:15:48.058278+00,ca8589a0-f28c-4d64-b4c8-dc10b93e4834,ac1f09fffe296d29,environment_temperature_c,28.87,,,Cel,measured,environment_temperature_c
59731,2026-09-22 03:15:48.058278+00,ca8589a0-f28c-4d64-b4c8-dc10b93e4834,ac1f09fffe296d29,environment_humidity_percent,50.96,,,%,measured,environment_humidity_percent
59732,2026-09-22 03:15:48.058278+00,ca8589a0-f28c-4d64-b4c8-dc10b93e4834,ac1f09fffe296d29,environment_pressure_pa,101145,,,Pa,measured,environment_pressure_pa
59733,2026-09-22 03:15:48.058278+00,ca8589a0-f28c-4d64-b4c8-dc10b93e4834,ac1f09fffe296d29,environment_gas_resistance_ohm,49961,,,ohm,measured,environment_gas_resistance_ohm
59734,2026-09-22 03:15:48.058278+00,ca8589a0-f28c-4d64-b4c8-dc10b93e4834,ac1f09fffe296d29,rain_wet,,,f,boolean,measured,rain_wet
59735,2026-09-22 03:15:48.058278+00,ca8589a0-f28c-4d64-b4c8-dc10b93e4834,ac1f09fffe296d29,battery_v,,,,V,invalid,battery_v
59736,2026-09-22 03:16:03.404917+00,98fe51e7-2397-4eaa-852c-ef9e9b3ef150,ac1f09fffe296d29,soil_moisture_percent,4,,,%,measured,soil_moisture_percent
59737,2026-09-22 03:16:03.404917+00,98fe51e7-2397-4eaa-852c-ef9e9b3ef150,ac1f09fffe296d29,soil_temperature_c,30.2,,,Cel,measured,soil_temperature_c
59738,2026-09-22 03:16:03.404917+00,98fe51e7-2397-4eaa-852c-ef9e9b3ef150,ac1f09fffe296d29,uv_index,0,,,1,measured,uv_index
59739,2026-09-22 03:16:03.404917+00,98fe51e7-2397-4eaa-852c-ef9e9b3ef150,ac1f09fffe296d29,barometer_pressure_pa,101465,,,Pa,measured,barometer_pressure_pa
59740,2026-09-22 03:16:03.404917+00,98fe51e7-2397-4eaa-852c-ef9e9b3ef150,ac1f09fffe296d29,barometer_temperature_c,25.63,,,Cel,measured,barometer_temperature_c
59741,2026-09-22 03:16:03.404917+00,98fe51e7-2397-4eaa-852c-ef9e9b3ef150,ac1f09fffe296d29,light_veml7700_lux,182.47,,,lx,measured,light_veml7700_lux
59742,2026-09-22 03:16:03.404917+00,98fe51e7-2397-4eaa-852c-ef9e9b3ef150,ac1f09fffe296d29,light_opt3001_lux,161.68,,,lx,measured,light_opt3001_lux
59743,2026-09-22 03:16:03.404917+00,98fe51e7-2397-4eaa-852c-ef9e9b3ef150,ac1f09fffe296d29,environment_temperature_c,28.87,,,Cel,measured,environment_temperature_c
59744,2026-09-22 03:16:03.404917+00,98fe51e7-2397-4eaa-852c-ef9e9b3ef150,ac1f09fffe296d29,environment_humidity_percent,51.06,,,%,measured,environment_humidity_percent
59745,2026-09-22 03:16:03.404917+00,98fe51e7-2397-4eaa-852c-ef9e9b3ef150,ac1f09fffe296d29,environment_pressure_pa,101144,,,Pa,measured,environment_pressure_pa
59746,2026-09-22 03:16:03.404917+00,98fe51e7-2397-4eaa-852c-ef9e9b3ef150,ac1f09fffe296d29,environment_gas_resistance_ohm,49783,,,ohm,measured,environment_gas_resistance_ohm
59747,2026-09-22 03:16:03.404917+00,98fe51e7-2397-4eaa-852c-ef9e9b3ef150,ac1f09fffe296d29,rain_wet,,,f,boolean,measured,rain_wet
59748,2026-09-22 03:16:03.404917+00,98fe51e7-2397-4eaa-852c-ef9e9b3ef150,ac1f09fffe296d29,battery_v,,,,V,invalid,battery_v
59749,2026-09-22 03:16:18.213211+00,bf828547-3a20-420a-9694-c9272750d971,ac1f09fffe296d29,soil_moisture_percent,5,,,%,measured,soil_moisture_percent
59750,2026-09-22 03:16:18.213211+00,bf828547-3a20-420a-9694-c9272750d971,ac1f09fffe296d29,soil_temperature_c,30.2,,,Cel,measured,soil_temperature_c
59751,2026-09-22 03:16:18.213211+00,bf828547-3a20-420a-9694-c9272750d971,ac1f09fffe296d29,uv_index,0,,,1,measured,uv_index
59752,2026-09-22 03:16:18.213211+00,bf828547-3a20-420a-9694-c9272750d971,ac1f09fffe296d29,barometer_pressure_pa,101463,,,Pa,measured,barometer_pressure_pa
59753,2026-09-22 03:16:18.213211+00,bf828547-3a20-420a-9694-c9272750d971,ac1f09fffe296d29,barometer_temperature_c,25.63,,,Cel,measured,barometer_temperature_c
59754,2026-09-22 03:16:18.213211+00,bf828547-3a20-420a-9694-c9272750d971,ac1f09fffe296d29,light_veml7700_lux,182.46,,,lx,measured,light_veml7700_lux
59755,2026-09-22 03:16:18.213211+00,bf828547-3a20-420a-9694-c9272750d971,ac1f09fffe296d29,light_opt3001_lux,161.36,,,lx,measured,light_opt3001_lux
59756,2026-09-22 03:16:18.213211+00,bf828547-3a20-420a-9694-c9272750d971,ac1f09fffe296d29,environment_temperature_c,28.87,,,Cel,measured,environment_temperature_c
59757,2026-09-22 03:16:18.213211+00,bf828547-3a20-420a-9694-c9272750d971,ac1f09fffe296d29,environment_humidity_percent,51.14,,,%,measured,environment_humidity_percent
59758,2026-09-22 03:16:18.213211+00,bf828547-3a20-420a-9694-c9272750d971,ac1f09fffe296d29,environment_pressure_pa,101142,,,Pa,measured,environment_pressure_pa
59759,2026-09-22 03:16:18.213211+00,bf828547-3a20-420a-9694-c9272750d971,ac1f09fffe296d29,environment_gas_resistance_ohm,49518,,,ohm,measured,environment_gas_resistance_ohm
59760,2026-09-22 03:16:18.213211+00,bf828547-3a20-420a-9694-c9272750d971,ac1f09fffe296d29,rain_wet,,,f,boolean,measured,rain_wet
59761,2026-09-22 03:16:18.213211+00,bf828547-3a20-420a-9694-c9272750d971,ac1f09fffe296d29,battery_v,,,,V,invalid,battery_v
59762,2026-09-22 03:16:33.344571+00,6551b329-c497-4cde-b977-1af9b0a319f1,ac1f09fffe296d29,soil_moisture_percent,5,,,%,measured,soil_moisture_percent
59763,2026-09-22 03:16:33.344571+00,6551b329-c497-4cde-b977-1af9b0a319f1,ac1f09fffe296d29,soil_temperature_c,30.2,,,Cel,measured,soil_temperature_c
59764,2026-09-22 03:16:33.344571+00,6551b329-c497-4cde-b977-1af9b0a319f1,ac1f09fffe296d29,uv_index,0,,,1,measured,uv_index
59765,2026-09-22 03:16:33.344571+00,6551b329-c497-4cde-b977-1af9b0a319f1,ac1f09fffe296d29,barometer_pressure_pa,101461,,,Pa,measured,barometer_pressure_pa
59766,2026-09-22 03:16:33.344571+00,6551b329-c497-4cde-b977-1af9b0a319f1,ac1f09fffe296d29,barometer_temperature_c,25.63,,,Cel,measured,barometer_temperature_c
59767,2026-09-22 03:16:33.344571+00,6551b329-c497-4cde-b977-1af9b0a319f1,ac1f09fffe296d29,light_veml7700_lux,182.4,,,lx,measured,light_veml7700_lux
59768,2026-09-22 03:16:33.344571+00,6551b329-c497-4cde-b977-1af9b0a319f1,ac1f09fffe296d29,light_opt3001_lux,161.68,,,lx,measured,light_opt3001_lux
59769,2026-09-22 03:16:33.344571+00,6551b329-c497-4cde-b977-1af9b0a319f1,ac1f09fffe296d29,environment_temperature_c,28.88,,,Cel,measured,environment_temperature_c
59770,2026-09-22 03:16:33.344571+00,6551b329-c497-4cde-b977-1af9b0a319f1,ac1f09fffe296d29,environment_humidity_percent,51.01,,,%,measured,environment_humidity_percent
59771,2026-09-22 03:16:33.344571+00,6551b329-c497-4cde-b977-1af9b0a319f1,ac1f09fffe296d29,environment_pressure_pa,101142,,,Pa,measured,environment_pressure_pa
59772,2026-09-22 03:16:33.344571+00,6551b329-c497-4cde-b977-1af9b0a319f1,ac1f09fffe296d29,environment_gas_resistance_ohm,49665,,,ohm,measured,environment_gas_resistance_ohm
59773,2026-09-22 03:16:33.344571+00,6551b329-c497-4cde-b977-1af9b0a319f1,ac1f09fffe296d29,rain_wet,,,f,boolean,measured,rain_wet
59774,2026-09-22 03:16:33.344571+00,6551b329-c497-4cde-b977-1af9b0a319f1,ac1f09fffe296d29,battery_v,,,,V,invalid,battery_v
59775,2026-09-22 03:16:48.031178+00,0d56bf4e-0526-448b-8c03-dff2258bf642,ac1f09fffe296d29,soil_moisture_percent,4,,,%,measured,soil_moisture_percent
59776,2026-09-22 03:16:48.031178+00,0d56bf4e-0526-448b-8c03-dff2258bf642,ac1f09fffe296d29,soil_temperature_c,30.2,,,Cel,measured,soil_temperature_c
59777,2026-09-22 03:16:48.031178+00,0d56bf4e-0526-448b-8c03-dff2258bf642,ac1f09fffe296d29,uv_index,0,,,1,measured,uv_index
59778,2026-09-22 03:16:48.031178+00,0d56bf4e-0526-448b-8c03-dff2258bf642,ac1f09fffe296d29,barometer_pressure_pa,101460,,,Pa,measured,barometer_pressure_pa
59779,2026-09-22 03:16:48.031178+00,0d56bf4e-0526-448b-8c03-dff2258bf642,ac1f09fffe296d29,barometer_temperature_c,25.63,,,Cel,measured,barometer_temperature_c
59780,2026-09-22 03:16:48.031178+00,0d56bf4e-0526-448b-8c03-dff2258bf642,ac1f09fffe296d29,light_veml7700_lux,182.4,,,lx,measured,light_veml7700_lux
59781,2026-09-22 03:16:48.031178+00,0d56bf4e-0526-448b-8c03-dff2258bf642,ac1f09fffe296d29,light_opt3001_lux,161.68,,,lx,measured,light_opt3001_lux
59782,2026-09-22 03:16:48.031178+00,0d56bf4e-0526-448b-8c03-dff2258bf642,ac1f09fffe296d29,environment_temperature_c,28.88,,,Cel,measured,environment_temperature_c
59783,2026-09-22 03:16:48.031178+00,0d56bf4e-0526-448b-8c03-dff2258bf642,ac1f09fffe296d29,environment_humidity_percent,51.1,,,%,measured,environment_humidity_percent
59784,2026-09-22 03:16:48.031178+00,0d56bf4e-0526-448b-8c03-dff2258bf642,ac1f09fffe296d29,environment_pressure_pa,101141,,,Pa,measured,environment_pressure_pa
59785,2026-09-22 03:16:48.031178+00,0d56bf4e-0526-448b-8c03-dff2258bf642,ac1f09fffe296d29,environment_gas_resistance_ohm,49813,,,ohm,measured,environment_gas_resistance_ohm
59786,2026-09-22 03:16:48.031178+00,0d56bf4e-0526-448b-8c03-dff2258bf642,ac1f09fffe296d29,rain_wet,,,f,boolean,measured,rain_wet
59787,2026-09-22 03:16:48.031178+00,0d56bf4e-0526-448b-8c03-dff2258bf642,ac1f09fffe296d29,battery_v,,,,V,invalid,battery_v
59788,2026-09-22 03:17:03.407705+00,8a7d63ea-dc4f-4504-b5a5-c9d1160f5c44,ac1f09fffe296d29,soil_moisture_percent,4,,,%,measured,soil_moisture_percent
59789,2026-09-22 03:17:03.407705+00,8a7d63ea-dc4f-4504-b5a5-c9d1160f5c44,ac1f09fffe296d29,soil_temperature_c,30.2,,,Cel,measured,soil_temperature_c
59790,2026-09-22 03:17:03.407705+00,8a7d63ea-dc4f-4504-b5a5-c9d1160f5c44,ac1f09fffe296d29,uv_index,0,,,1,measured,uv_index
59791,2026-09-22 03:17:03.407705+00,8a7d63ea-dc4f-4504-b5a5-c9d1160f5c44,ac1f09fffe296d29,barometer_pressure_pa,101463,,,Pa,measured,barometer_pressure_pa
59792,2026-09-22 03:17:03.407705+00,8a7d63ea-dc4f-4504-b5a5-c9d1160f5c44,ac1f09fffe296d29,barometer_temperature_c,25.64,,,Cel,measured,barometer_temperature_c
59793,2026-09-22 03:17:03.407705+00,8a7d63ea-dc4f-4504-b5a5-c9d1160f5c44,ac1f09fffe296d29,light_veml7700_lux,182.39,,,lx,measured,light_veml7700_lux
59794,2026-09-22 03:17:03.407705+00,8a7d63ea-dc4f-4504-b5a5-c9d1160f5c44,ac1f09fffe296d29,light_opt3001_lux,161.68,,,lx,measured,light_opt3001_lux
59795,2026-09-22 03:17:03.407705+00,8a7d63ea-dc4f-4504-b5a5-c9d1160f5c44,ac1f09fffe296d29,environment_temperature_c,28.88,,,Cel,measured,environment_temperature_c
59796,2026-09-22 03:17:03.407705+00,8a7d63ea-dc4f-4504-b5a5-c9d1160f5c44,ac1f09fffe296d29,environment_humidity_percent,50.85,,,%,measured,environment_humidity_percent
59797,2026-09-22 03:17:03.407705+00,8a7d63ea-dc4f-4504-b5a5-c9d1160f5c44,ac1f09fffe296d29,environment_pressure_pa,101142,,,Pa,measured,environment_pressure_pa
59798,2026-09-22 03:17:03.407705+00,8a7d63ea-dc4f-4504-b5a5-c9d1160f5c44,ac1f09fffe296d29,environment_gas_resistance_ohm,49577,,,ohm,measured,environment_gas_resistance_ohm
59799,2026-09-22 03:17:03.407705+00,8a7d63ea-dc4f-4504-b5a5-c9d1160f5c44,ac1f09fffe296d29,rain_wet,,,f,boolean,measured,rain_wet
59800,2026-09-22 03:17:03.407705+00,8a7d63ea-dc4f-4504-b5a5-c9d1160f5c44,ac1f09fffe296d29,battery_v,,,,V,invalid,battery_v
59801,2026-09-22 03:17:18.070144+00,80124a95-0974-43ba-9963-5d180f777398,ac1f09fffe296d29,soil_moisture_percent,5,,,%,measured,soil_moisture_percent
59802,2026-09-22 03:17:18.070144+00,80124a95-0974-43ba-9963-5d180f777398,ac1f09fffe296d29,soil_temperature_c,30.2,,,Cel,measured,soil_temperature_c
59803,2026-09-22 03:17:18.070144+00,80124a95-0974-43ba-9963-5d180f777398,ac1f09fffe296d29,uv_index,0,,,1,measured,uv_index
59804,2026-09-22 03:17:18.070144+00,80124a95-0974-43ba-9963-5d180f777398,ac1f09fffe296d29,barometer_pressure_pa,101460,,,Pa,measured,barometer_pressure_pa
59805,2026-09-22 03:17:18.070144+00,80124a95-0974-43ba-9963-5d180f777398,ac1f09fffe296d29,barometer_temperature_c,25.64,,,Cel,measured,barometer_temperature_c
59806,2026-09-22 03:17:18.070144+00,80124a95-0974-43ba-9963-5d180f777398,ac1f09fffe296d29,light_veml7700_lux,182.44,,,lx,measured,light_veml7700_lux
59807,2026-09-22 03:17:18.070144+00,80124a95-0974-43ba-9963-5d180f777398,ac1f09fffe296d29,light_opt3001_lux,161.68,,,lx,measured,light_opt3001_lux
59808,2026-09-22 03:17:18.070144+00,80124a95-0974-43ba-9963-5d180f777398,ac1f09fffe296d29,environment_temperature_c,28.87,,,Cel,measured,environment_temperature_c
59809,2026-09-22 03:17:18.070144+00,80124a95-0974-43ba-9963-5d180f777398,ac1f09fffe296d29,environment_humidity_percent,51.04,,,%,measured,environment_humidity_percent
59810,2026-09-22 03:17:18.070144+00,80124a95-0974-43ba-9963-5d180f777398,ac1f09fffe296d29,environment_pressure_pa,101142,,,Pa,measured,environment_pressure_pa
59811,2026-09-22 03:17:18.070144+00,80124a95-0974-43ba-9963-5d180f777398,ac1f09fffe296d29,environment_gas_resistance_ohm,49636,,,ohm,measured,environment_gas_resistance_ohm
59812,2026-09-22 03:17:18.070144+00,80124a95-0974-43ba-9963-5d180f777398,ac1f09fffe296d29,rain_wet,,,f,boolean,measured,rain_wet
59813,2026-09-22 03:17:18.070144+00,80124a95-0974-43ba-9963-5d180f777398,ac1f09fffe296d29,battery_v,,,,V,invalid,battery_v
59814,2026-09-22 03:17:33.331797+00,353149cc-524b-4ee0-8335-2ef00155001e,ac1f09fffe296d29,soil_moisture_percent,5,,,%,measured,soil_moisture_percent
59815,2026-09-22 03:17:33.331797+00,353149cc-524b-4ee0-8335-2ef00155001e,ac1f09fffe296d29,soil_temperature_c,30.2,,,Cel,measured,soil_temperature_c
59816,2026-09-22 03:17:33.331797+00,353149cc-524b-4ee0-8335-2ef00155001e,ac1f09fffe296d29,uv_index,0,,,1,measured,uv_index
59817,2026-09-22 03:17:33.331797+00,353149cc-524b-4ee0-8335-2ef00155001e,ac1f09fffe296d29,barometer_pressure_pa,101461,,,Pa,measured,barometer_pressure_pa
59818,2026-09-22 03:17:33.331797+00,353149cc-524b-4ee0-8335-2ef00155001e,ac1f09fffe296d29,barometer_temperature_c,25.65,,,Cel,measured,barometer_temperature_c
59819,2026-09-22 03:17:33.331797+00,353149cc-524b-4ee0-8335-2ef00155001e,ac1f09fffe296d29,light_veml7700_lux,182.32,,,lx,measured,light_veml7700_lux
59820,2026-09-22 03:17:33.331797+00,353149cc-524b-4ee0-8335-2ef00155001e,ac1f09fffe296d29,light_opt3001_lux,161.68,,,lx,measured,light_opt3001_lux
59821,2026-09-22 03:17:33.331797+00,353149cc-524b-4ee0-8335-2ef00155001e,ac1f09fffe296d29,environment_temperature_c,28.87,,,Cel,measured,environment_temperature_c
59822,2026-09-22 03:17:33.331797+00,353149cc-524b-4ee0-8335-2ef00155001e,ac1f09fffe296d29,environment_humidity_percent,51.2,,,%,measured,environment_humidity_percent
59823,2026-09-22 03:17:33.331797+00,353149cc-524b-4ee0-8335-2ef00155001e,ac1f09fffe296d29,environment_pressure_pa,101141,,,Pa,measured,environment_pressure_pa
59824,2026-09-22 03:17:33.331797+00,353149cc-524b-4ee0-8335-2ef00155001e,ac1f09fffe296d29,environment_gas_resistance_ohm,49695,,,ohm,measured,environment_gas_resistance_ohm
59825,2026-09-22 03:17:33.331797+00,353149cc-524b-4ee0-8335-2ef00155001e,ac1f09fffe296d29,rain_wet,,,f,boolean,measured,rain_wet
59826,2026-09-22 03:17:33.331797+00,353149cc-524b-4ee0-8335-2ef00155001e,ac1f09fffe296d29,battery_v,,,,V,invalid,battery_v
59827,2026-09-22 03:17:48.160502+00,6c692c3b-5b70-4f87-8b1c-c2aacbb3c7e4,ac1f09fffe296d29,soil_moisture_percent,3,,,%,measured,soil_moisture_percent
59828,2026-09-22 03:17:48.160502+00,6c692c3b-5b70-4f87-8b1c-c2aacbb3c7e4,ac1f09fffe296d29,soil_temperature_c,30.2,,,Cel,measured,soil_temperature_c
59829,2026-09-22 03:17:48.160502+00,6c692c3b-5b70-4f87-8b1c-c2aacbb3c7e4,ac1f09fffe296d29,uv_index,0,,,1,measured,uv_index
59830,2026-09-22 03:17:48.160502+00,6c692c3b-5b70-4f87-8b1c-c2aacbb3c7e4,ac1f09fffe296d29,barometer_pressure_pa,101461,,,Pa,measured,barometer_pressure_pa
59831,2026-09-22 03:17:48.160502+00,6c692c3b-5b70-4f87-8b1c-c2aacbb3c7e4,ac1f09fffe296d29,barometer_temperature_c,25.66,,,Cel,measured,barometer_temperature_c
59832,2026-09-22 03:17:48.160502+00,6c692c3b-5b70-4f87-8b1c-c2aacbb3c7e4,ac1f09fffe296d29,light_veml7700_lux,182.33,,,lx,measured,light_veml7700_lux
59833,2026-09-22 03:17:48.160502+00,6c692c3b-5b70-4f87-8b1c-c2aacbb3c7e4,ac1f09fffe296d29,light_opt3001_lux,161.68,,,lx,measured,light_opt3001_lux
59834,2026-09-22 03:17:48.160502+00,6c692c3b-5b70-4f87-8b1c-c2aacbb3c7e4,ac1f09fffe296d29,environment_temperature_c,28.87,,,Cel,measured,environment_temperature_c
59835,2026-09-22 03:17:48.160502+00,6c692c3b-5b70-4f87-8b1c-c2aacbb3c7e4,ac1f09fffe296d29,environment_humidity_percent,50.98,,,%,measured,environment_humidity_percent
59836,2026-09-22 03:17:48.160502+00,6c692c3b-5b70-4f87-8b1c-c2aacbb3c7e4,ac1f09fffe296d29,environment_pressure_pa,101142,,,Pa,measured,environment_pressure_pa
59837,2026-09-22 03:17:48.160502+00,6c692c3b-5b70-4f87-8b1c-c2aacbb3c7e4,ac1f09fffe296d29,environment_gas_resistance_ohm,49754,,,ohm,measured,environment_gas_resistance_ohm
59838,2026-09-22 03:17:48.160502+00,6c692c3b-5b70-4f87-8b1c-c2aacbb3c7e4,ac1f09fffe296d29,rain_wet,,,f,boolean,measured,rain_wet
59839,2026-09-22 03:17:48.160502+00,6c692c3b-5b70-4f87-8b1c-c2aacbb3c7e4,ac1f09fffe296d29,battery_v,,,,V,invalid,battery_v
59840,2026-09-22 03:18:03.271663+00,b7fff287-bbe1-47a2-a2bc-5534db70879f,ac1f09fffe296d29,soil_moisture_percent,4,,,%,measured,soil_moisture_percent
59841,2026-09-22 03:18:03.271663+00,b7fff287-bbe1-47a2-a2bc-5534db70879f,ac1f09fffe296d29,soil_temperature_c,30.2,,,Cel,measured,soil_temperature_c
59842,2026-09-22 03:18:03.271663+00,b7fff287-bbe1-47a2-a2bc-5534db70879f,ac1f09fffe296d29,uv_index,0,,,1,measured,uv_index
59843,2026-09-22 03:18:03.271663+00,b7fff287-bbe1-47a2-a2bc-5534db70879f,ac1f09fffe296d29,barometer_pressure_pa,101458,,,Pa,measured,barometer_pressure_pa
59844,2026-09-22 03:18:03.271663+00,b7fff287-bbe1-47a2-a2bc-5534db70879f,ac1f09fffe296d29,barometer_temperature_c,25.67,,,Cel,measured,barometer_temperature_c
59845,2026-09-22 03:18:03.271663+00,b7fff287-bbe1-47a2-a2bc-5534db70879f,ac1f09fffe296d29,light_veml7700_lux,179.63,,,lx,measured,light_veml7700_lux
59846,2026-09-22 03:18:03.271663+00,b7fff287-bbe1-47a2-a2bc-5534db70879f,ac1f09fffe296d29,light_opt3001_lux,157.84,,,lx,measured,light_opt3001_lux
59847,2026-09-22 03:18:03.271663+00,b7fff287-bbe1-47a2-a2bc-5534db70879f,ac1f09fffe296d29,environment_temperature_c,28.88,,,Cel,measured,environment_temperature_c
59848,2026-09-22 03:18:03.271663+00,b7fff287-bbe1-47a2-a2bc-5534db70879f,ac1f09fffe296d29,environment_humidity_percent,51.2,,,%,measured,environment_humidity_percent
59849,2026-09-22 03:18:03.271663+00,b7fff287-bbe1-47a2-a2bc-5534db70879f,ac1f09fffe296d29,environment_pressure_pa,101141,,,Pa,measured,environment_pressure_pa
59850,2026-09-22 03:18:03.271663+00,b7fff287-bbe1-47a2-a2bc-5534db70879f,ac1f09fffe296d29,environment_gas_resistance_ohm,49754,,,ohm,measured,environment_gas_resistance_ohm
59851,2026-09-22 03:18:03.271663+00,b7fff287-bbe1-47a2-a2bc-5534db70879f,ac1f09fffe296d29,rain_wet,,,f,boolean,measured,rain_wet
59852,2026-09-22 03:18:03.271663+00,b7fff287-bbe1-47a2-a2bc-5534db70879f,ac1f09fffe296d29,battery_v,,,,V,invalid,battery_v
59853,2026-09-22 03:18:18.109633+00,f568b7c0-cc7e-4989-a189-c05ad700d791,ac1f09fffe296d29,soil_moisture_percent,5,,,%,measured,soil_moisture_percent
59854,2026-09-22 03:18:18.109633+00,f568b7c0-cc7e-4989-a189-c05ad700d791,ac1f09fffe296d29,soil_temperature_c,30.2,,,Cel,measured,soil_temperature_c
59855,2026-09-22 03:18:18.109633+00,f568b7c0-cc7e-4989-a189-c05ad700d791,ac1f09fffe296d29,uv_index,0,,,1,measured,uv_index
59856,2026-09-22 03:18:18.109633+00,f568b7c0-cc7e-4989-a189-c05ad700d791,ac1f09fffe296d29,barometer_pressure_pa,101461,,,Pa,measured,barometer_pressure_pa
59857,2026-09-22 03:18:18.109633+00,f568b7c0-cc7e-4989-a189-c05ad700d791,ac1f09fffe296d29,barometer_temperature_c,25.68,,,Cel,measured,barometer_temperature_c
59858,2026-09-22 03:18:18.109633+00,f568b7c0-cc7e-4989-a189-c05ad700d791,ac1f09fffe296d29,light_veml7700_lux,181.68,,,lx,measured,light_veml7700_lux
59859,2026-09-22 03:18:18.109633+00,f568b7c0-cc7e-4989-a189-c05ad700d791,ac1f09fffe296d29,light_opt3001_lux,161.04,,,lx,measured,light_opt3001_lux
59860,2026-09-22 03:18:18.109633+00,f568b7c0-cc7e-4989-a189-c05ad700d791,ac1f09fffe296d29,environment_temperature_c,28.88,,,Cel,measured,environment_temperature_c
59861,2026-09-22 03:18:18.109633+00,f568b7c0-cc7e-4989-a189-c05ad700d791,ac1f09fffe296d29,environment_humidity_percent,50.92,,,%,measured,environment_humidity_percent
59862,2026-09-22 03:18:18.109633+00,f568b7c0-cc7e-4989-a189-c05ad700d791,ac1f09fffe296d29,environment_pressure_pa,101141,,,Pa,measured,environment_pressure_pa
59863,2026-09-22 03:18:18.109633+00,f568b7c0-cc7e-4989-a189-c05ad700d791,ac1f09fffe296d29,environment_gas_resistance_ohm,49401,,,ohm,measured,environment_gas_resistance_ohm
59864,2026-09-22 03:18:18.109633+00,f568b7c0-cc7e-4989-a189-c05ad700d791,ac1f09fffe296d29,rain_wet,,,f,boolean,measured,rain_wet
59865,2026-09-22 03:18:18.109633+00,f568b7c0-cc7e-4989-a189-c05ad700d791,ac1f09fffe296d29,battery_v,,,,V,invalid,battery_v
59866,2026-09-22 03:18:33.402269+00,478cffc8-25d5-48f8-9fe9-399911e14fae,ac1f09fffe296d29,soil_moisture_percent,4,,,%,measured,soil_moisture_percent
59867,2026-09-22 03:18:33.402269+00,478cffc8-25d5-48f8-9fe9-399911e14fae,ac1f09fffe296d29,soil_temperature_c,30.2,,,Cel,measured,soil_temperature_c
59868,2026-09-22 03:18:33.402269+00,478cffc8-25d5-48f8-9fe9-399911e14fae,ac1f09fffe296d29,uv_index,0,,,1,measured,uv_index
59869,2026-09-22 03:18:33.402269+00,478cffc8-25d5-48f8-9fe9-399911e14fae,ac1f09fffe296d29,barometer_pressure_pa,101459,,,Pa,measured,barometer_pressure_pa
59870,2026-09-22 03:18:33.402269+00,478cffc8-25d5-48f8-9fe9-399911e14fae,ac1f09fffe296d29,barometer_temperature_c,25.69,,,Cel,measured,barometer_temperature_c
59871,2026-09-22 03:18:33.402269+00,478cffc8-25d5-48f8-9fe9-399911e14fae,ac1f09fffe296d29,light_veml7700_lux,181.57,,,lx,measured,light_veml7700_lux
59872,2026-09-22 03:18:33.402269+00,478cffc8-25d5-48f8-9fe9-399911e14fae,ac1f09fffe296d29,light_opt3001_lux,161.04,,,lx,measured,light_opt3001_lux
59873,2026-09-22 03:18:33.402269+00,478cffc8-25d5-48f8-9fe9-399911e14fae,ac1f09fffe296d29,environment_temperature_c,28.9,,,Cel,measured,environment_temperature_c
59874,2026-09-22 03:18:33.402269+00,478cffc8-25d5-48f8-9fe9-399911e14fae,ac1f09fffe296d29,environment_humidity_percent,51.02,,,%,measured,environment_humidity_percent
59875,2026-09-22 03:18:33.402269+00,478cffc8-25d5-48f8-9fe9-399911e14fae,ac1f09fffe296d29,environment_pressure_pa,101143,,,Pa,measured,environment_pressure_pa
59876,2026-09-22 03:18:33.402269+00,478cffc8-25d5-48f8-9fe9-399911e14fae,ac1f09fffe296d29,environment_gas_resistance_ohm,49665,,,ohm,measured,environment_gas_resistance_ohm
59877,2026-09-22 03:18:33.402269+00,478cffc8-25d5-48f8-9fe9-399911e14fae,ac1f09fffe296d29,rain_wet,,,f,boolean,measured,rain_wet
59878,2026-09-22 03:18:33.402269+00,478cffc8-25d5-48f8-9fe9-399911e14fae,ac1f09fffe296d29,battery_v,,,,V,invalid,battery_v
59879,2026-09-22 03:18:48.423863+00,df4443d7-da4f-4848-8bbb-19e4f4ebe847,ac1f09fffe296d29,soil_moisture_percent,5,,,%,measured,soil_moisture_percent
59880,2026-09-22 03:18:48.423863+00,df4443d7-da4f-4848-8bbb-19e4f4ebe847,ac1f09fffe296d29,soil_temperature_c,30.2,,,Cel,measured,soil_temperature_c
59881,2026-09-22 03:18:48.423863+00,df4443d7-da4f-4848-8bbb-19e4f4ebe847,ac1f09fffe296d29,uv_index,0,,,1,measured,uv_index
59882,2026-09-22 03:18:48.423863+00,df4443d7-da4f-4848-8bbb-19e4f4ebe847,ac1f09fffe296d29,barometer_pressure_pa,101461,,,Pa,measured,barometer_pressure_pa
59883,2026-09-22 03:18:48.423863+00,df4443d7-da4f-4848-8bbb-19e4f4ebe847,ac1f09fffe296d29,barometer_temperature_c,25.71,,,Cel,measured,barometer_temperature_c
59884,2026-09-22 03:18:48.423863+00,df4443d7-da4f-4848-8bbb-19e4f4ebe847,ac1f09fffe296d29,light_veml7700_lux,181.58,,,lx,measured,light_veml7700_lux
59885,2026-09-22 03:18:48.423863+00,df4443d7-da4f-4848-8bbb-19e4f4ebe847,ac1f09fffe296d29,light_opt3001_lux,160.72,,,lx,measured,light_opt3001_lux
59886,2026-09-22 03:18:48.423863+00,df4443d7-da4f-4848-8bbb-19e4f4ebe847,ac1f09fffe296d29,environment_temperature_c,28.91,,,Cel,measured,environment_temperature_c
59887,2026-09-22 03:18:48.423863+00,df4443d7-da4f-4848-8bbb-19e4f4ebe847,ac1f09fffe296d29,environment_humidity_percent,51.29,,,%,measured,environment_humidity_percent
59888,2026-09-22 03:18:48.423863+00,df4443d7-da4f-4848-8bbb-19e4f4ebe847,ac1f09fffe296d29,environment_pressure_pa,101141,,,Pa,measured,environment_pressure_pa
59889,2026-09-22 03:18:48.423863+00,df4443d7-da4f-4848-8bbb-19e4f4ebe847,ac1f09fffe296d29,environment_gas_resistance_ohm,49932,,,ohm,measured,environment_gas_resistance_ohm
59890,2026-09-22 03:18:48.423863+00,df4443d7-da4f-4848-8bbb-19e4f4ebe847,ac1f09fffe296d29,rain_wet,,,f,boolean,measured,rain_wet
59891,2026-09-22 03:18:48.423863+00,df4443d7-da4f-4848-8bbb-19e4f4ebe847,ac1f09fffe296d29,battery_v,,,,V,invalid,battery_v
59892,2026-09-22 03:19:03.296065+00,e2bb9916-9d6e-45db-ac9a-37cd1bb66a3c,ac1f09fffe296d29,soil_moisture_percent,5,,,%,measured,soil_moisture_percent
59893,2026-09-22 03:19:03.296065+00,e2bb9916-9d6e-45db-ac9a-37cd1bb66a3c,ac1f09fffe296d29,soil_temperature_c,30.2,,,Cel,measured,soil_temperature_c
59894,2026-09-22 03:19:03.296065+00,e2bb9916-9d6e-45db-ac9a-37cd1bb66a3c,ac1f09fffe296d29,uv_index,0,,,1,measured,uv_index
59895,2026-09-22 03:19:03.296065+00,e2bb9916-9d6e-45db-ac9a-37cd1bb66a3c,ac1f09fffe296d29,barometer_pressure_pa,101460,,,Pa,measured,barometer_pressure_pa
59896,2026-09-22 03:19:03.296065+00,e2bb9916-9d6e-45db-ac9a-37cd1bb66a3c,ac1f09fffe296d29,barometer_temperature_c,25.72,,,Cel,measured,barometer_temperature_c
59897,2026-09-22 03:19:03.296065+00,e2bb9916-9d6e-45db-ac9a-37cd1bb66a3c,ac1f09fffe296d29,light_veml7700_lux,181.52,,,lx,measured,light_veml7700_lux
59898,2026-09-22 03:19:03.296065+00,e2bb9916-9d6e-45db-ac9a-37cd1bb66a3c,ac1f09fffe296d29,light_opt3001_lux,160.72,,,lx,measured,light_opt3001_lux
59899,2026-09-22 03:19:03.296065+00,e2bb9916-9d6e-45db-ac9a-37cd1bb66a3c,ac1f09fffe296d29,environment_temperature_c,28.91,,,Cel,measured,environment_temperature_c
59900,2026-09-22 03:19:03.296065+00,e2bb9916-9d6e-45db-ac9a-37cd1bb66a3c,ac1f09fffe296d29,environment_humidity_percent,51.48,,,%,measured,environment_humidity_percent
59901,2026-09-22 03:19:03.296065+00,e2bb9916-9d6e-45db-ac9a-37cd1bb66a3c,ac1f09fffe296d29,environment_pressure_pa,101140,,,Pa,measured,environment_pressure_pa
59902,2026-09-22 03:19:03.296065+00,e2bb9916-9d6e-45db-ac9a-37cd1bb66a3c,ac1f09fffe296d29,environment_gas_resistance_ohm,49577,,,ohm,measured,environment_gas_resistance_ohm
59903,2026-09-22 03:19:03.296065+00,e2bb9916-9d6e-45db-ac9a-37cd1bb66a3c,ac1f09fffe296d29,rain_wet,,,f,boolean,measured,rain_wet
59904,2026-09-22 03:19:03.296065+00,e2bb9916-9d6e-45db-ac9a-37cd1bb66a3c,ac1f09fffe296d29,battery_v,,,,V,invalid,battery_v
59905,2026-09-22 03:19:18.239033+00,0e5cf02a-7e56-431a-923a-3e58a03758e6,ac1f09fffe296d29,soil_moisture_percent,4,,,%,measured,soil_moisture_percent
59906,2026-09-22 03:19:18.239033+00,0e5cf02a-7e56-431a-923a-3e58a03758e6,ac1f09fffe296d29,soil_temperature_c,30.2,,,Cel,measured,soil_temperature_c
59907,2026-09-22 03:19:18.239033+00,0e5cf02a-7e56-431a-923a-3e58a03758e6,ac1f09fffe296d29,uv_index,0,,,1,measured,uv_index
59908,2026-09-22 03:19:18.239033+00,0e5cf02a-7e56-431a-923a-3e58a03758e6,ac1f09fffe296d29,barometer_pressure_pa,101457,,,Pa,measured,barometer_pressure_pa
59909,2026-09-22 03:19:18.239033+00,0e5cf02a-7e56-431a-923a-3e58a03758e6,ac1f09fffe296d29,barometer_temperature_c,25.71,,,Cel,measured,barometer_temperature_c
59910,2026-09-22 03:19:18.239033+00,0e5cf02a-7e56-431a-923a-3e58a03758e6,ac1f09fffe296d29,light_veml7700_lux,181.39,,,lx,measured,light_veml7700_lux
59911,2026-09-22 03:19:18.239033+00,0e5cf02a-7e56-431a-923a-3e58a03758e6,ac1f09fffe296d29,light_opt3001_lux,161.04,,,lx,measured,light_opt3001_lux
59912,2026-09-22 03:19:18.239033+00,0e5cf02a-7e56-431a-923a-3e58a03758e6,ac1f09fffe296d29,environment_temperature_c,28.92,,,Cel,measured,environment_temperature_c
59913,2026-09-22 03:19:18.239033+00,0e5cf02a-7e56-431a-923a-3e58a03758e6,ac1f09fffe296d29,environment_humidity_percent,51.37,,,%,measured,environment_humidity_percent
59914,2026-09-22 03:19:18.239033+00,0e5cf02a-7e56-431a-923a-3e58a03758e6,ac1f09fffe296d29,environment_pressure_pa,101141,,,Pa,measured,environment_pressure_pa
59915,2026-09-22 03:19:18.239033+00,0e5cf02a-7e56-431a-923a-3e58a03758e6,ac1f09fffe296d29,environment_gas_resistance_ohm,49372,,,ohm,measured,environment_gas_resistance_ohm
59916,2026-09-22 03:19:18.239033+00,0e5cf02a-7e56-431a-923a-3e58a03758e6,ac1f09fffe296d29,rain_wet,,,f,boolean,measured,rain_wet
59917,2026-09-22 03:19:18.239033+00,0e5cf02a-7e56-431a-923a-3e58a03758e6,ac1f09fffe296d29,battery_v,,,,V,invalid,battery_v
59918,2026-09-22 03:19:33.157926+00,c2e33a04-14eb-41eb-9769-f6105ecef4b1,ac1f09fffe296d29,soil_moisture_percent,4,,,%,measured,soil_moisture_percent
59919,2026-09-22 03:19:33.157926+00,c2e33a04-14eb-41eb-9769-f6105ecef4b1,ac1f09fffe296d29,soil_temperature_c,30.2,,,Cel,measured,soil_temperature_c
59920,2026-09-22 03:19:33.157926+00,c2e33a04-14eb-41eb-9769-f6105ecef4b1,ac1f09fffe296d29,uv_index,0,,,1,measured,uv_index
59921,2026-09-22 03:19:33.157926+00,c2e33a04-14eb-41eb-9769-f6105ecef4b1,ac1f09fffe296d29,barometer_pressure_pa,101466,,,Pa,measured,barometer_pressure_pa
59922,2026-09-22 03:19:33.157926+00,c2e33a04-14eb-41eb-9769-f6105ecef4b1,ac1f09fffe296d29,barometer_temperature_c,25.73,,,Cel,measured,barometer_temperature_c
59923,2026-09-22 03:19:33.157926+00,c2e33a04-14eb-41eb-9769-f6105ecef4b1,ac1f09fffe296d29,light_veml7700_lux,181.32,,,lx,measured,light_veml7700_lux
59924,2026-09-22 03:19:33.157926+00,c2e33a04-14eb-41eb-9769-f6105ecef4b1,ac1f09fffe296d29,light_opt3001_lux,160.72,,,lx,measured,light_opt3001_lux
59925,2026-09-22 03:19:33.157926+00,c2e33a04-14eb-41eb-9769-f6105ecef4b1,ac1f09fffe296d29,environment_temperature_c,28.92,,,Cel,measured,environment_temperature_c
59926,2026-09-22 03:19:33.157926+00,c2e33a04-14eb-41eb-9769-f6105ecef4b1,ac1f09fffe296d29,environment_humidity_percent,51.18,,,%,measured,environment_humidity_percent
59927,2026-09-22 03:19:33.157926+00,c2e33a04-14eb-41eb-9769-f6105ecef4b1,ac1f09fffe296d29,environment_pressure_pa,101141,,,Pa,measured,environment_pressure_pa
59928,2026-09-22 03:19:33.157926+00,c2e33a04-14eb-41eb-9769-f6105ecef4b1,ac1f09fffe296d29,environment_gas_resistance_ohm,49285,,,ohm,measured,environment_gas_resistance_ohm
59929,2026-09-22 03:19:33.157926+00,c2e33a04-14eb-41eb-9769-f6105ecef4b1,ac1f09fffe296d29,rain_wet,,,f,boolean,measured,rain_wet
59930,2026-09-22 03:19:33.157926+00,c2e33a04-14eb-41eb-9769-f6105ecef4b1,ac1f09fffe296d29,battery_v,,,,V,invalid,battery_v
59931,2026-09-22 03:19:48.103093+00,09839431-6b50-4351-b343-702617d5e097,ac1f09fffe296d29,soil_moisture_percent,4,,,%,measured,soil_moisture_percent
59932,2026-09-22 03:19:48.103093+00,09839431-6b50-4351-b343-702617d5e097,ac1f09fffe296d29,soil_temperature_c,30.2,,,Cel,measured,soil_temperature_c
59933,2026-09-22 03:19:48.103093+00,09839431-6b50-4351-b343-702617d5e097,ac1f09fffe296d29,uv_index,0,,,1,measured,uv_index
59934,2026-09-22 03:19:48.103093+00,09839431-6b50-4351-b343-702617d5e097,ac1f09fffe296d29,barometer_pressure_pa,101461,,,Pa,measured,barometer_pressure_pa
59935,2026-09-22 03:19:48.103093+00,09839431-6b50-4351-b343-702617d5e097,ac1f09fffe296d29,barometer_temperature_c,25.73,,,Cel,measured,barometer_temperature_c
59936,2026-09-22 03:19:48.103093+00,09839431-6b50-4351-b343-702617d5e097,ac1f09fffe296d29,light_veml7700_lux,181.06,,,lx,measured,light_veml7700_lux
59937,2026-09-22 03:19:48.103093+00,09839431-6b50-4351-b343-702617d5e097,ac1f09fffe296d29,light_opt3001_lux,160.4,,,lx,measured,light_opt3001_lux
59938,2026-09-22 03:19:48.103093+00,09839431-6b50-4351-b343-702617d5e097,ac1f09fffe296d29,environment_temperature_c,28.91,,,Cel,measured,environment_temperature_c
59939,2026-09-22 03:19:48.103093+00,09839431-6b50-4351-b343-702617d5e097,ac1f09fffe296d29,environment_humidity_percent,51.09,,,%,measured,environment_humidity_percent
59940,2026-09-22 03:19:48.103093+00,09839431-6b50-4351-b343-702617d5e097,ac1f09fffe296d29,environment_pressure_pa,101140,,,Pa,measured,environment_pressure_pa
59941,2026-09-22 03:19:48.103093+00,09839431-6b50-4351-b343-702617d5e097,ac1f09fffe296d29,environment_gas_resistance_ohm,49636,,,ohm,measured,environment_gas_resistance_ohm
59942,2026-09-22 03:19:48.103093+00,09839431-6b50-4351-b343-702617d5e097,ac1f09fffe296d29,rain_wet,,,f,boolean,measured,rain_wet
59943,2026-09-22 03:19:48.103093+00,09839431-6b50-4351-b343-702617d5e097,ac1f09fffe296d29,battery_v,,,,V,invalid,battery_v
59944,2026-09-22 03:20:03.725497+00,95908f04-28bc-437c-8cc8-d22a8e33c6c1,ac1f09fffe296d29,soil_moisture_percent,4,,,%,measured,soil_moisture_percent
59945,2026-09-22 03:20:03.725497+00,95908f04-28bc-437c-8cc8-d22a8e33c6c1,ac1f09fffe296d29,soil_temperature_c,30.3,,,Cel,measured,soil_temperature_c
59946,2026-09-22 03:20:03.725497+00,95908f04-28bc-437c-8cc8-d22a8e33c6c1,ac1f09fffe296d29,uv_index,0,,,1,measured,uv_index
59947,2026-09-22 03:20:03.725497+00,95908f04-28bc-437c-8cc8-d22a8e33c6c1,ac1f09fffe296d29,barometer_pressure_pa,101459,,,Pa,measured,barometer_pressure_pa
59948,2026-09-22 03:20:03.725497+00,95908f04-28bc-437c-8cc8-d22a8e33c6c1,ac1f09fffe296d29,barometer_temperature_c,25.73,,,Cel,measured,barometer_temperature_c
59949,2026-09-22 03:20:03.725497+00,95908f04-28bc-437c-8cc8-d22a8e33c6c1,ac1f09fffe296d29,light_veml7700_lux,181.51,,,lx,measured,light_veml7700_lux
59950,2026-09-22 03:20:03.725497+00,95908f04-28bc-437c-8cc8-d22a8e33c6c1,ac1f09fffe296d29,light_opt3001_lux,160.72,,,lx,measured,light_opt3001_lux
59951,2026-09-22 03:20:03.725497+00,95908f04-28bc-437c-8cc8-d22a8e33c6c1,ac1f09fffe296d29,environment_temperature_c,28.92,,,Cel,measured,environment_temperature_c
59952,2026-09-22 03:20:03.725497+00,95908f04-28bc-437c-8cc8-d22a8e33c6c1,ac1f09fffe296d29,environment_humidity_percent,51.21,,,%,measured,environment_humidity_percent
59953,2026-09-22 03:20:03.725497+00,95908f04-28bc-437c-8cc8-d22a8e33c6c1,ac1f09fffe296d29,environment_pressure_pa,101139,,,Pa,measured,environment_pressure_pa
59954,2026-09-22 03:20:03.725497+00,95908f04-28bc-437c-8cc8-d22a8e33c6c1,ac1f09fffe296d29,environment_gas_resistance_ohm,49489,,,ohm,measured,environment_gas_resistance_ohm
59955,2026-09-22 03:20:03.725497+00,95908f04-28bc-437c-8cc8-d22a8e33c6c1,ac1f09fffe296d29,rain_wet,,,f,boolean,measured,rain_wet
59956,2026-09-22 03:20:03.725497+00,95908f04-28bc-437c-8cc8-d22a8e33c6c1,ac1f09fffe296d29,battery_v,,,,V,invalid,battery_v
59957,2026-09-22 03:20:33.634187+00,2209b997-3870-4c4d-97b2-edc73f4ac5e3,ac1f09fffe296d29,soil_moisture_percent,2,,,%,measured,soil_moisture_percent
59958,2026-09-22 03:20:33.634187+00,2209b997-3870-4c4d-97b2-edc73f4ac5e3,ac1f09fffe296d29,soil_temperature_c,30.3,,,Cel,measured,soil_temperature_c
59959,2026-09-22 03:20:33.634187+00,2209b997-3870-4c4d-97b2-edc73f4ac5e3,ac1f09fffe296d29,uv_index,0,,,1,measured,uv_index
59960,2026-09-22 03:20:33.634187+00,2209b997-3870-4c4d-97b2-edc73f4ac5e3,ac1f09fffe296d29,barometer_pressure_pa,101458,,,Pa,measured,barometer_pressure_pa
59961,2026-09-22 03:20:33.634187+00,2209b997-3870-4c4d-97b2-edc73f4ac5e3,ac1f09fffe296d29,barometer_temperature_c,25.75,,,Cel,measured,barometer_temperature_c
59962,2026-09-22 03:20:33.634187+00,2209b997-3870-4c4d-97b2-edc73f4ac5e3,ac1f09fffe296d29,light_veml7700_lux,181.48,,,lx,measured,light_veml7700_lux
59963,2026-09-22 03:20:33.634187+00,2209b997-3870-4c4d-97b2-edc73f4ac5e3,ac1f09fffe296d29,light_opt3001_lux,161.32,,,lx,measured,light_opt3001_lux
59964,2026-09-22 03:20:33.634187+00,2209b997-3870-4c4d-97b2-edc73f4ac5e3,ac1f09fffe296d29,environment_temperature_c,28.95,,,Cel,measured,environment_temperature_c
59965,2026-09-22 03:20:33.634187+00,2209b997-3870-4c4d-97b2-edc73f4ac5e3,ac1f09fffe296d29,environment_humidity_percent,51.29,,,%,measured,environment_humidity_percent
59966,2026-09-22 03:20:33.634187+00,2209b997-3870-4c4d-97b2-edc73f4ac5e3,ac1f09fffe296d29,environment_pressure_pa,101138,,,Pa,measured,environment_pressure_pa
59967,2026-09-22 03:20:33.634187+00,2209b997-3870-4c4d-97b2-edc73f4ac5e3,ac1f09fffe296d29,environment_gas_resistance_ohm,49169,,,ohm,measured,environment_gas_resistance_ohm
59968,2026-09-22 03:20:33.634187+00,2209b997-3870-4c4d-97b2-edc73f4ac5e3,ac1f09fffe296d29,rain_wet,,,f,boolean,measured,rain_wet
59969,2026-09-22 03:20:33.634187+00,2209b997-3870-4c4d-97b2-edc73f4ac5e3,ac1f09fffe296d29,battery_v,,,,V,invalid,battery_v
59970,2026-09-22 03:20:48.366737+00,5fc7c1ee-6a03-470c-8e95-bc2c537d1fb7,ac1f09fffe296d29,soil_moisture_percent,3,,,%,measured,soil_moisture_percent
59971,2026-09-22 03:20:48.366737+00,5fc7c1ee-6a03-470c-8e95-bc2c537d1fb7,ac1f09fffe296d29,soil_temperature_c,30.3,,,Cel,measured,soil_temperature_c
59972,2026-09-22 03:20:48.366737+00,5fc7c1ee-6a03-470c-8e95-bc2c537d1fb7,ac1f09fffe296d29,uv_index,0,,,1,measured,uv_index
59973,2026-09-22 03:20:48.366737+00,5fc7c1ee-6a03-470c-8e95-bc2c537d1fb7,ac1f09fffe296d29,barometer_pressure_pa,101460,,,Pa,measured,barometer_pressure_pa
59974,2026-09-22 03:20:48.366737+00,5fc7c1ee-6a03-470c-8e95-bc2c537d1fb7,ac1f09fffe296d29,barometer_temperature_c,25.77,,,Cel,measured,barometer_temperature_c
59975,2026-09-22 03:20:48.366737+00,5fc7c1ee-6a03-470c-8e95-bc2c537d1fb7,ac1f09fffe296d29,light_veml7700_lux,174.28,,,lx,measured,light_veml7700_lux
59976,2026-09-22 03:20:48.366737+00,5fc7c1ee-6a03-470c-8e95-bc2c537d1fb7,ac1f09fffe296d29,light_opt3001_lux,154.28,,,lx,measured,light_opt3001_lux
59977,2026-09-22 03:20:48.366737+00,5fc7c1ee-6a03-470c-8e95-bc2c537d1fb7,ac1f09fffe296d29,environment_temperature_c,28.96,,,Cel,measured,environment_temperature_c
59978,2026-09-22 03:20:48.366737+00,5fc7c1ee-6a03-470c-8e95-bc2c537d1fb7,ac1f09fffe296d29,environment_humidity_percent,50.95,,,%,measured,environment_humidity_percent
59979,2026-09-22 03:20:48.366737+00,5fc7c1ee-6a03-470c-8e95-bc2c537d1fb7,ac1f09fffe296d29,environment_pressure_pa,101139,,,Pa,measured,environment_pressure_pa
59980,2026-09-22 03:20:48.366737+00,5fc7c1ee-6a03-470c-8e95-bc2c537d1fb7,ac1f09fffe296d29,environment_gas_resistance_ohm,49606,,,ohm,measured,environment_gas_resistance_ohm
59981,2026-09-22 03:20:48.366737+00,5fc7c1ee-6a03-470c-8e95-bc2c537d1fb7,ac1f09fffe296d29,rain_wet,,,f,boolean,measured,rain_wet
59982,2026-09-22 03:20:48.366737+00,5fc7c1ee-6a03-470c-8e95-bc2c537d1fb7,ac1f09fffe296d29,battery_v,,,,V,invalid,battery_v
59983,2026-09-22 03:21:03.542059+00,841afc0c-c495-4efd-8ae2-a89bacafb43d,ac1f09fffe296d29,soil_moisture_percent,3,,,%,measured,soil_moisture_percent
59984,2026-09-22 03:21:03.542059+00,841afc0c-c495-4efd-8ae2-a89bacafb43d,ac1f09fffe296d29,soil_temperature_c,30.3,,,Cel,measured,soil_temperature_c
59985,2026-09-22 03:21:03.542059+00,841afc0c-c495-4efd-8ae2-a89bacafb43d,ac1f09fffe296d29,uv_index,0,,,1,measured,uv_index
59986,2026-09-22 03:21:03.542059+00,841afc0c-c495-4efd-8ae2-a89bacafb43d,ac1f09fffe296d29,barometer_pressure_pa,101458,,,Pa,measured,barometer_pressure_pa
59987,2026-09-22 03:21:03.542059+00,841afc0c-c495-4efd-8ae2-a89bacafb43d,ac1f09fffe296d29,barometer_temperature_c,25.79,,,Cel,measured,barometer_temperature_c
59988,2026-09-22 03:21:03.542059+00,841afc0c-c495-4efd-8ae2-a89bacafb43d,ac1f09fffe296d29,light_veml7700_lux,163.56,,,lx,measured,light_veml7700_lux
59989,2026-09-22 03:21:03.542059+00,841afc0c-c495-4efd-8ae2-a89bacafb43d,ac1f09fffe296d29,light_opt3001_lux,151.04,,,lx,measured,light_opt3001_lux
59990,2026-09-22 03:21:03.542059+00,841afc0c-c495-4efd-8ae2-a89bacafb43d,ac1f09fffe296d29,environment_temperature_c,28.98,,,Cel,measured,environment_temperature_c
59991,2026-09-22 03:21:03.542059+00,841afc0c-c495-4efd-8ae2-a89bacafb43d,ac1f09fffe296d29,environment_humidity_percent,50.85,,,%,measured,environment_humidity_percent
59992,2026-09-22 03:21:03.542059+00,841afc0c-c495-4efd-8ae2-a89bacafb43d,ac1f09fffe296d29,environment_pressure_pa,101138,,,Pa,measured,environment_pressure_pa
59993,2026-09-22 03:21:03.542059+00,841afc0c-c495-4efd-8ae2-a89bacafb43d,ac1f09fffe296d29,environment_gas_resistance_ohm,50021,,,ohm,measured,environment_gas_resistance_ohm
59994,2026-09-22 03:21:03.542059+00,841afc0c-c495-4efd-8ae2-a89bacafb43d,ac1f09fffe296d29,rain_wet,,,f,boolean,measured,rain_wet
59995,2026-09-22 03:21:03.542059+00,841afc0c-c495-4efd-8ae2-a89bacafb43d,ac1f09fffe296d29,battery_v,,,,V,invalid,battery_v
59996,2026-09-22 03:21:18.214868+00,32554089-4f19-42d8-9e67-77d0ad4a07d4,ac1f09fffe296d29,soil_moisture_percent,4,,,%,measured,soil_moisture_percent
59997,2026-09-22 03:21:18.214868+00,32554089-4f19-42d8-9e67-77d0ad4a07d4,ac1f09fffe296d29,soil_temperature_c,30.3,,,Cel,measured,soil_temperature_c
59998,2026-09-22 03:21:18.214868+00,32554089-4f19-42d8-9e67-77d0ad4a07d4,ac1f09fffe296d29,uv_index,0,,,1,measured,uv_index
59999,2026-09-22 03:21:18.214868+00,32554089-4f19-42d8-9e67-77d0ad4a07d4,ac1f09fffe296d29,barometer_pressure_pa,101455,,,Pa,measured,barometer_pressure_pa
60000,2026-09-22 03:21:18.214868+00,32554089-4f19-42d8-9e67-77d0ad4a07d4,ac1f09fffe296d29,barometer_temperature_c,25.8,,,Cel,measured,barometer_temperature_c
60001,2026-09-22 03:21:18.214868+00,32554089-4f19-42d8-9e67-77d0ad4a07d4,ac1f09fffe296d29,light_veml7700_lux,161.55,,,lx,measured,light_veml7700_lux
60002,2026-09-22 03:21:18.214868+00,32554089-4f19-42d8-9e67-77d0ad4a07d4,ac1f09fffe296d29,light_opt3001_lux,146.88,,,lx,measured,light_opt3001_lux
60003,2026-09-22 03:21:18.214868+00,32554089-4f19-42d8-9e67-77d0ad4a07d4,ac1f09fffe296d29,environment_temperature_c,29.01,,,Cel,measured,environment_temperature_c
60004,2026-09-22 03:21:18.214868+00,32554089-4f19-42d8-9e67-77d0ad4a07d4,ac1f09fffe296d29,environment_humidity_percent,50.86,,,%,measured,environment_humidity_percent
60005,2026-09-22 03:21:18.214868+00,32554089-4f19-42d8-9e67-77d0ad4a07d4,ac1f09fffe296d29,environment_pressure_pa,101137,,,Pa,measured,environment_pressure_pa
60006,2026-09-22 03:21:18.214868+00,32554089-4f19-42d8-9e67-77d0ad4a07d4,ac1f09fffe296d29,environment_gas_resistance_ohm,49813,,,ohm,measured,environment_gas_resistance_ohm
60007,2026-09-22 03:21:18.214868+00,32554089-4f19-42d8-9e67-77d0ad4a07d4,ac1f09fffe296d29,rain_wet,,,f,boolean,measured,rain_wet
60008,2026-09-22 03:21:18.214868+00,32554089-4f19-42d8-9e67-77d0ad4a07d4,ac1f09fffe296d29,battery_v,,,,V,invalid,battery_v
60009,2026-09-22 03:21:33.468033+00,30bc64ff-ebc7-4645-8485-011219b17aff,ac1f09fffe296d29,soil_moisture_percent,4,,,%,measured,soil_moisture_percent
60010,2026-09-22 03:21:33.468033+00,30bc64ff-ebc7-4645-8485-011219b17aff,ac1f09fffe296d29,soil_temperature_c,30.3,,,Cel,measured,soil_temperature_c
60011,2026-09-22 03:21:33.468033+00,30bc64ff-ebc7-4645-8485-011219b17aff,ac1f09fffe296d29,uv_index,0,,,1,measured,uv_index
60012,2026-09-22 03:21:33.468033+00,30bc64ff-ebc7-4645-8485-011219b17aff,ac1f09fffe296d29,barometer_pressure_pa,101455,,,Pa,measured,barometer_pressure_pa
60013,2026-09-22 03:21:33.468033+00,30bc64ff-ebc7-4645-8485-011219b17aff,ac1f09fffe296d29,barometer_temperature_c,25.79,,,Cel,measured,barometer_temperature_c
60014,2026-09-22 03:21:33.468033+00,30bc64ff-ebc7-4645-8485-011219b17aff,ac1f09fffe296d29,light_veml7700_lux,140.84,,,lx,measured,light_veml7700_lux
60015,2026-09-22 03:21:33.468033+00,30bc64ff-ebc7-4645-8485-011219b17aff,ac1f09fffe296d29,light_opt3001_lux,138.2,,,lx,measured,light_opt3001_lux
60016,2026-09-22 03:21:33.468033+00,30bc64ff-ebc7-4645-8485-011219b17aff,ac1f09fffe296d29,environment_temperature_c,29.02,,,Cel,measured,environment_temperature_c
60017,2026-09-22 03:21:33.468033+00,30bc64ff-ebc7-4645-8485-011219b17aff,ac1f09fffe296d29,environment_humidity_percent,50.84,,,%,measured,environment_humidity_percent
60018,2026-09-22 03:21:33.468033+00,30bc64ff-ebc7-4645-8485-011219b17aff,ac1f09fffe296d29,environment_pressure_pa,101137,,,Pa,measured,environment_pressure_pa
60019,2026-09-22 03:21:33.468033+00,30bc64ff-ebc7-4645-8485-011219b17aff,ac1f09fffe296d29,environment_gas_resistance_ohm,49665,,,ohm,measured,environment_gas_resistance_ohm
60020,2026-09-22 03:21:33.468033+00,30bc64ff-ebc7-4645-8485-011219b17aff,ac1f09fffe296d29,rain_wet,,,f,boolean,measured,rain_wet
60021,2026-09-22 03:21:33.468033+00,30bc64ff-ebc7-4645-8485-011219b17aff,ac1f09fffe296d29,battery_v,,,,V,invalid,battery_v
60022,2026-09-22 03:21:48.261943+00,d4a9ea4e-397a-44f8-9d90-eb4c1d9bc2e7,ac1f09fffe296d29,soil_moisture_percent,4,,,%,measured,soil_moisture_percent
60023,2026-09-22 03:21:48.261943+00,d4a9ea4e-397a-44f8-9d90-eb4c1d9bc2e7,ac1f09fffe296d29,soil_temperature_c,30.3,,,Cel,measured,soil_temperature_c
60024,2026-09-22 03:21:48.261943+00,d4a9ea4e-397a-44f8-9d90-eb4c1d9bc2e7,ac1f09fffe296d29,uv_index,0,,,1,measured,uv_index
60025,2026-09-22 03:21:48.261943+00,d4a9ea4e-397a-44f8-9d90-eb4c1d9bc2e7,ac1f09fffe296d29,barometer_pressure_pa,101454,,,Pa,measured,barometer_pressure_pa
60026,2026-09-22 03:21:48.261943+00,d4a9ea4e-397a-44f8-9d90-eb4c1d9bc2e7,ac1f09fffe296d29,barometer_temperature_c,25.79,,,Cel,measured,barometer_temperature_c
60027,2026-09-22 03:21:48.261943+00,d4a9ea4e-397a-44f8-9d90-eb4c1d9bc2e7,ac1f09fffe296d29,light_veml7700_lux,151.63,,,lx,measured,light_veml7700_lux
60028,2026-09-22 03:21:48.261943+00,d4a9ea4e-397a-44f8-9d90-eb4c1d9bc2e7,ac1f09fffe296d29,light_opt3001_lux,138.84,,,lx,measured,light_opt3001_lux
60029,2026-09-22 03:21:48.261943+00,d4a9ea4e-397a-44f8-9d90-eb4c1d9bc2e7,ac1f09fffe296d29,environment_temperature_c,29.02,,,Cel,measured,environment_temperature_c
60030,2026-09-22 03:21:48.261943+00,d4a9ea4e-397a-44f8-9d90-eb4c1d9bc2e7,ac1f09fffe296d29,environment_humidity_percent,50.51,,,%,measured,environment_humidity_percent
60031,2026-09-22 03:21:48.261943+00,d4a9ea4e-397a-44f8-9d90-eb4c1d9bc2e7,ac1f09fffe296d29,environment_pressure_pa,101136,,,Pa,measured,environment_pressure_pa
60032,2026-09-22 03:21:48.261943+00,d4a9ea4e-397a-44f8-9d90-eb4c1d9bc2e7,ac1f09fffe296d29,environment_gas_resistance_ohm,49961,,,ohm,measured,environment_gas_resistance_ohm
60033,2026-09-22 03:21:48.261943+00,d4a9ea4e-397a-44f8-9d90-eb4c1d9bc2e7,ac1f09fffe296d29,rain_wet,,,f,boolean,measured,rain_wet
60034,2026-09-22 03:21:48.261943+00,d4a9ea4e-397a-44f8-9d90-eb4c1d9bc2e7,ac1f09fffe296d29,battery_v,,,,V,invalid,battery_v
60035,2026-09-22 03:22:03.608253+00,df3326f7-1caa-451a-8219-e7693903b12d,ac1f09fffe296d29,soil_moisture_percent,4,,,%,measured,soil_moisture_percent
60036,2026-09-22 03:22:03.608253+00,df3326f7-1caa-451a-8219-e7693903b12d,ac1f09fffe296d29,soil_temperature_c,30.3,,,Cel,measured,soil_temperature_c
60037,2026-09-22 03:22:03.608253+00,df3326f7-1caa-451a-8219-e7693903b12d,ac1f09fffe296d29,uv_index,0,,,1,measured,uv_index
60038,2026-09-22 03:22:03.608253+00,df3326f7-1caa-451a-8219-e7693903b12d,ac1f09fffe296d29,barometer_pressure_pa,101454,,,Pa,measured,barometer_pressure_pa
60039,2026-09-22 03:22:03.608253+00,df3326f7-1caa-451a-8219-e7693903b12d,ac1f09fffe296d29,barometer_temperature_c,25.79,,,Cel,measured,barometer_temperature_c
60040,2026-09-22 03:22:03.608253+00,df3326f7-1caa-451a-8219-e7693903b12d,ac1f09fffe296d29,light_veml7700_lux,158.68,,,lx,measured,light_veml7700_lux
60041,2026-09-22 03:22:03.608253+00,df3326f7-1caa-451a-8219-e7693903b12d,ac1f09fffe296d29,light_opt3001_lux,141.08,,,lx,measured,light_opt3001_lux
60042,2026-09-22 03:22:03.608253+00,df3326f7-1caa-451a-8219-e7693903b12d,ac1f09fffe296d29,environment_temperature_c,29.01,,,Cel,measured,environment_temperature_c
60043,2026-09-22 03:22:03.608253+00,df3326f7-1caa-451a-8219-e7693903b12d,ac1f09fffe296d29,environment_humidity_percent,50.91,,,%,measured,environment_humidity_percent
60044,2026-09-22 03:22:03.608253+00,df3326f7-1caa-451a-8219-e7693903b12d,ac1f09fffe296d29,environment_pressure_pa,101136,,,Pa,measured,environment_pressure_pa
60045,2026-09-22 03:22:03.608253+00,df3326f7-1caa-451a-8219-e7693903b12d,ac1f09fffe296d29,environment_gas_resistance_ohm,49813,,,ohm,measured,environment_gas_resistance_ohm
60046,2026-09-22 03:22:03.608253+00,df3326f7-1caa-451a-8219-e7693903b12d,ac1f09fffe296d29,rain_wet,,,f,boolean,measured,rain_wet
60047,2026-09-22 03:22:03.608253+00,df3326f7-1caa-451a-8219-e7693903b12d,ac1f09fffe296d29,battery_v,,,,V,invalid,battery_v
60048,2026-09-22 03:22:18.35697+00,ca859847-2d3c-4359-bb59-431e404a6a9c,ac1f09fffe296d29,soil_moisture_percent,2,,,%,measured,soil_moisture_percent
60049,2026-09-22 03:22:18.35697+00,ca859847-2d3c-4359-bb59-431e404a6a9c,ac1f09fffe296d29,soil_temperature_c,30.2,,,Cel,measured,soil_temperature_c
60050,2026-09-22 03:22:18.35697+00,ca859847-2d3c-4359-bb59-431e404a6a9c,ac1f09fffe296d29,uv_index,0,,,1,measured,uv_index
60051,2026-09-22 03:22:18.35697+00,ca859847-2d3c-4359-bb59-431e404a6a9c,ac1f09fffe296d29,barometer_pressure_pa,101455,,,Pa,measured,barometer_pressure_pa
60052,2026-09-22 03:22:18.35697+00,ca859847-2d3c-4359-bb59-431e404a6a9c,ac1f09fffe296d29,barometer_temperature_c,25.78,,,Cel,measured,barometer_temperature_c
60053,2026-09-22 03:22:18.35697+00,ca859847-2d3c-4359-bb59-431e404a6a9c,ac1f09fffe296d29,light_veml7700_lux,159.93,,,lx,measured,light_veml7700_lux
60054,2026-09-22 03:22:18.35697+00,ca859847-2d3c-4359-bb59-431e404a6a9c,ac1f09fffe296d29,light_opt3001_lux,146.52,,,lx,measured,light_opt3001_lux
60055,2026-09-22 03:22:18.35697+00,ca859847-2d3c-4359-bb59-431e404a6a9c,ac1f09fffe296d29,environment_temperature_c,28.99,,,Cel,measured,environment_temperature_c
60056,2026-09-22 03:22:18.35697+00,ca859847-2d3c-4359-bb59-431e404a6a9c,ac1f09fffe296d29,environment_humidity_percent,51.13,,,%,measured,environment_humidity_percent
60057,2026-09-22 03:22:18.35697+00,ca859847-2d3c-4359-bb59-431e404a6a9c,ac1f09fffe296d29,environment_pressure_pa,101136,,,Pa,measured,environment_pressure_pa
60058,2026-09-22 03:22:18.35697+00,ca859847-2d3c-4359-bb59-431e404a6a9c,ac1f09fffe296d29,environment_gas_resistance_ohm,49932,,,ohm,measured,environment_gas_resistance_ohm
60059,2026-09-22 03:22:18.35697+00,ca859847-2d3c-4359-bb59-431e404a6a9c,ac1f09fffe296d29,rain_wet,,,f,boolean,measured,rain_wet
60060,2026-09-22 03:22:18.35697+00,ca859847-2d3c-4359-bb59-431e404a6a9c,ac1f09fffe296d29,battery_v,,,,V,invalid,battery_v
60061,2026-09-22 03:22:33.360463+00,605f2ee7-00c9-49d3-b1da-a13b570b030d,ac1f09fffe296d29,soil_moisture_percent,3,,,%,measured,soil_moisture_percent
60062,2026-09-22 03:22:33.360463+00,605f2ee7-00c9-49d3-b1da-a13b570b030d,ac1f09fffe296d29,soil_temperature_c,30.2,,,Cel,measured,soil_temperature_c
60063,2026-09-22 03:22:33.360463+00,605f2ee7-00c9-49d3-b1da-a13b570b030d,ac1f09fffe296d29,uv_index,0,,,1,measured,uv_index
60064,2026-09-22 03:22:33.360463+00,605f2ee7-00c9-49d3-b1da-a13b570b030d,ac1f09fffe296d29,barometer_pressure_pa,101454,,,Pa,measured,barometer_pressure_pa
60065,2026-09-22 03:22:33.360463+00,605f2ee7-00c9-49d3-b1da-a13b570b030d,ac1f09fffe296d29,barometer_temperature_c,25.78,,,Cel,measured,barometer_temperature_c
60066,2026-09-22 03:22:33.360463+00,605f2ee7-00c9-49d3-b1da-a13b570b030d,ac1f09fffe296d29,light_veml7700_lux,160.16,,,lx,measured,light_veml7700_lux
60067,2026-09-22 03:22:33.360463+00,605f2ee7-00c9-49d3-b1da-a13b570b030d,ac1f09fffe296d29,light_opt3001_lux,146.84,,,lx,measured,light_opt3001_lux
60068,2026-09-22 03:22:33.360463+00,605f2ee7-00c9-49d3-b1da-a13b570b030d,ac1f09fffe296d29,environment_temperature_c,28.99,,,Cel,measured,environment_temperature_c
60069,2026-09-22 03:22:33.360463+00,605f2ee7-00c9-49d3-b1da-a13b570b030d,ac1f09fffe296d29,environment_humidity_percent,50.39,,,%,measured,environment_humidity_percent
60070,2026-09-22 03:22:33.360463+00,605f2ee7-00c9-49d3-b1da-a13b570b030d,ac1f09fffe296d29,environment_pressure_pa,101134,,,Pa,measured,environment_pressure_pa
60071,2026-09-22 03:22:33.360463+00,605f2ee7-00c9-49d3-b1da-a13b570b030d,ac1f09fffe296d29,environment_gas_resistance_ohm,50141,,,ohm,measured,environment_gas_resistance_ohm
60072,2026-09-22 03:22:33.360463+00,605f2ee7-00c9-49d3-b1da-a13b570b030d,ac1f09fffe296d29,rain_wet,,,f,boolean,measured,rain_wet
60073,2026-09-22 03:22:33.360463+00,605f2ee7-00c9-49d3-b1da-a13b570b030d,ac1f09fffe296d29,battery_v,,,,V,invalid,battery_v
60074,2026-09-22 03:22:48.219757+00,bd7e725c-d51d-4230-9779-2e319c1a6560,ac1f09fffe296d29,soil_moisture_percent,4,,,%,measured,soil_moisture_percent
60075,2026-09-22 03:22:48.219757+00,bd7e725c-d51d-4230-9779-2e319c1a6560,ac1f09fffe296d29,soil_temperature_c,30.2,,,Cel,measured,soil_temperature_c
60076,2026-09-22 03:22:48.219757+00,bd7e725c-d51d-4230-9779-2e319c1a6560,ac1f09fffe296d29,uv_index,0,,,1,measured,uv_index
60077,2026-09-22 03:22:48.219757+00,bd7e725c-d51d-4230-9779-2e319c1a6560,ac1f09fffe296d29,barometer_pressure_pa,101453,,,Pa,measured,barometer_pressure_pa
60078,2026-09-22 03:22:48.219757+00,bd7e725c-d51d-4230-9779-2e319c1a6560,ac1f09fffe296d29,barometer_temperature_c,25.79,,,Cel,measured,barometer_temperature_c
60079,2026-09-22 03:22:48.219757+00,bd7e725c-d51d-4230-9779-2e319c1a6560,ac1f09fffe296d29,light_veml7700_lux,158.52,,,lx,measured,light_veml7700_lux
60080,2026-09-22 03:22:48.219757+00,bd7e725c-d51d-4230-9779-2e319c1a6560,ac1f09fffe296d29,light_opt3001_lux,145.88,,,lx,measured,light_opt3001_lux
60081,2026-09-22 03:22:48.219757+00,bd7e725c-d51d-4230-9779-2e319c1a6560,ac1f09fffe296d29,environment_temperature_c,29,,,Cel,measured,environment_temperature_c
60082,2026-09-22 03:22:48.219757+00,bd7e725c-d51d-4230-9779-2e319c1a6560,ac1f09fffe296d29,environment_humidity_percent,49.91,,,%,measured,environment_humidity_percent
60083,2026-09-22 03:22:48.219757+00,bd7e725c-d51d-4230-9779-2e319c1a6560,ac1f09fffe296d29,environment_pressure_pa,101134,,,Pa,measured,environment_pressure_pa
60084,2026-09-22 03:22:48.219757+00,bd7e725c-d51d-4230-9779-2e319c1a6560,ac1f09fffe296d29,environment_gas_resistance_ohm,50322,,,ohm,measured,environment_gas_resistance_ohm
60085,2026-09-22 03:22:48.219757+00,bd7e725c-d51d-4230-9779-2e319c1a6560,ac1f09fffe296d29,rain_wet,,,f,boolean,measured,rain_wet
60086,2026-09-22 03:22:48.219757+00,bd7e725c-d51d-4230-9779-2e319c1a6560,ac1f09fffe296d29,battery_v,,,,V,invalid,battery_v
60087,2026-09-22 03:23:03.499191+00,cd528f95-b49f-4d56-aeee-1333944b9463,ac1f09fffe296d29,soil_moisture_percent,3,,,%,measured,soil_moisture_percent
60088,2026-09-22 03:23:03.499191+00,cd528f95-b49f-4d56-aeee-1333944b9463,ac1f09fffe296d29,soil_temperature_c,30.3,,,Cel,measured,soil_temperature_c
60089,2026-09-22 03:23:03.499191+00,cd528f95-b49f-4d56-aeee-1333944b9463,ac1f09fffe296d29,uv_index,0,,,1,measured,uv_index
60090,2026-09-22 03:23:03.499191+00,cd528f95-b49f-4d56-aeee-1333944b9463,ac1f09fffe296d29,barometer_pressure_pa,101454,,,Pa,measured,barometer_pressure_pa
60091,2026-09-22 03:23:03.499191+00,cd528f95-b49f-4d56-aeee-1333944b9463,ac1f09fffe296d29,barometer_temperature_c,25.81,,,Cel,measured,barometer_temperature_c
60092,2026-09-22 03:23:03.499191+00,cd528f95-b49f-4d56-aeee-1333944b9463,ac1f09fffe296d29,light_veml7700_lux,175.6,,,lx,measured,light_veml7700_lux
60093,2026-09-22 03:23:03.499191+00,cd528f95-b49f-4d56-aeee-1333944b9463,ac1f09fffe296d29,light_opt3001_lux,155.24,,,lx,measured,light_opt3001_lux
60094,2026-09-22 03:23:03.499191+00,cd528f95-b49f-4d56-aeee-1333944b9463,ac1f09fffe296d29,environment_temperature_c,29,,,Cel,measured,environment_temperature_c
60095,2026-09-22 03:23:03.499191+00,cd528f95-b49f-4d56-aeee-1333944b9463,ac1f09fffe296d29,environment_humidity_percent,50.05,,,%,measured,environment_humidity_percent
60096,2026-09-22 03:23:03.499191+00,cd528f95-b49f-4d56-aeee-1333944b9463,ac1f09fffe296d29,environment_pressure_pa,101134,,,Pa,measured,environment_pressure_pa
60097,2026-09-22 03:23:03.499191+00,cd528f95-b49f-4d56-aeee-1333944b9463,ac1f09fffe296d29,environment_gas_resistance_ohm,50352,,,ohm,measured,environment_gas_resistance_ohm
60098,2026-09-22 03:23:03.499191+00,cd528f95-b49f-4d56-aeee-1333944b9463,ac1f09fffe296d29,rain_wet,,,f,boolean,measured,rain_wet
60099,2026-09-22 03:23:03.499191+00,cd528f95-b49f-4d56-aeee-1333944b9463,ac1f09fffe296d29,battery_v,,,,V,invalid,battery_v
