timestamp_utc,container,cpu_percent,memory_usage,memory_percent
2026-09-22T02:52:49.894Z,lorawan-gateway-evidence-fabric-adapter-1,0.00,"8.91MiB / 192MiB",4.64
2026-09-22T02:52:49.894Z,lorawan-gateway-evidence-ingest-1,0.00,"12.04MiB / 192MiB",6.27
2026-09-22T02:52:49.894Z,lorawan-gateway-evidence-collector-1,0.30,"12.28MiB / 192MiB",6.39
2026-09-22T02:52:49.894Z,seaweedfs,6.20,"180MiB / 256MiB",70.31
2026-09-22T02:52:49.894Z,seaweedfs-metadata-etcd,10.83,"75.31MiB / 96MiB",78.45
2026-09-22T02:52:49.894Z,openbao,1.46,"34.78MiB / 512MiB",6.79
2026-09-22T02:52:49.894Z,chirpstack,0.28,"42.5MiB / 1.922GiB",2.16
2026-09-22T02:52:49.894Z,spilo,6.41,"309.4MiB / 1.922GiB",15.72
2026-09-22T02:52:49.894Z,etcd,0.77,"46.67MiB / 1.922GiB",2.37
2026-09-22T02:52:57.218Z,lorawan-gateway-evidence-fabric-adapter-1,0.00,"8.91MiB / 192MiB",4.64
2026-09-22T02:52:57.218Z,lorawan-gateway-evidence-ingest-1,0.00,"12.04MiB / 192MiB",6.27
2026-09-22T02:52:57.218Z,lorawan-gateway-evidence-collector-1,0.30,"12.28MiB / 192MiB",6.39
2026-09-22T02:52:57.218Z,seaweedfs,5.61,"180.2MiB / 256MiB",70.40
2026-09-22T02:52:57.218Z,seaweedfs-metadata-etcd,12.52,"75.36MiB / 96MiB",78.50
2026-09-22T02:52:57.218Z,openbao,1.47,"34.78MiB / 512MiB",6.79
2026-09-22T02:52:57.218Z,chirpstack,0.28,"42.5MiB / 1.922GiB",2.16
2026-09-22T02:52:57.218Z,spilo,4.83,"309.4MiB / 1.922GiB",15.72
2026-09-22T02:52:57.218Z,etcd,0.75,"46.67MiB / 1.922GiB",2.37
2026-09-22T02:53:04.491Z,lorawan-gateway-evidence-fabric-adapter-1,0.10,"8.91MiB / 192MiB",4.64
2026-09-22T02:53:04.491Z,lorawan-gateway-evidence-ingest-1,0.00,"12.04MiB / 192MiB",6.27
2026-09-22T02:53:04.491Z,lorawan-gateway-evidence-collector-1,0.31,"12.28MiB / 192MiB",6.39
2026-09-22T02:53:04.491Z,seaweedfs,12.64,"180MiB / 256MiB",70.30
2026-09-22T02:53:04.491Z,seaweedfs-metadata-etcd,14.27,"75.37MiB / 96MiB",78.51
2026-09-22T02:53:04.491Z,openbao,1.52,"34.78MiB / 512MiB",6.79
2026-09-22T02:53:04.491Z,chirpstack,0.31,"42.5MiB / 1.922GiB",2.16
2026-09-22T02:53:04.491Z,spilo,3.53,"309.1MiB / 1.922GiB",15.71
2026-09-22T02:53:04.491Z,etcd,0.84,"46.67MiB / 1.922GiB",2.37
2026-09-22T02:53:11.885Z,lorawan-gateway-evidence-fabric-adapter-1,0.00,"8.91MiB / 192MiB",4.64
2026-09-22T02:53:11.885Z,lorawan-gateway-evidence-ingest-1,0.00,"12.04MiB / 192MiB",6.27
2026-09-22T02:53:11.885Z,lorawan-gateway-evidence-collector-1,0.32,"12.28MiB / 192MiB",6.39
2026-09-22T02:53:11.885Z,seaweedfs,6.10,"180MiB / 256MiB",70.30
2026-09-22T02:53:11.885Z,seaweedfs-metadata-etcd,11.74,"75.37MiB / 96MiB",78.51
2026-09-22T02:53:11.885Z,openbao,1.37,"34.78MiB / 512MiB",6.79
2026-09-22T02:53:11.885Z,chirpstack,0.26,"42.5MiB / 1.922GiB",2.16
2026-09-22T02:53:11.885Z,spilo,4.61,"309.4MiB / 1.922GiB",15.72
2026-09-22T02:53:11.885Z,etcd,0.62,"46.67MiB / 1.922GiB",2.37
2026-09-22T02:53:19.145Z,lorawan-gateway-evidence-fabric-adapter-1,0.00,"8.91MiB / 192MiB",4.64
2026-09-22T02:53:19.145Z,lorawan-gateway-evidence-ingest-1,0.00,"12.04MiB / 192MiB",6.27
2026-09-22T02:53:19.145Z,lorawan-gateway-evidence-collector-1,0.29,"12.28MiB / 192MiB",6.39
2026-09-22T02:53:19.145Z,seaweedfs,7.94,"186.5MiB / 256MiB",72.85
2026-09-22T02:53:19.145Z,seaweedfs-metadata-etcd,13.18,"75.36MiB / 96MiB",78.50
2026-09-22T02:53:19.145Z,openbao,1.18,"34.78MiB / 512MiB",6.79
2026-09-22T02:53:19.145Z,chirpstack,0.29,"42.5MiB / 1.922GiB",2.16
2026-09-22T02:53:19.145Z,spilo,4.09,"309.4MiB / 1.922GiB",15.72
2026-09-22T02:53:19.145Z,etcd,1.02,"46.67MiB / 1.922GiB",2.37
2026-09-22T02:53:26.438Z,lorawan-gateway-evidence-fabric-adapter-1,0.10,"8.91MiB / 192MiB",4.64
2026-09-22T02:53:26.438Z,lorawan-gateway-evidence-ingest-1,0.00,"12.04MiB / 192MiB",6.27
2026-09-22T02:53:26.438Z,lorawan-gateway-evidence-collector-1,0.27,"12.28MiB / 192MiB",6.39
2026-09-22T02:53:26.438Z,seaweedfs,6.54,"180.2MiB / 256MiB",70.39
2026-09-22T02:53:26.438Z,seaweedfs-metadata-etcd,12.15,"75.36MiB / 96MiB",78.50
2026-09-22T02:53:26.438Z,openbao,1.35,"34.78MiB / 512MiB",6.79
2026-09-22T02:53:26.438Z,chirpstack,0.30,"42.5MiB / 1.922GiB",2.16
2026-09-22T02:53:26.438Z,spilo,5.45,"309.4MiB / 1.922GiB",15.72
2026-09-22T02:53:26.438Z,etcd,1.06,"46.67MiB / 1.922GiB",2.37
2026-09-22T02:53:33.691Z,lorawan-gateway-evidence-fabric-adapter-1,0.00,"8.91MiB / 192MiB",4.64
2026-09-22T02:53:33.691Z,lorawan-gateway-evidence-ingest-1,0.00,"12.04MiB / 192MiB",6.27
2026-09-22T02:53:33.691Z,lorawan-gateway-evidence-collector-1,0.30,"12.28MiB / 192MiB",6.39
2026-09-22T02:53:33.691Z,seaweedfs,2.74,"179.9MiB / 256MiB",70.28
2026-09-22T02:53:33.691Z,seaweedfs-metadata-etcd,5.67,"75.36MiB / 96MiB",78.50
2026-09-22T02:53:33.691Z,openbao,1.18,"34.78MiB / 512MiB",6.79
2026-09-22T02:53:33.691Z,chirpstack,0.25,"42.5MiB / 1.922GiB",2.16
2026-09-22T02:53:33.691Z,spilo,5.30,"309.4MiB / 1.922GiB",15.72
2026-09-22T02:53:33.691Z,etcd,0.74,"46.67MiB / 1.922GiB",2.37
2026-09-22T02:53:40.998Z,lorawan-gateway-evidence-fabric-adapter-1,0.12,"8.91MiB / 192MiB",4.64
2026-09-22T02:53:40.998Z,lorawan-gateway-evidence-ingest-1,0.00,"12.04MiB / 192MiB",6.27
2026-09-22T02:53:40.998Z,lorawan-gateway-evidence-collector-1,0.31,"12.28MiB / 192MiB",6.39
2026-09-22T02:53:40.998Z,seaweedfs,5.74,"180MiB / 256MiB",70.31
2026-09-22T02:53:40.998Z,seaweedfs-metadata-etcd,6.28,"75.36MiB / 96MiB",78.50
2026-09-22T02:53:40.998Z,openbao,1.38,"34.78MiB / 512MiB",6.79
2026-09-22T02:53:40.998Z,chirpstack,0.36,"42.5MiB / 1.922GiB",2.16
2026-09-22T02:53:40.998Z,spilo,4.81,"309.4MiB / 1.922GiB",15.72
2026-09-22T02:53:40.998Z,etcd,0.76,"46.67MiB / 1.922GiB",2.37
2026-09-22T02:53:48.318Z,lorawan-gateway-evidence-fabric-adapter-1,0.12,"8.91MiB / 192MiB",4.64
2026-09-22T02:53:48.318Z,lorawan-gateway-evidence-ingest-1,0.00,"12.04MiB / 192MiB",6.27
2026-09-22T02:53:48.318Z,lorawan-gateway-evidence-collector-1,0.28,"12.28MiB / 192MiB",6.39
2026-09-22T02:53:48.318Z,seaweedfs,10.45,"180.2MiB / 256MiB",70.38
2026-09-22T02:53:48.318Z,seaweedfs-metadata-etcd,16.83,"75.97MiB / 96MiB",79.14
2026-09-22T02:53:48.318Z,openbao,1.70,"34.78MiB / 512MiB",6.79
2026-09-22T02:53:48.318Z,chirpstack,0.58,"42.5MiB / 1.922GiB",2.16
2026-09-22T02:53:48.318Z,spilo,2.89,"309.3MiB / 1.922GiB",15.72
2026-09-22T02:53:48.318Z,etcd,0.68,"46.67MiB / 1.922GiB",2.37
2026-09-22T02:53:55.675Z,lorawan-gateway-evidence-fabric-adapter-1,0.00,"8.91MiB / 192MiB",4.64
2026-09-22T02:53:55.675Z,lorawan-gateway-evidence-ingest-1,0.00,"12.04MiB / 192MiB",6.27
2026-09-22T02:53:55.675Z,lorawan-gateway-evidence-collector-1,0.26,"12.28MiB / 192MiB",6.39
2026-09-22T02:53:55.675Z,seaweedfs,9.13,"179.9MiB / 256MiB",70.28
2026-09-22T02:53:55.675Z,seaweedfs-metadata-etcd,13.93,"75.97MiB / 96MiB",79.14
2026-09-22T02:53:55.675Z,openbao,1.17,"34.78MiB / 512MiB",6.79
2026-09-22T02:53:55.675Z,chirpstack,0.19,"42.5MiB / 1.922GiB",2.16
2026-09-22T02:53:55.675Z,spilo,2.03,"309.3MiB / 1.922GiB",15.72
2026-09-22T02:53:55.675Z,etcd,1.22,"46.67MiB / 1.922GiB",2.37
2026-09-22T02:54:02.969Z,lorawan-gateway-evidence-fabric-adapter-1,0.10,"8.91MiB / 192MiB",4.64
2026-09-22T02:54:02.969Z,lorawan-gateway-evidence-ingest-1,0.00,"12.04MiB / 192MiB",6.27
2026-09-22T02:54:02.969Z,lorawan-gateway-evidence-collector-1,0.33,"12.29MiB / 192MiB",6.40
2026-09-22T02:54:02.969Z,seaweedfs,7.62,"186MiB / 256MiB",72.67
2026-09-22T02:54:02.969Z,seaweedfs-metadata-etcd,14.78,"75.98MiB / 96MiB",79.15
2026-09-22T02:54:02.969Z,openbao,1.53,"34.78MiB / 512MiB",6.79
2026-09-22T02:54:02.969Z,chirpstack,0.37,"42.5MiB / 1.922GiB",2.16
2026-09-22T02:54:02.969Z,spilo,5.28,"309.4MiB / 1.922GiB",15.72
2026-09-22T02:54:02.969Z,etcd,1.38,"46.67MiB / 1.922GiB",2.37
2026-09-22T02:54:10.282Z,lorawan-gateway-evidence-fabric-adapter-1,0.09,"8.91MiB / 192MiB",4.64
2026-09-22T02:54:10.282Z,lorawan-gateway-evidence-ingest-1,0.00,"12.04MiB / 192MiB",6.27
2026-09-22T02:54:10.282Z,lorawan-gateway-evidence-collector-1,0.29,"12.29MiB / 192MiB",6.40
2026-09-22T02:54:10.282Z,seaweedfs,7.99,"180.1MiB / 256MiB",70.35
2026-09-22T02:54:10.282Z,seaweedfs-metadata-etcd,12.22,"75.98MiB / 96MiB",79.14
2026-09-22T02:54:10.282Z,openbao,1.44,"34.78MiB / 512MiB",6.79
2026-09-22T02:54:10.282Z,chirpstack,0.29,"42.5MiB / 1.922GiB",2.16
2026-09-22T02:54:10.282Z,spilo,4.31,"309.4MiB / 1.922GiB",15.72
2026-09-22T02:54:10.282Z,etcd,0.74,"46.67MiB / 1.922GiB",2.37
2026-09-22T02:54:17.576Z,lorawan-gateway-evidence-fabric-adapter-1,0.00,"8.91MiB / 192MiB",4.64
2026-09-22T02:54:17.576Z,lorawan-gateway-evidence-ingest-1,0.00,"12.04MiB / 192MiB",6.27
2026-09-22T02:54:17.576Z,lorawan-gateway-evidence-collector-1,0.29,"12.32MiB / 192MiB",6.41
2026-09-22T02:54:17.576Z,seaweedfs,5.59,"185.2MiB / 256MiB",72.35
2026-09-22T02:54:17.576Z,seaweedfs-metadata-etcd,8.74,"75.97MiB / 96MiB",79.14
2026-09-22T02:54:17.576Z,openbao,1.47,"34.78MiB / 512MiB",6.79
2026-09-22T02:54:17.576Z,chirpstack,0.28,"42.5MiB / 1.922GiB",2.16
2026-09-22T02:54:17.576Z,spilo,2.37,"309.1MiB / 1.922GiB",15.71
2026-09-22T02:54:17.576Z,etcd,0.81,"46.67MiB / 1.922GiB",2.37
2026-09-22T02:54:24.824Z,lorawan-gateway-evidence-fabric-adapter-1,0.09,"8.91MiB / 192MiB",4.64
2026-09-22T02:54:24.824Z,lorawan-gateway-evidence-ingest-1,0.00,"12.04MiB / 192MiB",6.27
2026-09-22T02:54:24.824Z,lorawan-gateway-evidence-collector-1,0.27,"12.32MiB / 192MiB",6.41
2026-09-22T02:54:24.824Z,seaweedfs,10.21,"180.2MiB / 256MiB",70.40
2026-09-22T02:54:24.824Z,seaweedfs-metadata-etcd,14.80,"75.98MiB / 96MiB",79.14
2026-09-22T02:54:24.824Z,openbao,1.62,"34.78MiB / 512MiB",6.79
2026-09-22T02:54:24.824Z,chirpstack,0.49,"42.5MiB / 1.922GiB",2.16
2026-09-22T02:54:24.824Z,spilo,3.97,"309.4MiB / 1.922GiB",15.72
2026-09-22T02:54:24.824Z,etcd,0.85,"46.67MiB / 1.922GiB",2.37
2026-09-22T02:54:32.108Z,lorawan-gateway-evidence-fabric-adapter-1,0.08,"8.91MiB / 192MiB",4.64
2026-09-22T02:54:32.108Z,lorawan-gateway-evidence-ingest-1,0.00,"12.04MiB / 192MiB",6.27
2026-09-22T02:54:32.108Z,lorawan-gateway-evidence-collector-1,0.30,"12.34MiB / 192MiB",6.43
2026-09-22T02:54:32.108Z,seaweedfs,8.09,"180.2MiB / 256MiB",70.38
2026-09-22T02:54:32.108Z,seaweedfs-metadata-etcd,13.83,"75.98MiB / 96MiB",79.15
2026-09-22T02:54:32.108Z,openbao,1.25,"34.78MiB / 512MiB",6.79
2026-09-22T02:54:32.108Z,chirpstack,0.29,"42.5MiB / 1.922GiB",2.16
2026-09-22T02:54:32.108Z,spilo,4.72,"309.1MiB / 1.922GiB",15.71
2026-09-22T02:54:32.108Z,etcd,0.69,"46.67MiB / 1.922GiB",2.37
2026-09-22T02:54:39.449Z,lorawan-gateway-evidence-fabric-adapter-1,0.00,"8.91MiB / 192MiB",4.64
2026-09-22T02:54:39.449Z,lorawan-gateway-evidence-ingest-1,0.00,"12.04MiB / 192MiB",6.27
2026-09-22T02:54:39.449Z,lorawan-gateway-evidence-collector-1,0.29,"12.34MiB / 192MiB",6.43
2026-09-22T02:54:39.449Z,seaweedfs,9.30,"180.2MiB / 256MiB",70.40
2026-09-22T02:54:39.449Z,seaweedfs-metadata-etcd,15.30,"75.98MiB / 96MiB",79.15
2026-09-22T02:54:39.449Z,openbao,1.23,"34.78MiB / 512MiB",6.79
2026-09-22T02:54:39.449Z,chirpstack,0.32,"42.5MiB / 1.922GiB",2.16
2026-09-22T02:54:39.449Z,spilo,3.44,"309.4MiB / 1.922GiB",15.72
2026-09-22T02:54:39.449Z,etcd,1.06,"46.67MiB / 1.922GiB",2.37
2026-09-22T02:54:46.784Z,lorawan-gateway-evidence-fabric-adapter-1,0.09,"8.91MiB / 192MiB",4.64
2026-09-22T02:54:46.784Z,lorawan-gateway-evidence-ingest-1,0.00,"12.88MiB / 192MiB",6.71
2026-09-22T02:54:46.784Z,lorawan-gateway-evidence-collector-1,0.32,"12.36MiB / 192MiB",6.44
2026-09-22T02:54:46.784Z,seaweedfs,8.71,"180.1MiB / 256MiB",70.36
2026-09-22T02:54:46.784Z,seaweedfs-metadata-etcd,15.90,"75.98MiB / 96MiB",79.14
2026-09-22T02:54:46.784Z,openbao,1.47,"34.78MiB / 512MiB",6.79
2026-09-22T02:54:46.784Z,chirpstack,0.51,"42.5MiB / 1.922GiB",2.16
2026-09-22T02:54:46.784Z,spilo,4.79,"312.4MiB / 1.922GiB",15.88
2026-09-22T02:54:46.784Z,etcd,1.15,"46.68MiB / 1.922GiB",2.37
2026-09-22T02:54:54.126Z,lorawan-gateway-evidence-fabric-adapter-1,0.89,"8.914MiB / 192MiB",4.64
2026-09-22T02:54:54.126Z,lorawan-gateway-evidence-ingest-1,0.00,"12.88MiB / 192MiB",6.71
2026-09-22T02:54:54.126Z,lorawan-gateway-evidence-collector-1,0.29,"12.36MiB / 192MiB",6.44
2026-09-22T02:54:54.126Z,seaweedfs,8.47,"179.9MiB / 256MiB",70.28
2026-09-22T02:54:54.126Z,seaweedfs-metadata-etcd,13.08,"75.97MiB / 96MiB",79.14
2026-09-22T02:54:54.126Z,openbao,1.27,"34.79MiB / 512MiB",6.79
2026-09-22T02:54:54.126Z,chirpstack,0.23,"42.5MiB / 1.922GiB",2.16
2026-09-22T02:54:54.126Z,spilo,4.53,"313.5MiB / 1.922GiB",15.93
2026-09-22T02:54:54.126Z,etcd,0.83,"46.68MiB / 1.922GiB",2.37
2026-09-22T02:55:01.436Z,lorawan-gateway-evidence-fabric-adapter-1,0.00,"9.23MiB / 192MiB",4.81
2026-09-22T02:55:01.436Z,lorawan-gateway-evidence-ingest-1,0.00,"12.88MiB / 192MiB",6.71
2026-09-22T02:55:01.436Z,lorawan-gateway-evidence-collector-1,0.41,"12.36MiB / 192MiB",6.44
2026-09-22T02:55:01.436Z,seaweedfs,4.90,"185.8MiB / 256MiB",72.57
2026-09-22T02:55:01.436Z,seaweedfs-metadata-etcd,13.87,"75.98MiB / 96MiB",79.15
2026-09-22T02:55:01.436Z,openbao,2.18,"34.78MiB / 512MiB",6.79
2026-09-22T02:55:01.436Z,chirpstack,0.73,"42.5MiB / 1.922GiB",2.16
2026-09-22T02:55:01.436Z,spilo,6.38,"314MiB / 1.922GiB",15.95
2026-09-22T02:55:01.436Z,etcd,2.98,"46.71MiB / 1.922GiB",2.37
2026-09-22T02:55:09.156Z,lorawan-gateway-evidence-fabric-adapter-1,0.00,"9.68MiB / 192MiB",5.04
2026-09-22T02:55:09.156Z,lorawan-gateway-evidence-ingest-1,0.00,"12.88MiB / 192MiB",6.71
2026-09-22T02:55:09.156Z,lorawan-gateway-evidence-collector-1,0.34,"12.36MiB / 192MiB",6.44
2026-09-22T02:55:09.156Z,seaweedfs,7.82,"180MiB / 256MiB",70.30
2026-09-22T02:55:09.156Z,seaweedfs-metadata-etcd,11.44,"75.98MiB / 96MiB",79.14
2026-09-22T02:55:09.156Z,openbao,1.38,"34.78MiB / 512MiB",6.79
2026-09-22T02:55:09.156Z,chirpstack,0.34,"42.5MiB / 1.922GiB",2.16
2026-09-22T02:55:09.156Z,spilo,3.77,"313.9MiB / 1.922GiB",15.95
2026-09-22T02:55:09.156Z,etcd,1.02,"46.71MiB / 1.922GiB",2.37
2026-09-22T02:55:16.487Z,lorawan-gateway-evidence-fabric-adapter-1,0.35,"9.992MiB / 192MiB",5.20
2026-09-22T02:55:16.487Z,lorawan-gateway-evidence-ingest-1,0.00,"12.88MiB / 192MiB",6.71
2026-09-22T02:55:16.487Z,lorawan-gateway-evidence-collector-1,0.30,"12.43MiB / 192MiB",6.47
2026-09-22T02:55:16.487Z,seaweedfs,7.27,"185.7MiB / 256MiB",72.54
2026-09-22T02:55:16.487Z,seaweedfs-metadata-etcd,13.74,"76.04MiB / 96MiB",79.21
2026-09-22T02:55:16.487Z,openbao,1.21,"34.78MiB / 512MiB",6.79
2026-09-22T02:55:16.487Z,chirpstack,0.26,"42.5MiB / 1.922GiB",2.16
2026-09-22T02:55:16.487Z,spilo,48.39,"318.2MiB / 1.922GiB",16.17
2026-09-22T02:55:16.487Z,etcd,0.74,"46.71MiB / 1.922GiB",2.37
2026-09-22T02:55:23.891Z,lorawan-gateway-evidence-fabric-adapter-1,0.00,"10.32MiB / 192MiB",5.38
2026-09-22T02:55:23.891Z,lorawan-gateway-evidence-ingest-1,0.00,"12.88MiB / 192MiB",6.71
2026-09-22T02:55:23.891Z,lorawan-gateway-evidence-collector-1,0.31,"12.43MiB / 192MiB",6.47
2026-09-22T02:55:23.891Z,seaweedfs,8.00,"180.2MiB / 256MiB",70.41
2026-09-22T02:55:23.891Z,seaweedfs-metadata-etcd,15.01,"76.05MiB / 96MiB",79.22
2026-09-22T02:55:23.891Z,openbao,1.27,"34.78MiB / 512MiB",6.79
2026-09-22T02:55:23.891Z,chirpstack,0.33,"42.5MiB / 1.922GiB",2.16
2026-09-22T02:55:23.891Z,spilo,2.88,"318.5MiB / 1.922GiB",16.18
2026-09-22T02:55:23.891Z,etcd,1.03,"46.71MiB / 1.922GiB",2.37
2026-09-22T02:55:31.244Z,lorawan-gateway-evidence-fabric-adapter-1,0.00,"10.34MiB / 192MiB",5.38
2026-09-22T02:55:31.244Z,lorawan-gateway-evidence-ingest-1,0.00,"12.88MiB / 192MiB",6.71
2026-09-22T02:55:31.244Z,lorawan-gateway-evidence-collector-1,0.29,"12.43MiB / 192MiB",6.47
2026-09-22T02:55:31.244Z,seaweedfs,9.72,"180.3MiB / 256MiB",70.42
2026-09-22T02:55:31.244Z,seaweedfs-metadata-etcd,13.82,"76.04MiB / 96MiB",79.21
2026-09-22T02:55:31.244Z,openbao,1.25,"34.78MiB / 512MiB",6.79
2026-09-22T02:55:31.244Z,chirpstack,2.33,"42.5MiB / 1.922GiB",2.16
2026-09-22T02:55:31.244Z,spilo,3.36,"318.5MiB / 1.922GiB",16.18
2026-09-22T02:55:31.244Z,etcd,1.29,"46.71MiB / 1.922GiB",2.37
2026-09-22T02:55:38.576Z,lorawan-gateway-evidence-fabric-adapter-1,0.09,"10.34MiB / 192MiB",5.38
2026-09-22T02:55:38.576Z,lorawan-gateway-evidence-ingest-1,0.00,"12.88MiB / 192MiB",6.71
2026-09-22T02:55:38.576Z,lorawan-gateway-evidence-collector-1,0.32,"12.43MiB / 192MiB",6.47
2026-09-22T02:55:38.576Z,seaweedfs,7.19,"180MiB / 256MiB",70.32
2026-09-22T02:55:38.576Z,seaweedfs-metadata-etcd,10.68,"76.04MiB / 96MiB",79.21
2026-09-22T02:55:38.576Z,openbao,1.16,"34.78MiB / 512MiB",6.79
2026-09-22T02:55:38.576Z,chirpstack,0.22,"42.5MiB / 1.922GiB",2.16
2026-09-22T02:55:38.576Z,spilo,2.43,"318.2MiB / 1.922GiB",16.17
2026-09-22T02:55:38.576Z,etcd,1.18,"46.71MiB / 1.922GiB",2.37
2026-09-22T02:55:45.873Z,lorawan-gateway-evidence-fabric-adapter-1,0.00,"10.34MiB / 192MiB",5.39
2026-09-22T02:55:45.873Z,lorawan-gateway-evidence-ingest-1,0.00,"12.91MiB / 192MiB",6.72
2026-09-22T02:55:45.873Z,lorawan-gateway-evidence-collector-1,0.52,"12.43MiB / 192MiB",6.47
2026-09-22T02:55:45.873Z,seaweedfs,8.03,"180.2MiB / 256MiB",70.37
2026-09-22T02:55:45.873Z,seaweedfs-metadata-etcd,11.90,"76.05MiB / 96MiB",79.22
2026-09-22T02:55:45.873Z,openbao,1.39,"34.78MiB / 512MiB",6.79
2026-09-22T02:55:45.873Z,chirpstack,2.68,"42.5MiB / 1.922GiB",2.16
2026-09-22T02:55:45.873Z,spilo,5.07,"318.3MiB / 1.922GiB",16.17
2026-09-22T02:55:45.873Z,etcd,1.45,"46.71MiB / 1.922GiB",2.37
2026-09-22T02:55:53.152Z,lorawan-gateway-evidence-fabric-adapter-1,0.27,"10.37MiB / 192MiB",5.40
2026-09-22T02:55:53.152Z,lorawan-gateway-evidence-ingest-1,0.00,"12.91MiB / 192MiB",6.72
2026-09-22T02:55:53.152Z,lorawan-gateway-evidence-collector-1,0.32,"12.43MiB / 192MiB",6.47
2026-09-22T02:55:53.152Z,seaweedfs,6.69,"180.1MiB / 256MiB",70.36
2026-09-22T02:55:53.152Z,seaweedfs-metadata-etcd,10.10,"76.05MiB / 96MiB",79.22
2026-09-22T02:55:53.152Z,openbao,1.23,"34.78MiB / 512MiB",6.79
2026-09-22T02:55:53.152Z,chirpstack,0.36,"42.5MiB / 1.922GiB",2.16
2026-09-22T02:55:53.152Z,spilo,2.82,"318.3MiB / 1.922GiB",16.17
2026-09-22T02:55:53.152Z,etcd,0.85,"46.71MiB / 1.922GiB",2.37
2026-09-22T02:56:00.512Z,lorawan-gateway-evidence-fabric-adapter-1,0.81,"10.37MiB / 192MiB",5.40
2026-09-22T02:56:00.512Z,lorawan-gateway-evidence-ingest-1,0.00,"12.91MiB / 192MiB",6.72
2026-09-22T02:56:00.512Z,lorawan-gateway-evidence-collector-1,1.30,"12.43MiB / 192MiB",6.47
2026-09-22T02:56:00.512Z,seaweedfs,11.88,"180.1MiB / 256MiB",70.36
2026-09-22T02:56:00.512Z,seaweedfs-metadata-etcd,17.77,"76.05MiB / 96MiB",79.22
2026-09-22T02:56:00.512Z,openbao,1.83,"34.78MiB / 512MiB",6.79
2026-09-22T02:56:00.512Z,chirpstack,0.90,"42.5MiB / 1.922GiB",2.16
2026-09-22T02:56:00.512Z,spilo,12.65,"318.3MiB / 1.922GiB",16.17
2026-09-22T02:56:00.512Z,etcd,1.27,"46.71MiB / 1.922GiB",2.37
2026-09-22T02:56:07.988Z,lorawan-gateway-evidence-fabric-adapter-1,0.02,"10.37MiB / 192MiB",5.40
2026-09-22T02:56:07.988Z,lorawan-gateway-evidence-ingest-1,0.00,"12.91MiB / 192MiB",6.72
2026-09-22T02:56:07.988Z,lorawan-gateway-evidence-collector-1,0.33,"12.43MiB / 192MiB",6.47
2026-09-22T02:56:07.988Z,seaweedfs,8.14,"180.1MiB / 256MiB",70.36
2026-09-22T02:56:07.988Z,seaweedfs-metadata-etcd,15.20,"76.04MiB / 96MiB",79.21
2026-09-22T02:56:07.988Z,openbao,1.17,"34.78MiB / 512MiB",6.79
2026-09-22T02:56:07.988Z,chirpstack,0.24,"42.5MiB / 1.922GiB",2.16
2026-09-22T02:56:07.988Z,spilo,4.69,"318.3MiB / 1.922GiB",16.17
2026-09-22T02:56:07.988Z,etcd,0.96,"46.71MiB / 1.922GiB",2.37
2026-09-22T02:56:15.328Z,lorawan-gateway-evidence-fabric-adapter-1,0.00,"10.37MiB / 192MiB",5.40
2026-09-22T02:56:15.328Z,lorawan-gateway-evidence-ingest-1,0.00,"12.91MiB / 192MiB",6.72
2026-09-22T02:56:15.328Z,lorawan-gateway-evidence-collector-1,0.74,"12.43MiB / 192MiB",6.47
2026-09-22T02:56:15.328Z,seaweedfs,8.92,"184.5MiB / 256MiB",72.07
2026-09-22T02:56:15.328Z,seaweedfs-metadata-etcd,16.22,"76.05MiB / 96MiB",79.22
2026-09-22T02:56:15.328Z,openbao,1.80,"34.78MiB / 512MiB",6.79
2026-09-22T02:56:15.328Z,chirpstack,0.55,"42.5MiB / 1.922GiB",2.16
2026-09-22T02:56:15.328Z,spilo,8.56,"318.4MiB / 1.922GiB",16.18
2026-09-22T02:56:15.328Z,etcd,1.74,"46.71MiB / 1.922GiB",2.37
2026-09-22T02:56:22.754Z,lorawan-gateway-evidence-fabric-adapter-1,0.09,"10.39MiB / 192MiB",5.41
2026-09-22T02:56:22.754Z,lorawan-gateway-evidence-ingest-1,0.00,"12.91MiB / 192MiB",6.72
2026-09-22T02:56:22.754Z,lorawan-gateway-evidence-collector-1,0.34,"12.43MiB / 192MiB",6.47
2026-09-22T02:56:22.754Z,seaweedfs,7.26,"184.5MiB / 256MiB",72.07
2026-09-22T02:56:22.754Z,seaweedfs-metadata-etcd,12.71,"76.04MiB / 96MiB",79.21
2026-09-22T02:56:22.754Z,openbao,1.19,"34.78MiB / 512MiB",6.79
2026-09-22T02:56:22.754Z,chirpstack,0.28,"42.5MiB / 1.922GiB",2.16
2026-09-22T02:56:22.754Z,spilo,2.69,"318.5MiB / 1.922GiB",16.18
2026-09-22T02:56:22.754Z,etcd,1.31,"46.71MiB / 1.922GiB",2.37
2026-09-22T02:56:30.024Z,lorawan-gateway-evidence-fabric-adapter-1,0.09,"10.39MiB / 192MiB",5.41
2026-09-22T02:56:30.024Z,lorawan-gateway-evidence-ingest-1,0.00,"12.91MiB / 192MiB",6.72
2026-09-22T02:56:30.024Z,lorawan-gateway-evidence-collector-1,0.38,"12.43MiB / 192MiB",6.47
2026-09-22T02:56:30.024Z,seaweedfs,0.96,"184.5MiB / 256MiB",72.07
2026-09-22T02:56:30.024Z,seaweedfs-metadata-etcd,1.60,"76.04MiB / 96MiB",79.21
2026-09-22T02:56:30.024Z,openbao,2.00,"34.78MiB / 512MiB",6.79
2026-09-22T02:56:30.024Z,chirpstack,0.46,"42.5MiB / 1.922GiB",2.16
2026-09-22T02:56:30.024Z,spilo,6.18,"318.5MiB / 1.922GiB",16.18
2026-09-22T02:56:30.024Z,etcd,0.89,"46.71MiB / 1.922GiB",2.37
2026-09-22T02:56:37.340Z,lorawan-gateway-evidence-fabric-adapter-1,0.00,"10.39MiB / 192MiB",5.41
2026-09-22T02:56:37.340Z,lorawan-gateway-evidence-ingest-1,0.00,"12.91MiB / 192MiB",6.72
2026-09-22T02:56:37.340Z,lorawan-gateway-evidence-collector-1,0.40,"12.43MiB / 192MiB",6.47
2026-09-22T02:56:37.340Z,seaweedfs,0.97,"186.4MiB / 256MiB",72.80
2026-09-22T02:56:37.340Z,seaweedfs-metadata-etcd,1.07,"76.04MiB / 96MiB",79.21
2026-09-22T02:56:37.340Z,openbao,2.06,"34.78MiB / 512MiB",6.79
2026-09-22T02:56:37.340Z,chirpstack,0.38,"42.5MiB / 1.922GiB",2.16
2026-09-22T02:56:37.340Z,spilo,2.05,"318.5MiB / 1.922GiB",16.18
2026-09-22T02:56:37.340Z,etcd,1.01,"46.71MiB / 1.922GiB",2.37
2026-09-22T02:56:44.592Z,lorawan-gateway-evidence-fabric-adapter-1,0.10,"10.39MiB / 192MiB",5.41
2026-09-22T02:56:44.592Z,lorawan-gateway-evidence-ingest-1,0.00,"12.91MiB / 192MiB",6.72
2026-09-22T02:56:44.592Z,lorawan-gateway-evidence-collector-1,0.36,"12.43MiB / 192MiB",6.47
2026-09-22T02:56:44.592Z,seaweedfs,0.65,"187MiB / 256MiB",73.03
2026-09-22T02:56:44.592Z,seaweedfs-metadata-etcd,1.09,"76.04MiB / 96MiB",79.21
2026-09-22T02:56:44.592Z,openbao,1.46,"34.78MiB / 512MiB",6.79
2026-09-22T02:56:44.592Z,chirpstack,0.37,"42.51MiB / 1.922GiB",2.16
2026-09-22T02:56:44.592Z,spilo,7.49,"318.5MiB / 1.922GiB",16.18
2026-09-22T02:56:44.592Z,etcd,0.99,"46.71MiB / 1.922GiB",2.37
2026-09-22T02:56:51.830Z,lorawan-gateway-evidence-fabric-adapter-1,0.00,"10.39MiB / 192MiB",5.41
2026-09-22T02:56:51.830Z,lorawan-gateway-evidence-ingest-1,0.00,"12.91MiB / 192MiB",6.72
2026-09-22T02:56:51.830Z,lorawan-gateway-evidence-collector-1,0.31,"12.43MiB / 192MiB",6.47
2026-09-22T02:56:51.830Z,seaweedfs,11.47,"187MiB / 256MiB",73.03
2026-09-22T02:56:51.830Z,seaweedfs-metadata-etcd,21.09,"76.05MiB / 96MiB",79.22
2026-09-22T02:56:51.830Z,openbao,1.75,"34.78MiB / 512MiB",6.79
2026-09-22T02:56:51.830Z,chirpstack,0.34,"42.5MiB / 1.922GiB",2.16
2026-09-22T02:56:51.830Z,spilo,5.18,"318.5MiB / 1.922GiB",16.18
2026-09-22T02:56:51.830Z,etcd,0.80,"46.71MiB / 1.922GiB",2.37
2026-09-22T02:56:59.164Z,lorawan-gateway-evidence-fabric-adapter-1,0.00,"10.39MiB / 192MiB",5.41
2026-09-22T02:56:59.164Z,lorawan-gateway-evidence-ingest-1,0.00,"12.91MiB / 192MiB",6.72
2026-09-22T02:56:59.164Z,lorawan-gateway-evidence-collector-1,0.38,"12.43MiB / 192MiB",6.47
2026-09-22T02:56:59.164Z,seaweedfs,1.14,"180MiB / 256MiB",70.29
2026-09-22T02:56:59.164Z,seaweedfs-metadata-etcd,1.49,"76.04MiB / 96MiB",79.21
2026-09-22T02:56:59.164Z,openbao,2.11,"34.78MiB / 512MiB",6.79
2026-09-22T02:56:59.164Z,chirpstack,0.45,"42.5MiB / 1.922GiB",2.16
2026-09-22T02:56:59.164Z,spilo,3.79,"318.5MiB / 1.922GiB",16.18
2026-09-22T02:56:59.164Z,etcd,1.25,"46.72MiB / 1.922GiB",2.37
2026-09-22T02:57:06.452Z,lorawan-gateway-evidence-fabric-adapter-1,0.10,"10.39MiB / 192MiB",5.41
2026-09-22T02:57:06.452Z,lorawan-gateway-evidence-ingest-1,0.00,"12.91MiB / 192MiB",6.72
2026-09-22T02:57:06.452Z,lorawan-gateway-evidence-collector-1,0.41,"12.43MiB / 192MiB",6.47
2026-09-22T02:57:06.452Z,seaweedfs,6.69,"183.3MiB / 256MiB",71.61
2026-09-22T02:57:06.452Z,seaweedfs-metadata-etcd,11.73,"76.05MiB / 96MiB",79.22
2026-09-22T02:57:06.452Z,openbao,1.34,"34.78MiB / 512MiB",6.79
2026-09-22T02:57:06.452Z,chirpstack,0.25,"42.5MiB / 1.922GiB",2.16
2026-09-22T02:57:06.452Z,spilo,3.84,"318.5MiB / 1.922GiB",16.18
2026-09-22T02:57:06.452Z,etcd,0.98,"46.71MiB / 1.922GiB",2.37
2026-09-22T02:57:13.730Z,lorawan-gateway-evidence-fabric-adapter-1,0.00,"10.39MiB / 192MiB",5.41
2026-09-22T02:57:13.730Z,lorawan-gateway-evidence-ingest-1,0.00,"12.91MiB / 192MiB",6.72
2026-09-22T02:57:13.730Z,lorawan-gateway-evidence-collector-1,0.93,"12.43MiB / 192MiB",6.47
2026-09-22T02:57:13.730Z,seaweedfs,6.46,"180.7MiB / 256MiB",70.58
2026-09-22T02:57:13.730Z,seaweedfs-metadata-etcd,4.09,"76.06MiB / 96MiB",79.23
2026-09-22T02:57:13.730Z,openbao,1.35,"34.78MiB / 512MiB",6.79
2026-09-22T02:57:13.730Z,chirpstack,0.63,"42.5MiB / 1.922GiB",2.16
2026-09-22T02:57:13.730Z,spilo,6.71,"318.5MiB / 1.922GiB",16.18
2026-09-22T02:57:13.730Z,etcd,1.31,"46.71MiB / 1.922GiB",2.37
2026-09-22T02:57:21.049Z,lorawan-gateway-evidence-fabric-adapter-1,0.08,"10.39MiB / 192MiB",5.41
2026-09-22T02:57:21.049Z,lorawan-gateway-evidence-ingest-1,0.00,"12.91MiB / 192MiB",6.72
2026-09-22T02:57:21.049Z,lorawan-gateway-evidence-collector-1,0.29,"12.43MiB / 192MiB",6.47
2026-09-22T02:57:21.049Z,seaweedfs,10.52,"184.7MiB / 256MiB",72.16
2026-09-22T02:57:21.049Z,seaweedfs-metadata-etcd,15.48,"76.05MiB / 96MiB",79.22
2026-09-22T02:57:21.049Z,openbao,1.19,"34.78MiB / 512MiB",6.79
2026-09-22T02:57:21.049Z,chirpstack,0.31,"42.5MiB / 1.922GiB",2.16
2026-09-22T02:57:21.049Z,spilo,3.68,"318.5MiB / 1.922GiB",16.18
2026-09-22T02:57:21.049Z,etcd,0.93,"46.71MiB / 1.922GiB",2.37
2026-09-22T02:57:28.348Z,lorawan-gateway-evidence-fabric-adapter-1,0.11,"10.39MiB / 192MiB",5.41
2026-09-22T02:57:28.348Z,lorawan-gateway-evidence-ingest-1,0.00,"12.91MiB / 192MiB",6.72
2026-09-22T02:57:28.348Z,lorawan-gateway-evidence-collector-1,0.35,"12.43MiB / 192MiB",6.47
2026-09-22T02:57:28.348Z,seaweedfs,12.05,"180.2MiB / 256MiB",70.38
2026-09-22T02:57:28.348Z,seaweedfs-metadata-etcd,19.45,"76.05MiB / 96MiB",79.22
2026-09-22T02:57:28.348Z,openbao,1.94,"34.78MiB / 512MiB",6.79
2026-09-22T02:57:28.348Z,chirpstack,0.38,"42.5MiB / 1.922GiB",2.16
2026-09-22T02:57:28.348Z,spilo,3.55,"318.5MiB / 1.922GiB",16.18
2026-09-22T02:57:28.348Z,etcd,0.97,"46.71MiB / 1.922GiB",2.37
2026-09-22T02:57:35.723Z,lorawan-gateway-evidence-fabric-adapter-1,0.00,"10.39MiB / 192MiB",5.41
2026-09-22T02:57:35.723Z,lorawan-gateway-evidence-ingest-1,0.00,"12.91MiB / 192MiB",6.72
2026-09-22T02:57:35.723Z,lorawan-gateway-evidence-collector-1,0.37,"12.43MiB / 192MiB",6.47
2026-09-22T02:57:35.723Z,seaweedfs,1.75,"180.2MiB / 256MiB",70.39
2026-09-22T02:57:35.723Z,seaweedfs-metadata-etcd,3.39,"76.05MiB / 96MiB",79.22
2026-09-22T02:57:35.723Z,openbao,1.83,"34.78MiB / 512MiB",6.79
2026-09-22T02:57:35.723Z,chirpstack,0.35,"42.51MiB / 1.922GiB",2.16
2026-09-22T02:57:35.723Z,spilo,5.17,"318.5MiB / 1.922GiB",16.18
2026-09-22T02:57:35.723Z,etcd,1.55,"46.71MiB / 1.922GiB",2.37
2026-09-22T02:57:42.991Z,lorawan-gateway-evidence-fabric-adapter-1,0.08,"10.39MiB / 192MiB",5.41
2026-09-22T02:57:42.991Z,lorawan-gateway-evidence-ingest-1,0.03,"12.91MiB / 192MiB",6.72
2026-09-22T02:57:42.991Z,lorawan-gateway-evidence-collector-1,0.69,"12.43MiB / 192MiB",6.47
2026-09-22T02:57:42.991Z,seaweedfs,2.08,"180.2MiB / 256MiB",70.39
2026-09-22T02:57:42.991Z,seaweedfs-metadata-etcd,1.85,"76.04MiB / 96MiB",79.21
2026-09-22T02:57:42.991Z,openbao,1.37,"34.78MiB / 512MiB",6.79
2026-09-22T02:57:42.991Z,chirpstack,0.33,"42.51MiB / 1.922GiB",2.16
2026-09-22T02:57:42.991Z,spilo,2.85,"318.5MiB / 1.922GiB",16.18
2026-09-22T02:57:42.991Z,etcd,1.31,"46.71MiB / 1.922GiB",2.37
2026-09-22T02:57:50.249Z,lorawan-gateway-evidence-fabric-adapter-1,0.08,"10.39MiB / 192MiB",5.41
2026-09-22T02:57:50.249Z,lorawan-gateway-evidence-ingest-1,0.00,"12.91MiB / 192MiB",6.72
2026-09-22T02:57:50.249Z,lorawan-gateway-evidence-collector-1,0.29,"12.43MiB / 192MiB",6.48
2026-09-22T02:57:50.249Z,seaweedfs,7.69,"180.2MiB / 256MiB",70.38
2026-09-22T02:57:50.249Z,seaweedfs-metadata-etcd,12.39,"76.05MiB / 96MiB",79.22
2026-09-22T02:57:50.249Z,openbao,1.39,"34.78MiB / 512MiB",6.79
2026-09-22T02:57:50.249Z,chirpstack,0.27,"42.5MiB / 1.922GiB",2.16
2026-09-22T02:57:50.249Z,spilo,5.85,"318.5MiB / 1.922GiB",16.18
2026-09-22T02:57:50.249Z,etcd,0.81,"46.71MiB / 1.922GiB",2.37
2026-09-22T02:57:57.551Z,lorawan-gateway-evidence-fabric-adapter-1,0.00,"10.39MiB / 192MiB",5.41
2026-09-22T02:57:57.551Z,lorawan-gateway-evidence-ingest-1,0.00,"12.91MiB / 192MiB",6.72
2026-09-22T02:57:57.551Z,lorawan-gateway-evidence-collector-1,0.32,"12.43MiB / 192MiB",6.48
2026-09-22T02:57:57.551Z,seaweedfs,15.02,"180.3MiB / 256MiB",70.45
2026-09-22T02:57:57.551Z,seaweedfs-metadata-etcd,16.72,"76.05MiB / 96MiB",79.22
2026-09-22T02:57:57.551Z,openbao,1.39,"34.78MiB / 512MiB",6.79
2026-09-22T02:57:57.551Z,chirpstack,0.39,"42.5MiB / 1.922GiB",2.16
2026-09-22T02:57:57.551Z,spilo,2.33,"318.5MiB / 1.922GiB",16.18
2026-09-22T02:57:57.551Z,etcd,0.81,"46.71MiB / 1.922GiB",2.37
2026-09-22T02:58:04.840Z,lorawan-gateway-evidence-fabric-adapter-1,0.08,"10.39MiB / 192MiB",5.41
2026-09-22T02:58:04.840Z,lorawan-gateway-evidence-ingest-1,0.00,"12.91MiB / 192MiB",6.72
2026-09-22T02:58:04.840Z,lorawan-gateway-evidence-collector-1,0.38,"12.46MiB / 192MiB",6.49
2026-09-22T02:58:04.840Z,seaweedfs,9.95,"180.4MiB / 256MiB",70.45
2026-09-22T02:58:04.840Z,seaweedfs-metadata-etcd,16.22,"76.05MiB / 96MiB",79.22
2026-09-22T02:58:04.840Z,openbao,1.60,"34.78MiB / 512MiB",6.79
2026-09-22T02:58:04.840Z,chirpstack,0.44,"42.5MiB / 1.922GiB",2.16
2026-09-22T02:58:04.840Z,spilo,8.04,"318.5MiB / 1.922GiB",16.19
2026-09-22T02:58:04.840Z,etcd,1.19,"46.71MiB / 1.922GiB",2.37
2026-09-22T02:58:12.290Z,lorawan-gateway-evidence-fabric-adapter-1,0.10,"10.39MiB / 192MiB",5.41
2026-09-22T02:58:12.290Z,lorawan-gateway-evidence-ingest-1,0.00,"12.91MiB / 192MiB",6.72
2026-09-22T02:58:12.290Z,lorawan-gateway-evidence-collector-1,0.31,"12.46MiB / 192MiB",6.49
2026-09-22T02:58:12.290Z,seaweedfs,7.36,"186.6MiB / 256MiB",72.90
2026-09-22T02:58:12.290Z,seaweedfs-metadata-etcd,13.28,"76.05MiB / 96MiB",79.22
2026-09-22T02:58:12.290Z,openbao,1.34,"34.78MiB / 512MiB",6.79
2026-09-22T02:58:12.290Z,chirpstack,0.24,"42.5MiB / 1.922GiB",2.16
2026-09-22T02:58:12.290Z,spilo,5.88,"318.5MiB / 1.922GiB",16.19
2026-09-22T02:58:12.290Z,etcd,1.05,"46.71MiB / 1.922GiB",2.37
2026-09-22T02:58:19.584Z,lorawan-gateway-evidence-fabric-adapter-1,0.00,"10.39MiB / 192MiB",5.41
2026-09-22T02:58:19.584Z,lorawan-gateway-evidence-ingest-1,0.00,"12.93MiB / 192MiB",6.73
2026-09-22T02:58:19.584Z,lorawan-gateway-evidence-collector-1,0.34,"12.46MiB / 192MiB",6.49
2026-09-22T02:58:19.584Z,seaweedfs,0.83,"185.4MiB / 256MiB",72.43
2026-09-22T02:58:19.584Z,seaweedfs-metadata-etcd,1.34,"76.04MiB / 96MiB",79.21
2026-09-22T02:58:19.584Z,openbao,1.41,"34.78MiB / 512MiB",6.79
2026-09-22T02:58:19.584Z,chirpstack,0.37,"42.5MiB / 1.922GiB",2.16
2026-09-22T02:58:19.584Z,spilo,3.79,"318.5MiB / 1.922GiB",16.19
2026-09-22T02:58:19.584Z,etcd,0.94,"46.71MiB / 1.922GiB",2.37
2026-09-22T02:58:26.821Z,lorawan-gateway-evidence-fabric-adapter-1,0.08,"9.461MiB / 192MiB",4.93
2026-09-22T02:58:26.821Z,lorawan-gateway-evidence-ingest-1,0.00,"12.93MiB / 192MiB",6.73
2026-09-22T02:58:26.821Z,lorawan-gateway-evidence-collector-1,0.33,"12.46MiB / 192MiB",6.49
2026-09-22T02:58:26.821Z,seaweedfs,6.65,"185.5MiB / 256MiB",72.45
2026-09-22T02:58:26.821Z,seaweedfs-metadata-etcd,11.11,"76.05MiB / 96MiB",79.22
2026-09-22T02:58:26.821Z,openbao,1.68,"34.78MiB / 512MiB",6.79
2026-09-22T02:58:26.821Z,chirpstack,0.36,"42.5MiB / 1.922GiB",2.16
2026-09-22T02:58:26.821Z,spilo,3.05,"318.5MiB / 1.922GiB",16.19
2026-09-22T02:58:26.821Z,etcd,1.04,"46.71MiB / 1.922GiB",2.37
2026-09-22T02:58:34.155Z,lorawan-gateway-evidence-fabric-adapter-1,0.09,"9.461MiB / 192MiB",4.93
2026-09-22T02:58:34.155Z,lorawan-gateway-evidence-ingest-1,0.00,"12.93MiB / 192MiB",6.73
2026-09-22T02:58:34.155Z,lorawan-gateway-evidence-collector-1,0.27,"12.46MiB / 192MiB",6.49
2026-09-22T02:58:34.155Z,seaweedfs,7.47,"179.4MiB / 256MiB",70.09
2026-09-22T02:58:34.155Z,seaweedfs-metadata-etcd,12.15,"76.05MiB / 96MiB",79.22
2026-09-22T02:58:34.155Z,openbao,1.40,"34.78MiB / 512MiB",6.79
2026-09-22T02:58:34.155Z,chirpstack,0.32,"42.5MiB / 1.922GiB",2.16
2026-09-22T02:58:34.155Z,spilo,4.54,"318.6MiB / 1.922GiB",16.19
2026-09-22T02:58:34.155Z,etcd,0.83,"46.71MiB / 1.922GiB",2.37
2026-09-22T02:58:41.515Z,lorawan-gateway-evidence-fabric-adapter-1,0.00,"9.461MiB / 192MiB",4.93
2026-09-22T02:58:41.515Z,lorawan-gateway-evidence-ingest-1,0.00,"12.93MiB / 192MiB",6.73
2026-09-22T02:58:41.515Z,lorawan-gateway-evidence-collector-1,0.29,"12.46MiB / 192MiB",6.49
2026-09-22T02:58:41.515Z,seaweedfs,8.80,"179.4MiB / 256MiB",70.09
2026-09-22T02:58:41.515Z,seaweedfs-metadata-etcd,14.76,"76.05MiB / 96MiB",79.22
2026-09-22T02:58:41.515Z,openbao,1.34,"34.78MiB / 512MiB",6.79
2026-09-22T02:58:41.515Z,chirpstack,0.35,"42.5MiB / 1.922GiB",2.16
2026-09-22T02:58:41.515Z,spilo,4.01,"318.6MiB / 1.922GiB",16.19
2026-09-22T02:58:41.515Z,etcd,0.84,"46.71MiB / 1.922GiB",2.37
2026-09-22T02:58:48.812Z,lorawan-gateway-evidence-fabric-adapter-1,0.07,"9.461MiB / 192MiB",4.93
2026-09-22T02:58:48.812Z,lorawan-gateway-evidence-ingest-1,0.00,"12.16MiB / 192MiB",6.33
2026-09-22T02:58:48.812Z,lorawan-gateway-evidence-collector-1,0.27,"12.46MiB / 192MiB",6.49
2026-09-22T02:58:48.812Z,seaweedfs,6.48,"184.9MiB / 256MiB",72.22
2026-09-22T02:58:48.812Z,seaweedfs-metadata-etcd,11.24,"76.59MiB / 96MiB",79.78
2026-09-22T02:58:48.812Z,openbao,1.62,"34.78MiB / 512MiB",6.79
2026-09-22T02:58:48.812Z,chirpstack,0.25,"42.5MiB / 1.922GiB",2.16
2026-09-22T02:58:48.812Z,spilo,3.37,"318.6MiB / 1.922GiB",16.19
2026-09-22T02:58:48.812Z,etcd,0.78,"46.71MiB / 1.922GiB",2.37
2026-09-22T02:58:56.068Z,lorawan-gateway-evidence-fabric-adapter-1,0.08,"9.461MiB / 192MiB",4.93
2026-09-22T02:58:56.068Z,lorawan-gateway-evidence-ingest-1,0.00,"12.16MiB / 192MiB",6.33
2026-09-22T02:58:56.068Z,lorawan-gateway-evidence-collector-1,0.28,"12.46MiB / 192MiB",6.49
2026-09-22T02:58:56.068Z,seaweedfs,9.72,"180MiB / 256MiB",70.30
2026-09-22T02:58:56.068Z,seaweedfs-metadata-etcd,13.69,"76.59MiB / 96MiB",79.79
2026-09-22T02:58:56.068Z,openbao,1.80,"34.78MiB / 512MiB",6.79
2026-09-22T02:58:56.068Z,chirpstack,0.28,"42.5MiB / 1.922GiB",2.16
2026-09-22T02:58:56.068Z,spilo,6.60,"318.6MiB / 1.922GiB",16.19
2026-09-22T02:58:56.068Z,etcd,1.32,"46.71MiB / 1.922GiB",2.37
2026-09-22T02:59:03.390Z,lorawan-gateway-evidence-fabric-adapter-1,0.00,"9.461MiB / 192MiB",4.93
2026-09-22T02:59:03.390Z,lorawan-gateway-evidence-ingest-1,0.00,"12.16MiB / 192MiB",6.33
2026-09-22T02:59:03.390Z,lorawan-gateway-evidence-collector-1,0.28,"12.46MiB / 192MiB",6.49
2026-09-22T02:59:03.390Z,seaweedfs,9.34,"180.3MiB / 256MiB",70.44
2026-09-22T02:59:03.390Z,seaweedfs-metadata-etcd,15.24,"76.59MiB / 96MiB",79.78
2026-09-22T02:59:03.390Z,openbao,1.13,"34.78MiB / 512MiB",6.79
2026-09-22T02:59:03.390Z,chirpstack,0.42,"42.5MiB / 1.922GiB",2.16
2026-09-22T02:59:03.390Z,spilo,4.32,"318.6MiB / 1.922GiB",16.19
2026-09-22T02:59:03.390Z,etcd,1.31,"46.71MiB / 1.922GiB",2.37
2026-09-22T02:59:10.707Z,lorawan-gateway-evidence-fabric-adapter-1,0.09,"9.461MiB / 192MiB",4.93
2026-09-22T02:59:10.707Z,lorawan-gateway-evidence-ingest-1,0.00,"12.16MiB / 192MiB",6.33
2026-09-22T02:59:10.707Z,lorawan-gateway-evidence-collector-1,0.39,"12.46MiB / 192MiB",6.49
2026-09-22T02:59:10.707Z,seaweedfs,13.41,"179.5MiB / 256MiB",70.11
2026-09-22T02:59:10.707Z,seaweedfs-metadata-etcd,17.84,"76.59MiB / 96MiB",79.79
2026-09-22T02:59:10.707Z,openbao,1.52,"34.78MiB / 512MiB",6.79
2026-09-22T02:59:10.707Z,chirpstack,0.30,"42.5MiB / 1.922GiB",2.16
2026-09-22T02:59:10.707Z,spilo,3.16,"318.6MiB / 1.922GiB",16.19
2026-09-22T02:59:10.707Z,etcd,1.33,"46.71MiB / 1.922GiB",2.37
2026-09-22T02:59:18.037Z,lorawan-gateway-evidence-fabric-adapter-1,0.09,"9.461MiB / 192MiB",4.93
2026-09-22T02:59:18.037Z,lorawan-gateway-evidence-ingest-1,0.00,"12.16MiB / 192MiB",6.33
2026-09-22T02:59:18.037Z,lorawan-gateway-evidence-collector-1,0.31,"12.46MiB / 192MiB",6.49
2026-09-22T02:59:18.037Z,seaweedfs,10.83,"178.8MiB / 256MiB",69.84
2026-09-22T02:59:18.037Z,seaweedfs-metadata-etcd,15.92,"76.61MiB / 96MiB",79.80
2026-09-22T02:59:18.037Z,openbao,1.68,"34.78MiB / 512MiB",6.79
2026-09-22T02:59:18.037Z,chirpstack,0.40,"42.5MiB / 1.922GiB",2.16
2026-09-22T02:59:18.037Z,spilo,5.04,"318.6MiB / 1.922GiB",16.19
2026-09-22T02:59:18.037Z,etcd,0.86,"46.71MiB / 1.922GiB",2.37
2026-09-22T02:59:25.406Z,lorawan-gateway-evidence-fabric-adapter-1,0.00,"9.461MiB / 192MiB",4.93
2026-09-22T02:59:25.406Z,lorawan-gateway-evidence-ingest-1,0.00,"12.16MiB / 192MiB",6.33
2026-09-22T02:59:25.406Z,lorawan-gateway-evidence-collector-1,0.31,"12.46MiB / 192MiB",6.49
2026-09-22T02:59:25.406Z,seaweedfs,6.27,"180.1MiB / 256MiB",70.37
2026-09-22T02:59:25.406Z,seaweedfs-metadata-etcd,11.48,"76.61MiB / 96MiB",79.80
2026-09-22T02:59:25.406Z,openbao,1.55,"34.78MiB / 512MiB",6.79
2026-09-22T02:59:25.406Z,chirpstack,0.32,"42.5MiB / 1.922GiB",2.16
2026-09-22T02:59:25.406Z,spilo,2.18,"318.6MiB / 1.922GiB",16.19
2026-09-22T02:59:25.406Z,etcd,1.12,"46.71MiB / 1.922GiB",2.37
2026-09-22T02:59:32.716Z,lorawan-gateway-evidence-fabric-adapter-1,0.08,"9.461MiB / 192MiB",4.93
2026-09-22T02:59:32.716Z,lorawan-gateway-evidence-ingest-1,0.00,"12.16MiB / 192MiB",6.33
2026-09-22T02:59:32.716Z,lorawan-gateway-evidence-collector-1,0.33,"12.46MiB / 192MiB",6.49
2026-09-22T02:59:32.716Z,seaweedfs,9.58,"180.1MiB / 256MiB",70.37
2026-09-22T02:59:32.716Z,seaweedfs-metadata-etcd,15.52,"76.61MiB / 96MiB",79.81
2026-09-22T02:59:32.716Z,openbao,1.42,"34.78MiB / 512MiB",6.79
2026-09-22T02:59:32.716Z,chirpstack,0.23,"42.5MiB / 1.922GiB",2.16
2026-09-22T02:59:32.716Z,spilo,2.40,"318.6MiB / 1.922GiB",16.19
2026-09-22T02:59:32.716Z,etcd,0.79,"46.71MiB / 1.922GiB",2.37
2026-09-22T02:59:40.069Z,lorawan-gateway-evidence-fabric-adapter-1,0.10,"9.461MiB / 192MiB",4.93
2026-09-22T02:59:40.069Z,lorawan-gateway-evidence-ingest-1,0.00,"12.16MiB / 192MiB",6.33
2026-09-22T02:59:40.069Z,lorawan-gateway-evidence-collector-1,0.35,"12.46MiB / 192MiB",6.49
2026-09-22T02:59:40.069Z,seaweedfs,13.16,"180.2MiB / 256MiB",70.40
2026-09-22T02:59:40.069Z,seaweedfs-metadata-etcd,19.17,"76.61MiB / 96MiB",79.80
2026-09-22T02:59:40.069Z,openbao,2.02,"34.78MiB / 512MiB",6.79
2026-09-22T02:59:40.069Z,chirpstack,0.30,"42.5MiB / 1.922GiB",2.16
2026-09-22T02:59:40.069Z,spilo,3.01,"318.6MiB / 1.922GiB",16.19
2026-09-22T02:59:40.069Z,etcd,0.78,"46.71MiB / 1.922GiB",2.37
2026-09-22T02:59:47.458Z,lorawan-gateway-evidence-fabric-adapter-1,0.00,"9.461MiB / 192MiB",4.93
2026-09-22T02:59:47.458Z,lorawan-gateway-evidence-ingest-1,0.00,"12.16MiB / 192MiB",6.33
2026-09-22T02:59:47.458Z,lorawan-gateway-evidence-collector-1,0.30,"12.52MiB / 192MiB",6.52
2026-09-22T02:59:47.458Z,seaweedfs,8.57,"180.1MiB / 256MiB",70.36
2026-09-22T02:59:47.458Z,seaweedfs-metadata-etcd,15.90,"76.6MiB / 96MiB",79.79
2026-09-22T02:59:47.458Z,openbao,1.22,"34.78MiB / 512MiB",6.79
2026-09-22T02:59:47.458Z,chirpstack,0.34,"42.5MiB / 1.922GiB",2.16
2026-09-22T02:59:47.458Z,spilo,6.44,"318.7MiB / 1.922GiB",16.19
2026-09-22T02:59:47.458Z,etcd,1.00,"46.71MiB / 1.922GiB",2.37
2026-09-22T02:59:54.793Z,lorawan-gateway-evidence-fabric-adapter-1,0.08,"9.461MiB / 192MiB",4.93
2026-09-22T02:59:54.793Z,lorawan-gateway-evidence-ingest-1,0.00,"12.69MiB / 192MiB",6.61
2026-09-22T02:59:54.793Z,lorawan-gateway-evidence-collector-1,0.32,"12.52MiB / 192MiB",6.52
2026-09-22T02:59:54.793Z,seaweedfs,7.12,"180.1MiB / 256MiB",70.35
2026-09-22T02:59:54.793Z,seaweedfs-metadata-etcd,11.96,"76.61MiB / 96MiB",79.80
2026-09-22T02:59:54.793Z,openbao,1.50,"34.78MiB / 512MiB",6.79
2026-09-22T02:59:54.793Z,chirpstack,0.28,"42.5MiB / 1.922GiB",2.16
2026-09-22T02:59:54.793Z,spilo,3.88,"318.7MiB / 1.922GiB",16.19
2026-09-22T02:59:54.793Z,etcd,1.20,"46.71MiB / 1.922GiB",2.37
2026-09-22T03:00:02.106Z,lorawan-gateway-evidence-fabric-adapter-1,1.00,"9.469MiB / 192MiB",4.93
2026-09-22T03:00:02.106Z,lorawan-gateway-evidence-ingest-1,0.00,"12.69MiB / 192MiB",6.61
2026-09-22T03:00:02.106Z,lorawan-gateway-evidence-collector-1,1.31,"12.52MiB / 192MiB",6.52
2026-09-22T03:00:02.106Z,seaweedfs,8.59,"180.1MiB / 256MiB",70.34
2026-09-22T03:00:02.106Z,seaweedfs-metadata-etcd,23.91,"76.62MiB / 96MiB",79.81
2026-09-22T03:00:02.106Z,openbao,4.11,"34.78MiB / 512MiB",6.79
2026-09-22T03:00:02.106Z,chirpstack,0.58,"42.5MiB / 1.922GiB",2.16
2026-09-22T03:00:02.106Z,spilo,10.49,"318.7MiB / 1.922GiB",16.20
2026-09-22T03:00:02.106Z,etcd,3.68,"46.71MiB / 1.922GiB",2.37
2026-09-22T03:00:10.006Z,lorawan-gateway-evidence-fabric-adapter-1,0.12,"9.469MiB / 192MiB",4.93
2026-09-22T03:00:10.006Z,lorawan-gateway-evidence-ingest-1,0.00,"12.69MiB / 192MiB",6.61
2026-09-22T03:00:10.006Z,lorawan-gateway-evidence-collector-1,0.37,"12.52MiB / 192MiB",6.52
2026-09-22T03:00:10.006Z,seaweedfs,8.28,"180.2MiB / 256MiB",70.38
2026-09-22T03:00:10.006Z,seaweedfs-metadata-etcd,15.47,"76.63MiB / 96MiB",79.82
2026-09-22T03:00:10.006Z,openbao,2.23,"34.78MiB / 512MiB",6.79
2026-09-22T03:00:10.006Z,chirpstack,0.51,"42.5MiB / 1.922GiB",2.16
2026-09-22T03:00:10.006Z,spilo,3.11,"318.7MiB / 1.922GiB",16.20
2026-09-22T03:00:10.006Z,etcd,1.79,"46.71MiB / 1.922GiB",2.37
2026-09-22T03:00:17.702Z,lorawan-gateway-evidence-fabric-adapter-1,0.00,"9.848MiB / 192MiB",5.13
2026-09-22T03:00:17.702Z,lorawan-gateway-evidence-ingest-1,0.00,"12.72MiB / 192MiB",6.63
2026-09-22T03:00:17.702Z,lorawan-gateway-evidence-collector-1,0.38,"12.52MiB / 192MiB",6.52
2026-09-22T03:00:17.702Z,seaweedfs,8.39,"185.7MiB / 256MiB",72.53
2026-09-22T03:00:17.702Z,seaweedfs-metadata-etcd,17.34,"76.63MiB / 96MiB",79.82
2026-09-22T03:00:17.702Z,openbao,1.52,"34.78MiB / 512MiB",6.79
2026-09-22T03:00:17.702Z,chirpstack,0.50,"42.5MiB / 1.922GiB",2.16
2026-09-22T03:00:17.702Z,spilo,2.74,"318.7MiB / 1.922GiB",16.20
2026-09-22T03:00:17.702Z,etcd,1.05,"46.71MiB / 1.922GiB",2.37
2026-09-22T03:00:25.131Z,lorawan-gateway-evidence-fabric-adapter-1,0.00,"9.992MiB / 192MiB",5.20
2026-09-22T03:00:25.131Z,lorawan-gateway-evidence-ingest-1,0.00,"12.72MiB / 192MiB",6.63
2026-09-22T03:00:25.131Z,lorawan-gateway-evidence-collector-1,0.36,"12.52MiB / 192MiB",6.52
2026-09-22T03:00:25.131Z,seaweedfs,6.29,"177.6MiB / 256MiB",69.36
2026-09-22T03:00:25.131Z,seaweedfs-metadata-etcd,11.86,"76.62MiB / 96MiB",79.82
2026-09-22T03:00:25.131Z,openbao,1.33,"34.78MiB / 512MiB",6.79
2026-09-22T03:00:25.131Z,chirpstack,0.38,"42.5MiB / 1.922GiB",2.16
2026-09-22T03:00:25.131Z,spilo,3.02,"318.7MiB / 1.922GiB",16.20
2026-09-22T03:00:25.131Z,etcd,0.93,"46.71MiB / 1.922GiB",2.37
2026-09-22T03:00:32.484Z,lorawan-gateway-evidence-fabric-adapter-1,0.09,"10.04MiB / 192MiB",5.23
2026-09-22T03:00:32.484Z,lorawan-gateway-evidence-ingest-1,0.00,"12.72MiB / 192MiB",6.63
2026-09-22T03:00:32.484Z,lorawan-gateway-evidence-collector-1,0.38,"12.52MiB / 192MiB",6.52
2026-09-22T03:00:32.484Z,seaweedfs,6.38,"177.8MiB / 256MiB",69.47
2026-09-22T03:00:32.484Z,seaweedfs-metadata-etcd,11.46,"76.63MiB / 96MiB",79.82
2026-09-22T03:00:32.484Z,openbao,1.77,"34.78MiB / 512MiB",6.79
2026-09-22T03:00:32.484Z,chirpstack,0.26,"42.5MiB / 1.922GiB",2.16
2026-09-22T03:00:32.484Z,spilo,2.60,"318.7MiB / 1.922GiB",16.20
2026-09-22T03:00:32.484Z,etcd,1.16,"46.71MiB / 1.922GiB",2.37
2026-09-22T03:00:39.956Z,lorawan-gateway-evidence-fabric-adapter-1,0.00,"10.04MiB / 192MiB",5.23
2026-09-22T03:00:39.956Z,lorawan-gateway-evidence-ingest-1,0.00,"12.72MiB / 192MiB",6.63
2026-09-22T03:00:39.956Z,lorawan-gateway-evidence-collector-1,0.38,"12.52MiB / 192MiB",6.52
2026-09-22T03:00:39.956Z,seaweedfs,8.01,"177.5MiB / 256MiB",69.33
2026-09-22T03:00:39.956Z,seaweedfs-metadata-etcd,12.79,"76.62MiB / 96MiB",79.82
2026-09-22T03:00:39.956Z,openbao,1.72,"34.78MiB / 512MiB",6.79
2026-09-22T03:00:39.956Z,chirpstack,0.44,"42.5MiB / 1.922GiB",2.16
2026-09-22T03:00:39.956Z,spilo,3.44,"318.7MiB / 1.922GiB",16.20
2026-09-22T03:00:39.956Z,etcd,0.90,"46.71MiB / 1.922GiB",2.37
2026-09-22T03:00:47.283Z,lorawan-gateway-evidence-fabric-adapter-1,0.37,"10.06MiB / 192MiB",5.24
2026-09-22T03:00:47.283Z,lorawan-gateway-evidence-ingest-1,0.00,"12.72MiB / 192MiB",6.63
2026-09-22T03:00:47.283Z,lorawan-gateway-evidence-collector-1,0.38,"12.52MiB / 192MiB",6.52
2026-09-22T03:00:47.283Z,seaweedfs,9.60,"177.7MiB / 256MiB",69.42
2026-09-22T03:00:47.283Z,seaweedfs-metadata-etcd,16.12,"76.64MiB / 96MiB",79.83
2026-09-22T03:00:47.283Z,openbao,2.16,"34.78MiB / 512MiB",6.79
2026-09-22T03:00:47.283Z,chirpstack,0.50,"42.5MiB / 1.922GiB",2.16
2026-09-22T03:00:47.283Z,spilo,3.62,"318.7MiB / 1.922GiB",16.20
2026-09-22T03:00:47.283Z,etcd,1.36,"46.71MiB / 1.922GiB",2.37
2026-09-22T03:00:54.675Z,lorawan-gateway-evidence-fabric-adapter-1,0.36,"10.32MiB / 192MiB",5.38
2026-09-22T03:00:54.675Z,lorawan-gateway-evidence-ingest-1,0.00,"12.72MiB / 192MiB",6.62
2026-09-22T03:00:54.675Z,lorawan-gateway-evidence-collector-1,0.38,"12.52MiB / 192MiB",6.52
2026-09-22T03:00:54.675Z,seaweedfs,9.28,"177.4MiB / 256MiB",69.31
2026-09-22T03:00:54.675Z,seaweedfs-metadata-etcd,15.40,"76.63MiB / 96MiB",79.82
2026-09-22T03:00:54.675Z,openbao,1.58,"34.78MiB / 512MiB",6.79
2026-09-22T03:00:54.675Z,chirpstack,0.28,"42.5MiB / 1.922GiB",2.16
2026-09-22T03:00:54.675Z,spilo,4.03,"318.7MiB / 1.922GiB",16.20
2026-09-22T03:00:54.675Z,etcd,1.07,"46.71MiB / 1.922GiB",2.37
2026-09-22T03:01:02.027Z,lorawan-gateway-evidence-fabric-adapter-1,0.00,"10.34MiB / 192MiB",5.38
2026-09-22T03:01:02.027Z,lorawan-gateway-evidence-ingest-1,0.00,"12.72MiB / 192MiB",6.62
2026-09-22T03:01:02.027Z,lorawan-gateway-evidence-collector-1,0.48,"12.52MiB / 192MiB",6.52
2026-09-22T03:01:02.027Z,seaweedfs,10.91,"186.6MiB / 256MiB",72.89
2026-09-22T03:01:02.027Z,seaweedfs-metadata-etcd,20.80,"76.63MiB / 96MiB",79.82
2026-09-22T03:01:02.027Z,openbao,1.99,"34.78MiB / 512MiB",6.79
2026-09-22T03:01:02.027Z,chirpstack,0.54,"42.5MiB / 1.922GiB",2.16
2026-09-22T03:01:02.027Z,spilo,3.47,"318.8MiB / 1.922GiB",16.20
2026-09-22T03:01:02.027Z,etcd,1.54,"46.71MiB / 1.922GiB",2.37
2026-09-22T03:01:09.471Z,lorawan-gateway-evidence-fabric-adapter-1,0.00,"10.34MiB / 192MiB",5.39
2026-09-22T03:01:09.471Z,lorawan-gateway-evidence-ingest-1,0.00,"12.72MiB / 192MiB",6.62
2026-09-22T03:01:09.471Z,lorawan-gateway-evidence-collector-1,0.35,"12.52MiB / 192MiB",6.52
2026-09-22T03:01:09.471Z,seaweedfs,10.56,"180.2MiB / 256MiB",70.38
2026-09-22T03:01:09.471Z,seaweedfs-metadata-etcd,12.62,"76.63MiB / 96MiB",79.82
2026-09-22T03:01:09.471Z,openbao,1.22,"34.78MiB / 512MiB",6.79
2026-09-22T03:01:09.471Z,chirpstack,0.34,"42.5MiB / 1.922GiB",2.16
2026-09-22T03:01:09.471Z,spilo,4.25,"318.8MiB / 1.922GiB",16.20
2026-09-22T03:01:09.471Z,etcd,0.85,"46.71MiB / 1.922GiB",2.37
2026-09-22T03:01:16.838Z,lorawan-gateway-evidence-fabric-adapter-1,0.96,"10.35MiB / 192MiB",5.39
2026-09-22T03:01:16.838Z,lorawan-gateway-evidence-ingest-1,0.00,"12.72MiB / 192MiB",6.62
2026-09-22T03:01:16.838Z,lorawan-gateway-evidence-collector-1,0.30,"12.52MiB / 192MiB",6.52
2026-09-22T03:01:16.838Z,seaweedfs,10.75,"183.7MiB / 256MiB",71.75
2026-09-22T03:01:16.838Z,seaweedfs-metadata-etcd,15.75,"76.62MiB / 96MiB",79.81
2026-09-22T03:01:16.838Z,openbao,1.49,"34.78MiB / 512MiB",6.79
2026-09-22T03:01:16.838Z,chirpstack,0.31,"42.5MiB / 1.922GiB",2.16
2026-09-22T03:01:16.838Z,spilo,4.04,"318.8MiB / 1.922GiB",16.20
2026-09-22T03:01:16.838Z,etcd,0.81,"46.71MiB / 1.922GiB",2.37
2026-09-22T03:01:24.254Z,lorawan-gateway-evidence-fabric-adapter-1,1.14,"10.37MiB / 192MiB",5.40
2026-09-22T03:01:24.254Z,lorawan-gateway-evidence-ingest-1,0.00,"12.72MiB / 192MiB",6.62
2026-09-22T03:01:24.254Z,lorawan-gateway-evidence-collector-1,0.31,"12.52MiB / 192MiB",6.52
2026-09-22T03:01:24.254Z,seaweedfs,9.04,"180.6MiB / 256MiB",70.54
2026-09-22T03:01:24.254Z,seaweedfs-metadata-etcd,14.98,"76.63MiB / 96MiB",79.83
2026-09-22T03:01:24.254Z,openbao,1.25,"34.78MiB / 512MiB",6.79
2026-09-22T03:01:24.254Z,chirpstack,0.34,"42.5MiB / 1.922GiB",2.16
2026-09-22T03:01:24.254Z,spilo,4.81,"318.8MiB / 1.922GiB",16.20
2026-09-22T03:01:24.254Z,etcd,0.88,"46.71MiB / 1.922GiB",2.37
2026-09-22T03:01:31.682Z,lorawan-gateway-evidence-fabric-adapter-1,0.00,"10.37MiB / 192MiB",5.40
2026-09-22T03:01:31.682Z,lorawan-gateway-evidence-ingest-1,0.00,"12.72MiB / 192MiB",6.62
2026-09-22T03:01:31.682Z,lorawan-gateway-evidence-collector-1,0.36,"12.52MiB / 192MiB",6.52
2026-09-22T03:01:31.682Z,seaweedfs,13.09,"180.6MiB / 256MiB",70.55
2026-09-22T03:01:31.682Z,seaweedfs-metadata-etcd,15.56,"76.62MiB / 96MiB",79.82
2026-09-22T03:01:31.682Z,openbao,0.97,"34.78MiB / 512MiB",6.79
2026-09-22T03:01:31.682Z,chirpstack,2.49,"42.5MiB / 1.922GiB",2.16
2026-09-22T03:01:31.682Z,spilo,3.89,"318.8MiB / 1.922GiB",16.20
2026-09-22T03:01:31.682Z,etcd,0.79,"46.71MiB / 1.922GiB",2.37
2026-09-22T03:01:39.041Z,lorawan-gateway-evidence-fabric-adapter-1,0.00,"10.37MiB / 192MiB",5.40
2026-09-22T03:01:39.041Z,lorawan-gateway-evidence-ingest-1,0.00,"12.72MiB / 192MiB",6.62
2026-09-22T03:01:39.041Z,lorawan-gateway-evidence-collector-1,0.31,"12.52MiB / 192MiB",6.52
2026-09-22T03:01:39.041Z,seaweedfs,8.18,"180.5MiB / 256MiB",70.52
2026-09-22T03:01:39.041Z,seaweedfs-metadata-etcd,11.27,"76.63MiB / 96MiB",79.82
2026-09-22T03:01:39.041Z,openbao,1.63,"34.78MiB / 512MiB",6.79
2026-09-22T03:01:39.041Z,chirpstack,0.25,"42.5MiB / 1.922GiB",2.16
2026-09-22T03:01:39.041Z,spilo,6.44,"318.8MiB / 1.922GiB",16.20
2026-09-22T03:01:39.041Z,etcd,1.25,"46.71MiB / 1.922GiB",2.37
2026-09-22T03:01:46.412Z,lorawan-gateway-evidence-fabric-adapter-1,0.08,"10.37MiB / 192MiB",5.40
2026-09-22T03:01:46.412Z,lorawan-gateway-evidence-ingest-1,0.00,"12.72MiB / 192MiB",6.62
2026-09-22T03:01:46.412Z,lorawan-gateway-evidence-collector-1,0.30,"12.52MiB / 192MiB",6.52
2026-09-22T03:01:46.412Z,seaweedfs,5.75,"180.5MiB / 256MiB",70.52
2026-09-22T03:01:46.412Z,seaweedfs-metadata-etcd,9.16,"76.62MiB / 96MiB",79.81
2026-09-22T03:01:46.412Z,openbao,1.69,"34.78MiB / 512MiB",6.79
2026-09-22T03:01:46.412Z,chirpstack,2.14,"42.5MiB / 1.922GiB",2.16
2026-09-22T03:01:46.412Z,spilo,6.97,"318.8MiB / 1.922GiB",16.20
2026-09-22T03:01:46.412Z,etcd,1.03,"46.71MiB / 1.922GiB",2.37
2026-09-22T03:01:53.612Z,lorawan-gateway-evidence-fabric-adapter-1,0.00,"10.37MiB / 192MiB",5.40
2026-09-22T03:01:53.612Z,lorawan-gateway-evidence-ingest-1,0.00,"12.72MiB / 192MiB",6.62
2026-09-22T03:01:53.612Z,lorawan-gateway-evidence-collector-1,0.36,"12.52MiB / 192MiB",6.52
2026-09-22T03:01:53.612Z,seaweedfs,1.10,"180.5MiB / 256MiB",70.52
2026-09-22T03:01:53.612Z,seaweedfs-metadata-etcd,1.37,"76.62MiB / 96MiB",79.81
2026-09-22T03:01:53.612Z,openbao,1.42,"34.78MiB / 512MiB",6.79
2026-09-22T03:01:53.612Z,chirpstack,0.26,"42.5MiB / 1.922GiB",2.16
2026-09-22T03:01:53.612Z,spilo,3.25,"318.8MiB / 1.922GiB",16.20
2026-09-22T03:01:53.612Z,etcd,0.86,"46.71MiB / 1.922GiB",2.37
2026-09-22T03:02:00.826Z,lorawan-gateway-evidence-fabric-adapter-1,0.11,"10.37MiB / 192MiB",5.40
2026-09-22T03:02:00.826Z,lorawan-gateway-evidence-ingest-1,0.00,"12.72MiB / 192MiB",6.62
2026-09-22T03:02:00.826Z,lorawan-gateway-evidence-collector-1,1.25,"12.52MiB / 192MiB",6.52
2026-09-22T03:02:00.826Z,seaweedfs,2.40,"180.5MiB / 256MiB",70.51
2026-09-22T03:02:00.826Z,seaweedfs-metadata-etcd,4.72,"76.62MiB / 96MiB",79.81
2026-09-22T03:02:00.826Z,openbao,2.70,"34.78MiB / 512MiB",6.79
2026-09-22T03:02:00.826Z,chirpstack,0.47,"42.5MiB / 1.922GiB",2.16
2026-09-22T03:02:00.826Z,spilo,10.15,"318.8MiB / 1.922GiB",16.20
2026-09-22T03:02:00.826Z,etcd,1.77,"46.71MiB / 1.922GiB",2.37
2026-09-22T03:02:08.127Z,lorawan-gateway-evidence-fabric-adapter-1,0.11,"10.37MiB / 192MiB",5.40
2026-09-22T03:02:08.127Z,lorawan-gateway-evidence-ingest-1,0.00,"12.72MiB / 192MiB",6.62
2026-09-22T03:02:08.127Z,lorawan-gateway-evidence-collector-1,0.33,"12.52MiB / 192MiB",6.52
2026-09-22T03:02:08.127Z,seaweedfs,9.17,"180.3MiB / 256MiB",70.41
2026-09-22T03:02:08.127Z,seaweedfs-metadata-etcd,13.89,"76.62MiB / 96MiB",79.81
2026-09-22T03:02:08.127Z,openbao,1.49,"34.78MiB / 512MiB",6.79
2026-09-22T03:02:08.127Z,chirpstack,0.40,"42.5MiB / 1.922GiB",2.16
2026-09-22T03:02:08.127Z,spilo,2.36,"318.8MiB / 1.922GiB",16.20
2026-09-22T03:02:08.127Z,etcd,0.88,"46.71MiB / 1.922GiB",2.37
2026-09-22T03:02:15.454Z,lorawan-gateway-evidence-fabric-adapter-1,0.00,"10.37MiB / 192MiB",5.40
2026-09-22T03:02:15.454Z,lorawan-gateway-evidence-ingest-1,0.00,"12.72MiB / 192MiB",6.62
2026-09-22T03:02:15.454Z,lorawan-gateway-evidence-collector-1,0.59,"12.53MiB / 192MiB",6.52
2026-09-22T03:02:15.454Z,seaweedfs,6.98,"180MiB / 256MiB",70.30
2026-09-22T03:02:15.454Z,seaweedfs-metadata-etcd,13.66,"76.63MiB / 96MiB",79.82
2026-09-22T03:02:15.454Z,openbao,1.75,"34.78MiB / 512MiB",6.79
2026-09-22T03:02:15.454Z,chirpstack,0.30,"42.5MiB / 1.922GiB",2.16
2026-09-22T03:02:15.454Z,spilo,5.86,"318.8MiB / 1.922GiB",16.20
2026-09-22T03:02:15.454Z,etcd,1.48,"46.71MiB / 1.922GiB",2.37
2026-09-22T03:02:22.754Z,lorawan-gateway-evidence-fabric-adapter-1,0.09,"10.37MiB / 192MiB",5.40
2026-09-22T03:02:22.754Z,lorawan-gateway-evidence-ingest-1,0.00,"12.72MiB / 192MiB",6.62
2026-09-22T03:02:22.754Z,lorawan-gateway-evidence-collector-1,0.33,"12.52MiB / 192MiB",6.52
2026-09-22T03:02:22.754Z,seaweedfs,2.40,"180MiB / 256MiB",70.31
2026-09-22T03:02:22.754Z,seaweedfs-metadata-etcd,4.92,"76.62MiB / 96MiB",79.81
2026-09-22T03:02:22.754Z,openbao,1.48,"34.78MiB / 512MiB",6.79
2026-09-22T03:02:22.754Z,chirpstack,0.41,"42.5MiB / 1.922GiB",2.16
2026-09-22T03:02:22.754Z,spilo,3.63,"318.9MiB / 1.922GiB",16.20
2026-09-22T03:02:22.754Z,etcd,1.05,"46.71MiB / 1.922GiB",2.37
2026-09-22T03:02:30.021Z,lorawan-gateway-evidence-fabric-adapter-1,0.00,"10.37MiB / 192MiB",5.40
2026-09-22T03:02:30.021Z,lorawan-gateway-evidence-ingest-1,0.00,"12.72MiB / 192MiB",6.62
2026-09-22T03:02:30.021Z,lorawan-gateway-evidence-collector-1,0.39,"12.52MiB / 192MiB",6.52
2026-09-22T03:02:30.021Z,seaweedfs,0.97,"180MiB / 256MiB",70.31
2026-09-22T03:02:30.021Z,seaweedfs-metadata-etcd,1.55,"76.62MiB / 96MiB",79.81
2026-09-22T03:02:30.021Z,openbao,1.93,"34.78MiB / 512MiB",6.79
2026-09-22T03:02:30.021Z,chirpstack,0.37,"42.5MiB / 1.922GiB",2.16
2026-09-22T03:02:30.021Z,spilo,6.01,"318.9MiB / 1.922GiB",16.20
2026-09-22T03:02:30.021Z,etcd,0.89,"46.71MiB / 1.922GiB",2.37
2026-09-22T03:02:37.280Z,lorawan-gateway-evidence-fabric-adapter-1,0.00,"10.36MiB / 192MiB",5.40
2026-09-22T03:02:37.280Z,lorawan-gateway-evidence-ingest-1,0.00,"12.72MiB / 192MiB",6.62
2026-09-22T03:02:37.280Z,lorawan-gateway-evidence-collector-1,0.32,"12.52MiB / 192MiB",6.52
2026-09-22T03:02:37.280Z,seaweedfs,6.82,"181.4MiB / 256MiB",70.85
2026-09-22T03:02:37.280Z,seaweedfs-metadata-etcd,11.01,"76.62MiB / 96MiB",79.82
2026-09-22T03:02:37.280Z,openbao,2.04,"34.78MiB / 512MiB",6.79
2026-09-22T03:02:37.280Z,chirpstack,0.27,"42.5MiB / 1.922GiB",2.16
2026-09-22T03:02:37.280Z,spilo,2.69,"318.9MiB / 1.922GiB",16.20
2026-09-22T03:02:37.280Z,etcd,0.75,"46.71MiB / 1.922GiB",2.37
2026-09-22T03:02:44.540Z,lorawan-gateway-evidence-fabric-adapter-1,0.09,"10.36MiB / 192MiB",5.40
2026-09-22T03:02:44.540Z,lorawan-gateway-evidence-ingest-1,0.00,"12.14MiB / 192MiB",6.32
2026-09-22T03:02:44.540Z,lorawan-gateway-evidence-collector-1,0.32,"12.52MiB / 192MiB",6.52
2026-09-22T03:02:44.540Z,seaweedfs,8.95,"187.1MiB / 256MiB",73.08
2026-09-22T03:02:44.540Z,seaweedfs-metadata-etcd,14.37,"76.63MiB / 96MiB",79.82
2026-09-22T03:02:44.540Z,openbao,1.73,"34.78MiB / 512MiB",6.79
2026-09-22T03:02:44.540Z,chirpstack,0.35,"42.5MiB / 1.922GiB",2.16
2026-09-22T03:02:44.540Z,spilo,7.20,"318.9MiB / 1.922GiB",16.20
2026-09-22T03:02:44.540Z,etcd,0.69,"46.71MiB / 1.922GiB",2.37
2026-09-22T03:02:51.803Z,lorawan-gateway-evidence-fabric-adapter-1,0.00,"10.36MiB / 192MiB",5.40
2026-09-22T03:02:51.803Z,lorawan-gateway-evidence-ingest-1,0.00,"12.14MiB / 192MiB",6.32
2026-09-22T03:02:51.803Z,lorawan-gateway-evidence-collector-1,0.30,"12.52MiB / 192MiB",6.52
2026-09-22T03:02:51.803Z,seaweedfs,8.15,"181.6MiB / 256MiB",70.92
2026-09-22T03:02:51.803Z,seaweedfs-metadata-etcd,13.15,"76.63MiB / 96MiB",79.82
2026-09-22T03:02:51.803Z,openbao,1.88,"34.78MiB / 512MiB",6.79
2026-09-22T03:02:51.803Z,chirpstack,0.29,"42.5MiB / 1.922GiB",2.16
2026-09-22T03:02:51.803Z,spilo,6.90,"318.9MiB / 1.922GiB",16.20
2026-09-22T03:02:51.803Z,etcd,0.60,"46.71MiB / 1.922GiB",2.37
2026-09-22T03:02:59.083Z,lorawan-gateway-evidence-fabric-adapter-1,0.00,"10.36MiB / 192MiB",5.40
2026-09-22T03:02:59.083Z,lorawan-gateway-evidence-ingest-1,0.00,"12.14MiB / 192MiB",6.32
2026-09-22T03:02:59.083Z,lorawan-gateway-evidence-collector-1,0.38,"12.52MiB / 192MiB",6.52
2026-09-22T03:02:59.083Z,seaweedfs,0.71,"181.6MiB / 256MiB",70.92
2026-09-22T03:02:59.083Z,seaweedfs-metadata-etcd,1.27,"76.62MiB / 96MiB",79.81
2026-09-22T03:02:59.083Z,openbao,2.22,"34.78MiB / 512MiB",6.79
2026-09-22T03:02:59.083Z,chirpstack,0.38,"42.5MiB / 1.922GiB",2.16
2026-09-22T03:02:59.083Z,spilo,3.55,"318.9MiB / 1.922GiB",16.20
2026-09-22T03:02:59.083Z,etcd,1.45,"46.71MiB / 1.922GiB",2.37
2026-09-22T03:03:06.310Z,lorawan-gateway-evidence-fabric-adapter-1,0.08,"10.36MiB / 192MiB",5.40
2026-09-22T03:03:06.310Z,lorawan-gateway-evidence-ingest-1,0.00,"12.14MiB / 192MiB",6.32
2026-09-22T03:03:06.310Z,lorawan-gateway-evidence-collector-1,0.36,"12.52MiB / 192MiB",6.52
2026-09-22T03:03:06.310Z,seaweedfs,5.87,"181.8MiB / 256MiB",71.03
2026-09-22T03:03:06.310Z,seaweedfs-metadata-etcd,10.35,"76.62MiB / 96MiB",79.82
2026-09-22T03:03:06.310Z,openbao,1.86,"34.78MiB / 512MiB",6.79
2026-09-22T03:03:06.310Z,chirpstack,0.32,"42.5MiB / 1.922GiB",2.16
2026-09-22T03:03:06.310Z,spilo,3.33,"318.9MiB / 1.922GiB",16.20
2026-09-22T03:03:06.310Z,etcd,0.95,"46.71MiB / 1.922GiB",2.37
2026-09-22T03:03:13.646Z,lorawan-gateway-evidence-fabric-adapter-1,0.00,"10.36MiB / 192MiB",5.40
2026-09-22T03:03:13.646Z,lorawan-gateway-evidence-ingest-1,0.00,"12.14MiB / 192MiB",6.32
2026-09-22T03:03:13.646Z,lorawan-gateway-evidence-collector-1,0.65,"12.52MiB / 192MiB",6.52
2026-09-22T03:03:13.646Z,seaweedfs,7.37,"181.8MiB / 256MiB",71.03
2026-09-22T03:03:13.646Z,seaweedfs-metadata-etcd,10.84,"76.63MiB / 96MiB",79.83
2026-09-22T03:03:13.646Z,openbao,1.46,"34.78MiB / 512MiB",6.79
2026-09-22T03:03:13.646Z,chirpstack,0.48,"42.5MiB / 1.922GiB",2.16
2026-09-22T03:03:13.646Z,spilo,4.90,"318.9MiB / 1.922GiB",16.20
2026-09-22T03:03:13.646Z,etcd,0.89,"46.71MiB / 1.922GiB",2.37
2026-09-22T03:03:20.947Z,lorawan-gateway-evidence-fabric-adapter-1,0.11,"10.36MiB / 192MiB",5.40
2026-09-22T03:03:20.947Z,lorawan-gateway-evidence-ingest-1,0.00,"12.14MiB / 192MiB",6.32
2026-09-22T03:03:20.947Z,lorawan-gateway-evidence-collector-1,0.34,"12.52MiB / 192MiB",6.52
2026-09-22T03:03:20.947Z,seaweedfs,10.41,"177.7MiB / 256MiB",69.42
2026-09-22T03:03:20.947Z,seaweedfs-metadata-etcd,15.35,"76.62MiB / 96MiB",79.82
2026-09-22T03:03:20.947Z,openbao,1.42,"34.78MiB / 512MiB",6.79
2026-09-22T03:03:20.947Z,chirpstack,0.31,"42.5MiB / 1.922GiB",2.16
2026-09-22T03:03:20.947Z,spilo,2.52,"318.9MiB / 1.922GiB",16.20
2026-09-22T03:03:20.947Z,etcd,0.83,"46.71MiB / 1.922GiB",2.37
2026-09-22T03:03:28.238Z,lorawan-gateway-evidence-fabric-adapter-1,0.09,"10.08MiB / 192MiB",5.25
2026-09-22T03:03:28.238Z,lorawan-gateway-evidence-ingest-1,0.00,"12.14MiB / 192MiB",6.32
2026-09-22T03:03:28.238Z,lorawan-gateway-evidence-collector-1,0.36,"12.52MiB / 192MiB",6.52
2026-09-22T03:03:28.238Z,seaweedfs,9.06,"182.7MiB / 256MiB",71.39
2026-09-22T03:03:28.238Z,seaweedfs-metadata-etcd,17.09,"76.63MiB / 96MiB",79.82
2026-09-22T03:03:28.238Z,openbao,1.69,"34.78MiB / 512MiB",6.79
2026-09-22T03:03:28.238Z,chirpstack,0.41,"42.5MiB / 1.922GiB",2.16
2026-09-22T03:03:28.238Z,spilo,3.20,"318.9MiB / 1.922GiB",16.20
2026-09-22T03:03:28.238Z,etcd,0.76,"46.71MiB / 1.922GiB",2.37
2026-09-22T03:03:35.616Z,lorawan-gateway-evidence-fabric-adapter-1,0.00,"10.08MiB / 192MiB",5.25
2026-09-22T03:03:35.616Z,lorawan-gateway-evidence-ingest-1,0.00,"12.14MiB / 192MiB",6.32
2026-09-22T03:03:35.616Z,lorawan-gateway-evidence-collector-1,0.35,"12.52MiB / 192MiB",6.52
2026-09-22T03:03:35.616Z,seaweedfs,1.06,"187.1MiB / 256MiB",73.08
2026-09-22T03:03:35.616Z,seaweedfs-metadata-etcd,2.40,"76.63MiB / 96MiB",79.82
2026-09-22T03:03:35.616Z,openbao,1.69,"34.78MiB / 512MiB",6.79
2026-09-22T03:03:35.616Z,chirpstack,0.37,"42.5MiB / 1.922GiB",2.16
2026-09-22T03:03:35.616Z,spilo,5.33,"318.9MiB / 1.922GiB",16.20
2026-09-22T03:03:35.616Z,etcd,1.67,"46.71MiB / 1.922GiB",2.37
2026-09-22T03:03:42.910Z,lorawan-gateway-evidence-fabric-adapter-1,0.11,"10.08MiB / 192MiB",5.25
2026-09-22T03:03:42.910Z,lorawan-gateway-evidence-ingest-1,0.02,"12.14MiB / 192MiB",6.32
2026-09-22T03:03:42.910Z,lorawan-gateway-evidence-collector-1,0.71,"12.52MiB / 192MiB",6.52
2026-09-22T03:03:42.910Z,seaweedfs,1.89,"187.1MiB / 256MiB",73.08
2026-09-22T03:03:42.910Z,seaweedfs-metadata-etcd,1.87,"76.62MiB / 96MiB",79.82
2026-09-22T03:03:42.910Z,openbao,1.40,"34.78MiB / 512MiB",6.79
2026-09-22T03:03:42.910Z,chirpstack,0.32,"42.5MiB / 1.922GiB",2.16
2026-09-22T03:03:42.910Z,spilo,3.16,"318.9MiB / 1.922GiB",16.21
2026-09-22T03:03:42.910Z,etcd,1.13,"46.72MiB / 1.922GiB",2.37
2026-09-22T03:03:50.145Z,lorawan-gateway-evidence-fabric-adapter-1,0.08,"10.08MiB / 192MiB",5.25
2026-09-22T03:03:50.145Z,lorawan-gateway-evidence-ingest-1,0.00,"12.14MiB / 192MiB",6.32
2026-09-22T03:03:50.145Z,lorawan-gateway-evidence-collector-1,0.29,"12.52MiB / 192MiB",6.52
2026-09-22T03:03:50.145Z,seaweedfs,10.54,"181.6MiB / 256MiB",70.94
2026-09-22T03:03:50.145Z,seaweedfs-metadata-etcd,14.96,"76.92MiB / 96MiB",80.13
2026-09-22T03:03:50.145Z,openbao,1.35,"34.78MiB / 512MiB",6.79
2026-09-22T03:03:50.145Z,chirpstack,0.34,"42.5MiB / 1.922GiB",2.16
2026-09-22T03:03:50.145Z,spilo,4.53,"318.9MiB / 1.922GiB",16.21
2026-09-22T03:03:50.145Z,etcd,0.82,"46.71MiB / 1.922GiB",2.37
2026-09-22T03:03:57.443Z,lorawan-gateway-evidence-fabric-adapter-1,0.00,"10.08MiB / 192MiB",5.25
2026-09-22T03:03:57.443Z,lorawan-gateway-evidence-ingest-1,0.00,"12.14MiB / 192MiB",6.32
2026-09-22T03:03:57.443Z,lorawan-gateway-evidence-collector-1,0.26,"12.52MiB / 192MiB",6.52
2026-09-22T03:03:57.443Z,seaweedfs,9.70,"181.9MiB / 256MiB",71.06
2026-09-22T03:03:57.443Z,seaweedfs-metadata-etcd,15.10,"76.92MiB / 96MiB",80.13
2026-09-22T03:03:57.443Z,openbao,1.55,"34.78MiB / 512MiB",6.79
2026-09-22T03:03:57.443Z,chirpstack,0.26,"42.5MiB / 1.922GiB",2.16
2026-09-22T03:03:57.443Z,spilo,2.32,"318.9MiB / 1.922GiB",16.21
2026-09-22T03:03:57.443Z,etcd,0.82,"46.71MiB / 1.922GiB",2.37
2026-09-22T03:04:04.714Z,lorawan-gateway-evidence-fabric-adapter-1,0.10,"10.08MiB / 192MiB",5.25
2026-09-22T03:04:04.714Z,lorawan-gateway-evidence-ingest-1,0.00,"12.14MiB / 192MiB",6.32
2026-09-22T03:04:04.714Z,lorawan-gateway-evidence-collector-1,0.32,"12.52MiB / 192MiB",6.52
2026-09-22T03:04:04.714Z,seaweedfs,8.35,"184.1MiB / 256MiB",71.92
2026-09-22T03:04:04.714Z,seaweedfs-metadata-etcd,13.72,"76.93MiB / 96MiB",80.14
2026-09-22T03:04:04.714Z,openbao,1.44,"34.78MiB / 512MiB",6.79
2026-09-22T03:04:04.714Z,chirpstack,0.49,"42.5MiB / 1.922GiB",2.16
2026-09-22T03:04:04.714Z,spilo,6.51,"318.9MiB / 1.922GiB",16.21
2026-09-22T03:04:04.714Z,etcd,1.25,"46.71MiB / 1.922GiB",2.37
2026-09-22T03:04:12.170Z,lorawan-gateway-evidence-fabric-adapter-1,0.08,"10.08MiB / 192MiB",5.25
2026-09-22T03:04:12.170Z,lorawan-gateway-evidence-ingest-1,0.00,"12.14MiB / 192MiB",6.32
2026-09-22T03:04:12.170Z,lorawan-gateway-evidence-collector-1,0.29,"12.52MiB / 192MiB",6.52
2026-09-22T03:04:12.170Z,seaweedfs,9.59,"181.2MiB / 256MiB",70.78
2026-09-22T03:04:12.170Z,seaweedfs-metadata-etcd,14.13,"76.92MiB / 96MiB",80.13
2026-09-22T03:04:12.170Z,openbao,1.40,"34.78MiB / 512MiB",6.79
2026-09-22T03:04:12.170Z,chirpstack,0.34,"42.5MiB / 1.922GiB",2.16
2026-09-22T03:04:12.170Z,spilo,2.71,"318.9MiB / 1.922GiB",16.21
2026-09-22T03:04:12.170Z,etcd,0.91,"46.71MiB / 1.922GiB",2.37
2026-09-22T03:04:19.494Z,lorawan-gateway-evidence-fabric-adapter-1,0.00,"10.08MiB / 192MiB",5.25
2026-09-22T03:04:19.494Z,lorawan-gateway-evidence-ingest-1,0.00,"12.14MiB / 192MiB",6.32
2026-09-22T03:04:19.494Z,lorawan-gateway-evidence-collector-1,0.31,"12.52MiB / 192MiB",6.52
2026-09-22T03:04:19.494Z,seaweedfs,6.96,"183.5MiB / 256MiB",71.68
2026-09-22T03:04:19.494Z,seaweedfs-metadata-etcd,12.41,"77.36MiB / 96MiB",80.59
2026-09-22T03:04:19.494Z,openbao,1.65,"34.78MiB / 512MiB",6.79
2026-09-22T03:04:19.494Z,chirpstack,0.28,"42.5MiB / 1.922GiB",2.16
2026-09-22T03:04:19.494Z,spilo,2.09,"318.9MiB / 1.922GiB",16.21
2026-09-22T03:04:19.494Z,etcd,1.09,"46.72MiB / 1.922GiB",2.37
2026-09-22T03:04:26.750Z,lorawan-gateway-evidence-fabric-adapter-1,0.09,"10.08MiB / 192MiB",5.25
2026-09-22T03:04:26.750Z,lorawan-gateway-evidence-ingest-1,0.00,"12.14MiB / 192MiB",6.32
2026-09-22T03:04:26.750Z,lorawan-gateway-evidence-collector-1,0.32,"12.52MiB / 192MiB",6.52
2026-09-22T03:04:26.750Z,seaweedfs,9.28,"180.4MiB / 256MiB",70.48
2026-09-22T03:04:26.750Z,seaweedfs-metadata-etcd,15.91,"77.36MiB / 96MiB",80.59
2026-09-22T03:04:26.750Z,openbao,1.80,"34.78MiB / 512MiB",6.79
2026-09-22T03:04:26.750Z,chirpstack,0.31,"42.5MiB / 1.922GiB",2.16
2026-09-22T03:04:26.750Z,spilo,4.42,"318.9MiB / 1.922GiB",16.21
2026-09-22T03:04:26.750Z,etcd,1.03,"46.72MiB / 1.922GiB",2.37
2026-09-22T03:04:34.063Z,lorawan-gateway-evidence-fabric-adapter-1,0.11,"10.08MiB / 192MiB",5.25
2026-09-22T03:04:34.063Z,lorawan-gateway-evidence-ingest-1,0.00,"12.14MiB / 192MiB",6.32
2026-09-22T03:04:34.063Z,lorawan-gateway-evidence-collector-1,0.34,"12.52MiB / 192MiB",6.52
2026-09-22T03:04:34.063Z,seaweedfs,9.00,"180.3MiB / 256MiB",70.41
2026-09-22T03:04:34.063Z,seaweedfs-metadata-etcd,16.82,"77.35MiB / 96MiB",80.57
2026-09-22T03:04:34.063Z,openbao,1.36,"34.78MiB / 512MiB",6.79
2026-09-22T03:04:34.063Z,chirpstack,0.39,"42.5MiB / 1.922GiB",2.16
2026-09-22T03:04:34.063Z,spilo,6.82,"318.9MiB / 1.922GiB",16.21
2026-09-22T03:04:34.063Z,etcd,0.91,"46.71MiB / 1.922GiB",2.37
2026-09-22T03:04:41.372Z,lorawan-gateway-evidence-fabric-adapter-1,0.00,"10.08MiB / 192MiB",5.25
2026-09-22T03:04:41.372Z,lorawan-gateway-evidence-ingest-1,0.00,"12.14MiB / 192MiB",6.32
2026-09-22T03:04:41.372Z,lorawan-gateway-evidence-collector-1,0.30,"12.52MiB / 192MiB",6.52
2026-09-22T03:04:41.372Z,seaweedfs,8.89,"180.6MiB / 256MiB",70.55
2026-09-22T03:04:41.372Z,seaweedfs-metadata-etcd,15.22,"77.36MiB / 96MiB",80.58
2026-09-22T03:04:41.372Z,openbao,1.57,"34.78MiB / 512MiB",6.79
2026-09-22T03:04:41.372Z,chirpstack,0.26,"42.5MiB / 1.922GiB",2.16
2026-09-22T03:04:41.372Z,spilo,4.78,"318.9MiB / 1.922GiB",16.21
2026-09-22T03:04:41.372Z,etcd,0.88,"46.72MiB / 1.922GiB",2.37
2026-09-22T03:04:48.734Z,lorawan-gateway-evidence-fabric-adapter-1,0.09,"10.08MiB / 192MiB",5.25
2026-09-22T03:04:48.734Z,lorawan-gateway-evidence-ingest-1,0.00,"12.14MiB / 192MiB",6.32
2026-09-22T03:04:48.734Z,lorawan-gateway-evidence-collector-1,0.29,"12.53MiB / 192MiB",6.52
2026-09-22T03:04:48.734Z,seaweedfs,11.02,"180.7MiB / 256MiB",70.59
2026-09-22T03:04:48.734Z,seaweedfs-metadata-etcd,16.74,"77.35MiB / 96MiB",80.57
2026-09-22T03:04:48.734Z,openbao,1.37,"34.78MiB / 512MiB",6.79
2026-09-22T03:04:48.734Z,chirpstack,0.33,"42.51MiB / 1.922GiB",2.16
2026-09-22T03:04:48.734Z,spilo,4.98,"318.9MiB / 1.922GiB",16.21
2026-09-22T03:04:48.734Z,etcd,0.89,"46.72MiB / 1.922GiB",2.37
2026-09-22T03:04:56.036Z,lorawan-gateway-evidence-fabric-adapter-1,0.08,"10.08MiB / 192MiB",5.25
2026-09-22T03:04:56.036Z,lorawan-gateway-evidence-ingest-1,0.00,"12.14MiB / 192MiB",6.32
2026-09-22T03:04:56.036Z,lorawan-gateway-evidence-collector-1,0.29,"12.53MiB / 192MiB",6.52
2026-09-22T03:04:56.036Z,seaweedfs,12.43,"180.3MiB / 256MiB",70.41
2026-09-22T03:04:56.036Z,seaweedfs-metadata-etcd,16.04,"77.35MiB / 96MiB",80.57
2026-09-22T03:04:56.036Z,openbao,1.48,"34.78MiB / 512MiB",6.79
2026-09-22T03:04:56.036Z,chirpstack,0.28,"42.51MiB / 1.922GiB",2.16
2026-09-22T03:04:56.036Z,spilo,2.79,"318.9MiB / 1.922GiB",16.21
2026-09-22T03:04:56.036Z,etcd,1.24,"46.72MiB / 1.922GiB",2.37
2026-09-22T03:05:03.310Z,lorawan-gateway-evidence-fabric-adapter-1,0.00,"10.08MiB / 192MiB",5.25
2026-09-22T03:05:03.310Z,lorawan-gateway-evidence-ingest-1,0.00,"12.14MiB / 192MiB",6.32
2026-09-22T03:05:03.310Z,lorawan-gateway-evidence-collector-1,0.84,"12.53MiB / 192MiB",6.52
2026-09-22T03:05:03.310Z,seaweedfs,13.67,"180.4MiB / 256MiB",70.48
2026-09-22T03:05:03.310Z,seaweedfs-metadata-etcd,30.02,"77.35MiB / 96MiB",80.57
2026-09-22T03:05:03.310Z,openbao,4.58,"34.78MiB / 512MiB",6.79
2026-09-22T03:05:03.310Z,chirpstack,1.25,"42.51MiB / 1.922GiB",2.16
2026-09-22T03:05:03.310Z,spilo,9.38,"318.9MiB / 1.922GiB",16.21
2026-09-22T03:05:03.310Z,etcd,3.49,"46.72MiB / 1.922GiB",2.37
2026-09-22T03:05:10.827Z,lorawan-gateway-evidence-fabric-adapter-1,0.00,"10.08MiB / 192MiB",5.25
2026-09-22T03:05:10.827Z,lorawan-gateway-evidence-ingest-1,0.00,"12.71MiB / 192MiB",6.62
2026-09-22T03:05:10.827Z,lorawan-gateway-evidence-collector-1,0.40,"12.53MiB / 192MiB",6.52
2026-09-22T03:05:10.827Z,seaweedfs,14.06,"180.4MiB / 256MiB",70.48
2026-09-22T03:05:10.827Z,seaweedfs-metadata-etcd,22.20,"77.35MiB / 96MiB",80.57
2026-09-22T03:05:10.827Z,openbao,2.30,"34.78MiB / 512MiB",6.79
2026-09-22T03:05:10.827Z,chirpstack,0.46,"42.51MiB / 1.922GiB",2.16
2026-09-22T03:05:10.827Z,spilo,4.68,"318.9MiB / 1.922GiB",16.21
2026-09-22T03:05:10.827Z,etcd,1.88,"46.72MiB / 1.922GiB",2.37
2026-09-22T03:05:18.605Z,lorawan-gateway-evidence-fabric-adapter-1,0.09,"10.08MiB / 192MiB",5.25
2026-09-22T03:05:18.605Z,lorawan-gateway-evidence-ingest-1,0.00,"12.71MiB / 192MiB",6.62
2026-09-22T03:05:18.605Z,lorawan-gateway-evidence-collector-1,0.35,"12.53MiB / 192MiB",6.52
2026-09-22T03:05:18.605Z,seaweedfs,6.53,"186.3MiB / 256MiB",72.78
2026-09-22T03:05:18.605Z,seaweedfs-metadata-etcd,11.48,"77.35MiB / 96MiB",80.57
2026-09-22T03:05:18.605Z,openbao,1.40,"34.78MiB / 512MiB",6.79
2026-09-22T03:05:18.605Z,chirpstack,0.30,"42.5MiB / 1.922GiB",2.16
2026-09-22T03:05:18.605Z,spilo,3.87,"318.9MiB / 1.922GiB",16.21
2026-09-22T03:05:18.605Z,etcd,1.63,"46.72MiB / 1.922GiB",2.37
2026-09-22T03:05:26.033Z,lorawan-gateway-evidence-fabric-adapter-1,0.10,"9.777MiB / 192MiB",5.09
2026-09-22T03:05:26.033Z,lorawan-gateway-evidence-ingest-1,0.00,"12.71MiB / 192MiB",6.62
2026-09-22T03:05:26.033Z,lorawan-gateway-evidence-collector-1,0.39,"12.53MiB / 192MiB",6.52
2026-09-22T03:05:26.033Z,seaweedfs,8.86,"180.2MiB / 256MiB",70.38
2026-09-22T03:05:26.033Z,seaweedfs-metadata-etcd,19.28,"77.36MiB / 96MiB",80.59
2026-09-22T03:05:26.033Z,openbao,1.69,"34.78MiB / 512MiB",6.79
2026-09-22T03:05:26.033Z,chirpstack,1.18,"42.5MiB / 1.922GiB",2.16
2026-09-22T03:05:26.033Z,spilo,4.65,"318.8MiB / 1.922GiB",16.20
2026-09-22T03:05:26.033Z,etcd,1.83,"46.72MiB / 1.922GiB",2.37
2026-09-22T03:05:33.431Z,lorawan-gateway-evidence-fabric-adapter-1,0.00,"9.777MiB / 192MiB",5.09
2026-09-22T03:05:33.431Z,lorawan-gateway-evidence-ingest-1,0.00,"12.71MiB / 192MiB",6.62
2026-09-22T03:05:33.431Z,lorawan-gateway-evidence-collector-1,0.36,"12.53MiB / 192MiB",6.52
2026-09-22T03:05:33.431Z,seaweedfs,10.93,"180.2MiB / 256MiB",70.38
2026-09-22T03:05:33.431Z,seaweedfs-metadata-etcd,17.93,"77.36MiB / 96MiB",80.58
2026-09-22T03:05:33.431Z,openbao,1.39,"34.78MiB / 512MiB",6.79
2026-09-22T03:05:33.431Z,chirpstack,0.24,"42.5MiB / 1.922GiB",2.16
2026-09-22T03:05:33.431Z,spilo,2.93,"318.8MiB / 1.922GiB",16.20
2026-09-22T03:05:33.431Z,etcd,0.99,"46.72MiB / 1.922GiB",2.37
2026-09-22T03:05:40.798Z,lorawan-gateway-evidence-fabric-adapter-1,0.90,"9.777MiB / 192MiB",5.09
2026-09-22T03:05:40.798Z,lorawan-gateway-evidence-ingest-1,0.00,"12.71MiB / 192MiB",6.62
2026-09-22T03:05:40.798Z,lorawan-gateway-evidence-collector-1,0.32,"12.53MiB / 192MiB",6.52
2026-09-22T03:05:40.798Z,seaweedfs,8.91,"180.3MiB / 256MiB",70.44
2026-09-22T03:05:40.798Z,seaweedfs-metadata-etcd,14.75,"77.35MiB / 96MiB",80.57
2026-09-22T03:05:40.798Z,openbao,1.58,"34.78MiB / 512MiB",6.79
2026-09-22T03:05:40.798Z,chirpstack,0.34,"42.5MiB / 1.922GiB",2.16
2026-09-22T03:05:40.798Z,spilo,4.86,"318.8MiB / 1.922GiB",16.20
2026-09-22T03:05:40.798Z,etcd,1.25,"46.72MiB / 1.922GiB",2.37
2026-09-22T03:05:48.104Z,lorawan-gateway-evidence-fabric-adapter-1,0.08,"9.777MiB / 192MiB",5.09
2026-09-22T03:05:48.104Z,lorawan-gateway-evidence-ingest-1,0.00,"12.71MiB / 192MiB",6.62
2026-09-22T03:05:48.104Z,lorawan-gateway-evidence-collector-1,0.29,"12.53MiB / 192MiB",6.52
2026-09-22T03:05:48.104Z,seaweedfs,8.88,"180.3MiB / 256MiB",70.43
2026-09-22T03:05:48.104Z,seaweedfs-metadata-etcd,11.27,"77.35MiB / 96MiB",80.57
2026-09-22T03:05:48.104Z,openbao,1.22,"34.79MiB / 512MiB",6.79
2026-09-22T03:05:48.104Z,chirpstack,0.32,"42.5MiB / 1.922GiB",2.16
2026-09-22T03:05:48.104Z,spilo,4.28,"318.8MiB / 1.922GiB",16.20
2026-09-22T03:05:48.104Z,etcd,0.94,"46.72MiB / 1.922GiB",2.37
2026-09-22T03:05:55.448Z,lorawan-gateway-evidence-fabric-adapter-1,0.00,"9.969MiB / 192MiB",5.19
2026-09-22T03:05:55.448Z,lorawan-gateway-evidence-ingest-1,0.00,"12.71MiB / 192MiB",6.62
2026-09-22T03:05:55.448Z,lorawan-gateway-evidence-collector-1,0.30,"12.53MiB / 192MiB",6.52
2026-09-22T03:05:55.448Z,seaweedfs,7.39,"180.3MiB / 256MiB",70.44
2026-09-22T03:05:55.448Z,seaweedfs-metadata-etcd,12.85,"77.36MiB / 96MiB",80.58
2026-09-22T03:05:55.448Z,openbao,1.38,"34.78MiB / 512MiB",6.79
2026-09-22T03:05:55.448Z,chirpstack,0.22,"42.5MiB / 1.922GiB",2.16
2026-09-22T03:05:55.448Z,spilo,2.61,"318.8MiB / 1.922GiB",16.20
2026-09-22T03:05:55.448Z,etcd,1.78,"46.72MiB / 1.922GiB",2.37
2026-09-22T03:06:02.793Z,lorawan-gateway-evidence-fabric-adapter-1,0.11,"10.24MiB / 192MiB",5.33
2026-09-22T03:06:02.793Z,lorawan-gateway-evidence-ingest-1,0.00,"12.71MiB / 192MiB",6.62
2026-09-22T03:06:02.793Z,lorawan-gateway-evidence-collector-1,0.95,"12.53MiB / 192MiB",6.52
2026-09-22T03:06:02.793Z,seaweedfs,8.40,"180.5MiB / 256MiB",70.51
2026-09-22T03:06:02.793Z,seaweedfs-metadata-etcd,20.94,"77.36MiB / 96MiB",80.58
2026-09-22T03:06:02.793Z,openbao,2.17,"34.79MiB / 512MiB",6.79
2026-09-22T03:06:02.793Z,chirpstack,0.46,"42.5MiB / 1.922GiB",2.16
2026-09-22T03:06:02.793Z,spilo,8.26,"318.8MiB / 1.922GiB",16.20
2026-09-22T03:06:02.793Z,etcd,2.52,"46.72MiB / 1.922GiB",2.37
2026-09-22T03:06:10.351Z,lorawan-gateway-evidence-fabric-adapter-1,0.85,"10.32MiB / 192MiB",5.37
2026-09-22T03:06:10.351Z,lorawan-gateway-evidence-ingest-1,0.00,"12.71MiB / 192MiB",6.62
2026-09-22T03:06:10.351Z,lorawan-gateway-evidence-collector-1,0.33,"12.53MiB / 192MiB",6.52
2026-09-22T03:06:10.351Z,seaweedfs,7.65,"180.7MiB / 256MiB",70.59
2026-09-22T03:06:10.351Z,seaweedfs-metadata-etcd,12.29,"77.35MiB / 96MiB",80.57
2026-09-22T03:06:10.351Z,openbao,1.46,"34.78MiB / 512MiB",6.79
2026-09-22T03:06:10.351Z,chirpstack,0.28,"42.5MiB / 1.922GiB",2.16
2026-09-22T03:06:10.351Z,spilo,4.03,"318.8MiB / 1.922GiB",16.20
2026-09-22T03:06:10.351Z,etcd,1.08,"46.72MiB / 1.922GiB",2.37
2026-09-22T03:06:17.631Z,lorawan-gateway-evidence-fabric-adapter-1,0.00,"10.32MiB / 192MiB",5.38
2026-09-22T03:06:17.631Z,lorawan-gateway-evidence-ingest-1,0.00,"12.71MiB / 192MiB",6.62
2026-09-22T03:06:17.631Z,lorawan-gateway-evidence-collector-1,0.33,"12.53MiB / 192MiB",6.52
2026-09-22T03:06:17.631Z,seaweedfs,4.81,"182.8MiB / 256MiB",71.39
2026-09-22T03:06:17.631Z,seaweedfs-metadata-etcd,11.63,"77.36MiB / 96MiB",80.58
2026-09-22T03:06:17.631Z,openbao,1.32,"34.78MiB / 512MiB",6.79
2026-09-22T03:06:17.631Z,chirpstack,0.31,"42.5MiB / 1.922GiB",2.16
2026-09-22T03:06:17.631Z,spilo,2.61,"318.9MiB / 1.922GiB",16.20
2026-09-22T03:06:17.631Z,etcd,1.75,"46.72MiB / 1.922GiB",2.37
2026-09-22T03:06:25.088Z,lorawan-gateway-evidence-fabric-adapter-1,0.00,"10.32MiB / 192MiB",5.38
2026-09-22T03:06:25.088Z,lorawan-gateway-evidence-ingest-1,0.00,"12.71MiB / 192MiB",6.62
2026-09-22T03:06:25.088Z,lorawan-gateway-evidence-collector-1,0.37,"12.53MiB / 192MiB",6.52
2026-09-22T03:06:25.088Z,seaweedfs,9.20,"182.8MiB / 256MiB",71.39
2026-09-22T03:06:25.088Z,seaweedfs-metadata-etcd,16.38,"77.36MiB / 96MiB",80.58
2026-09-22T03:06:25.088Z,openbao,1.45,"34.78MiB / 512MiB",6.79
2026-09-22T03:06:25.088Z,chirpstack,0.39,"42.5MiB / 1.922GiB",2.16
2026-09-22T03:06:25.088Z,spilo,3.21,"319.2MiB / 1.922GiB",16.22
2026-09-22T03:06:25.088Z,etcd,1.27,"46.72MiB / 1.922GiB",2.37
2026-09-22T03:06:32.568Z,lorawan-gateway-evidence-fabric-adapter-1,0.96,"10.32MiB / 192MiB",5.38
2026-09-22T03:06:32.568Z,lorawan-gateway-evidence-ingest-1,0.00,"12.71MiB / 192MiB",6.62
2026-09-22T03:06:32.568Z,lorawan-gateway-evidence-collector-1,0.52,"12.53MiB / 192MiB",6.52
2026-09-22T03:06:32.568Z,seaweedfs,8.33,"179.8MiB / 256MiB",70.23
2026-09-22T03:06:32.568Z,seaweedfs-metadata-etcd,18.86,"77.36MiB / 96MiB",80.58
2026-09-22T03:06:32.568Z,openbao,2.25,"34.78MiB / 512MiB",6.79
2026-09-22T03:06:32.568Z,chirpstack,0.60,"42.5MiB / 1.922GiB",2.16
2026-09-22T03:06:32.568Z,spilo,10.14,"318.9MiB / 1.922GiB",16.20
2026-09-22T03:06:32.568Z,etcd,1.38,"46.72MiB / 1.922GiB",2.37
2026-09-22T03:06:40.171Z,lorawan-gateway-evidence-fabric-adapter-1,0.07,"10.39MiB / 192MiB",5.41
2026-09-22T03:06:40.171Z,lorawan-gateway-evidence-ingest-1,0.00,"12.71MiB / 192MiB",6.62
2026-09-22T03:06:40.171Z,lorawan-gateway-evidence-collector-1,0.41,"12.53MiB / 192MiB",6.52
2026-09-22T03:06:40.171Z,seaweedfs,6.34,"179.8MiB / 256MiB",70.23
2026-09-22T03:06:40.171Z,seaweedfs-metadata-etcd,12.11,"77.36MiB / 96MiB",80.58
2026-09-22T03:06:40.171Z,openbao,1.28,"34.78MiB / 512MiB",6.79
2026-09-22T03:06:40.171Z,chirpstack,0.36,"42.5MiB / 1.922GiB",2.16
2026-09-22T03:06:40.171Z,spilo,5.39,"319.2MiB / 1.922GiB",16.22
2026-09-22T03:06:40.171Z,etcd,0.95,"46.72MiB / 1.922GiB",2.37
2026-09-22T03:06:47.494Z,lorawan-gateway-evidence-fabric-adapter-1,0.00,"10.41MiB / 192MiB",5.42
2026-09-22T03:06:47.494Z,lorawan-gateway-evidence-ingest-1,0.00,"12.74MiB / 192MiB",6.64
2026-09-22T03:06:47.494Z,lorawan-gateway-evidence-collector-1,0.35,"12.53MiB / 192MiB",6.52
2026-09-22T03:06:47.494Z,seaweedfs,8.11,"184.8MiB / 256MiB",72.18
2026-09-22T03:06:47.494Z,seaweedfs-metadata-etcd,11.85,"77.35MiB / 96MiB",80.57
2026-09-22T03:06:47.494Z,openbao,1.24,"34.78MiB / 512MiB",6.79
2026-09-22T03:06:47.494Z,chirpstack,0.36,"42.5MiB / 1.922GiB",2.16
2026-09-22T03:06:47.494Z,spilo,2.74,"319.2MiB / 1.922GiB",16.22
2026-09-22T03:06:47.494Z,etcd,1.07,"46.72MiB / 1.922GiB",2.37
2026-09-22T03:06:54.790Z,lorawan-gateway-evidence-fabric-adapter-1,0.09,"10.41MiB / 192MiB",5.42
2026-09-22T03:06:54.790Z,lorawan-gateway-evidence-ingest-1,0.00,"12.74MiB / 192MiB",6.64
2026-09-22T03:06:54.790Z,lorawan-gateway-evidence-collector-1,0.35,"12.53MiB / 192MiB",6.52
2026-09-22T03:06:54.790Z,seaweedfs,6.82,"184.8MiB / 256MiB",72.17
2026-09-22T03:06:54.790Z,seaweedfs-metadata-etcd,11.99,"77.36MiB / 96MiB",80.58
2026-09-22T03:06:54.790Z,openbao,1.29,"34.78MiB / 512MiB",6.79
2026-09-22T03:06:54.790Z,chirpstack,0.32,"42.5MiB / 1.922GiB",2.16
2026-09-22T03:06:54.790Z,spilo,7.34,"318.9MiB / 1.922GiB",16.21
2026-09-22T03:06:54.790Z,etcd,1.66,"46.72MiB / 1.922GiB",2.37
2026-09-22T03:07:02.142Z,lorawan-gateway-evidence-fabric-adapter-1,0.22,"10.41MiB / 192MiB",5.42
2026-09-22T03:07:02.142Z,lorawan-gateway-evidence-ingest-1,0.00,"12.74MiB / 192MiB",6.64
2026-09-22T03:07:02.142Z,lorawan-gateway-evidence-collector-1,0.48,"12.53MiB / 192MiB",6.52
2026-09-22T03:07:02.142Z,seaweedfs,13.14,"180.4MiB / 256MiB",70.46
2026-09-22T03:07:02.142Z,seaweedfs-metadata-etcd,22.60,"77.36MiB / 96MiB",80.58
2026-09-22T03:07:02.142Z,openbao,2.22,"34.78MiB / 512MiB",6.79
2026-09-22T03:07:02.142Z,chirpstack,1.14,"42.5MiB / 1.922GiB",2.16
2026-09-22T03:07:02.142Z,spilo,3.65,"318.9MiB / 1.922GiB",16.21
2026-09-22T03:07:02.142Z,etcd,2.80,"46.72MiB / 1.922GiB",2.37
2026-09-22T03:07:09.879Z,lorawan-gateway-evidence-fabric-adapter-1,0.00,"10.41MiB / 192MiB",5.42
2026-09-22T03:07:09.879Z,lorawan-gateway-evidence-ingest-1,0.00,"12.74MiB / 192MiB",6.64
2026-09-22T03:07:09.879Z,lorawan-gateway-evidence-collector-1,0.36,"12.53MiB / 192MiB",6.52
2026-09-22T03:07:09.879Z,seaweedfs,6.94,"185.4MiB / 256MiB",72.42
2026-09-22T03:07:09.879Z,seaweedfs-metadata-etcd,12.14,"77.36MiB / 96MiB",80.58
2026-09-22T03:07:09.879Z,openbao,1.75,"34.78MiB / 512MiB",6.79
2026-09-22T03:07:09.879Z,chirpstack,0.29,"42.5MiB / 1.922GiB",2.16
2026-09-22T03:07:09.879Z,spilo,5.96,"319.2MiB / 1.922GiB",16.22
2026-09-22T03:07:09.879Z,etcd,0.79,"46.72MiB / 1.922GiB",2.37
2026-09-22T03:07:17.208Z,lorawan-gateway-evidence-fabric-adapter-1,0.00,"10.41MiB / 192MiB",5.42
2026-09-22T03:07:17.208Z,lorawan-gateway-evidence-ingest-1,0.00,"12.74MiB / 192MiB",6.64
2026-09-22T03:07:17.208Z,lorawan-gateway-evidence-collector-1,0.41,"12.53MiB / 192MiB",6.52
2026-09-22T03:07:17.208Z,seaweedfs,8.94,"185.1MiB / 256MiB",72.29
2026-09-22T03:07:17.208Z,seaweedfs-metadata-etcd,12.11,"77.37MiB / 96MiB",80.59
2026-09-22T03:07:17.208Z,openbao,2.14,"34.78MiB / 512MiB",6.79
2026-09-22T03:07:17.208Z,chirpstack,0.36,"42.5MiB / 1.922GiB",2.16
2026-09-22T03:07:17.208Z,spilo,2.15,"319.3MiB / 1.922GiB",16.22
2026-09-22T03:07:17.208Z,etcd,0.96,"46.72MiB / 1.922GiB",2.37
2026-09-22T03:07:24.451Z,lorawan-gateway-evidence-fabric-adapter-1,0.09,"10.41MiB / 192MiB",5.42
2026-09-22T03:07:24.451Z,lorawan-gateway-evidence-ingest-1,0.00,"12.74MiB / 192MiB",6.64
2026-09-22T03:07:24.451Z,lorawan-gateway-evidence-collector-1,0.37,"12.53MiB / 192MiB",6.52
2026-09-22T03:07:24.451Z,seaweedfs,0.80,"185.1MiB / 256MiB",72.29
2026-09-22T03:07:24.451Z,seaweedfs-metadata-etcd,1.20,"77.35MiB / 96MiB",80.57
2026-09-22T03:07:24.451Z,openbao,1.46,"34.78MiB / 512MiB",6.79
2026-09-22T03:07:24.451Z,chirpstack,0.33,"42.5MiB / 1.922GiB",2.16
2026-09-22T03:07:24.451Z,spilo,5.93,"319.3MiB / 1.922GiB",16.22
2026-09-22T03:07:24.451Z,etcd,1.01,"46.72MiB / 1.922GiB",2.37
2026-09-22T03:07:31.736Z,lorawan-gateway-evidence-fabric-adapter-1,0.00,"10.41MiB / 192MiB",5.42
2026-09-22T03:07:31.736Z,lorawan-gateway-evidence-ingest-1,0.00,"12.74MiB / 192MiB",6.64
2026-09-22T03:07:31.736Z,lorawan-gateway-evidence-collector-1,0.59,"12.53MiB / 192MiB",6.52
2026-09-22T03:07:31.736Z,seaweedfs,2.64,"185.1MiB / 256MiB",72.29
2026-09-22T03:07:31.736Z,seaweedfs-metadata-etcd,5.73,"77.36MiB / 96MiB",80.58
2026-09-22T03:07:31.736Z,openbao,1.54,"34.78MiB / 512MiB",6.79
2026-09-22T03:07:31.736Z,chirpstack,0.25,"42.5MiB / 1.922GiB",2.16
2026-09-22T03:07:31.736Z,spilo,9.00,"319MiB / 1.922GiB",16.21
2026-09-22T03:07:31.736Z,etcd,0.87,"46.72MiB / 1.922GiB",2.37
2026-09-22T03:07:39.072Z,lorawan-gateway-evidence-fabric-adapter-1,0.00,"10.41MiB / 192MiB",5.42
2026-09-22T03:07:39.072Z,lorawan-gateway-evidence-ingest-1,0.00,"12.74MiB / 192MiB",6.64
2026-09-22T03:07:39.072Z,lorawan-gateway-evidence-collector-1,0.34,"12.53MiB / 192MiB",6.52
2026-09-22T03:07:39.072Z,seaweedfs,11.76,"178.3MiB / 256MiB",69.64
2026-09-22T03:07:39.072Z,seaweedfs-metadata-etcd,16.83,"77.36MiB / 96MiB",80.58
2026-09-22T03:07:39.072Z,openbao,1.81,"34.78MiB / 512MiB",6.79
2026-09-22T03:07:39.072Z,chirpstack,0.43,"42.5MiB / 1.922GiB",2.16
2026-09-22T03:07:39.072Z,spilo,3.53,"319.3MiB / 1.922GiB",16.22
2026-09-22T03:07:39.072Z,etcd,1.37,"46.72MiB / 1.922GiB",2.37
2026-09-22T03:07:46.370Z,lorawan-gateway-evidence-fabric-adapter-1,0.11,"10.41MiB / 192MiB",5.42
2026-09-22T03:07:46.370Z,lorawan-gateway-evidence-ingest-1,0.00,"12.74MiB / 192MiB",6.64
2026-09-22T03:07:46.370Z,lorawan-gateway-evidence-collector-1,0.73,"12.53MiB / 192MiB",6.52
2026-09-22T03:07:46.370Z,seaweedfs,3.09,"180.6MiB / 256MiB",70.54
2026-09-22T03:07:46.370Z,seaweedfs-metadata-etcd,3.57,"77.35MiB / 96MiB",80.57
2026-09-22T03:07:46.370Z,openbao,2.35,"34.78MiB / 512MiB",6.79
2026-09-22T03:07:46.370Z,chirpstack,0.89,"42.5MiB / 1.922GiB",2.16
2026-09-22T03:07:46.370Z,spilo,11.38,"319.3MiB / 1.922GiB",16.22
2026-09-22T03:07:46.370Z,etcd,1.53,"46.72MiB / 1.922GiB",2.37
2026-09-22T03:07:53.805Z,lorawan-gateway-evidence-fabric-adapter-1,0.00,"10.41MiB / 192MiB",5.42
2026-09-22T03:07:53.805Z,lorawan-gateway-evidence-ingest-1,0.00,"12.74MiB / 192MiB",6.64
2026-09-22T03:07:53.805Z,lorawan-gateway-evidence-collector-1,0.34,"12.53MiB / 192MiB",6.52
2026-09-22T03:07:53.805Z,seaweedfs,5.91,"180.6MiB / 256MiB",70.55
2026-09-22T03:07:53.805Z,seaweedfs-metadata-etcd,12.27,"77.35MiB / 96MiB",80.57
2026-09-22T03:07:53.805Z,openbao,1.39,"34.78MiB / 512MiB",6.79
2026-09-22T03:07:53.805Z,chirpstack,0.25,"42.5MiB / 1.922GiB",2.16
2026-09-22T03:07:53.805Z,spilo,6.30,"319.3MiB / 1.922GiB",16.23
2026-09-22T03:07:53.805Z,etcd,0.78,"46.72MiB / 1.922GiB",2.37
2026-09-22T03:08:01.151Z,lorawan-gateway-evidence-fabric-adapter-1,0.00,"10.41MiB / 192MiB",5.42
2026-09-22T03:08:01.151Z,lorawan-gateway-evidence-ingest-1,0.00,"12.74MiB / 192MiB",6.64
2026-09-22T03:08:01.151Z,lorawan-gateway-evidence-collector-1,1.61,"12.53MiB / 192MiB",6.52
2026-09-22T03:08:01.151Z,seaweedfs,8.49,"186.2MiB / 256MiB",72.75
2026-09-22T03:08:01.151Z,seaweedfs-metadata-etcd,4.37,"77.35MiB / 96MiB",80.57
2026-09-22T03:08:01.151Z,openbao,2.20,"34.78MiB / 512MiB",6.79
2026-09-22T03:08:01.151Z,chirpstack,4.28,"42.5MiB / 1.922GiB",2.16
2026-09-22T03:08:01.151Z,spilo,6.70,"319.3MiB / 1.922GiB",16.23
2026-09-22T03:08:01.151Z,etcd,1.74,"46.72MiB / 1.922GiB",2.37
2026-09-22T03:08:08.392Z,lorawan-gateway-evidence-fabric-adapter-1,0.09,"10.41MiB / 192MiB",5.42
2026-09-22T03:08:08.392Z,lorawan-gateway-evidence-ingest-1,0.00,"12.74MiB / 192MiB",6.64
2026-09-22T03:08:08.392Z,lorawan-gateway-evidence-collector-1,0.33,"12.53MiB / 192MiB",6.52
2026-09-22T03:08:08.392Z,seaweedfs,8.45,"186.3MiB / 256MiB",72.76
2026-09-22T03:08:08.392Z,seaweedfs-metadata-etcd,13.32,"77.36MiB / 96MiB",80.59
2026-09-22T03:08:08.392Z,openbao,1.31,"34.78MiB / 512MiB",6.79
2026-09-22T03:08:08.392Z,chirpstack,0.27,"42.5MiB / 1.922GiB",2.16
2026-09-22T03:08:08.392Z,spilo,2.58,"319.3MiB / 1.922GiB",16.23
2026-09-22T03:08:08.392Z,etcd,0.85,"46.72MiB / 1.922GiB",2.37
2026-09-22T03:08:15.745Z,lorawan-gateway-evidence-fabric-adapter-1,0.00,"10.41MiB / 192MiB",5.42
2026-09-22T03:08:15.745Z,lorawan-gateway-evidence-ingest-1,0.00,"12.74MiB / 192MiB",6.64
2026-09-22T03:08:15.745Z,lorawan-gateway-evidence-collector-1,0.68,"12.53MiB / 192MiB",6.52
2026-09-22T03:08:15.745Z,seaweedfs,10.32,"186.4MiB / 256MiB",72.80
2026-09-22T03:08:15.745Z,seaweedfs-metadata-etcd,15.81,"77.36MiB / 96MiB",80.59
2026-09-22T03:08:15.745Z,openbao,1.48,"34.78MiB / 512MiB",6.79
2026-09-22T03:08:15.745Z,chirpstack,2.45,"42.56MiB / 1.922GiB",2.16
2026-09-22T03:08:15.745Z,spilo,6.62,"319.3MiB / 1.922GiB",16.23
2026-09-22T03:08:15.745Z,etcd,1.30,"46.72MiB / 1.922GiB",2.37
2026-09-22T03:08:23.049Z,lorawan-gateway-evidence-fabric-adapter-1,0.00,"10.41MiB / 192MiB",5.42
2026-09-22T03:08:23.049Z,lorawan-gateway-evidence-ingest-1,0.00,"12.74MiB / 192MiB",6.64
2026-09-22T03:08:23.049Z,lorawan-gateway-evidence-collector-1,0.35,"12.53MiB / 192MiB",6.52
2026-09-22T03:08:23.049Z,seaweedfs,7.28,"180.2MiB / 256MiB",70.38
2026-09-22T03:08:23.049Z,seaweedfs-metadata-etcd,10.89,"77.36MiB / 96MiB",80.58
2026-09-22T03:08:23.049Z,openbao,1.32,"34.78MiB / 512MiB",6.79
2026-09-22T03:08:23.049Z,chirpstack,0.31,"42.5MiB / 1.922GiB",2.16
2026-09-22T03:08:23.049Z,spilo,2.43,"319.3MiB / 1.922GiB",16.23
2026-09-22T03:08:23.049Z,etcd,1.25,"46.72MiB / 1.922GiB",2.37
2026-09-22T03:08:30.379Z,lorawan-gateway-evidence-fabric-adapter-1,0.10,"10.41MiB / 192MiB",5.42
2026-09-22T03:08:30.379Z,lorawan-gateway-evidence-ingest-1,0.00,"12.74MiB / 192MiB",6.64
2026-09-22T03:08:30.379Z,lorawan-gateway-evidence-collector-1,0.42,"12.53MiB / 192MiB",6.52
2026-09-22T03:08:30.379Z,seaweedfs,0.85,"180.2MiB / 256MiB",70.37
2026-09-22T03:08:30.379Z,seaweedfs-metadata-etcd,1.76,"77.35MiB / 96MiB",80.57
2026-09-22T03:08:30.379Z,openbao,1.51,"34.78MiB / 512MiB",6.79
2026-09-22T03:08:30.379Z,chirpstack,0.38,"42.5MiB / 1.922GiB",2.16
2026-09-22T03:08:30.379Z,spilo,5.00,"319.4MiB / 1.922GiB",16.23
2026-09-22T03:08:30.379Z,etcd,0.94,"46.72MiB / 1.922GiB",2.37
2026-09-22T03:08:37.713Z,lorawan-gateway-evidence-fabric-adapter-1,0.00,"10.42MiB / 192MiB",5.43
2026-09-22T03:08:37.713Z,lorawan-gateway-evidence-ingest-1,0.00,"12.74MiB / 192MiB",6.64
2026-09-22T03:08:37.713Z,lorawan-gateway-evidence-collector-1,0.36,"12.53MiB / 192MiB",6.52
2026-09-22T03:08:37.713Z,seaweedfs,1.75,"180.6MiB / 256MiB",70.55
2026-09-22T03:08:37.713Z,seaweedfs-metadata-etcd,3.17,"77.37MiB / 96MiB",80.59
2026-09-22T03:08:37.713Z,openbao,1.40,"34.78MiB / 512MiB",6.79
2026-09-22T03:08:37.713Z,chirpstack,0.32,"42.5MiB / 1.922GiB",2.16
2026-09-22T03:08:37.713Z,spilo,6.63,"319.3MiB / 1.922GiB",16.23
2026-09-22T03:08:37.713Z,etcd,1.17,"46.72MiB / 1.922GiB",2.37
2026-09-22T03:08:45.015Z,lorawan-gateway-evidence-fabric-adapter-1,0.00,"10.42MiB / 192MiB",5.43
2026-09-22T03:08:45.015Z,lorawan-gateway-evidence-ingest-1,0.00,"12.74MiB / 192MiB",6.64
2026-09-22T03:08:45.015Z,lorawan-gateway-evidence-collector-1,0.29,"12.53MiB / 192MiB",6.52
2026-09-22T03:08:45.015Z,seaweedfs,7.72,"180.3MiB / 256MiB",70.42
2026-09-22T03:08:45.015Z,seaweedfs-metadata-etcd,11.48,"77.36MiB / 96MiB",80.59
2026-09-22T03:08:45.015Z,openbao,1.29,"34.78MiB / 512MiB",6.79
2026-09-22T03:08:45.015Z,chirpstack,0.35,"42.51MiB / 1.922GiB",2.16
2026-09-22T03:08:45.015Z,spilo,5.21,"319.3MiB / 1.922GiB",16.23
2026-09-22T03:08:45.015Z,etcd,0.83,"46.72MiB / 1.922GiB",2.37
2026-09-22T03:08:52.459Z,lorawan-gateway-evidence-fabric-adapter-1,1.08,"10.43MiB / 192MiB",5.43
2026-09-22T03:08:52.459Z,lorawan-gateway-evidence-ingest-1,0.00,"12.74MiB / 192MiB",6.64
2026-09-22T03:08:52.459Z,lorawan-gateway-evidence-collector-1,0.30,"12.53MiB / 192MiB",6.52
2026-09-22T03:08:52.459Z,seaweedfs,7.91,"180.3MiB / 256MiB",70.45
2026-09-22T03:08:52.459Z,seaweedfs-metadata-etcd,13.23,"77.36MiB / 96MiB",80.59
2026-09-22T03:08:52.459Z,openbao,1.26,"34.78MiB / 512MiB",6.79
2026-09-22T03:08:52.459Z,chirpstack,0.32,"42.5MiB / 1.922GiB",2.16
2026-09-22T03:08:52.459Z,spilo,5.10,"319.4MiB / 1.922GiB",16.23
2026-09-22T03:08:52.459Z,etcd,0.68,"46.72MiB / 1.922GiB",2.37
2026-09-22T03:08:59.809Z,lorawan-gateway-evidence-fabric-adapter-1,0.00,"10.43MiB / 192MiB",5.43
2026-09-22T03:08:59.809Z,lorawan-gateway-evidence-ingest-1,0.00,"12.74MiB / 192MiB",6.64
2026-09-22T03:08:59.809Z,lorawan-gateway-evidence-collector-1,0.49,"12.53MiB / 192MiB",6.52
2026-09-22T03:08:59.809Z,seaweedfs,7.68,"180.5MiB / 256MiB",70.50
2026-09-22T03:08:59.809Z,seaweedfs-metadata-etcd,15.52,"77.37MiB / 96MiB",80.59
2026-09-22T03:08:59.809Z,openbao,2.59,"34.78MiB / 512MiB",6.79
2026-09-22T03:08:59.809Z,chirpstack,0.80,"42.5MiB / 1.922GiB",2.16
2026-09-22T03:08:59.809Z,spilo,10.01,"319.4MiB / 1.922GiB",16.23
2026-09-22T03:08:59.809Z,etcd,1.07,"46.72MiB / 1.922GiB",2.37
2026-09-22T03:09:07.169Z,lorawan-gateway-evidence-fabric-adapter-1,0.00,"10.43MiB / 192MiB",5.43
2026-09-22T03:09:07.169Z,lorawan-gateway-evidence-ingest-1,0.00,"12.74MiB / 192MiB",6.64
2026-09-22T03:09:07.169Z,lorawan-gateway-evidence-collector-1,0.43,"12.53MiB / 192MiB",6.52
2026-09-22T03:09:07.169Z,seaweedfs,10.37,"182.3MiB / 256MiB",71.20
2026-09-22T03:09:07.169Z,seaweedfs-metadata-etcd,18.56,"77.36MiB / 96MiB",80.58
2026-09-22T03:09:07.169Z,openbao,1.76,"34.78MiB / 512MiB",6.79
2026-09-22T03:09:07.169Z,chirpstack,0.87,"42.5MiB / 1.922GiB",2.16
2026-09-22T03:09:07.169Z,spilo,6.72,"319.4MiB / 1.922GiB",16.23
2026-09-22T03:09:07.169Z,etcd,1.64,"46.72MiB / 1.922GiB",2.37
2026-09-22T03:09:14.590Z,lorawan-gateway-evidence-fabric-adapter-1,0.51,"10.43MiB / 192MiB",5.43
2026-09-22T03:09:14.590Z,lorawan-gateway-evidence-ingest-1,0.00,"12.14MiB / 192MiB",6.33
2026-09-22T03:09:14.590Z,lorawan-gateway-evidence-collector-1,0.38,"12.53MiB / 192MiB",6.52
2026-09-22T03:09:14.590Z,seaweedfs,10.14,"185.5MiB / 256MiB",72.48
2026-09-22T03:09:14.590Z,seaweedfs-metadata-etcd,16.76,"77.36MiB / 96MiB",80.58
2026-09-22T03:09:14.590Z,openbao,1.82,"34.78MiB / 512MiB",6.79
2026-09-22T03:09:14.590Z,chirpstack,0.35,"42.5MiB / 1.922GiB",2.16
2026-09-22T03:09:14.590Z,spilo,30.87,"331.2MiB / 1.922GiB",16.83
2026-09-22T03:09:14.590Z,etcd,1.30,"46.72MiB / 1.922GiB",2.37
2026-09-22T03:09:21.944Z,lorawan-gateway-evidence-fabric-adapter-1,0.10,"10.43MiB / 192MiB",5.43
2026-09-22T03:09:21.944Z,lorawan-gateway-evidence-ingest-1,0.00,"12.14MiB / 192MiB",6.33
2026-09-22T03:09:21.944Z,lorawan-gateway-evidence-collector-1,0.32,"12.53MiB / 192MiB",6.52
2026-09-22T03:09:21.944Z,seaweedfs,8.90,"178.4MiB / 256MiB",69.70
2026-09-22T03:09:21.944Z,seaweedfs-metadata-etcd,13.36,"77.36MiB / 96MiB",80.59
2026-09-22T03:09:21.944Z,openbao,1.18,"34.78MiB / 512MiB",6.79
2026-09-22T03:09:21.944Z,chirpstack,0.39,"42.5MiB / 1.922GiB",2.16
2026-09-22T03:09:21.944Z,spilo,3.22,"319.2MiB / 1.922GiB",16.22
2026-09-22T03:09:21.944Z,etcd,0.77,"46.72MiB / 1.922GiB",2.37
2026-09-22T03:09:29.323Z,lorawan-gateway-evidence-fabric-adapter-1,0.00,"10.43MiB / 192MiB",5.43
2026-09-22T03:09:29.323Z,lorawan-gateway-evidence-ingest-1,0.00,"12.14MiB / 192MiB",6.33
2026-09-22T03:09:29.323Z,lorawan-gateway-evidence-collector-1,0.29,"12.53MiB / 192MiB",6.52
2026-09-22T03:09:29.323Z,seaweedfs,8.23,"180.3MiB / 256MiB",70.44
2026-09-22T03:09:29.323Z,seaweedfs-metadata-etcd,12.71,"77.36MiB / 96MiB",80.58
2026-09-22T03:09:29.323Z,openbao,1.30,"34.78MiB / 512MiB",6.79
2026-09-22T03:09:29.323Z,chirpstack,0.40,"42.5MiB / 1.922GiB",2.16
2026-09-22T03:09:29.323Z,spilo,5.57,"319.2MiB / 1.922GiB",16.22
2026-09-22T03:09:29.323Z,etcd,0.96,"46.72MiB / 1.922GiB",2.37
2026-09-22T03:09:36.653Z,lorawan-gateway-evidence-fabric-adapter-1,0.08,"10.43MiB / 192MiB",5.43
2026-09-22T03:09:36.653Z,lorawan-gateway-evidence-ingest-1,0.00,"12.14MiB / 192MiB",6.33
2026-09-22T03:09:36.653Z,lorawan-gateway-evidence-collector-1,0.35,"12.53MiB / 192MiB",6.52
2026-09-22T03:09:36.653Z,seaweedfs,2.96,"180.7MiB / 256MiB",70.57
2026-09-22T03:09:36.653Z,seaweedfs-metadata-etcd,6.86,"77.35MiB / 96MiB",80.57
2026-09-22T03:09:36.653Z,openbao,1.56,"34.78MiB / 512MiB",6.79
2026-09-22T03:09:36.653Z,chirpstack,0.34,"42.5MiB / 1.922GiB",2.16
2026-09-22T03:09:36.653Z,spilo,5.88,"319.2MiB / 1.922GiB",16.22
2026-09-22T03:09:36.653Z,etcd,0.79,"46.72MiB / 1.922GiB",2.37
2026-09-22T03:09:43.971Z,lorawan-gateway-evidence-fabric-adapter-1,0.06,"10.43MiB / 192MiB",5.43
2026-09-22T03:09:43.971Z,lorawan-gateway-evidence-ingest-1,0.00,"12.14MiB / 192MiB",6.33
2026-09-22T03:09:43.971Z,lorawan-gateway-evidence-collector-1,0.34,"12.53MiB / 192MiB",6.52
2026-09-22T03:09:43.971Z,seaweedfs,9.59,"180.2MiB / 256MiB",70.38
2026-09-22T03:09:43.971Z,seaweedfs-metadata-etcd,15.32,"77.36MiB / 96MiB",80.58
2026-09-22T03:09:43.971Z,openbao,1.43,"34.78MiB / 512MiB",6.79
2026-09-22T03:09:43.971Z,chirpstack,0.22,"42.5MiB / 1.922GiB",2.16
2026-09-22T03:09:43.971Z,spilo,3.36,"319.2MiB / 1.922GiB",16.22
2026-09-22T03:09:43.971Z,etcd,0.86,"46.72MiB / 1.922GiB",2.37
2026-09-22T03:09:51.367Z,lorawan-gateway-evidence-fabric-adapter-1,0.00,"10.43MiB / 192MiB",5.43
2026-09-22T03:09:51.367Z,lorawan-gateway-evidence-ingest-1,0.00,"12.14MiB / 192MiB",6.33
2026-09-22T03:09:51.367Z,lorawan-gateway-evidence-collector-1,0.30,"12.53MiB / 192MiB",6.52
2026-09-22T03:09:51.367Z,seaweedfs,9.78,"180.4MiB / 256MiB",70.48
2026-09-22T03:09:51.367Z,seaweedfs-metadata-etcd,16.50,"77.36MiB / 96MiB",80.59
2026-09-22T03:09:51.367Z,openbao,1.31,"34.78MiB / 512MiB",6.79
2026-09-22T03:09:51.367Z,chirpstack,0.35,"42.5MiB / 1.922GiB",2.16
2026-09-22T03:09:51.367Z,spilo,5.00,"319.2MiB / 1.922GiB",16.22
2026-09-22T03:09:51.367Z,etcd,1.17,"46.72MiB / 1.922GiB",2.37
2026-09-22T03:09:58.754Z,lorawan-gateway-evidence-fabric-adapter-1,0.14,"10.43MiB / 192MiB",5.43
2026-09-22T03:09:58.754Z,lorawan-gateway-evidence-ingest-1,0.00,"12.14MiB / 192MiB",6.33
2026-09-22T03:09:58.754Z,lorawan-gateway-evidence-collector-1,0.44,"12.53MiB / 192MiB",6.52
2026-09-22T03:09:58.754Z,seaweedfs,9.96,"180.1MiB / 256MiB",70.37
2026-09-22T03:09:58.754Z,seaweedfs-metadata-etcd,16.28,"77.36MiB / 96MiB",80.58
2026-09-22T03:09:58.754Z,openbao,1.77,"34.78MiB / 512MiB",6.79
2026-09-22T03:09:58.754Z,chirpstack,0.39,"42.5MiB / 1.922GiB",2.16
2026-09-22T03:09:58.754Z,spilo,3.79,"319.2MiB / 1.922GiB",16.22
2026-09-22T03:09:58.754Z,etcd,1.25,"46.72MiB / 1.922GiB",2.37
2026-09-22T03:10:06.112Z,lorawan-gateway-evidence-fabric-adapter-1,0.16,"10.43MiB / 192MiB",5.43
2026-09-22T03:10:06.112Z,lorawan-gateway-evidence-ingest-1,0.00,"12.14MiB / 192MiB",6.33
2026-09-22T03:10:06.112Z,lorawan-gateway-evidence-collector-1,0.94,"12.53MiB / 192MiB",6.52
2026-09-22T03:10:06.112Z,seaweedfs,13.18,"180.4MiB / 256MiB",70.46
2026-09-22T03:10:06.112Z,seaweedfs-metadata-etcd,24.72,"77.36MiB / 96MiB",80.58
2026-09-22T03:10:06.112Z,openbao,3.89,"34.78MiB / 512MiB",6.79
2026-09-22T03:10:06.112Z,chirpstack,0.62,"42.5MiB / 1.922GiB",2.16
2026-09-22T03:10:06.112Z,spilo,8.23,"319.2MiB / 1.922GiB",16.22
2026-09-22T03:10:06.112Z,etcd,4.21,"46.72MiB / 1.922GiB",2.37
2026-09-22T03:10:13.699Z,lorawan-gateway-evidence-fabric-adapter-1,0.00,"10.43MiB / 192MiB",5.43
2026-09-22T03:10:13.699Z,lorawan-gateway-evidence-ingest-1,0.02,"12.14MiB / 192MiB",6.32
2026-09-22T03:10:13.699Z,lorawan-gateway-evidence-collector-1,0.57,"12.53MiB / 192MiB",6.52
2026-09-22T03:10:13.699Z,seaweedfs,13.22,"186.5MiB / 256MiB",72.83
2026-09-22T03:10:13.699Z,seaweedfs-metadata-etcd,15.73,"77.36MiB / 96MiB",80.59
2026-09-22T03:10:13.699Z,openbao,1.83,"34.78MiB / 512MiB",6.79
2026-09-22T03:10:13.699Z,chirpstack,0.46,"42.5MiB / 1.922GiB",2.16
2026-09-22T03:10:13.699Z,spilo,6.60,"319.2MiB / 1.922GiB",16.22
2026-09-22T03:10:13.699Z,etcd,0.90,"46.72MiB / 1.922GiB",2.37
2026-09-22T03:10:21.068Z,lorawan-gateway-evidence-fabric-adapter-1,0.00,"10.43MiB / 192MiB",5.43
2026-09-22T03:10:21.068Z,lorawan-gateway-evidence-ingest-1,0.00,"12.14MiB / 192MiB",6.32
2026-09-22T03:10:21.068Z,lorawan-gateway-evidence-collector-1,0.31,"12.53MiB / 192MiB",6.52
2026-09-22T03:10:21.068Z,seaweedfs,8.20,"177.7MiB / 256MiB",69.41
2026-09-22T03:10:21.068Z,seaweedfs-metadata-etcd,15.70,"77.36MiB / 96MiB",80.58
2026-09-22T03:10:21.068Z,openbao,1.41,"34.78MiB / 512MiB",6.79
2026-09-22T03:10:21.068Z,chirpstack,0.38,"42.5MiB / 1.922GiB",2.16
2026-09-22T03:10:21.068Z,spilo,5.28,"319.2MiB / 1.922GiB",16.22
2026-09-22T03:10:21.068Z,etcd,0.93,"46.72MiB / 1.922GiB",2.37
2026-09-22T03:10:28.435Z,lorawan-gateway-evidence-fabric-adapter-1,0.13,"10.43MiB / 192MiB",5.43
2026-09-22T03:10:28.435Z,lorawan-gateway-evidence-ingest-1,0.00,"12.98MiB / 192MiB",6.76
2026-09-22T03:10:28.435Z,lorawan-gateway-evidence-collector-1,0.38,"12.53MiB / 192MiB",6.52
2026-09-22T03:10:28.435Z,seaweedfs,10.36,"178MiB / 256MiB",69.53
2026-09-22T03:10:28.435Z,seaweedfs-metadata-etcd,19.17,"77.36MiB / 96MiB",80.58
2026-09-22T03:10:28.435Z,openbao,2.71,"34.78MiB / 512MiB",6.79
2026-09-22T03:10:28.435Z,chirpstack,0.39,"42.5MiB / 1.922GiB",2.16
2026-09-22T03:10:28.435Z,spilo,6.26,"319.3MiB / 1.922GiB",16.22
2026-09-22T03:10:28.435Z,etcd,0.82,"46.72MiB / 1.922GiB",2.37
2026-09-22T03:10:35.827Z,lorawan-gateway-evidence-fabric-adapter-1,0.00,"10.43MiB / 192MiB",5.43
2026-09-22T03:10:35.827Z,lorawan-gateway-evidence-ingest-1,0.00,"12.98MiB / 192MiB",6.76
2026-09-22T03:10:35.827Z,lorawan-gateway-evidence-collector-1,0.36,"12.53MiB / 192MiB",6.52
2026-09-22T03:10:35.827Z,seaweedfs,8.77,"177.6MiB / 256MiB",69.39
2026-09-22T03:10:35.827Z,seaweedfs-metadata-etcd,14.23,"77.36MiB / 96MiB",80.58
2026-09-22T03:10:35.827Z,openbao,1.32,"34.78MiB / 512MiB",6.79
2026-09-22T03:10:35.827Z,chirpstack,0.38,"42.5MiB / 1.922GiB",2.16
2026-09-22T03:10:35.827Z,spilo,5.11,"319.2MiB / 1.922GiB",16.22
2026-09-22T03:10:35.827Z,etcd,1.95,"46.72MiB / 1.922GiB",2.37
2026-09-22T03:10:43.215Z,lorawan-gateway-evidence-fabric-adapter-1,0.00,"9.48MiB / 192MiB",4.94
2026-09-22T03:10:43.215Z,lorawan-gateway-evidence-ingest-1,0.20,"12.98MiB / 192MiB",6.76
2026-09-22T03:10:43.215Z,lorawan-gateway-evidence-collector-1,0.68,"12.53MiB / 192MiB",6.52
2026-09-22T03:10:43.215Z,seaweedfs,7.32,"177.8MiB / 256MiB",69.47
2026-09-22T03:10:43.215Z,seaweedfs-metadata-etcd,11.51,"77.36MiB / 96MiB",80.58
2026-09-22T03:10:43.215Z,openbao,1.27,"34.78MiB / 512MiB",6.79
2026-09-22T03:10:43.215Z,chirpstack,0.57,"42.5MiB / 1.922GiB",2.16
2026-09-22T03:10:43.215Z,spilo,3.47,"319.2MiB / 1.922GiB",16.22
2026-09-22T03:10:43.215Z,etcd,1.21,"46.72MiB / 1.922GiB",2.37
2026-09-22T03:10:50.546Z,lorawan-gateway-evidence-fabric-adapter-1,0.10,"9.57MiB / 192MiB",4.98
2026-09-22T03:10:50.546Z,lorawan-gateway-evidence-ingest-1,0.00,"12.98MiB / 192MiB",6.76
2026-09-22T03:10:50.546Z,lorawan-gateway-evidence-collector-1,0.34,"12.53MiB / 192MiB",6.52
2026-09-22T03:10:50.546Z,seaweedfs,8.69,"177.6MiB / 256MiB",69.36
2026-09-22T03:10:50.546Z,seaweedfs-metadata-etcd,12.27,"77.36MiB / 96MiB",80.58
2026-09-22T03:10:50.546Z,openbao,1.69,"34.78MiB / 512MiB",6.79
2026-09-22T03:10:50.546Z,chirpstack,0.30,"42.5MiB / 1.922GiB",2.16
2026-09-22T03:10:50.546Z,spilo,3.05,"319.2MiB / 1.922GiB",16.22
2026-09-22T03:10:50.546Z,etcd,1.45,"46.72MiB / 1.922GiB",2.37
2026-09-22T03:10:57.913Z,lorawan-gateway-evidence-fabric-adapter-1,0.00,"10.08MiB / 192MiB",5.25
2026-09-22T03:10:57.913Z,lorawan-gateway-evidence-ingest-1,0.00,"12.98MiB / 192MiB",6.76
2026-09-22T03:10:57.913Z,lorawan-gateway-evidence-collector-1,0.34,"12.53MiB / 192MiB",6.52
2026-09-22T03:10:57.913Z,seaweedfs,11.61,"180.3MiB / 256MiB",70.42
2026-09-22T03:10:57.913Z,seaweedfs-metadata-etcd,15.48,"77.36MiB / 96MiB",80.58
2026-09-22T03:10:57.913Z,openbao,1.80,"34.78MiB / 512MiB",6.79
2026-09-22T03:10:57.913Z,chirpstack,1.55,"42.5MiB / 1.922GiB",2.16
2026-09-22T03:10:57.913Z,spilo,3.03,"319.3MiB / 1.922GiB",16.22
2026-09-22T03:10:57.913Z,etcd,1.06,"46.72MiB / 1.922GiB",2.37
2026-09-22T03:11:05.308Z,lorawan-gateway-evidence-fabric-adapter-1,0.00,"10.27MiB / 192MiB",5.35
2026-09-22T03:11:05.308Z,lorawan-gateway-evidence-ingest-1,0.00,"12.98MiB / 192MiB",6.76
2026-09-22T03:11:05.308Z,lorawan-gateway-evidence-collector-1,0.44,"12.53MiB / 192MiB",6.52
2026-09-22T03:11:05.308Z,seaweedfs,15.18,"186.2MiB / 256MiB",72.72
2026-09-22T03:11:05.308Z,seaweedfs-metadata-etcd,19.99,"77.36MiB / 96MiB",80.59
2026-09-22T03:11:05.308Z,openbao,1.82,"34.78MiB / 512MiB",6.79
2026-09-22T03:11:05.308Z,chirpstack,0.63,"42.5MiB / 1.922GiB",2.16
2026-09-22T03:11:05.308Z,spilo,3.62,"319.3MiB / 1.922GiB",16.22
2026-09-22T03:11:05.308Z,etcd,2.49,"46.72MiB / 1.922GiB",2.37
2026-09-22T03:11:12.711Z,lorawan-gateway-evidence-fabric-adapter-1,1.22,"10.31MiB / 192MiB",5.37
2026-09-22T03:11:12.711Z,lorawan-gateway-evidence-ingest-1,0.02,"12.98MiB / 192MiB",6.76
2026-09-22T03:11:12.711Z,lorawan-gateway-evidence-collector-1,0.35,"12.53MiB / 192MiB",6.52
2026-09-22T03:11:12.711Z,seaweedfs,13.07,"180.3MiB / 256MiB",70.43
2026-09-22T03:11:12.711Z,seaweedfs-metadata-etcd,20.50,"77.36MiB / 96MiB",80.59
2026-09-22T03:11:12.711Z,openbao,1.48,"34.78MiB / 512MiB",6.79
2026-09-22T03:11:12.711Z,chirpstack,0.37,"42.5MiB / 1.922GiB",2.16
2026-09-22T03:11:12.711Z,spilo,7.90,"319.3MiB / 1.922GiB",16.22
2026-09-22T03:11:12.711Z,etcd,1.09,"46.72MiB / 1.922GiB",2.37
2026-09-22T03:11:20.148Z,lorawan-gateway-evidence-fabric-adapter-1,0.12,"10.31MiB / 192MiB",5.37
2026-09-22T03:11:20.148Z,lorawan-gateway-evidence-ingest-1,0.00,"12.98MiB / 192MiB",6.76
2026-09-22T03:11:20.148Z,lorawan-gateway-evidence-collector-1,0.34,"12.53MiB / 192MiB",6.52
2026-09-22T03:11:20.148Z,seaweedfs,8.80,"186.2MiB / 256MiB",72.73
2026-09-22T03:11:20.148Z,seaweedfs-metadata-etcd,14.16,"77.36MiB / 96MiB",80.59
2026-09-22T03:11:20.148Z,openbao,1.41,"34.78MiB / 512MiB",6.79
2026-09-22T03:11:20.148Z,chirpstack,0.28,"42.5MiB / 1.922GiB",2.16
2026-09-22T03:11:20.148Z,spilo,2.45,"319.3MiB / 1.922GiB",16.22
2026-09-22T03:11:20.148Z,etcd,1.03,"46.72MiB / 1.922GiB",2.37
2026-09-22T03:11:27.504Z,lorawan-gateway-evidence-fabric-adapter-1,0.00,"10.31MiB / 192MiB",5.37
2026-09-22T03:11:27.504Z,lorawan-gateway-evidence-ingest-1,0.00,"12.98MiB / 192MiB",6.76
2026-09-22T03:11:27.504Z,lorawan-gateway-evidence-collector-1,0.35,"12.53MiB / 192MiB",6.52
2026-09-22T03:11:27.504Z,seaweedfs,10.10,"180.5MiB / 256MiB",70.52
2026-09-22T03:11:27.504Z,seaweedfs-metadata-etcd,16.49,"77.36MiB / 96MiB",80.59
2026-09-22T03:11:27.504Z,openbao,1.69,"34.78MiB / 512MiB",6.79
2026-09-22T03:11:27.504Z,chirpstack,0.38,"42.5MiB / 1.922GiB",2.16
2026-09-22T03:11:27.504Z,spilo,3.48,"319.3MiB / 1.922GiB",16.22
2026-09-22T03:11:27.504Z,etcd,1.04,"46.72MiB / 1.922GiB",2.37
2026-09-22T03:11:34.909Z,lorawan-gateway-evidence-fabric-adapter-1,0.37,"10.34MiB / 192MiB",5.39
2026-09-22T03:11:34.909Z,lorawan-gateway-evidence-ingest-1,0.00,"12.98MiB / 192MiB",6.76
2026-09-22T03:11:34.909Z,lorawan-gateway-evidence-collector-1,0.36,"12.53MiB / 192MiB",6.52
2026-09-22T03:11:34.909Z,seaweedfs,8.75,"180.3MiB / 256MiB",70.42
2026-09-22T03:11:34.909Z,seaweedfs-metadata-etcd,19.49,"77.36MiB / 96MiB",80.59
2026-09-22T03:11:34.909Z,openbao,1.56,"34.78MiB / 512MiB",6.79
2026-09-22T03:11:34.909Z,chirpstack,0.38,"42.5MiB / 1.922GiB",2.16
2026-09-22T03:11:34.909Z,spilo,5.38,"319.3MiB / 1.922GiB",16.22
2026-09-22T03:11:34.909Z,etcd,1.26,"46.72MiB / 1.922GiB",2.37
2026-09-22T03:11:42.315Z,lorawan-gateway-evidence-fabric-adapter-1,0.33,"10.35MiB / 192MiB",5.39
2026-09-22T03:11:42.315Z,lorawan-gateway-evidence-ingest-1,0.09,"12.98MiB / 192MiB",6.76
2026-09-22T03:11:42.315Z,lorawan-gateway-evidence-collector-1,0.36,"12.53MiB / 192MiB",6.52
2026-09-22T03:11:42.315Z,seaweedfs,9.36,"180.5MiB / 256MiB",70.50
2026-09-22T03:11:42.315Z,seaweedfs-metadata-etcd,15.77,"77.36MiB / 96MiB",80.58
2026-09-22T03:11:42.315Z,openbao,1.24,"34.78MiB / 512MiB",6.79
2026-09-22T03:11:42.315Z,chirpstack,0.24,"42.5MiB / 1.922GiB",2.16
2026-09-22T03:11:42.315Z,spilo,2.58,"319.3MiB / 1.922GiB",16.22
2026-09-22T03:11:42.315Z,etcd,0.98,"46.72MiB / 1.922GiB",2.37
2026-09-22T03:11:49.643Z,lorawan-gateway-evidence-fabric-adapter-1,0.00,"10.35MiB / 192MiB",5.39
2026-09-22T03:11:49.643Z,lorawan-gateway-evidence-ingest-1,0.00,"12.98MiB / 192MiB",6.76
2026-09-22T03:11:49.643Z,lorawan-gateway-evidence-collector-1,0.28,"12.53MiB / 192MiB",6.52
2026-09-22T03:11:49.643Z,seaweedfs,8.93,"180.2MiB / 256MiB",70.38
2026-09-22T03:11:49.643Z,seaweedfs-metadata-etcd,10.40,"77.36MiB / 96MiB",80.59
2026-09-22T03:11:49.643Z,openbao,1.13,"34.78MiB / 512MiB",6.79
2026-09-22T03:11:49.643Z,chirpstack,0.30,"42.5MiB / 1.922GiB",2.16
2026-09-22T03:11:49.643Z,spilo,2.24,"319.3MiB / 1.922GiB",16.22
2026-09-22T03:11:49.643Z,etcd,0.85,"46.72MiB / 1.922GiB",2.37
2026-09-22T03:11:56.884Z,lorawan-gateway-evidence-fabric-adapter-1,0.75,"10.36MiB / 192MiB",5.39
2026-09-22T03:11:56.884Z,lorawan-gateway-evidence-ingest-1,0.00,"12.98MiB / 192MiB",6.76
2026-09-22T03:11:56.884Z,lorawan-gateway-evidence-collector-1,0.34,"12.53MiB / 192MiB",6.52
2026-09-22T03:11:56.884Z,seaweedfs,10.06,"180.2MiB / 256MiB",70.38
2026-09-22T03:11:56.884Z,seaweedfs-metadata-etcd,18.55,"77.36MiB / 96MiB",80.58
2026-09-22T03:11:56.884Z,openbao,1.52,"34.78MiB / 512MiB",6.79
2026-09-22T03:11:56.884Z,chirpstack,0.40,"42.5MiB / 1.922GiB",2.16
2026-09-22T03:11:56.884Z,spilo,3.97,"319.3MiB / 1.922GiB",16.22
2026-09-22T03:11:56.884Z,etcd,0.68,"46.72MiB / 1.922GiB",2.37
2026-09-22T03:12:04.227Z,lorawan-gateway-evidence-fabric-adapter-1,1.44,"10.38MiB / 192MiB",5.40
2026-09-22T03:12:04.227Z,lorawan-gateway-evidence-ingest-1,0.00,"12.98MiB / 192MiB",6.76
2026-09-22T03:12:04.227Z,lorawan-gateway-evidence-collector-1,0.34,"12.53MiB / 192MiB",6.52
2026-09-22T03:12:04.227Z,seaweedfs,10.95,"180.6MiB / 256MiB",70.54
2026-09-22T03:12:04.227Z,seaweedfs-metadata-etcd,16.63,"77.37MiB / 96MiB",80.59
2026-09-22T03:12:04.227Z,openbao,1.32,"34.78MiB / 512MiB",6.79
2026-09-22T03:12:04.227Z,chirpstack,0.32,"42.5MiB / 1.922GiB",2.16
2026-09-22T03:12:04.227Z,spilo,10.49,"319.3MiB / 1.922GiB",16.23
2026-09-22T03:12:04.227Z,etcd,1.49,"46.72MiB / 1.922GiB",2.37
2026-09-22T03:12:11.683Z,lorawan-gateway-evidence-fabric-adapter-1,0.00,"10.38MiB / 192MiB",5.40
2026-09-22T03:12:11.683Z,lorawan-gateway-evidence-ingest-1,0.00,"12.98MiB / 192MiB",6.76
2026-09-22T03:12:11.683Z,lorawan-gateway-evidence-collector-1,0.36,"12.53MiB / 192MiB",6.52
2026-09-22T03:12:11.683Z,seaweedfs,1.60,"183.9MiB / 256MiB",71.85
2026-09-22T03:12:11.683Z,seaweedfs-metadata-etcd,3.77,"77.36MiB / 96MiB",80.58
2026-09-22T03:12:11.683Z,openbao,1.24,"34.78MiB / 512MiB",6.79
2026-09-22T03:12:11.683Z,chirpstack,0.40,"42.5MiB / 1.922GiB",2.16
2026-09-22T03:12:11.683Z,spilo,7.37,"319.3MiB / 1.922GiB",16.22
2026-09-22T03:12:11.683Z,etcd,0.86,"46.72MiB / 1.922GiB",2.37
2026-09-22T03:12:19.042Z,lorawan-gateway-evidence-fabric-adapter-1,0.10,"10.38MiB / 192MiB",5.40
2026-09-22T03:12:19.042Z,lorawan-gateway-evidence-ingest-1,0.00,"12.98MiB / 192MiB",6.76
2026-09-22T03:12:19.042Z,lorawan-gateway-evidence-collector-1,0.30,"12.53MiB / 192MiB",6.52
2026-09-22T03:12:19.042Z,seaweedfs,9.88,"184.4MiB / 256MiB",72.03
2026-09-22T03:12:19.042Z,seaweedfs-metadata-etcd,13.97,"77.36MiB / 96MiB",80.59
2026-09-22T03:12:19.042Z,openbao,1.07,"34.78MiB / 512MiB",6.79
2026-09-22T03:12:19.042Z,chirpstack,0.30,"42.5MiB / 1.922GiB",2.16
2026-09-22T03:12:19.042Z,spilo,2.24,"319.3MiB / 1.922GiB",16.23
2026-09-22T03:12:19.042Z,etcd,1.32,"46.72MiB / 1.922GiB",2.37
2026-09-22T03:12:26.260Z,lorawan-gateway-evidence-fabric-adapter-1,0.09,"10.38MiB / 192MiB",5.40
2026-09-22T03:12:26.260Z,lorawan-gateway-evidence-ingest-1,0.00,"12.98MiB / 192MiB",6.76
2026-09-22T03:12:26.260Z,lorawan-gateway-evidence-collector-1,0.33,"12.53MiB / 192MiB",6.52
2026-09-22T03:12:26.260Z,seaweedfs,0.82,"184.4MiB / 256MiB",72.02
2026-09-22T03:12:26.260Z,seaweedfs-metadata-etcd,1.13,"77.36MiB / 96MiB",80.58
2026-09-22T03:12:26.260Z,openbao,1.31,"34.78MiB / 512MiB",6.79
2026-09-22T03:12:26.260Z,chirpstack,0.32,"42.5MiB / 1.922GiB",2.16
2026-09-22T03:12:26.260Z,spilo,4.46,"319.6MiB / 1.922GiB",16.24
2026-09-22T03:12:26.260Z,etcd,1.41,"46.72MiB / 1.922GiB",2.37
2026-09-22T03:12:33.504Z,lorawan-gateway-evidence-fabric-adapter-1,0.00,"10.38MiB / 192MiB",5.40
2026-09-22T03:12:33.504Z,lorawan-gateway-evidence-ingest-1,0.00,"12.98MiB / 192MiB",6.76
2026-09-22T03:12:33.504Z,lorawan-gateway-evidence-collector-1,0.35,"12.53MiB / 192MiB",6.52
2026-09-22T03:12:33.504Z,seaweedfs,7.08,"184.4MiB / 256MiB",72.03
2026-09-22T03:12:33.504Z,seaweedfs-metadata-etcd,10.04,"77.36MiB / 96MiB",80.58
2026-09-22T03:12:33.504Z,openbao,1.22,"34.78MiB / 512MiB",6.79
2026-09-22T03:12:33.504Z,chirpstack,0.34,"42.5MiB / 1.922GiB",2.16
2026-09-22T03:12:33.504Z,spilo,2.55,"319.6MiB / 1.922GiB",16.24
2026-09-22T03:12:33.504Z,etcd,0.68,"46.72MiB / 1.922GiB",2.37
2026-09-22T03:12:40.777Z,lorawan-gateway-evidence-fabric-adapter-1,0.09,"10.38MiB / 192MiB",5.40
2026-09-22T03:12:40.777Z,lorawan-gateway-evidence-ingest-1,0.00,"12.98MiB / 192MiB",6.76
2026-09-22T03:12:40.777Z,lorawan-gateway-evidence-collector-1,0.34,"12.53MiB / 192MiB",6.52
2026-09-22T03:12:40.777Z,seaweedfs,5.76,"180.1MiB / 256MiB",70.35
2026-09-22T03:12:40.777Z,seaweedfs-metadata-etcd,10.70,"77.36MiB / 96MiB",80.58
2026-09-22T03:12:40.777Z,openbao,1.21,"34.78MiB / 512MiB",6.79
2026-09-22T03:12:40.777Z,chirpstack,0.33,"42.5MiB / 1.922GiB",2.16
2026-09-22T03:12:40.777Z,spilo,4.87,"319.6MiB / 1.922GiB",16.24
2026-09-22T03:12:40.777Z,etcd,0.82,"46.72MiB / 1.922GiB",2.37
2026-09-22T03:12:48.115Z,lorawan-gateway-evidence-fabric-adapter-1,0.10,"10.38MiB / 192MiB",5.40
2026-09-22T03:12:48.115Z,lorawan-gateway-evidence-ingest-1,0.00,"12.98MiB / 192MiB",6.76
2026-09-22T03:12:48.115Z,lorawan-gateway-evidence-collector-1,0.32,"12.53MiB / 192MiB",6.52
2026-09-22T03:12:48.115Z,seaweedfs,4.40,"180.6MiB / 256MiB",70.56
2026-09-22T03:12:48.115Z,seaweedfs-metadata-etcd,6.96,"77.38MiB / 96MiB",80.60
2026-09-22T03:12:48.115Z,openbao,1.19,"34.78MiB / 512MiB",6.79
2026-09-22T03:12:48.115Z,chirpstack,0.33,"42.5MiB / 1.922GiB",2.16
2026-09-22T03:12:48.115Z,spilo,5.67,"319.3MiB / 1.922GiB",16.23
2026-09-22T03:12:48.115Z,etcd,0.96,"46.72MiB / 1.922GiB",2.37
2026-09-22T03:12:55.384Z,lorawan-gateway-evidence-fabric-adapter-1,0.00,"10.38MiB / 192MiB",5.40
2026-09-22T03:12:55.384Z,lorawan-gateway-evidence-ingest-1,0.00,"12.98MiB / 192MiB",6.76
2026-09-22T03:12:55.384Z,lorawan-gateway-evidence-collector-1,0.34,"12.53MiB / 192MiB",6.52
2026-09-22T03:12:55.384Z,seaweedfs,2.17,"180.7MiB / 256MiB",70.57
2026-09-22T03:12:55.384Z,seaweedfs-metadata-etcd,5.21,"77.36MiB / 96MiB",80.58
2026-09-22T03:12:55.384Z,openbao,1.39,"34.78MiB / 512MiB",6.79
2026-09-22T03:12:55.384Z,chirpstack,0.36,"42.5MiB / 1.922GiB",2.16
2026-09-22T03:12:55.384Z,spilo,5.45,"319.3MiB / 1.922GiB",16.23
2026-09-22T03:12:55.384Z,etcd,0.92,"46.72MiB / 1.922GiB",2.37
2026-09-22T03:13:02.688Z,lorawan-gateway-evidence-fabric-adapter-1,0.13,"10.38MiB / 192MiB",5.40
2026-09-22T03:13:02.688Z,lorawan-gateway-evidence-ingest-1,0.00,"12.98MiB / 192MiB",6.76
2026-09-22T03:13:02.688Z,lorawan-gateway-evidence-collector-1,0.53,"12.53MiB / 192MiB",6.52
2026-09-22T03:13:02.688Z,seaweedfs,8.79,"180.7MiB / 256MiB",70.57
2026-09-22T03:13:02.688Z,seaweedfs-metadata-etcd,20.74,"77.36MiB / 96MiB",80.58
2026-09-22T03:13:02.688Z,openbao,2.20,"34.78MiB / 512MiB",6.79
2026-09-22T03:13:02.688Z,chirpstack,1.22,"42.5MiB / 1.922GiB",2.16
2026-09-22T03:13:02.688Z,spilo,7.25,"319.3MiB / 1.922GiB",16.23
2026-09-22T03:13:02.688Z,etcd,2.49,"46.72MiB / 1.922GiB",2.37
2026-09-22T03:13:10.259Z,lorawan-gateway-evidence-fabric-adapter-1,0.11,"10.37MiB / 192MiB",5.40
2026-09-22T03:13:10.259Z,lorawan-gateway-evidence-ingest-1,0.00,"12.98MiB / 192MiB",6.76
2026-09-22T03:13:10.259Z,lorawan-gateway-evidence-collector-1,0.37,"12.53MiB / 192MiB",6.52
2026-09-22T03:13:10.259Z,seaweedfs,7.15,"180.3MiB / 256MiB",70.44
2026-09-22T03:13:10.259Z,seaweedfs-metadata-etcd,11.08,"77.36MiB / 96MiB",80.59
2026-09-22T03:13:10.259Z,openbao,1.41,"34.78MiB / 512MiB",6.79
2026-09-22T03:13:10.259Z,chirpstack,0.32,"42.5MiB / 1.922GiB",2.16
2026-09-22T03:13:10.259Z,spilo,3.55,"319.3MiB / 1.922GiB",16.23
2026-09-22T03:13:10.259Z,etcd,0.80,"46.72MiB / 1.922GiB",2.37
2026-09-22T03:13:17.604Z,lorawan-gateway-evidence-fabric-adapter-1,0.00,"10.37MiB / 192MiB",5.40
2026-09-22T03:13:17.604Z,lorawan-gateway-evidence-ingest-1,0.00,"12.25MiB / 192MiB",6.38
2026-09-22T03:13:17.604Z,lorawan-gateway-evidence-collector-1,0.33,"12.53MiB / 192MiB",6.52
2026-09-22T03:13:17.604Z,seaweedfs,8.87,"176.2MiB / 256MiB",68.84
2026-09-22T03:13:17.604Z,seaweedfs-metadata-etcd,15.90,"77.37MiB / 96MiB",80.59
2026-09-22T03:13:17.604Z,openbao,1.30,"34.78MiB / 512MiB",6.79
2026-09-22T03:13:17.604Z,chirpstack,0.43,"42.5MiB / 1.922GiB",2.16
2026-09-22T03:13:17.604Z,spilo,2.69,"319.3MiB / 1.922GiB",16.23
2026-09-22T03:13:17.604Z,etcd,0.98,"46.72MiB / 1.922GiB",2.37
2026-09-22T03:13:24.985Z,lorawan-gateway-evidence-fabric-adapter-1,0.08,"10.37MiB / 192MiB",5.40
2026-09-22T03:13:24.985Z,lorawan-gateway-evidence-ingest-1,0.00,"12.25MiB / 192MiB",6.38
2026-09-22T03:13:24.985Z,lorawan-gateway-evidence-collector-1,0.36,"12.53MiB / 192MiB",6.52
2026-09-22T03:13:24.985Z,seaweedfs,0.66,"176.2MiB / 256MiB",68.84
2026-09-22T03:13:24.985Z,seaweedfs-metadata-etcd,1.39,"77.36MiB / 96MiB",80.58
2026-09-22T03:13:24.985Z,openbao,1.20,"34.78MiB / 512MiB",6.79
2026-09-22T03:13:24.985Z,chirpstack,0.33,"42.5MiB / 1.922GiB",2.16
2026-09-22T03:13:24.985Z,spilo,3.54,"319.3MiB / 1.922GiB",16.23
2026-09-22T03:13:24.985Z,etcd,0.67,"46.72MiB / 1.922GiB",2.37
2026-09-22T03:13:32.276Z,lorawan-gateway-evidence-fabric-adapter-1,0.07,"10.37MiB / 192MiB",5.40
2026-09-22T03:13:32.276Z,lorawan-gateway-evidence-ingest-1,0.00,"12.25MiB / 192MiB",6.38
2026-09-22T03:13:32.276Z,lorawan-gateway-evidence-collector-1,0.33,"12.53MiB / 192MiB",6.52
2026-09-22T03:13:32.276Z,seaweedfs,5.22,"181.2MiB / 256MiB",70.80
2026-09-22T03:13:32.276Z,seaweedfs-metadata-etcd,7.52,"77.36MiB / 96MiB",80.58
2026-09-22T03:13:32.276Z,openbao,1.36,"34.78MiB / 512MiB",6.79
2026-09-22T03:13:32.276Z,chirpstack,0.32,"42.5MiB / 1.922GiB",2.16
2026-09-22T03:13:32.276Z,spilo,5.69,"319.3MiB / 1.922GiB",16.23
2026-09-22T03:13:32.276Z,etcd,0.95,"46.72MiB / 1.922GiB",2.37
2026-09-22T03:13:39.494Z,lorawan-gateway-evidence-fabric-adapter-1,0.00,"10.37MiB / 192MiB",5.40
2026-09-22T03:13:39.494Z,lorawan-gateway-evidence-ingest-1,0.00,"12.25MiB / 192MiB",6.38
2026-09-22T03:13:39.494Z,lorawan-gateway-evidence-collector-1,0.31,"12.53MiB / 192MiB",6.52
2026-09-22T03:13:39.494Z,seaweedfs,6.74,"179.7MiB / 256MiB",70.19
2026-09-22T03:13:39.494Z,seaweedfs-metadata-etcd,11.28,"77.36MiB / 96MiB",80.59
2026-09-22T03:13:39.494Z,openbao,1.68,"34.78MiB / 512MiB",6.79
2026-09-22T03:13:39.494Z,chirpstack,0.39,"42.5MiB / 1.922GiB",2.16
2026-09-22T03:13:39.494Z,spilo,3.94,"319.3MiB / 1.922GiB",16.23
2026-09-22T03:13:39.494Z,etcd,1.15,"46.72MiB / 1.922GiB",2.37
2026-09-22T03:13:46.810Z,lorawan-gateway-evidence-fabric-adapter-1,0.15,"10.37MiB / 192MiB",5.40
2026-09-22T03:13:46.810Z,lorawan-gateway-evidence-ingest-1,0.00,"12.25MiB / 192MiB",6.38
2026-09-22T03:13:46.810Z,lorawan-gateway-evidence-collector-1,0.34,"12.53MiB / 192MiB",6.52
2026-09-22T03:13:46.810Z,seaweedfs,14.44,"178.2MiB / 256MiB",69.62
2026-09-22T03:13:46.810Z,seaweedfs-metadata-etcd,17.89,"77.37MiB / 96MiB",80.59
2026-09-22T03:13:46.810Z,openbao,1.74,"34.78MiB / 512MiB",6.79
2026-09-22T03:13:46.810Z,chirpstack,0.23,"42.5MiB / 1.922GiB",2.16
2026-09-22T03:13:46.810Z,spilo,3.97,"319.3MiB / 1.922GiB",16.23
2026-09-22T03:13:46.810Z,etcd,1.16,"46.72MiB / 1.922GiB",2.37
2026-09-22T03:13:54.148Z,lorawan-gateway-evidence-fabric-adapter-1,0.08,"10.37MiB / 192MiB",5.40
2026-09-22T03:13:54.148Z,lorawan-gateway-evidence-ingest-1,0.00,"12.25MiB / 192MiB",6.38
2026-09-22T03:13:54.148Z,lorawan-gateway-evidence-collector-1,0.33,"12.53MiB / 192MiB",6.52
2026-09-22T03:13:54.148Z,seaweedfs,9.74,"180.5MiB / 256MiB",70.50
2026-09-22T03:13:54.148Z,seaweedfs-metadata-etcd,16.79,"77.36MiB / 96MiB",80.58
2026-09-22T03:13:54.148Z,openbao,1.53,"34.78MiB / 512MiB",6.79
2026-09-22T03:13:54.148Z,chirpstack,0.35,"42.5MiB / 1.922GiB",2.16
2026-09-22T03:13:54.148Z,spilo,6.29,"319.3MiB / 1.922GiB",16.23
2026-09-22T03:13:54.148Z,etcd,1.02,"46.72MiB / 1.922GiB",2.37
2026-09-22T03:14:01.637Z,lorawan-gateway-evidence-fabric-adapter-1,0.00,"10.37MiB / 192MiB",5.40
2026-09-22T03:14:01.637Z,lorawan-gateway-evidence-ingest-1,0.00,"12.25MiB / 192MiB",6.38
2026-09-22T03:14:01.637Z,lorawan-gateway-evidence-collector-1,1.02,"12.53MiB / 192MiB",6.52
2026-09-22T03:14:01.637Z,seaweedfs,20.07,"180.4MiB / 256MiB",70.49
2026-09-22T03:14:01.637Z,seaweedfs-metadata-etcd,28.84,"77.36MiB / 96MiB",80.58
2026-09-22T03:14:01.637Z,openbao,3.63,"34.78MiB / 512MiB",6.79
2026-09-22T03:14:01.637Z,chirpstack,6.20,"42.5MiB / 1.922GiB",2.16
2026-09-22T03:14:01.637Z,spilo,15.31,"319.3MiB / 1.922GiB",16.23
2026-09-22T03:14:01.637Z,etcd,1.20,"46.72MiB / 1.922GiB",2.37
2026-09-22T03:14:09.215Z,lorawan-gateway-evidence-fabric-adapter-1,0.00,"9.602MiB / 192MiB",5.00
2026-09-22T03:14:09.215Z,lorawan-gateway-evidence-ingest-1,0.00,"12.25MiB / 192MiB",6.38
2026-09-22T03:14:09.215Z,lorawan-gateway-evidence-collector-1,0.39,"12.53MiB / 192MiB",6.52
2026-09-22T03:14:09.215Z,seaweedfs,8.75,"182.9MiB / 256MiB",71.45
2026-09-22T03:14:09.215Z,seaweedfs-metadata-etcd,14.97,"77.36MiB / 96MiB",80.59
2026-09-22T03:14:09.215Z,openbao,1.36,"34.78MiB / 512MiB",6.79
2026-09-22T03:14:09.215Z,chirpstack,0.45,"42.5MiB / 1.922GiB",2.16
2026-09-22T03:14:09.215Z,spilo,6.18,"319.3MiB / 1.922GiB",16.23
2026-09-22T03:14:09.215Z,etcd,1.32,"46.72MiB / 1.922GiB",2.37
2026-09-22T03:14:16.690Z,lorawan-gateway-evidence-fabric-adapter-1,0.13,"9.602MiB / 192MiB",5.00
2026-09-22T03:14:16.690Z,lorawan-gateway-evidence-ingest-1,0.00,"12.25MiB / 192MiB",6.38
2026-09-22T03:14:16.690Z,lorawan-gateway-evidence-collector-1,0.40,"12.53MiB / 192MiB",6.52
2026-09-22T03:14:16.690Z,seaweedfs,11.87,"182.9MiB / 256MiB",71.44
2026-09-22T03:14:16.690Z,seaweedfs-metadata-etcd,20.30,"77.36MiB / 96MiB",80.59
2026-09-22T03:14:16.690Z,openbao,1.83,"34.78MiB / 512MiB",6.79
2026-09-22T03:14:16.690Z,chirpstack,1.17,"42.5MiB / 1.922GiB",2.16
2026-09-22T03:14:16.690Z,spilo,4.86,"319.3MiB / 1.922GiB",16.23
2026-09-22T03:14:16.690Z,etcd,0.94,"46.72MiB / 1.922GiB",2.37
2026-09-22T03:14:24.229Z,lorawan-gateway-evidence-fabric-adapter-1,0.09,"9.602MiB / 192MiB",5.00
2026-09-22T03:14:24.229Z,lorawan-gateway-evidence-ingest-1,0.00,"12.25MiB / 192MiB",6.38
2026-09-22T03:14:24.229Z,lorawan-gateway-evidence-collector-1,0.31,"12.53MiB / 192MiB",6.52
2026-09-22T03:14:24.229Z,seaweedfs,9.80,"182.9MiB / 256MiB",71.44
2026-09-22T03:14:24.229Z,seaweedfs-metadata-etcd,15.75,"77.37MiB / 96MiB",80.59
2026-09-22T03:14:24.229Z,openbao,1.41,"34.78MiB / 512MiB",6.79
2026-09-22T03:14:24.229Z,chirpstack,0.46,"42.5MiB / 1.922GiB",2.16
2026-09-22T03:14:24.229Z,spilo,4.42,"319.3MiB / 1.922GiB",16.22
2026-09-22T03:14:24.229Z,etcd,0.99,"46.72MiB / 1.922GiB",2.37
2026-09-22T03:14:31.621Z,lorawan-gateway-evidence-fabric-adapter-1,0.00,"9.602MiB / 192MiB",5.00
2026-09-22T03:14:31.621Z,lorawan-gateway-evidence-ingest-1,0.00,"12.25MiB / 192MiB",6.38
2026-09-22T03:14:31.621Z,lorawan-gateway-evidence-collector-1,0.52,"12.53MiB / 192MiB",6.52
2026-09-22T03:14:31.621Z,seaweedfs,11.77,"180.2MiB / 256MiB",70.38
2026-09-22T03:14:31.621Z,seaweedfs-metadata-etcd,17.48,"77.37MiB / 96MiB",80.59
2026-09-22T03:14:31.621Z,openbao,1.44,"34.78MiB / 512MiB",6.79
2026-09-22T03:14:31.621Z,chirpstack,0.34,"42.5MiB / 1.922GiB",2.16
2026-09-22T03:14:31.621Z,spilo,6.06,"319.1MiB / 1.922GiB",16.21
2026-09-22T03:14:31.621Z,etcd,0.95,"46.81MiB / 1.922GiB",2.38
2026-09-22T03:14:39.039Z,lorawan-gateway-evidence-fabric-adapter-1,0.00,"9.602MiB / 192MiB",5.00
2026-09-22T03:14:39.039Z,lorawan-gateway-evidence-ingest-1,0.00,"12.25MiB / 192MiB",6.38
2026-09-22T03:14:39.039Z,lorawan-gateway-evidence-collector-1,0.30,"12.53MiB / 192MiB",6.52
2026-09-22T03:14:39.039Z,seaweedfs,7.80,"180.2MiB / 256MiB",70.38
2026-09-22T03:14:39.039Z,seaweedfs-metadata-etcd,14.71,"77.36MiB / 96MiB",80.59
2026-09-22T03:14:39.039Z,openbao,1.28,"34.78MiB / 512MiB",6.79
2026-09-22T03:14:39.039Z,chirpstack,0.26,"42.5MiB / 1.922GiB",2.16
2026-09-22T03:14:39.039Z,spilo,5.76,"319.3MiB / 1.922GiB",16.22
2026-09-22T03:14:39.039Z,etcd,1.27,"46.81MiB / 1.922GiB",2.38
2026-09-22T03:14:46.411Z,lorawan-gateway-evidence-fabric-adapter-1,0.08,"9.602MiB / 192MiB",5.00
2026-09-22T03:14:46.411Z,lorawan-gateway-evidence-ingest-1,0.00,"12.25MiB / 192MiB",6.38
2026-09-22T03:14:46.411Z,lorawan-gateway-evidence-collector-1,0.66,"12.53MiB / 192MiB",6.52
2026-09-22T03:14:46.411Z,seaweedfs,10.06,"187.2MiB / 256MiB",73.13
2026-09-22T03:14:46.411Z,seaweedfs-metadata-etcd,12.51,"77.36MiB / 96MiB",80.58
2026-09-22T03:14:46.411Z,openbao,1.17,"34.78MiB / 512MiB",6.79
2026-09-22T03:14:46.411Z,chirpstack,0.22,"42.5MiB / 1.922GiB",2.16
2026-09-22T03:14:46.411Z,spilo,5.28,"319.3MiB / 1.922GiB",16.22
2026-09-22T03:14:46.411Z,etcd,0.98,"46.81MiB / 1.922GiB",2.38
2026-09-22T03:14:53.741Z,lorawan-gateway-evidence-fabric-adapter-1,0.00,"9.602MiB / 192MiB",5.00
2026-09-22T03:14:53.741Z,lorawan-gateway-evidence-ingest-1,0.00,"12.25MiB / 192MiB",6.38
2026-09-22T03:14:53.741Z,lorawan-gateway-evidence-collector-1,0.35,"12.53MiB / 192MiB",6.52
2026-09-22T03:14:53.741Z,seaweedfs,8.46,"178.3MiB / 256MiB",69.65
2026-09-22T03:14:53.741Z,seaweedfs-metadata-etcd,12.85,"77.36MiB / 96MiB",80.59
2026-09-22T03:14:53.741Z,openbao,1.32,"34.78MiB / 512MiB",6.79
2026-09-22T03:14:53.741Z,chirpstack,0.37,"42.5MiB / 1.922GiB",2.16
2026-09-22T03:14:53.741Z,spilo,4.44,"319.3MiB / 1.922GiB",16.23
2026-09-22T03:14:53.741Z,etcd,0.82,"46.81MiB / 1.922GiB",2.38
2026-09-22T03:15:01.144Z,lorawan-gateway-evidence-fabric-adapter-1,0.00,"9.602MiB / 192MiB",5.00
2026-09-22T03:15:01.144Z,lorawan-gateway-evidence-ingest-1,0.00,"12.25MiB / 192MiB",6.38
2026-09-22T03:15:01.144Z,lorawan-gateway-evidence-collector-1,0.97,"12.53MiB / 192MiB",6.52
2026-09-22T03:15:01.144Z,seaweedfs,15.47,"180MiB / 256MiB",70.33
2026-09-22T03:15:01.144Z,seaweedfs-metadata-etcd,21.13,"77.36MiB / 96MiB",80.59
2026-09-22T03:15:01.144Z,openbao,2.71,"34.78MiB / 512MiB",6.79
2026-09-22T03:15:01.144Z,chirpstack,7.56,"42.57MiB / 1.922GiB",2.16
2026-09-22T03:15:01.144Z,spilo,10.64,"319.3MiB / 1.922GiB",16.23
2026-09-22T03:15:01.144Z,etcd,3.18,"46.81MiB / 1.922GiB",2.38
2026-09-22T03:15:08.828Z,lorawan-gateway-evidence-fabric-adapter-1,0.08,"9.602MiB / 192MiB",5.00
2026-09-22T03:15:08.828Z,lorawan-gateway-evidence-ingest-1,0.00,"12.25MiB / 192MiB",6.38
2026-09-22T03:15:08.828Z,lorawan-gateway-evidence-collector-1,0.32,"12.53MiB / 192MiB",6.52
2026-09-22T03:15:08.828Z,seaweedfs,8.55,"180.7MiB / 256MiB",70.60
2026-09-22T03:15:08.828Z,seaweedfs-metadata-etcd,13.86,"77.37MiB / 96MiB",80.59
2026-09-22T03:15:08.828Z,openbao,1.18,"34.78MiB / 512MiB",6.79
2026-09-22T03:15:08.828Z,chirpstack,0.23,"42.5MiB / 1.922GiB",2.16
2026-09-22T03:15:08.828Z,spilo,5.68,"319.3MiB / 1.922GiB",16.23
2026-09-22T03:15:08.828Z,etcd,1.04,"46.81MiB / 1.922GiB",2.38
2026-09-22T03:15:16.350Z,lorawan-gateway-evidence-fabric-adapter-1,0.10,"9.602MiB / 192MiB",5.00
2026-09-22T03:15:16.350Z,lorawan-gateway-evidence-ingest-1,0.00,"12.25MiB / 192MiB",6.38
2026-09-22T03:15:16.350Z,lorawan-gateway-evidence-collector-1,0.67,"12.53MiB / 192MiB",6.52
2026-09-22T03:15:16.350Z,seaweedfs,8.86,"184.2MiB / 256MiB",71.95
2026-09-22T03:15:16.350Z,seaweedfs-metadata-etcd,15.06,"77.37MiB / 96MiB",80.59
2026-09-22T03:15:16.350Z,openbao,1.24,"34.78MiB / 512MiB",6.79
2026-09-22T03:15:16.350Z,chirpstack,2.72,"42.5MiB / 1.922GiB",2.16
2026-09-22T03:15:16.350Z,spilo,9.31,"319.3MiB / 1.922GiB",16.22
2026-09-22T03:15:16.350Z,etcd,1.09,"46.81MiB / 1.922GiB",2.38
2026-09-22T03:15:23.725Z,lorawan-gateway-evidence-fabric-adapter-1,0.00,"9.602MiB / 192MiB",5.00
2026-09-22T03:15:23.725Z,lorawan-gateway-evidence-ingest-1,0.00,"12.25MiB / 192MiB",6.38
2026-09-22T03:15:23.725Z,lorawan-gateway-evidence-collector-1,0.36,"12.53MiB / 192MiB",6.52
2026-09-22T03:15:23.725Z,seaweedfs,7.88,"180.3MiB / 256MiB",70.43
2026-09-22T03:15:23.725Z,seaweedfs-metadata-etcd,15.43,"77.37MiB / 96MiB",80.59
2026-09-22T03:15:23.725Z,openbao,1.54,"34.78MiB / 512MiB",6.79
2026-09-22T03:15:23.725Z,chirpstack,0.42,"42.5MiB / 1.922GiB",2.16
2026-09-22T03:15:23.725Z,spilo,4.66,"319.3MiB / 1.922GiB",16.22
2026-09-22T03:15:23.725Z,etcd,0.89,"46.81MiB / 1.922GiB",2.38
2026-09-22T03:15:31.039Z,lorawan-gateway-evidence-fabric-adapter-1,0.00,"9.602MiB / 192MiB",5.00
2026-09-22T03:15:31.039Z,lorawan-gateway-evidence-ingest-1,0.00,"12.25MiB / 192MiB",6.38
2026-09-22T03:15:31.039Z,lorawan-gateway-evidence-collector-1,0.62,"12.53MiB / 192MiB",6.52
2026-09-22T03:15:31.039Z,seaweedfs,10.95,"180.3MiB / 256MiB",70.43
2026-09-22T03:15:31.039Z,seaweedfs-metadata-etcd,16.70,"77.36MiB / 96MiB",80.59
2026-09-22T03:15:31.039Z,openbao,2.00,"34.78MiB / 512MiB",6.79
2026-09-22T03:15:31.039Z,chirpstack,0.40,"42.5MiB / 1.922GiB",2.16
2026-09-22T03:15:31.039Z,spilo,7.88,"319.3MiB / 1.922GiB",16.23
2026-09-22T03:15:31.039Z,etcd,1.29,"46.81MiB / 1.922GiB",2.38
2026-09-22T03:15:38.443Z,lorawan-gateway-evidence-fabric-adapter-1,0.11,"9.602MiB / 192MiB",5.00
2026-09-22T03:15:38.443Z,lorawan-gateway-evidence-ingest-1,0.00,"12.8MiB / 192MiB",6.67
2026-09-22T03:15:38.443Z,lorawan-gateway-evidence-collector-1,0.29,"12.53MiB / 192MiB",6.52
2026-09-22T03:15:38.443Z,seaweedfs,8.12,"180.3MiB / 256MiB",70.42
2026-09-22T03:15:38.443Z,seaweedfs-metadata-etcd,13.49,"77.36MiB / 96MiB",80.59
2026-09-22T03:15:38.443Z,openbao,1.26,"34.78MiB / 512MiB",6.79
2026-09-22T03:15:38.443Z,chirpstack,0.35,"42.5MiB / 1.922GiB",2.16
2026-09-22T03:15:38.443Z,spilo,4.73,"319.4MiB / 1.922GiB",16.23
2026-09-22T03:15:38.443Z,etcd,0.85,"46.81MiB / 1.922GiB",2.38
2026-09-22T03:15:45.785Z,lorawan-gateway-evidence-fabric-adapter-1,0.00,"9.602MiB / 192MiB",5.00
2026-09-22T03:15:45.785Z,lorawan-gateway-evidence-ingest-1,0.00,"12.8MiB / 192MiB",6.67
2026-09-22T03:15:45.785Z,lorawan-gateway-evidence-collector-1,0.50,"12.53MiB / 192MiB",6.52
2026-09-22T03:15:45.785Z,seaweedfs,6.90,"180.6MiB / 256MiB",70.54
2026-09-22T03:15:45.785Z,seaweedfs-metadata-etcd,12.39,"77.37MiB / 96MiB",80.59
2026-09-22T03:15:45.785Z,openbao,1.64,"34.78MiB / 512MiB",6.79
2026-09-22T03:15:45.785Z,chirpstack,0.36,"42.5MiB / 1.922GiB",2.16
2026-09-22T03:15:45.785Z,spilo,5.19,"319.4MiB / 1.922GiB",16.23
2026-09-22T03:15:45.785Z,etcd,1.49,"46.81MiB / 1.922GiB",2.38
2026-09-22T03:15:53.079Z,lorawan-gateway-evidence-fabric-adapter-1,0.00,"9.605MiB / 192MiB",5.00
2026-09-22T03:15:53.079Z,lorawan-gateway-evidence-ingest-1,0.00,"12.8MiB / 192MiB",6.67
2026-09-22T03:15:53.079Z,lorawan-gateway-evidence-collector-1,0.32,"12.53MiB / 192MiB",6.52
2026-09-22T03:15:53.079Z,seaweedfs,8.02,"180.7MiB / 256MiB",70.58
2026-09-22T03:15:53.079Z,seaweedfs-metadata-etcd,11.16,"77.37MiB / 96MiB",80.59
2026-09-22T03:15:53.079Z,openbao,1.67,"34.78MiB / 512MiB",6.79
2026-09-22T03:15:53.079Z,chirpstack,0.22,"42.5MiB / 1.922GiB",2.16
2026-09-22T03:15:53.079Z,spilo,2.76,"319.4MiB / 1.922GiB",16.23
2026-09-22T03:15:53.079Z,etcd,0.81,"46.81MiB / 1.922GiB",2.38
2026-09-22T03:16:00.436Z,lorawan-gateway-evidence-fabric-adapter-1,0.11,"9.934MiB / 192MiB",5.17
2026-09-22T03:16:00.436Z,lorawan-gateway-evidence-ingest-1,0.00,"12.8MiB / 192MiB",6.67
2026-09-22T03:16:00.436Z,lorawan-gateway-evidence-collector-1,0.44,"12.53MiB / 192MiB",6.52
2026-09-22T03:16:00.436Z,seaweedfs,9.52,"180.6MiB / 256MiB",70.53
2026-09-22T03:16:00.436Z,seaweedfs-metadata-etcd,18.51,"77.36MiB / 96MiB",80.58
2026-09-22T03:16:00.436Z,openbao,1.73,"34.78MiB / 512MiB",6.79
2026-09-22T03:16:00.436Z,chirpstack,0.38,"42.5MiB / 1.922GiB",2.16
2026-09-22T03:16:00.436Z,spilo,3.25,"319.4MiB / 1.922GiB",16.23
2026-09-22T03:16:00.436Z,etcd,0.97,"46.81MiB / 1.922GiB",2.38
2026-09-22T03:16:08.081Z,lorawan-gateway-evidence-fabric-adapter-1,0.01,"10.27MiB / 192MiB",5.35
2026-09-22T03:16:08.081Z,lorawan-gateway-evidence-ingest-1,0.00,"12.8MiB / 192MiB",6.67
2026-09-22T03:16:08.081Z,lorawan-gateway-evidence-collector-1,0.31,"12.53MiB / 192MiB",6.52
2026-09-22T03:16:08.081Z,seaweedfs,8.14,"180.6MiB / 256MiB",70.53
2026-09-22T03:16:08.081Z,seaweedfs-metadata-etcd,15.07,"77.36MiB / 96MiB",80.59
2026-09-22T03:16:08.081Z,openbao,3.00,"34.78MiB / 512MiB",6.79
2026-09-22T03:16:08.081Z,chirpstack,0.37,"42.5MiB / 1.922GiB",2.16
2026-09-22T03:16:08.081Z,spilo,2.19,"319.4MiB / 1.922GiB",16.23
2026-09-22T03:16:08.081Z,etcd,1.35,"46.81MiB / 1.922GiB",2.38
2026-09-22T03:16:15.436Z,lorawan-gateway-evidence-fabric-adapter-1,0.00,"10.29MiB / 192MiB",5.36
2026-09-22T03:16:15.436Z,lorawan-gateway-evidence-ingest-1,0.00,"12.8MiB / 192MiB",6.67
2026-09-22T03:16:15.436Z,lorawan-gateway-evidence-collector-1,0.37,"12.53MiB / 192MiB",6.52
2026-09-22T03:16:15.436Z,seaweedfs,9.69,"182.7MiB / 256MiB",71.36
2026-09-22T03:16:15.436Z,seaweedfs-metadata-etcd,16.82,"77.37MiB / 96MiB",80.59
2026-09-22T03:16:15.436Z,openbao,1.45,"34.78MiB / 512MiB",6.79
2026-09-22T03:16:15.436Z,chirpstack,0.40,"42.5MiB / 1.922GiB",2.16
2026-09-22T03:16:15.436Z,spilo,3.16,"319.4MiB / 1.922GiB",16.23
2026-09-22T03:16:15.436Z,etcd,1.61,"46.81MiB / 1.922GiB",2.38
2026-09-22T03:16:22.911Z,lorawan-gateway-evidence-fabric-adapter-1,1.14,"10.29MiB / 192MiB",5.36
2026-09-22T03:16:22.911Z,lorawan-gateway-evidence-ingest-1,0.00,"12.8MiB / 192MiB",6.67
2026-09-22T03:16:22.911Z,lorawan-gateway-evidence-collector-1,0.32,"12.53MiB / 192MiB",6.52
2026-09-22T03:16:22.911Z,seaweedfs,14.14,"182.3MiB / 256MiB",71.23
2026-09-22T03:16:22.911Z,seaweedfs-metadata-etcd,17.07,"77.37MiB / 96MiB",80.59
2026-09-22T03:16:22.911Z,openbao,1.19,"34.78MiB / 512MiB",6.79
2026-09-22T03:16:22.911Z,chirpstack,0.26,"42.5MiB / 1.922GiB",2.16
2026-09-22T03:16:22.911Z,spilo,4.06,"319.4MiB / 1.922GiB",16.23
2026-09-22T03:16:22.911Z,etcd,1.29,"46.81MiB / 1.922GiB",2.38
2026-09-22T03:16:30.228Z,lorawan-gateway-evidence-fabric-adapter-1,0.90,"10.3MiB / 192MiB",5.36
2026-09-22T03:16:30.228Z,lorawan-gateway-evidence-ingest-1,0.00,"12.8MiB / 192MiB",6.67
2026-09-22T03:16:30.228Z,lorawan-gateway-evidence-collector-1,0.35,"12.53MiB / 192MiB",6.52
2026-09-22T03:16:30.228Z,seaweedfs,7.73,"180.4MiB / 256MiB",70.45
2026-09-22T03:16:30.228Z,seaweedfs-metadata-etcd,13.95,"77.37MiB / 96MiB",80.59
2026-09-22T03:16:30.228Z,openbao,1.71,"34.78MiB / 512MiB",6.79
2026-09-22T03:16:30.228Z,chirpstack,0.39,"42.5MiB / 1.922GiB",2.16
2026-09-22T03:16:30.228Z,spilo,7.24,"319.4MiB / 1.922GiB",16.23
2026-09-22T03:16:30.228Z,etcd,0.78,"46.81MiB / 1.922GiB",2.38
2026-09-22T03:16:37.614Z,lorawan-gateway-evidence-fabric-adapter-1,0.00,"10.3MiB / 192MiB",5.37
2026-09-22T03:16:37.614Z,lorawan-gateway-evidence-ingest-1,0.00,"12.79MiB / 192MiB",6.66
2026-09-22T03:16:37.614Z,lorawan-gateway-evidence-collector-1,0.33,"12.53MiB / 192MiB",6.52
2026-09-22T03:16:37.614Z,seaweedfs,6.49,"180.6MiB / 256MiB",70.56
2026-09-22T03:16:37.614Z,seaweedfs-metadata-etcd,11.77,"77.36MiB / 96MiB",80.59
2026-09-22T03:16:37.614Z,openbao,1.58,"34.78MiB / 512MiB",6.79
2026-09-22T03:16:37.614Z,chirpstack,0.35,"42.5MiB / 1.922GiB",2.16
2026-09-22T03:16:37.614Z,spilo,2.29,"319.4MiB / 1.922GiB",16.23
2026-09-22T03:16:37.614Z,etcd,1.01,"46.81MiB / 1.922GiB",2.38
2026-09-22T03:16:44.964Z,lorawan-gateway-evidence-fabric-adapter-1,0.00,"10.32MiB / 192MiB",5.37
2026-09-22T03:16:44.964Z,lorawan-gateway-evidence-ingest-1,0.00,"12.79MiB / 192MiB",6.66
2026-09-22T03:16:44.964Z,lorawan-gateway-evidence-collector-1,0.33,"12.53MiB / 192MiB",6.52
2026-09-22T03:16:44.964Z,seaweedfs,7.94,"180.3MiB / 256MiB",70.44
2026-09-22T03:16:44.964Z,seaweedfs-metadata-etcd,12.18,"77.37MiB / 96MiB",80.59
2026-09-22T03:16:44.964Z,openbao,1.61,"34.78MiB / 512MiB",6.79
2026-09-22T03:16:44.964Z,chirpstack,0.32,"42.5MiB / 1.922GiB",2.16
2026-09-22T03:16:44.964Z,spilo,4.39,"319.4MiB / 1.922GiB",16.23
2026-09-22T03:16:44.964Z,etcd,0.81,"46.81MiB / 1.922GiB",2.38
2026-09-22T03:16:52.405Z,lorawan-gateway-evidence-fabric-adapter-1,0.09,"10.32MiB / 192MiB",5.37
2026-09-22T03:16:52.405Z,lorawan-gateway-evidence-ingest-1,0.00,"12.79MiB / 192MiB",6.66
2026-09-22T03:16:52.405Z,lorawan-gateway-evidence-collector-1,0.35,"12.53MiB / 192MiB",6.52
2026-09-22T03:16:52.405Z,seaweedfs,10.36,"180.6MiB / 256MiB",70.53
2026-09-22T03:16:52.405Z,seaweedfs-metadata-etcd,13.94,"77.37MiB / 96MiB",80.59
2026-09-22T03:16:52.405Z,openbao,1.74,"34.78MiB / 512MiB",6.79
2026-09-22T03:16:52.405Z,chirpstack,0.35,"42.5MiB / 1.922GiB",2.16
2026-09-22T03:16:52.405Z,spilo,2.70,"319.4MiB / 1.922GiB",16.23
2026-09-22T03:16:52.405Z,etcd,0.76,"46.81MiB / 1.922GiB",2.38
2026-09-22T03:16:59.711Z,lorawan-gateway-evidence-fabric-adapter-1,0.00,"10.32MiB / 192MiB",5.38
2026-09-22T03:16:59.711Z,lorawan-gateway-evidence-ingest-1,0.00,"12.79MiB / 192MiB",6.66
2026-09-22T03:16:59.711Z,lorawan-gateway-evidence-collector-1,0.38,"12.53MiB / 192MiB",6.52
2026-09-22T03:16:59.711Z,seaweedfs,7.93,"180.3MiB / 256MiB",70.43
2026-09-22T03:16:59.711Z,seaweedfs-metadata-etcd,16.90,"77.37MiB / 96MiB",80.59
2026-09-22T03:16:59.711Z,openbao,1.38,"34.78MiB / 512MiB",6.79
2026-09-22T03:16:59.711Z,chirpstack,0.40,"42.51MiB / 1.922GiB",2.16
2026-09-22T03:16:59.711Z,spilo,3.61,"319.4MiB / 1.922GiB",16.23
2026-09-22T03:16:59.711Z,etcd,1.18,"46.81MiB / 1.922GiB",2.38
2026-09-22T03:17:07.119Z,lorawan-gateway-evidence-fabric-adapter-1,0.00,"10.37MiB / 192MiB",5.40
2026-09-22T03:17:07.119Z,lorawan-gateway-evidence-ingest-1,0.00,"12.79MiB / 192MiB",6.66
2026-09-22T03:17:07.119Z,lorawan-gateway-evidence-collector-1,0.39,"12.53MiB / 192MiB",6.52
2026-09-22T03:17:07.119Z,seaweedfs,10.64,"180.3MiB / 256MiB",70.43
2026-09-22T03:17:07.119Z,seaweedfs-metadata-etcd,21.60,"77.37MiB / 96MiB",80.59
2026-09-22T03:17:07.119Z,openbao,1.57,"34.78MiB / 512MiB",6.79
2026-09-22T03:17:07.119Z,chirpstack,0.35,"42.5MiB / 1.922GiB",2.16
2026-09-22T03:17:07.119Z,spilo,4.75,"319.4MiB / 1.922GiB",16.23
2026-09-22T03:17:07.119Z,etcd,1.46,"46.81MiB / 1.922GiB",2.38
2026-09-22T03:17:14.556Z,lorawan-gateway-evidence-fabric-adapter-1,0.33,"10.39MiB / 192MiB",5.41
2026-09-22T03:17:14.556Z,lorawan-gateway-evidence-ingest-1,0.00,"12.76MiB / 192MiB",6.64
2026-09-22T03:17:14.556Z,lorawan-gateway-evidence-collector-1,0.52,"12.53MiB / 192MiB",6.52
2026-09-22T03:17:14.556Z,seaweedfs,8.83,"182.9MiB / 256MiB",71.46
2026-09-22T03:17:14.556Z,seaweedfs-metadata-etcd,16.30,"77.49MiB / 96MiB",80.72
2026-09-22T03:17:14.556Z,openbao,1.46,"34.93MiB / 512MiB",6.82
2026-09-22T03:17:14.556Z,chirpstack,0.30,"42.5MiB / 1.922GiB",2.16
2026-09-22T03:17:14.556Z,spilo,21.72,"325.8MiB / 1.922GiB",16.56
2026-09-22T03:17:14.556Z,etcd,1.31,"46.81MiB / 1.922GiB",2.38
2026-09-22T03:17:21.944Z,lorawan-gateway-evidence-fabric-adapter-1,0.00,"10.39MiB / 192MiB",5.41
2026-09-22T03:17:21.944Z,lorawan-gateway-evidence-ingest-1,0.00,"12.76MiB / 192MiB",6.64
2026-09-22T03:17:21.944Z,lorawan-gateway-evidence-collector-1,0.33,"12.53MiB / 192MiB",6.52
2026-09-22T03:17:21.944Z,seaweedfs,7.29,"182.9MiB / 256MiB",71.46
2026-09-22T03:17:21.944Z,seaweedfs-metadata-etcd,11.08,"77.48MiB / 96MiB",80.71
2026-09-22T03:17:21.944Z,openbao,1.31,"34.93MiB / 512MiB",6.82
2026-09-22T03:17:21.944Z,chirpstack,0.33,"42.5MiB / 1.922GiB",2.16
2026-09-22T03:17:21.944Z,spilo,3.79,"322MiB / 1.922GiB",16.36
2026-09-22T03:17:21.944Z,etcd,0.83,"46.81MiB / 1.922GiB",2.38
2026-09-22T03:17:29.259Z,lorawan-gateway-evidence-fabric-adapter-1,0.00,"10.39MiB / 192MiB",5.41
2026-09-22T03:17:29.259Z,lorawan-gateway-evidence-ingest-1,0.00,"12.76MiB / 192MiB",6.64
2026-09-22T03:17:29.259Z,lorawan-gateway-evidence-collector-1,0.36,"12.53MiB / 192MiB",6.52
2026-09-22T03:17:29.259Z,seaweedfs,0.89,"182.9MiB / 256MiB",71.46
2026-09-22T03:17:29.259Z,seaweedfs-metadata-etcd,1.28,"77.48MiB / 96MiB",80.71
2026-09-22T03:17:29.259Z,openbao,1.46,"34.93MiB / 512MiB",6.82
2026-09-22T03:17:29.259Z,chirpstack,0.19,"42.5MiB / 1.922GiB",2.16
2026-09-22T03:17:29.259Z,spilo,2.28,"322MiB / 1.922GiB",16.36
2026-09-22T03:17:29.259Z,etcd,0.93,"46.81MiB / 1.922GiB",2.38
2026-09-22T03:17:36.515Z,lorawan-gateway-evidence-fabric-adapter-1,0.11,"10.39MiB / 192MiB",5.41
2026-09-22T03:17:36.515Z,lorawan-gateway-evidence-ingest-1,0.00,"12.76MiB / 192MiB",6.64
2026-09-22T03:17:36.515Z,lorawan-gateway-evidence-collector-1,0.36,"12.53MiB / 192MiB",6.52
2026-09-22T03:17:36.515Z,seaweedfs,0.95,"183MiB / 256MiB",71.47
2026-09-22T03:17:36.515Z,seaweedfs-metadata-etcd,1.26,"77.48MiB / 96MiB",80.71
2026-09-22T03:17:36.515Z,openbao,1.59,"34.93MiB / 512MiB",6.82
2026-09-22T03:17:36.515Z,chirpstack,0.29,"42.5MiB / 1.922GiB",2.16
2026-09-22T03:17:36.515Z,spilo,4.94,"321.7MiB / 1.922GiB",16.34
2026-09-22T03:17:36.515Z,etcd,1.00,"46.81MiB / 1.922GiB",2.38
2026-09-22T03:17:43.712Z,lorawan-gateway-evidence-fabric-adapter-1,0.00,"10.39MiB / 192MiB",5.41
2026-09-22T03:17:43.712Z,lorawan-gateway-evidence-ingest-1,0.00,"12.76MiB / 192MiB",6.64
2026-09-22T03:17:43.712Z,lorawan-gateway-evidence-collector-1,0.65,"12.53MiB / 192MiB",6.52
2026-09-22T03:17:43.712Z,seaweedfs,7.27,"184MiB / 256MiB",71.86
2026-09-22T03:17:43.712Z,seaweedfs-metadata-etcd,11.92,"77.49MiB / 96MiB",80.72
2026-09-22T03:17:43.712Z,openbao,1.41,"34.93MiB / 512MiB",6.82
2026-09-22T03:17:43.712Z,chirpstack,0.46,"42.5MiB / 1.922GiB",2.16
2026-09-22T03:17:43.712Z,spilo,4.08,"321.9MiB / 1.922GiB",16.36
2026-09-22T03:17:43.712Z,etcd,0.79,"46.81MiB / 1.922GiB",2.38
2026-09-22T03:17:51.079Z,lorawan-gateway-evidence-fabric-adapter-1,0.00,"10.39MiB / 192MiB",5.41
2026-09-22T03:17:51.079Z,lorawan-gateway-evidence-ingest-1,0.00,"12.76MiB / 192MiB",6.64
2026-09-22T03:17:51.079Z,lorawan-gateway-evidence-collector-1,0.31,"12.53MiB / 192MiB",6.52
2026-09-22T03:17:51.079Z,seaweedfs,10.41,"179.7MiB / 256MiB",70.21
2026-09-22T03:17:51.079Z,seaweedfs-metadata-etcd,14.64,"77.5MiB / 96MiB",80.73
2026-09-22T03:17:51.079Z,openbao,1.37,"34.93MiB / 512MiB",6.82
2026-09-22T03:17:51.079Z,chirpstack,0.21,"42.5MiB / 1.922GiB",2.16
2026-09-22T03:17:51.079Z,spilo,2.30,"321.9MiB / 1.922GiB",16.36
2026-09-22T03:17:51.079Z,etcd,1.18,"46.81MiB / 1.922GiB",2.38
2026-09-22T03:17:58.370Z,lorawan-gateway-evidence-fabric-adapter-1,0.21,"10.39MiB / 192MiB",5.41
2026-09-22T03:17:58.370Z,lorawan-gateway-evidence-ingest-1,0.00,"12.76MiB / 192MiB",6.64
2026-09-22T03:17:58.370Z,lorawan-gateway-evidence-collector-1,0.37,"12.53MiB / 192MiB",6.52
2026-09-22T03:17:58.370Z,seaweedfs,1.20,"179.7MiB / 256MiB",70.20
2026-09-22T03:17:58.370Z,seaweedfs-metadata-etcd,2.46,"77.48MiB / 96MiB",80.71
2026-09-22T03:17:58.370Z,openbao,2.09,"34.93MiB / 512MiB",6.82
2026-09-22T03:17:58.370Z,chirpstack,0.41,"42.5MiB / 1.922GiB",2.16
2026-09-22T03:17:58.370Z,spilo,6.14,"321.9MiB / 1.922GiB",16.36
2026-09-22T03:17:58.370Z,etcd,0.82,"46.81MiB / 1.922GiB",2.38
2026-09-22T03:18:05.676Z,lorawan-gateway-evidence-fabric-adapter-1,0.00,"10.39MiB / 192MiB",5.41
2026-09-22T03:18:05.676Z,lorawan-gateway-evidence-ingest-1,0.00,"12.76MiB / 192MiB",6.64
2026-09-22T03:18:05.676Z,lorawan-gateway-evidence-collector-1,0.36,"12.53MiB / 192MiB",6.52
2026-09-22T03:18:05.676Z,seaweedfs,6.88,"182.9MiB / 256MiB",71.45
2026-09-22T03:18:05.676Z,seaweedfs-metadata-etcd,11.47,"77.49MiB / 96MiB",80.72
2026-09-22T03:18:05.676Z,openbao,1.38,"34.93MiB / 512MiB",6.82
2026-09-22T03:18:05.676Z,chirpstack,0.25,"42.5MiB / 1.922GiB",2.16
2026-09-22T03:18:05.676Z,spilo,4.22,"321.9MiB / 1.922GiB",16.36
2026-09-22T03:18:05.676Z,etcd,1.41,"46.81MiB / 1.922GiB",2.38
2026-09-22T03:18:12.936Z,lorawan-gateway-evidence-fabric-adapter-1,0.14,"10.39MiB / 192MiB",5.41
2026-09-22T03:18:12.936Z,lorawan-gateway-evidence-ingest-1,0.03,"12.76MiB / 192MiB",6.64
2026-09-22T03:18:12.936Z,lorawan-gateway-evidence-collector-1,0.39,"12.53MiB / 192MiB",6.52
2026-09-22T03:18:12.936Z,seaweedfs,0.91,"182.9MiB / 256MiB",71.45
2026-09-22T03:18:12.936Z,seaweedfs-metadata-etcd,1.13,"77.48MiB / 96MiB",80.71
2026-09-22T03:18:12.936Z,openbao,1.56,"34.93MiB / 512MiB",6.82
2026-09-22T03:18:12.936Z,chirpstack,0.30,"42.5MiB / 1.922GiB",2.16
2026-09-22T03:18:12.936Z,spilo,2.88,"322.2MiB / 1.922GiB",16.37
2026-09-22T03:18:12.936Z,etcd,1.32,"46.81MiB / 1.922GiB",2.38
2026-09-22T03:18:20.136Z,lorawan-gateway-evidence-fabric-adapter-1,0.09,"10.39MiB / 192MiB",5.41
2026-09-22T03:18:20.136Z,lorawan-gateway-evidence-ingest-1,0.00,"12.76MiB / 192MiB",6.64
2026-09-22T03:18:20.136Z,lorawan-gateway-evidence-collector-1,0.34,"12.53MiB / 192MiB",6.52
2026-09-22T03:18:20.136Z,seaweedfs,10.01,"184.1MiB / 256MiB",71.91
2026-09-22T03:18:20.136Z,seaweedfs-metadata-etcd,15.73,"77.5MiB / 96MiB",80.73
2026-09-22T03:18:20.136Z,openbao,1.36,"34.93MiB / 512MiB",6.82
2026-09-22T03:18:20.136Z,chirpstack,0.41,"42.5MiB / 1.922GiB",2.16
2026-09-22T03:18:20.136Z,spilo,2.53,"321.9MiB / 1.922GiB",16.36
2026-09-22T03:18:20.136Z,etcd,0.74,"46.81MiB / 1.922GiB",2.38
2026-09-22T03:18:27.486Z,lorawan-gateway-evidence-fabric-adapter-1,0.00,"10.39MiB / 192MiB",5.41
2026-09-22T03:18:27.486Z,lorawan-gateway-evidence-ingest-1,0.00,"12.76MiB / 192MiB",6.64
2026-09-22T03:18:27.486Z,lorawan-gateway-evidence-collector-1,0.35,"12.53MiB / 192MiB",6.52
2026-09-22T03:18:27.486Z,seaweedfs,8.83,"180.6MiB / 256MiB",70.54
2026-09-22T03:18:27.486Z,seaweedfs-metadata-etcd,15.13,"77.5MiB / 96MiB",80.73
2026-09-22T03:18:27.486Z,openbao,1.36,"34.93MiB / 512MiB",6.82
2026-09-22T03:18:27.486Z,chirpstack,0.29,"42.5MiB / 1.922GiB",2.16
2026-09-22T03:18:27.486Z,spilo,5.18,"322.1MiB / 1.922GiB",16.37
2026-09-22T03:18:27.486Z,etcd,0.81,"46.81MiB / 1.922GiB",2.38
2026-09-22T03:18:34.864Z,lorawan-gateway-evidence-fabric-adapter-1,0.08,"10.39MiB / 192MiB",5.41
2026-09-22T03:18:34.864Z,lorawan-gateway-evidence-ingest-1,0.00,"12.76MiB / 192MiB",6.64
2026-09-22T03:18:34.864Z,lorawan-gateway-evidence-collector-1,0.38,"12.53MiB / 192MiB",6.52
2026-09-22T03:18:34.864Z,seaweedfs,1.41,"180.4MiB / 256MiB",70.48
2026-09-22T03:18:34.864Z,seaweedfs-metadata-etcd,3.08,"77.48MiB / 96MiB",80.71
2026-09-22T03:18:34.864Z,openbao,1.56,"34.93MiB / 512MiB",6.82
2026-09-22T03:18:34.864Z,chirpstack,0.32,"42.5MiB / 1.922GiB",2.16
2026-09-22T03:18:34.864Z,spilo,4.99,"322.2MiB / 1.922GiB",16.37
2026-09-22T03:18:34.864Z,etcd,1.19,"46.81MiB / 1.922GiB",2.38
2026-09-22T03:18:42.159Z,lorawan-gateway-evidence-fabric-adapter-1,0.10,"10.39MiB / 192MiB",5.41
2026-09-22T03:18:42.159Z,lorawan-gateway-evidence-ingest-1,0.00,"12.76MiB / 192MiB",6.64
2026-09-22T03:18:42.159Z,lorawan-gateway-evidence-collector-1,0.35,"12.53MiB / 192MiB",6.52
2026-09-22T03:18:42.159Z,seaweedfs,0.82,"180.4MiB / 256MiB",70.48
2026-09-22T03:18:42.159Z,seaweedfs-metadata-etcd,1.06,"77.48MiB / 96MiB",80.71
2026-09-22T03:18:42.159Z,openbao,2.95,"34.93MiB / 512MiB",6.82
2026-09-22T03:18:42.159Z,chirpstack,0.31,"42.5MiB / 1.922GiB",2.16
2026-09-22T03:18:42.159Z,spilo,4.43,"322.2MiB / 1.922GiB",16.37
2026-09-22T03:18:42.159Z,etcd,0.86,"46.81MiB / 1.922GiB",2.38
2026-09-22T03:18:49.493Z,lorawan-gateway-evidence-fabric-adapter-1,0.00,"10.39MiB / 192MiB",5.41
2026-09-22T03:18:49.493Z,lorawan-gateway-evidence-ingest-1,0.00,"12.76MiB / 192MiB",6.64
2026-09-22T03:18:49.493Z,lorawan-gateway-evidence-collector-1,0.30,"12.55MiB / 192MiB",6.54
2026-09-22T03:18:49.493Z,seaweedfs,7.16,"180.4MiB / 256MiB",70.49
2026-09-22T03:18:49.493Z,seaweedfs-metadata-etcd,10.80,"77.5MiB / 96MiB",80.73
2026-09-22T03:18:49.493Z,openbao,1.40,"34.93MiB / 512MiB",6.82
2026-09-22T03:18:49.493Z,chirpstack,0.22,"42.5MiB / 1.922GiB",2.16
2026-09-22T03:18:49.493Z,spilo,2.63,"321.9MiB / 1.922GiB",16.36
2026-09-22T03:18:49.493Z,etcd,1.05,"46.81MiB / 1.922GiB",2.38
2026-09-22T03:18:56.736Z,lorawan-gateway-evidence-fabric-adapter-1,0.08,"10.39MiB / 192MiB",5.41
2026-09-22T03:18:56.736Z,lorawan-gateway-evidence-ingest-1,0.00,"12.76MiB / 192MiB",6.64
2026-09-22T03:18:56.736Z,lorawan-gateway-evidence-collector-1,0.31,"12.55MiB / 192MiB",6.54
2026-09-22T03:18:56.736Z,seaweedfs,7.04,"180.4MiB / 256MiB",70.48
2026-09-22T03:18:56.736Z,seaweedfs-metadata-etcd,10.56,"77.5MiB / 96MiB",80.73
2026-09-22T03:18:56.736Z,openbao,1.33,"34.93MiB / 512MiB",6.82
2026-09-22T03:18:56.736Z,chirpstack,0.29,"42.5MiB / 1.922GiB",2.16
2026-09-22T03:18:56.736Z,spilo,2.29,"322.2MiB / 1.922GiB",16.37
2026-09-22T03:18:56.736Z,etcd,0.72,"46.81MiB / 1.922GiB",2.38
2026-09-22T03:19:04.018Z,lorawan-gateway-evidence-fabric-adapter-1,0.11,"10.39MiB / 192MiB",5.41
2026-09-22T03:19:04.018Z,lorawan-gateway-evidence-ingest-1,0.00,"12.76MiB / 192MiB",6.64
2026-09-22T03:19:04.018Z,lorawan-gateway-evidence-collector-1,0.35,"12.55MiB / 192MiB",6.54
2026-09-22T03:19:04.018Z,seaweedfs,10.66,"180.3MiB / 256MiB",70.42
2026-09-22T03:19:04.018Z,seaweedfs-metadata-etcd,16.66,"77.5MiB / 96MiB",80.73
2026-09-22T03:19:04.018Z,openbao,1.28,"34.93MiB / 512MiB",6.82
2026-09-22T03:19:04.018Z,chirpstack,0.32,"42.5MiB / 1.922GiB",2.16
2026-09-22T03:19:04.018Z,spilo,6.50,"321.9MiB / 1.922GiB",16.36
2026-09-22T03:19:04.018Z,etcd,0.85,"46.81MiB / 1.922GiB",2.38
2026-09-22T03:19:11.432Z,lorawan-gateway-evidence-fabric-adapter-1,0.00,"9.766MiB / 192MiB",5.09
2026-09-22T03:19:11.432Z,lorawan-gateway-evidence-ingest-1,0.00,"12.76MiB / 192MiB",6.64
2026-09-22T03:19:11.432Z,lorawan-gateway-evidence-collector-1,0.32,"12.55MiB / 192MiB",6.54
2026-09-22T03:19:11.432Z,seaweedfs,7.69,"184.2MiB / 256MiB",71.95
2026-09-22T03:19:11.432Z,seaweedfs-metadata-etcd,10.97,"77.5MiB / 96MiB",80.73
2026-09-22T03:19:11.432Z,openbao,1.42,"34.93MiB / 512MiB",6.82
2026-09-22T03:19:11.432Z,chirpstack,0.30,"42.5MiB / 1.922GiB",2.16
2026-09-22T03:19:11.432Z,spilo,2.27,"322.2MiB / 1.922GiB",16.37
2026-09-22T03:19:11.432Z,etcd,0.95,"46.81MiB / 1.922GiB",2.38
2026-09-22T03:19:18.678Z,lorawan-gateway-evidence-fabric-adapter-1,0.09,"9.766MiB / 192MiB",5.09
2026-09-22T03:19:18.678Z,lorawan-gateway-evidence-ingest-1,0.00,"12.76MiB / 192MiB",6.64
2026-09-22T03:19:18.678Z,lorawan-gateway-evidence-collector-1,0.32,"12.55MiB / 192MiB",6.54
2026-09-22T03:19:18.678Z,seaweedfs,5.45,"184.5MiB / 256MiB",72.08
2026-09-22T03:19:18.678Z,seaweedfs-metadata-etcd,9.66,"77.5MiB / 96MiB",80.73
2026-09-22T03:19:18.678Z,openbao,1.04,"34.93MiB / 512MiB",6.82
2026-09-22T03:19:18.678Z,chirpstack,0.19,"42.5MiB / 1.922GiB",2.16
2026-09-22T03:19:18.678Z,spilo,3.35,"321.9MiB / 1.922GiB",16.36
2026-09-22T03:19:18.678Z,etcd,1.25,"46.81MiB / 1.922GiB",2.38
2026-09-22T03:19:25.908Z,lorawan-gateway-evidence-fabric-adapter-1,0.00,"9.766MiB / 192MiB",5.09
2026-09-22T03:19:25.908Z,lorawan-gateway-evidence-ingest-1,0.00,"12.76MiB / 192MiB",6.64
2026-09-22T03:19:25.908Z,lorawan-gateway-evidence-collector-1,0.34,"12.55MiB / 192MiB",6.54
2026-09-22T03:19:25.908Z,seaweedfs,6.28,"184.5MiB / 256MiB",72.08
2026-09-22T03:19:25.908Z,seaweedfs-metadata-etcd,12.57,"77.5MiB / 96MiB",80.73
2026-09-22T03:19:25.908Z,openbao,1.23,"34.93MiB / 512MiB",6.82
2026-09-22T03:19:25.908Z,chirpstack,0.27,"42.5MiB / 1.922GiB",2.16
2026-09-22T03:19:25.908Z,spilo,6.39,"322.2MiB / 1.922GiB",16.37
2026-09-22T03:19:25.908Z,etcd,1.28,"46.81MiB / 1.922GiB",2.38
2026-09-22T03:19:33.155Z,lorawan-gateway-evidence-fabric-adapter-1,0.00,"9.766MiB / 192MiB",5.09
2026-09-22T03:19:33.155Z,lorawan-gateway-evidence-ingest-1,0.00,"12.76MiB / 192MiB",6.64
2026-09-22T03:19:33.155Z,lorawan-gateway-evidence-collector-1,0.37,"12.55MiB / 192MiB",6.54
2026-09-22T03:19:33.155Z,seaweedfs,11.82,"180.1MiB / 256MiB",70.35
2026-09-22T03:19:33.155Z,seaweedfs-metadata-etcd,17.10,"77.51MiB / 96MiB",80.74
2026-09-22T03:19:33.155Z,openbao,1.49,"34.93MiB / 512MiB",6.82
2026-09-22T03:19:33.155Z,chirpstack,0.34,"42.5MiB / 1.922GiB",2.16
2026-09-22T03:19:33.155Z,spilo,4.00,"321.9MiB / 1.922GiB",16.36
2026-09-22T03:19:33.155Z,etcd,0.89,"46.81MiB / 1.922GiB",2.38
2026-09-22T03:19:40.488Z,lorawan-gateway-evidence-fabric-adapter-1,0.08,"9.766MiB / 192MiB",5.09
2026-09-22T03:19:40.488Z,lorawan-gateway-evidence-ingest-1,0.00,"12.76MiB / 192MiB",6.64
2026-09-22T03:19:40.488Z,lorawan-gateway-evidence-collector-1,0.29,"12.55MiB / 192MiB",6.54
2026-09-22T03:19:40.488Z,seaweedfs,10.42,"180.3MiB / 256MiB",70.43
2026-09-22T03:19:40.488Z,seaweedfs-metadata-etcd,15.05,"77.5MiB / 96MiB",80.73
2026-09-22T03:19:40.488Z,openbao,1.25,"34.93MiB / 512MiB",6.82
2026-09-22T03:19:40.488Z,chirpstack,0.32,"42.5MiB / 1.922GiB",2.16
2026-09-22T03:19:40.488Z,spilo,4.94,"322.2MiB / 1.922GiB",16.37
2026-09-22T03:19:40.488Z,etcd,0.71,"46.81MiB / 1.922GiB",2.38
2026-09-22T03:19:47.813Z,lorawan-gateway-evidence-fabric-adapter-1,0.00,"9.766MiB / 192MiB",5.09
2026-09-22T03:19:47.813Z,lorawan-gateway-evidence-ingest-1,0.00,"12.18MiB / 192MiB",6.34
2026-09-22T03:19:47.813Z,lorawan-gateway-evidence-collector-1,0.28,"12.55MiB / 192MiB",6.54
2026-09-22T03:19:47.813Z,seaweedfs,6.68,"180.5MiB / 256MiB",70.51
2026-09-22T03:19:47.813Z,seaweedfs-metadata-etcd,12.65,"77.5MiB / 96MiB",80.73
2026-09-22T03:19:47.813Z,openbao,1.27,"34.93MiB / 512MiB",6.82
2026-09-22T03:19:47.813Z,chirpstack,0.32,"42.5MiB / 1.922GiB",2.16
2026-09-22T03:19:47.813Z,spilo,6.05,"321.9MiB / 1.922GiB",16.36
2026-09-22T03:19:47.813Z,etcd,0.87,"46.81MiB / 1.922GiB",2.38
2026-09-22T03:19:55.234Z,lorawan-gateway-evidence-fabric-adapter-1,0.00,"9.766MiB / 192MiB",5.09
2026-09-22T03:19:55.234Z,lorawan-gateway-evidence-ingest-1,0.00,"12.18MiB / 192MiB",6.34
2026-09-22T03:19:55.234Z,lorawan-gateway-evidence-collector-1,0.35,"12.55MiB / 192MiB",6.54
2026-09-22T03:19:55.234Z,seaweedfs,10.03,"180.3MiB / 256MiB",70.42
2026-09-22T03:19:55.234Z,seaweedfs-metadata-etcd,10.94,"77.5MiB / 96MiB",80.73
2026-09-22T03:19:55.234Z,openbao,1.89,"34.93MiB / 512MiB",6.82
2026-09-22T03:19:55.234Z,chirpstack,0.53,"42.5MiB / 1.922GiB",2.16
2026-09-22T03:19:55.234Z,spilo,3.12,"322.2MiB / 1.922GiB",16.37
2026-09-22T03:19:55.234Z,etcd,1.27,"46.81MiB / 1.922GiB",2.38
2026-09-22T03:20:02.543Z,lorawan-gateway-evidence-fabric-adapter-1,0.65,"9.766MiB / 192MiB",5.09
2026-09-22T03:20:02.543Z,lorawan-gateway-evidence-ingest-1,0.00,"12.18MiB / 192MiB",6.34
2026-09-22T03:20:02.543Z,lorawan-gateway-evidence-collector-1,0.67,"12.37MiB / 192MiB",6.44
2026-09-22T03:20:02.543Z,seaweedfs,24.09,"180.3MiB / 256MiB",70.42
2026-09-22T03:20:02.543Z,seaweedfs-metadata-etcd,27.45,"77.49MiB / 96MiB",80.72
2026-09-22T03:20:02.543Z,openbao,3.19,"34.93MiB / 512MiB",6.82
2026-09-22T03:20:02.543Z,chirpstack,0.81,"42.5MiB / 1.922GiB",2.16
2026-09-22T03:20:02.543Z,spilo,10.30,"322.2MiB / 1.922GiB",16.37
2026-09-22T03:20:02.543Z,etcd,6.12,"46.81MiB / 1.922GiB",2.38
2026-09-22T03:20:10.433Z,lorawan-gateway-evidence-fabric-adapter-1,0.09,"9.766MiB / 192MiB",5.09
2026-09-22T03:20:10.433Z,lorawan-gateway-evidence-ingest-1,0.00,"12.18MiB / 192MiB",6.34
2026-09-22T03:20:10.433Z,lorawan-gateway-evidence-collector-1,0.31,"12.37MiB / 192MiB",6.44
2026-09-22T03:20:10.433Z,seaweedfs,8.80,"180.6MiB / 256MiB",70.56
2026-09-22T03:20:10.433Z,seaweedfs-metadata-etcd,13.02,"77.5MiB / 96MiB",80.73
2026-09-22T03:20:10.433Z,openbao,1.37,"34.93MiB / 512MiB",6.82
2026-09-22T03:20:10.433Z,chirpstack,0.28,"42.5MiB / 1.922GiB",2.16
2026-09-22T03:20:10.433Z,spilo,2.56,"322.3MiB / 1.922GiB",16.38
2026-09-22T03:20:10.433Z,etcd,1.33,"46.81MiB / 1.922GiB",2.38
2026-09-22T03:20:17.860Z,lorawan-gateway-evidence-fabric-adapter-1,0.10,"9.766MiB / 192MiB",5.09
2026-09-22T03:20:17.860Z,lorawan-gateway-evidence-ingest-1,0.00,"12.18MiB / 192MiB",6.34
2026-09-22T03:20:17.860Z,lorawan-gateway-evidence-collector-1,0.38,"12.37MiB / 192MiB",6.44
2026-09-22T03:20:17.860Z,seaweedfs,8.46,"184.1MiB / 256MiB",71.91
2026-09-22T03:20:17.860Z,seaweedfs-metadata-etcd,14.42,"77.59MiB / 96MiB",80.82
2026-09-22T03:20:17.860Z,openbao,1.53,"34.93MiB / 512MiB",6.82
2026-09-22T03:20:17.860Z,chirpstack,0.24,"42.5MiB / 1.922GiB",2.16
2026-09-22T03:20:17.860Z,spilo,9.91,"322.3MiB / 1.922GiB",16.38
2026-09-22T03:20:17.860Z,etcd,1.25,"46.81MiB / 1.922GiB",2.38
2026-09-22T03:20:25.350Z,lorawan-gateway-evidence-fabric-adapter-1,0.00,"9.766MiB / 192MiB",5.09
2026-09-22T03:20:25.350Z,lorawan-gateway-evidence-ingest-1,0.00,"12.18MiB / 192MiB",6.34
2026-09-22T03:20:25.350Z,lorawan-gateway-evidence-collector-1,0.36,"12.37MiB / 192MiB",6.44
2026-09-22T03:20:25.350Z,seaweedfs,9.39,"184.1MiB / 256MiB",71.92
2026-09-22T03:20:25.350Z,seaweedfs-metadata-etcd,13.78,"77.59MiB / 96MiB",80.83
2026-09-22T03:20:25.350Z,openbao,1.32,"34.93MiB / 512MiB",6.82
2026-09-22T03:20:25.350Z,chirpstack,0.38,"42.5MiB / 1.922GiB",2.16
2026-09-22T03:20:25.350Z,spilo,2.50,"322.3MiB / 1.922GiB",16.38
2026-09-22T03:20:25.350Z,etcd,0.96,"46.82MiB / 1.922GiB",2.38
2026-09-22T03:20:32.616Z,lorawan-gateway-evidence-fabric-adapter-1,0.08,"9.766MiB / 192MiB",5.09
2026-09-22T03:20:32.616Z,lorawan-gateway-evidence-ingest-1,0.00,"12.18MiB / 192MiB",6.34
2026-09-22T03:20:32.616Z,lorawan-gateway-evidence-collector-1,0.33,"12.37MiB / 192MiB",6.44
2026-09-22T03:20:32.616Z,seaweedfs,9.41,"179.6MiB / 256MiB",70.16
2026-09-22T03:20:32.616Z,seaweedfs-metadata-etcd,15.14,"77.59MiB / 96MiB",80.82
2026-09-22T03:20:32.616Z,openbao,1.20,"34.93MiB / 512MiB",6.82
2026-09-22T03:20:32.616Z,chirpstack,0.38,"42.5MiB / 1.922GiB",2.16
2026-09-22T03:20:32.616Z,spilo,5.60,"322MiB / 1.922GiB",16.36
2026-09-22T03:20:32.616Z,etcd,1.07,"46.81MiB / 1.922GiB",2.38
2026-09-22T03:20:40.001Z,lorawan-gateway-evidence-fabric-adapter-1,0.00,"9.766MiB / 192MiB",5.09
2026-09-22T03:20:40.001Z,lorawan-gateway-evidence-ingest-1,0.00,"12.18MiB / 192MiB",6.34
2026-09-22T03:20:40.001Z,lorawan-gateway-evidence-collector-1,0.34,"12.37MiB / 192MiB",6.44
2026-09-22T03:20:40.001Z,seaweedfs,9.89,"179.6MiB / 256MiB",70.17
2026-09-22T03:20:40.001Z,seaweedfs-metadata-etcd,14.94,"77.6MiB / 96MiB",80.83
2026-09-22T03:20:40.001Z,openbao,1.39,"34.93MiB / 512MiB",6.82
2026-09-22T03:20:40.001Z,chirpstack,0.38,"42.51MiB / 1.922GiB",2.16
2026-09-22T03:20:40.001Z,spilo,5.70,"322.3MiB / 1.922GiB",16.38
2026-09-22T03:20:40.001Z,etcd,0.76,"46.81MiB / 1.922GiB",2.38
2026-09-22T03:20:47.317Z,lorawan-gateway-evidence-fabric-adapter-1,0.00,"9.766MiB / 192MiB",5.09
2026-09-22T03:20:47.317Z,lorawan-gateway-evidence-ingest-1,0.00,"12.18MiB / 192MiB",6.34
2026-09-22T03:20:47.317Z,lorawan-gateway-evidence-collector-1,0.30,"12.37MiB / 192MiB",6.44
2026-09-22T03:20:47.317Z,seaweedfs,8.92,"179.7MiB / 256MiB",70.19
2026-09-22T03:20:47.317Z,seaweedfs-metadata-etcd,14.34,"77.59MiB / 96MiB",80.82
2026-09-22T03:20:47.317Z,openbao,1.29,"34.93MiB / 512MiB",6.82
2026-09-22T03:20:47.317Z,chirpstack,0.33,"42.5MiB / 1.922GiB",2.16
2026-09-22T03:20:47.317Z,spilo,5.20,"322MiB / 1.922GiB",16.36
2026-09-22T03:20:47.317Z,etcd,1.28,"46.81MiB / 1.922GiB",2.38
2026-09-22T03:20:54.623Z,lorawan-gateway-evidence-fabric-adapter-1,0.08,"9.766MiB / 192MiB",5.09
2026-09-22T03:20:54.623Z,lorawan-gateway-evidence-ingest-1,2.28,"12.99MiB / 192MiB",6.76
2026-09-22T03:20:54.623Z,lorawan-gateway-evidence-collector-1,0.26,"12.37MiB / 192MiB",6.44
2026-09-22T03:20:54.623Z,seaweedfs,12.62,"182.1MiB / 256MiB",71.12
2026-09-22T03:20:54.623Z,seaweedfs-metadata-etcd,12.68,"77.59MiB / 96MiB",80.82
2026-09-22T03:20:54.623Z,openbao,1.32,"34.93MiB / 512MiB",6.82
2026-09-22T03:20:54.623Z,chirpstack,0.22,"42.5MiB / 1.922GiB",2.16
2026-09-22T03:20:54.623Z,spilo,4.81,"322.3MiB / 1.922GiB",16.38
2026-09-22T03:20:54.623Z,etcd,1.13,"46.82MiB / 1.922GiB",2.38
2026-09-22T03:21:01.926Z,lorawan-gateway-evidence-fabric-adapter-1,0.00,"9.766MiB / 192MiB",5.09
2026-09-22T03:21:01.926Z,lorawan-gateway-evidence-ingest-1,0.00,"13MiB / 192MiB",6.77
2026-09-22T03:21:01.926Z,lorawan-gateway-evidence-collector-1,1.08,"12.37MiB / 192MiB",6.44
2026-09-22T03:21:01.926Z,seaweedfs,12.92,"182.1MiB / 256MiB",71.12
2026-09-22T03:21:01.926Z,seaweedfs-metadata-etcd,21.30,"77.59MiB / 96MiB",80.83
2026-09-22T03:21:01.926Z,openbao,2.10,"34.93MiB / 512MiB",6.82
2026-09-22T03:21:01.926Z,chirpstack,3.54,"42.5MiB / 1.922GiB",2.16
2026-09-22T03:21:01.926Z,spilo,6.69,"322.3MiB / 1.922GiB",16.38
2026-09-22T03:21:01.926Z,etcd,1.52,"46.81MiB / 1.922GiB",2.38
2026-09-22T03:21:09.259Z,lorawan-gateway-evidence-fabric-adapter-1,0.00,"9.207MiB / 192MiB",4.80
2026-09-22T03:21:09.259Z,lorawan-gateway-evidence-ingest-1,0.00,"13MiB / 192MiB",6.77
2026-09-22T03:21:09.259Z,lorawan-gateway-evidence-collector-1,0.31,"12.37MiB / 192MiB",6.44
2026-09-22T03:21:09.259Z,seaweedfs,4.48,"180.6MiB / 256MiB",70.55
2026-09-22T03:21:09.259Z,seaweedfs-metadata-etcd,8.92,"77.59MiB / 96MiB",80.83
2026-09-22T03:21:09.259Z,openbao,1.30,"34.93MiB / 512MiB",6.82
2026-09-22T03:21:09.259Z,chirpstack,0.35,"42.5MiB / 1.922GiB",2.16
2026-09-22T03:21:09.259Z,spilo,6.00,"322.3MiB / 1.922GiB",16.38
2026-09-22T03:21:09.259Z,etcd,0.88,"46.81MiB / 1.922GiB",2.38
2026-09-22T03:21:16.560Z,lorawan-gateway-evidence-fabric-adapter-1,0.90,"9.336MiB / 192MiB",4.86
2026-09-22T03:21:16.560Z,lorawan-gateway-evidence-ingest-1,0.00,"13MiB / 192MiB",6.77
2026-09-22T03:21:16.560Z,lorawan-gateway-evidence-collector-1,0.48,"12.37MiB / 192MiB",6.44
2026-09-22T03:21:16.560Z,seaweedfs,7.51,"186.4MiB / 256MiB",72.82
2026-09-22T03:21:16.560Z,seaweedfs-metadata-etcd,12.39,"77.59MiB / 96MiB",80.82
2026-09-22T03:21:16.560Z,openbao,1.44,"34.93MiB / 512MiB",6.82
2026-09-22T03:21:16.560Z,chirpstack,2.59,"42.5MiB / 1.922GiB",2.16
2026-09-22T03:21:16.560Z,spilo,5.90,"322.3MiB / 1.922GiB",16.38
2026-09-22T03:21:16.560Z,etcd,0.69,"46.81MiB / 1.922GiB",2.38
2026-09-22T03:21:24.009Z,lorawan-gateway-evidence-fabric-adapter-1,0.50,"9.684MiB / 192MiB",5.04
2026-09-22T03:21:24.009Z,lorawan-gateway-evidence-ingest-1,0.00,"13MiB / 192MiB",6.77
2026-09-22T03:21:24.009Z,lorawan-gateway-evidence-collector-1,0.30,"12.37MiB / 192MiB",6.44
2026-09-22T03:21:24.009Z,seaweedfs,6.26,"186.4MiB / 256MiB",72.83
2026-09-22T03:21:24.009Z,seaweedfs-metadata-etcd,11.36,"77.59MiB / 96MiB",80.82
2026-09-22T03:21:24.009Z,openbao,1.81,"34.93MiB / 512MiB",6.82
2026-09-22T03:21:24.009Z,chirpstack,0.26,"42.5MiB / 1.922GiB",2.16
2026-09-22T03:21:24.009Z,spilo,5.40,"322MiB / 1.922GiB",16.36
2026-09-22T03:21:24.009Z,etcd,0.82,"46.81MiB / 1.922GiB",2.38
2026-09-22T03:21:31.366Z,lorawan-gateway-evidence-fabric-adapter-1,0.00,"10.09MiB / 192MiB",5.26
2026-09-22T03:21:31.366Z,lorawan-gateway-evidence-ingest-1,0.00,"13MiB / 192MiB",6.77
2026-09-22T03:21:31.366Z,lorawan-gateway-evidence-collector-1,0.47,"12.37MiB / 192MiB",6.44
2026-09-22T03:21:31.366Z,seaweedfs,7.12,"180.4MiB / 256MiB",70.47
2026-09-22T03:21:31.366Z,seaweedfs-metadata-etcd,9.83,"77.59MiB / 96MiB",80.82
2026-09-22T03:21:31.366Z,openbao,1.47,"34.93MiB / 512MiB",6.82
2026-09-22T03:21:31.366Z,chirpstack,0.35,"42.5MiB / 1.922GiB",2.16
2026-09-22T03:21:31.366Z,spilo,3.21,"322MiB / 1.922GiB",16.36
2026-09-22T03:21:31.366Z,etcd,1.06,"46.82MiB / 1.922GiB",2.38
2026-09-22T03:21:38.624Z,lorawan-gateway-evidence-fabric-adapter-1,0.27,"10.3MiB / 192MiB",5.37
2026-09-22T03:21:38.624Z,lorawan-gateway-evidence-ingest-1,0.00,"13MiB / 192MiB",6.77
2026-09-22T03:21:38.624Z,lorawan-gateway-evidence-collector-1,0.29,"12.37MiB / 192MiB",6.44
2026-09-22T03:21:38.624Z,seaweedfs,6.13,"180.4MiB / 256MiB",70.48
2026-09-22T03:21:38.624Z,seaweedfs-metadata-etcd,11.40,"77.59MiB / 96MiB",80.82
2026-09-22T03:21:38.624Z,openbao,1.75,"34.93MiB / 512MiB",6.82
2026-09-22T03:21:38.624Z,chirpstack,0.42,"42.5MiB / 1.922GiB",2.16
2026-09-22T03:21:38.624Z,spilo,3.22,"322MiB / 1.922GiB",16.36
2026-09-22T03:21:38.624Z,etcd,1.09,"46.82MiB / 1.922GiB",2.38
2026-09-22T03:21:45.990Z,lorawan-gateway-evidence-fabric-adapter-1,0.00,"10.31MiB / 192MiB",5.37
2026-09-22T03:21:45.990Z,lorawan-gateway-evidence-ingest-1,0.00,"13MiB / 192MiB",6.77
2026-09-22T03:21:45.990Z,lorawan-gateway-evidence-collector-1,0.93,"12.37MiB / 192MiB",6.44
2026-09-22T03:21:45.990Z,seaweedfs,9.32,"180.7MiB / 256MiB",70.59
2026-09-22T03:21:45.990Z,seaweedfs-metadata-etcd,13.61,"77.59MiB / 96MiB",80.82
2026-09-22T03:21:45.990Z,openbao,2.33,"34.93MiB / 512MiB",6.82
2026-09-22T03:21:45.990Z,chirpstack,0.36,"42.5MiB / 1.922GiB",2.16
2026-09-22T03:21:45.990Z,spilo,2.67,"322.1MiB / 1.922GiB",16.36
2026-09-22T03:21:45.990Z,etcd,1.31,"46.82MiB / 1.922GiB",2.38
2026-09-22T03:21:53.295Z,lorawan-gateway-evidence-fabric-adapter-1,0.00,"10.32MiB / 192MiB",5.38
2026-09-22T03:21:53.295Z,lorawan-gateway-evidence-ingest-1,0.00,"13MiB / 192MiB",6.77
2026-09-22T03:21:53.295Z,lorawan-gateway-evidence-collector-1,0.30,"12.37MiB / 192MiB",6.44
2026-09-22T03:21:53.295Z,seaweedfs,9.50,"180.5MiB / 256MiB",70.51
2026-09-22T03:21:53.295Z,seaweedfs-metadata-etcd,15.68,"77.59MiB / 96MiB",80.83
2026-09-22T03:21:53.295Z,openbao,1.60,"34.93MiB / 512MiB",6.82
2026-09-22T03:21:53.295Z,chirpstack,0.36,"42.5MiB / 1.922GiB",2.16
2026-09-22T03:21:53.295Z,spilo,3.44,"322.1MiB / 1.922GiB",16.36
2026-09-22T03:21:53.295Z,etcd,0.76,"46.82MiB / 1.922GiB",2.38
2026-09-22T03:22:00.635Z,lorawan-gateway-evidence-fabric-adapter-1,3.08,"10.35MiB / 192MiB",5.39
2026-09-22T03:22:00.635Z,lorawan-gateway-evidence-ingest-1,0.00,"13MiB / 192MiB",6.77
2026-09-22T03:22:00.635Z,lorawan-gateway-evidence-collector-1,0.77,"12.37MiB / 192MiB",6.44
2026-09-22T03:22:00.635Z,seaweedfs,12.64,"180.5MiB / 256MiB",70.52
2026-09-22T03:22:00.635Z,seaweedfs-metadata-etcd,18.63,"77.59MiB / 96MiB",80.82
2026-09-22T03:22:00.635Z,openbao,2.41,"34.93MiB / 512MiB",6.82
2026-09-22T03:22:00.635Z,chirpstack,0.64,"42.5MiB / 1.922GiB",2.16
2026-09-22T03:22:00.635Z,spilo,8.79,"322.1MiB / 1.922GiB",16.36
2026-09-22T03:22:00.635Z,etcd,1.20,"46.82MiB / 1.922GiB",2.38
2026-09-22T03:22:08.171Z,lorawan-gateway-evidence-fabric-adapter-1,0.14,"10.35MiB / 192MiB",5.39
2026-09-22T03:22:08.171Z,lorawan-gateway-evidence-ingest-1,0.00,"13MiB / 192MiB",6.77
2026-09-22T03:22:08.171Z,lorawan-gateway-evidence-collector-1,0.35,"12.37MiB / 192MiB",6.44
2026-09-22T03:22:08.171Z,seaweedfs,9.80,"180.5MiB / 256MiB",70.52
2026-09-22T03:22:08.171Z,seaweedfs-metadata-etcd,13.51,"77.61MiB / 96MiB",80.85
2026-09-22T03:22:08.171Z,openbao,1.58,"34.93MiB / 512MiB",6.82
2026-09-22T03:22:08.171Z,chirpstack,0.28,"42.5MiB / 1.922GiB",2.16
2026-09-22T03:22:08.171Z,spilo,3.03,"322.1MiB / 1.922GiB",16.36
2026-09-22T03:22:08.171Z,etcd,0.67,"46.82MiB / 1.922GiB",2.38
2026-09-22T03:22:15.635Z,lorawan-gateway-evidence-fabric-adapter-1,0.00,"10.35MiB / 192MiB",5.39
2026-09-22T03:22:15.635Z,lorawan-gateway-evidence-ingest-1,0.00,"13MiB / 192MiB",6.77
2026-09-22T03:22:15.635Z,lorawan-gateway-evidence-collector-1,0.36,"12.37MiB / 192MiB",6.44
2026-09-22T03:22:15.635Z,seaweedfs,8.52,"182MiB / 256MiB",71.08
2026-09-22T03:22:15.635Z,seaweedfs-metadata-etcd,13.68,"77.62MiB / 96MiB",80.86
2026-09-22T03:22:15.635Z,openbao,1.33,"34.93MiB / 512MiB",6.82
2026-09-22T03:22:15.635Z,chirpstack,0.31,"42.5MiB / 1.922GiB",2.16
2026-09-22T03:22:15.635Z,spilo,3.09,"322.1MiB / 1.922GiB",16.37
2026-09-22T03:22:15.635Z,etcd,1.48,"46.82MiB / 1.922GiB",2.38
2026-09-22T03:22:22.947Z,lorawan-gateway-evidence-fabric-adapter-1,0.10,"10.35MiB / 192MiB",5.39
2026-09-22T03:22:22.947Z,lorawan-gateway-evidence-ingest-1,0.00,"13MiB / 192MiB",6.77
2026-09-22T03:22:22.947Z,lorawan-gateway-evidence-collector-1,0.34,"12.37MiB / 192MiB",6.44
2026-09-22T03:22:22.947Z,seaweedfs,8.62,"182.3MiB / 256MiB",71.23
2026-09-22T03:22:22.947Z,seaweedfs-metadata-etcd,11.74,"77.62MiB / 96MiB",80.86
2026-09-22T03:22:22.947Z,openbao,1.54,"34.93MiB / 512MiB",6.82
2026-09-22T03:22:22.947Z,chirpstack,0.31,"42.5MiB / 1.922GiB",2.16
2026-09-22T03:22:22.947Z,spilo,1.87,"322.1MiB / 1.922GiB",16.37
2026-09-22T03:22:22.947Z,etcd,1.21,"46.82MiB / 1.922GiB",2.38
2026-09-22T03:22:30.288Z,lorawan-gateway-evidence-fabric-adapter-1,0.08,"10.35MiB / 192MiB",5.39
2026-09-22T03:22:30.288Z,lorawan-gateway-evidence-ingest-1,0.00,"13MiB / 192MiB",6.77
2026-09-22T03:22:30.288Z,lorawan-gateway-evidence-collector-1,0.35,"12.37MiB / 192MiB",6.44
2026-09-22T03:22:30.288Z,seaweedfs,7.83,"179.6MiB / 256MiB",70.17
2026-09-22T03:22:30.288Z,seaweedfs-metadata-etcd,13.38,"77.62MiB / 96MiB",80.86
2026-09-22T03:22:30.288Z,openbao,1.71,"34.93MiB / 512MiB",6.82
2026-09-22T03:22:30.288Z,chirpstack,0.28,"42.5MiB / 1.922GiB",2.16
2026-09-22T03:22:30.288Z,spilo,4.10,"322.4MiB / 1.922GiB",16.38
2026-09-22T03:22:30.288Z,etcd,0.86,"46.82MiB / 1.922GiB",2.38
2026-09-22T03:22:37.780Z,lorawan-gateway-evidence-fabric-adapter-1,0.00,"10.36MiB / 192MiB",5.39
2026-09-22T03:22:37.780Z,lorawan-gateway-evidence-ingest-1,0.00,"13MiB / 192MiB",6.77
2026-09-22T03:22:37.780Z,lorawan-gateway-evidence-collector-1,0.35,"12.37MiB / 192MiB",6.44
2026-09-22T03:22:37.780Z,seaweedfs,0.95,"179.6MiB / 256MiB",70.16
2026-09-22T03:22:37.780Z,seaweedfs-metadata-etcd,1.43,"77.61MiB / 96MiB",80.85
2026-09-22T03:22:37.780Z,openbao,1.71,"34.93MiB / 512MiB",6.82
2026-09-22T03:22:37.780Z,chirpstack,0.37,"42.5MiB / 1.922GiB",2.16
2026-09-22T03:22:37.780Z,spilo,4.82,"322.4MiB / 1.922GiB",16.38
2026-09-22T03:22:37.780Z,etcd,1.00,"46.82MiB / 1.922GiB",2.38
2026-09-22T03:22:45.064Z,lorawan-gateway-evidence-fabric-adapter-1,0.00,"10.36MiB / 192MiB",5.39
2026-09-22T03:22:45.064Z,lorawan-gateway-evidence-ingest-1,0.00,"13MiB / 192MiB",6.77
2026-09-22T03:22:45.064Z,lorawan-gateway-evidence-collector-1,0.35,"12.37MiB / 192MiB",6.44
2026-09-22T03:22:45.064Z,seaweedfs,0.99,"179.6MiB / 256MiB",70.16
2026-09-22T03:22:45.064Z,seaweedfs-metadata-etcd,1.25,"77.61MiB / 96MiB",80.85
2026-09-22T03:22:45.064Z,openbao,1.95,"34.93MiB / 512MiB",6.82
2026-09-22T03:22:45.064Z,chirpstack,0.33,"42.5MiB / 1.922GiB",2.16
2026-09-22T03:22:45.064Z,spilo,4.88,"322.4MiB / 1.922GiB",16.38
2026-09-22T03:22:45.064Z,etcd,0.85,"46.82MiB / 1.922GiB",2.38
2026-09-22T03:22:52.325Z,lorawan-gateway-evidence-fabric-adapter-1,0.08,"10.36MiB / 192MiB",5.39
2026-09-22T03:22:52.325Z,lorawan-gateway-evidence-ingest-1,0.00,"13MiB / 192MiB",6.77
2026-09-22T03:22:52.325Z,lorawan-gateway-evidence-collector-1,0.34,"12.37MiB / 192MiB",6.44
2026-09-22T03:22:52.325Z,seaweedfs,0.97,"179.7MiB / 256MiB",70.18
2026-09-22T03:22:52.325Z,seaweedfs-metadata-etcd,1.56,"77.61MiB / 96MiB",80.85
2026-09-22T03:22:52.325Z,openbao,1.69,"34.93MiB / 512MiB",6.82
2026-09-22T03:22:52.325Z,chirpstack,0.31,"42.5MiB / 1.922GiB",2.16
2026-09-22T03:22:52.325Z,spilo,4.56,"322.1MiB / 1.922GiB",16.37
2026-09-22T03:22:52.325Z,etcd,0.91,"46.82MiB / 1.922GiB",2.38
2026-09-22T03:22:59.673Z,lorawan-gateway-evidence-fabric-adapter-1,0.00,"10.36MiB / 192MiB",5.39
2026-09-22T03:22:59.673Z,lorawan-gateway-evidence-ingest-1,0.00,"13MiB / 192MiB",6.77
2026-09-22T03:22:59.673Z,lorawan-gateway-evidence-collector-1,0.46,"12.37MiB / 192MiB",6.44
2026-09-22T03:22:59.673Z,seaweedfs,8.58,"179.7MiB / 256MiB",70.20
2026-09-22T03:22:59.673Z,seaweedfs-metadata-etcd,17.28,"77.62MiB / 96MiB",80.85
2026-09-22T03:22:59.673Z,openbao,3.26,"34.93MiB / 512MiB",6.82
2026-09-22T03:22:59.673Z,chirpstack,0.68,"42.5MiB / 1.922GiB",2.16
2026-09-22T03:22:59.673Z,spilo,10.15,"322.1MiB / 1.922GiB",16.37
2026-09-22T03:22:59.673Z,etcd,1.26,"46.82MiB / 1.922GiB",2.38
