timestamp_utc,container,cpu_percent,memory_usage,memory_percent
2026-09-22T02:52:50.151Z,lorawan-gateway-evidence-ingest-1,0.00,"3.641MiB / 192MiB",1.90
2026-09-22T02:52:50.151Z,lorawan-gateway-evidence-fabric-adapter-1,0.00,"3.84MiB / 192MiB",2.00
2026-09-22T02:52:50.151Z,lorawan-gateway-evidence-verifier-1,0.10,"13.14MiB / 192MiB",6.84
2026-09-22T02:52:50.151Z,seaweedfs,5.63,"157.7MiB / 256MiB",61.60
2026-09-22T02:52:50.151Z,seaweedfs-metadata-etcd,7.92,"77.4MiB / 96MiB",80.63
2026-09-22T02:52:50.151Z,openbao,1.97,"54.33MiB / 512MiB",10.61
2026-09-22T02:52:50.151Z,chirpstack,0.30,"45.34MiB / 1.922GiB",2.30
2026-09-22T02:52:50.151Z,spilo,1.26,"261MiB / 1.922GiB",13.26
2026-09-22T02:52:50.151Z,etcd,0.88,"47.93MiB / 1.922GiB",2.44
2026-09-22T02:52:57.466Z,lorawan-gateway-evidence-ingest-1,0.00,"3.641MiB / 192MiB",1.90
2026-09-22T02:52:57.466Z,lorawan-gateway-evidence-fabric-adapter-1,0.00,"3.84MiB / 192MiB",2.00
2026-09-22T02:52:57.466Z,lorawan-gateway-evidence-verifier-1,4.05,"12.7MiB / 192MiB",6.61
2026-09-22T02:52:57.466Z,seaweedfs,9.63,"158MiB / 256MiB",61.74
2026-09-22T02:52:57.466Z,seaweedfs-metadata-etcd,4.45,"77.4MiB / 96MiB",80.62
2026-09-22T02:52:57.466Z,openbao,2.44,"54.33MiB / 512MiB",10.61
2026-09-22T02:52:57.466Z,chirpstack,0.26,"45.34MiB / 1.922GiB",2.30
2026-09-22T02:52:57.466Z,spilo,1.20,"261MiB / 1.922GiB",13.26
2026-09-22T02:52:57.466Z,etcd,0.75,"47.93MiB / 1.922GiB",2.44
2026-09-22T02:53:04.894Z,lorawan-gateway-evidence-ingest-1,0.00,"3.641MiB / 192MiB",1.90
2026-09-22T02:53:04.894Z,lorawan-gateway-evidence-fabric-adapter-1,0.00,"3.84MiB / 192MiB",2.00
2026-09-22T02:53:04.894Z,lorawan-gateway-evidence-verifier-1,13.79,"13.01MiB / 192MiB",6.77
2026-09-22T02:53:04.894Z,seaweedfs,25.31,"158.3MiB / 256MiB",61.84
2026-09-22T02:53:04.894Z,seaweedfs-metadata-etcd,11.61,"77.41MiB / 96MiB",80.63
2026-09-22T02:53:04.894Z,openbao,2.95,"54.33MiB / 512MiB",10.61
2026-09-22T02:53:04.894Z,chirpstack,0.39,"45.35MiB / 1.922GiB",2.30
2026-09-22T02:53:04.894Z,spilo,2.56,"261MiB / 1.922GiB",13.26
2026-09-22T02:53:04.894Z,etcd,0.98,"47.94MiB / 1.922GiB",2.44
2026-09-22T02:53:12.470Z,lorawan-gateway-evidence-ingest-1,0.00,"3.641MiB / 192MiB",1.90
2026-09-22T02:53:12.470Z,lorawan-gateway-evidence-fabric-adapter-1,0.00,"3.84MiB / 192MiB",2.00
2026-09-22T02:53:12.470Z,lorawan-gateway-evidence-verifier-1,13.40,"12.95MiB / 192MiB",6.74
2026-09-22T02:53:12.470Z,seaweedfs,25.60,"158.2MiB / 256MiB",61.78
2026-09-22T02:53:12.470Z,seaweedfs-metadata-etcd,11.69,"77.41MiB / 96MiB",80.64
2026-09-22T02:53:12.470Z,openbao,2.02,"54.33MiB / 512MiB",10.61
2026-09-22T02:53:12.470Z,chirpstack,0.36,"45.35MiB / 1.922GiB",2.30
2026-09-22T02:53:12.470Z,spilo,1.38,"260.9MiB / 1.922GiB",13.26
2026-09-22T02:53:12.470Z,etcd,0.92,"47.93MiB / 1.922GiB",2.44
2026-09-22T02:53:19.829Z,lorawan-gateway-evidence-ingest-1,0.00,"3.641MiB / 192MiB",1.90
2026-09-22T02:53:19.829Z,lorawan-gateway-evidence-fabric-adapter-1,0.00,"3.84MiB / 192MiB",2.00
2026-09-22T02:53:19.829Z,lorawan-gateway-evidence-verifier-1,13.10,"12.89MiB / 192MiB",6.71
2026-09-22T02:53:19.829Z,seaweedfs,22.59,"158MiB / 256MiB",61.73
2026-09-22T02:53:19.829Z,seaweedfs-metadata-etcd,10.41,"77.41MiB / 96MiB",80.64
2026-09-22T02:53:19.829Z,openbao,2.56,"54.33MiB / 512MiB",10.61
2026-09-22T02:53:19.829Z,chirpstack,0.25,"45.35MiB / 1.922GiB",2.30
2026-09-22T02:53:19.829Z,spilo,0.91,"260.9MiB / 1.922GiB",13.26
2026-09-22T02:53:19.829Z,etcd,0.72,"47.93MiB / 1.922GiB",2.44
2026-09-22T02:53:27.314Z,lorawan-gateway-evidence-ingest-1,0.00,"3.641MiB / 192MiB",1.90
2026-09-22T02:53:27.314Z,lorawan-gateway-evidence-fabric-adapter-1,0.00,"3.84MiB / 192MiB",2.00
2026-09-22T02:53:27.314Z,lorawan-gateway-evidence-verifier-1,0.00,"13.14MiB / 192MiB",6.84
2026-09-22T02:53:27.314Z,seaweedfs,5.18,"158.3MiB / 256MiB",61.85
2026-09-22T02:53:27.314Z,seaweedfs-metadata-etcd,6.95,"77.41MiB / 96MiB",80.63
2026-09-22T02:53:27.314Z,openbao,2.42,"54.33MiB / 512MiB",10.61
2026-09-22T02:53:27.314Z,chirpstack,0.26,"45.35MiB / 1.922GiB",2.30
2026-09-22T02:53:27.314Z,spilo,0.80,"260.9MiB / 1.922GiB",13.26
2026-09-22T02:53:27.314Z,etcd,1.02,"47.93MiB / 1.922GiB",2.44
2026-09-22T02:53:34.656Z,lorawan-gateway-evidence-ingest-1,0.00,"3.641MiB / 192MiB",1.90
2026-09-22T02:53:34.656Z,lorawan-gateway-evidence-fabric-adapter-1,0.00,"3.84MiB / 192MiB",2.00
2026-09-22T02:53:34.656Z,lorawan-gateway-evidence-verifier-1,0.00,"12.89MiB / 192MiB",6.71
2026-09-22T02:53:34.656Z,seaweedfs,0.39,"162.4MiB / 256MiB",63.45
2026-09-22T02:53:34.656Z,seaweedfs-metadata-etcd,1.26,"77.4MiB / 96MiB",80.63
2026-09-22T02:53:34.656Z,openbao,2.40,"54.33MiB / 512MiB",10.61
2026-09-22T02:53:34.656Z,chirpstack,0.28,"45.35MiB / 1.922GiB",2.30
2026-09-22T02:53:34.656Z,spilo,1.85,"260.9MiB / 1.922GiB",13.26
2026-09-22T02:53:34.656Z,etcd,1.13,"47.93MiB / 1.922GiB",2.44
2026-09-22T02:53:41.878Z,lorawan-gateway-evidence-ingest-1,0.00,"3.641MiB / 192MiB",1.90
2026-09-22T02:53:41.878Z,lorawan-gateway-evidence-fabric-adapter-1,0.00,"3.84MiB / 192MiB",2.00
2026-09-22T02:53:41.878Z,lorawan-gateway-evidence-verifier-1,0.09,"13.09MiB / 192MiB",6.82
2026-09-22T02:53:41.878Z,seaweedfs,0.51,"157.6MiB / 256MiB",61.56
2026-09-22T02:53:41.878Z,seaweedfs-metadata-etcd,1.30,"77.4MiB / 96MiB",80.63
2026-09-22T02:53:41.878Z,openbao,2.62,"54.33MiB / 512MiB",10.61
2026-09-22T02:53:41.878Z,chirpstack,0.27,"45.35MiB / 1.922GiB",2.30
2026-09-22T02:53:41.878Z,spilo,1.57,"260.9MiB / 1.922GiB",13.26
2026-09-22T02:53:41.878Z,etcd,0.77,"47.93MiB / 1.922GiB",2.44
2026-09-22T02:53:49.217Z,lorawan-gateway-evidence-ingest-1,0.00,"3.641MiB / 192MiB",1.90
2026-09-22T02:53:49.217Z,lorawan-gateway-evidence-fabric-adapter-1,0.00,"3.84MiB / 192MiB",2.00
2026-09-22T02:53:49.217Z,lorawan-gateway-evidence-verifier-1,13.36,"13.04MiB / 192MiB",6.79
2026-09-22T02:53:49.217Z,seaweedfs,25.46,"158.1MiB / 256MiB",61.77
2026-09-22T02:53:49.217Z,seaweedfs-metadata-etcd,11.30,"78.01MiB / 96MiB",81.26
2026-09-22T02:53:49.217Z,openbao,2.13,"54.33MiB / 512MiB",10.61
2026-09-22T02:53:49.217Z,chirpstack,0.26,"45.35MiB / 1.922GiB",2.30
2026-09-22T02:53:49.217Z,spilo,1.16,"260.9MiB / 1.922GiB",13.26
2026-09-22T02:53:49.217Z,etcd,0.72,"47.93MiB / 1.922GiB",2.44
2026-09-22T02:53:56.648Z,lorawan-gateway-evidence-ingest-1,0.00,"3.641MiB / 192MiB",1.90
2026-09-22T02:53:56.648Z,lorawan-gateway-evidence-fabric-adapter-1,0.00,"3.84MiB / 192MiB",2.00
2026-09-22T02:53:56.648Z,lorawan-gateway-evidence-verifier-1,15.04,"12.33MiB / 192MiB",6.42
2026-09-22T02:53:56.648Z,seaweedfs,25.80,"158.1MiB / 256MiB",61.75
2026-09-22T02:53:56.648Z,seaweedfs-metadata-etcd,12.71,"78.02MiB / 96MiB",81.27
2026-09-22T02:53:56.648Z,openbao,1.93,"54.33MiB / 512MiB",10.61
2026-09-22T02:53:56.648Z,chirpstack,0.31,"45.35MiB / 1.922GiB",2.30
2026-09-22T02:53:56.648Z,spilo,1.59,"260.9MiB / 1.922GiB",13.26
2026-09-22T02:53:56.648Z,etcd,0.75,"47.93MiB / 1.922GiB",2.44
2026-09-22T02:54:04.024Z,lorawan-gateway-evidence-ingest-1,0.00,"3.641MiB / 192MiB",1.90
2026-09-22T02:54:04.024Z,lorawan-gateway-evidence-fabric-adapter-1,0.00,"3.84MiB / 192MiB",2.00
2026-09-22T02:54:04.024Z,lorawan-gateway-evidence-verifier-1,13.27,"13.14MiB / 192MiB",6.84
2026-09-22T02:54:04.024Z,seaweedfs,26.03,"158MiB / 256MiB",61.71
2026-09-22T02:54:04.024Z,seaweedfs-metadata-etcd,11.66,"78.01MiB / 96MiB",81.26
2026-09-22T02:54:04.024Z,openbao,2.53,"54.33MiB / 512MiB",10.61
2026-09-22T02:54:04.024Z,chirpstack,0.33,"45.36MiB / 1.922GiB",2.31
2026-09-22T02:54:04.024Z,spilo,1.17,"260.9MiB / 1.922GiB",13.26
2026-09-22T02:54:04.024Z,etcd,1.04,"47.93MiB / 1.922GiB",2.44
2026-09-22T02:54:11.433Z,lorawan-gateway-evidence-ingest-1,0.00,"3.641MiB / 192MiB",1.90
2026-09-22T02:54:11.433Z,lorawan-gateway-evidence-fabric-adapter-1,0.00,"3.84MiB / 192MiB",2.00
2026-09-22T02:54:11.433Z,lorawan-gateway-evidence-verifier-1,15.13,"13.12MiB / 192MiB",6.83
2026-09-22T02:54:11.433Z,seaweedfs,26.33,"158MiB / 256MiB",61.71
2026-09-22T02:54:11.433Z,seaweedfs-metadata-etcd,11.11,"78.01MiB / 96MiB",81.26
2026-09-22T02:54:11.433Z,openbao,2.25,"54.33MiB / 512MiB",10.61
2026-09-22T02:54:11.433Z,chirpstack,0.36,"45.36MiB / 1.922GiB",2.31
2026-09-22T02:54:11.433Z,spilo,1.26,"260.9MiB / 1.922GiB",13.26
2026-09-22T02:54:11.433Z,etcd,0.84,"47.93MiB / 1.922GiB",2.44
2026-09-22T02:54:18.747Z,lorawan-gateway-evidence-ingest-1,0.00,"3.641MiB / 192MiB",1.90
2026-09-22T02:54:18.747Z,lorawan-gateway-evidence-fabric-adapter-1,0.00,"3.84MiB / 192MiB",2.00
2026-09-22T02:54:18.747Z,lorawan-gateway-evidence-verifier-1,4.52,"13.14MiB / 192MiB",6.84
2026-09-22T02:54:18.747Z,seaweedfs,10.81,"158.1MiB / 256MiB",61.74
2026-09-22T02:54:18.747Z,seaweedfs-metadata-etcd,8.83,"78.01MiB / 96MiB",81.26
2026-09-22T02:54:18.747Z,openbao,2.31,"54.33MiB / 512MiB",10.61
2026-09-22T02:54:18.747Z,chirpstack,0.33,"45.36MiB / 1.922GiB",2.31
2026-09-22T02:54:18.747Z,spilo,1.24,"260.9MiB / 1.922GiB",13.26
2026-09-22T02:54:18.747Z,etcd,1.10,"47.93MiB / 1.922GiB",2.44
2026-09-22T02:54:26.124Z,lorawan-gateway-evidence-ingest-1,0.00,"3.641MiB / 192MiB",1.90
2026-09-22T02:54:26.124Z,lorawan-gateway-evidence-fabric-adapter-1,0.00,"3.84MiB / 192MiB",2.00
2026-09-22T02:54:26.124Z,lorawan-gateway-evidence-verifier-1,13.57,"13.14MiB / 192MiB",6.84
2026-09-22T02:54:26.124Z,seaweedfs,28.23,"157.8MiB / 256MiB",61.66
2026-09-22T02:54:26.124Z,seaweedfs-metadata-etcd,11.92,"78.02MiB / 96MiB",81.27
2026-09-22T02:54:26.124Z,openbao,1.92,"54.33MiB / 512MiB",10.61
2026-09-22T02:54:26.124Z,chirpstack,0.34,"45.36MiB / 1.922GiB",2.31
2026-09-22T02:54:26.124Z,spilo,1.63,"260.9MiB / 1.922GiB",13.26
2026-09-22T02:54:26.124Z,etcd,1.25,"47.93MiB / 1.922GiB",2.44
2026-09-22T02:54:33.597Z,lorawan-gateway-evidence-ingest-1,0.00,"3.641MiB / 192MiB",1.90
2026-09-22T02:54:33.597Z,lorawan-gateway-evidence-fabric-adapter-1,0.00,"3.84MiB / 192MiB",2.00
2026-09-22T02:54:33.597Z,lorawan-gateway-evidence-verifier-1,14.23,"13.02MiB / 192MiB",6.78
2026-09-22T02:54:33.597Z,seaweedfs,26.22,"159MiB / 256MiB",62.10
2026-09-22T02:54:33.597Z,seaweedfs-metadata-etcd,10.90,"78.01MiB / 96MiB",81.26
2026-09-22T02:54:33.597Z,openbao,2.11,"54.33MiB / 512MiB",10.61
2026-09-22T02:54:33.597Z,chirpstack,0.25,"45.36MiB / 1.922GiB",2.31
2026-09-22T02:54:33.597Z,spilo,1.08,"261.4MiB / 1.922GiB",13.28
2026-09-22T02:54:33.597Z,etcd,0.98,"47.92MiB / 1.922GiB",2.43
2026-09-22T02:54:41.035Z,lorawan-gateway-evidence-ingest-1,0.00,"3.641MiB / 192MiB",1.90
2026-09-22T02:54:41.035Z,lorawan-gateway-evidence-fabric-adapter-1,0.00,"3.84MiB / 192MiB",2.00
2026-09-22T02:54:41.035Z,lorawan-gateway-evidence-verifier-1,13.97,"13.14MiB / 192MiB",6.84
2026-09-22T02:54:41.035Z,seaweedfs,23.42,"158.1MiB / 256MiB",61.77
2026-09-22T02:54:41.035Z,seaweedfs-metadata-etcd,11.90,"78.03MiB / 96MiB",81.28
2026-09-22T02:54:41.035Z,openbao,2.06,"54.33MiB / 512MiB",10.61
2026-09-22T02:54:41.035Z,chirpstack,0.29,"45.36MiB / 1.922GiB",2.31
2026-09-22T02:54:41.035Z,spilo,1.05,"261.4MiB / 1.922GiB",13.28
2026-09-22T02:54:41.035Z,etcd,0.74,"47.92MiB / 1.922GiB",2.43
2026-09-22T02:54:48.444Z,lorawan-gateway-evidence-ingest-1,0.00,"3.641MiB / 192MiB",1.90
2026-09-22T02:54:48.444Z,lorawan-gateway-evidence-fabric-adapter-1,0.00,"3.84MiB / 192MiB",2.00
2026-09-22T02:54:48.444Z,lorawan-gateway-evidence-verifier-1,15.92,"12.45MiB / 192MiB",6.49
2026-09-22T02:54:48.444Z,seaweedfs,28.13,"158.3MiB / 256MiB",61.84
2026-09-22T02:54:48.444Z,seaweedfs-metadata-etcd,12.06,"78.03MiB / 96MiB",81.28
2026-09-22T02:54:48.444Z,openbao,1.68,"54.33MiB / 512MiB",10.61
2026-09-22T02:54:48.444Z,chirpstack,0.24,"45.36MiB / 1.922GiB",2.31
2026-09-22T02:54:48.444Z,spilo,1.11,"261.4MiB / 1.922GiB",13.28
2026-09-22T02:54:48.444Z,etcd,0.63,"47.92MiB / 1.922GiB",2.43
2026-09-22T02:54:55.878Z,lorawan-gateway-evidence-ingest-1,0.00,"3.641MiB / 192MiB",1.90
2026-09-22T02:54:55.878Z,lorawan-gateway-evidence-fabric-adapter-1,0.00,"3.84MiB / 192MiB",2.00
2026-09-22T02:54:55.878Z,lorawan-gateway-evidence-verifier-1,15.68,"13.14MiB / 192MiB",6.85
2026-09-22T02:54:55.878Z,seaweedfs,25.89,"158.4MiB / 256MiB",61.89
2026-09-22T02:54:55.878Z,seaweedfs-metadata-etcd,10.69,"78.04MiB / 96MiB",81.29
2026-09-22T02:54:55.878Z,openbao,2.31,"54.34MiB / 512MiB",10.61
2026-09-22T02:54:55.878Z,chirpstack,0.41,"45.35MiB / 1.922GiB",2.30
2026-09-22T02:54:55.878Z,spilo,1.00,"261.4MiB / 1.922GiB",13.28
2026-09-22T02:54:55.878Z,etcd,2.21,"47.92MiB / 1.922GiB",2.43
2026-09-22T02:55:03.263Z,lorawan-gateway-evidence-ingest-1,0.00,"3.641MiB / 192MiB",1.90
2026-09-22T02:55:03.263Z,lorawan-gateway-evidence-fabric-adapter-1,0.00,"3.84MiB / 192MiB",2.00
2026-09-22T02:55:03.263Z,lorawan-gateway-evidence-verifier-1,7.01,"13.12MiB / 192MiB",6.83
2026-09-22T02:55:03.263Z,seaweedfs,12.99,"158.3MiB / 256MiB",61.83
2026-09-22T02:55:03.263Z,seaweedfs-metadata-etcd,8.37,"78.03MiB / 96MiB",81.28
2026-09-22T02:55:03.263Z,openbao,3.59,"54.34MiB / 512MiB",10.61
2026-09-22T02:55:03.263Z,chirpstack,0.40,"45.36MiB / 1.922GiB",2.31
2026-09-22T02:55:03.263Z,spilo,1.10,"261.4MiB / 1.922GiB",13.28
2026-09-22T02:55:03.263Z,etcd,0.84,"47.92MiB / 1.922GiB",2.43
2026-09-22T02:55:10.953Z,lorawan-gateway-evidence-ingest-1,0.00,"3.641MiB / 192MiB",1.90
2026-09-22T02:55:10.953Z,lorawan-gateway-evidence-fabric-adapter-1,0.00,"3.84MiB / 192MiB",2.00
2026-09-22T02:55:10.953Z,lorawan-gateway-evidence-verifier-1,21.23,"13.42MiB / 192MiB",6.99
2026-09-22T02:55:10.953Z,seaweedfs,16.38,"158.4MiB / 256MiB",61.88
2026-09-22T02:55:10.953Z,seaweedfs-metadata-etcd,9.71,"78.03MiB / 96MiB",81.28
2026-09-22T02:55:10.953Z,openbao,1.84,"54.69MiB / 512MiB",10.68
2026-09-22T02:55:10.953Z,chirpstack,0.33,"45.36MiB / 1.922GiB",2.31
2026-09-22T02:55:10.953Z,spilo,1.03,"261.4MiB / 1.922GiB",13.28
2026-09-22T02:55:10.953Z,etcd,1.34,"47.92MiB / 1.922GiB",2.43
2026-09-22T02:55:18.398Z,lorawan-gateway-evidence-ingest-1,0.00,"3.641MiB / 192MiB",1.90
2026-09-22T02:55:18.398Z,lorawan-gateway-evidence-fabric-adapter-1,0.00,"3.84MiB / 192MiB",2.00
2026-09-22T02:55:18.398Z,lorawan-gateway-evidence-verifier-1,21.04,"13.36MiB / 192MiB",6.96
2026-09-22T02:55:18.398Z,seaweedfs,19.76,"158.4MiB / 256MiB",61.89
2026-09-22T02:55:18.398Z,seaweedfs-metadata-etcd,10.07,"78.03MiB / 96MiB",81.28
2026-09-22T02:55:18.398Z,openbao,3.01,"54.7MiB / 512MiB",10.68
2026-09-22T02:55:18.398Z,chirpstack,0.41,"45.35MiB / 1.922GiB",2.30
2026-09-22T02:55:18.398Z,spilo,1.75,"261.4MiB / 1.922GiB",13.28
2026-09-22T02:55:18.398Z,etcd,0.97,"47.92MiB / 1.922GiB",2.43
2026-09-22T02:55:25.848Z,lorawan-gateway-evidence-ingest-1,0.00,"3.641MiB / 192MiB",1.90
2026-09-22T02:55:25.848Z,lorawan-gateway-evidence-fabric-adapter-1,0.00,"3.84MiB / 192MiB",2.00
2026-09-22T02:55:25.848Z,lorawan-gateway-evidence-verifier-1,21.31,"13.29MiB / 192MiB",6.92
2026-09-22T02:55:25.848Z,seaweedfs,15.38,"158MiB / 256MiB",61.71
2026-09-22T02:55:25.848Z,seaweedfs-metadata-etcd,9.42,"78.03MiB / 96MiB",81.28
2026-09-22T02:55:25.848Z,openbao,2.50,"54.7MiB / 512MiB",10.68
2026-09-22T02:55:25.848Z,chirpstack,0.28,"45.35MiB / 1.922GiB",2.30
2026-09-22T02:55:25.848Z,spilo,0.85,"261.4MiB / 1.922GiB",13.28
2026-09-22T02:55:25.848Z,etcd,2.28,"47.92MiB / 1.922GiB",2.43
2026-09-22T02:55:33.310Z,lorawan-gateway-evidence-ingest-1,0.00,"3.641MiB / 192MiB",1.90
2026-09-22T02:55:33.310Z,lorawan-gateway-evidence-fabric-adapter-1,0.00,"3.84MiB / 192MiB",2.00
2026-09-22T02:55:33.310Z,lorawan-gateway-evidence-verifier-1,12.43,"13.52MiB / 192MiB",7.04
2026-09-22T02:55:33.310Z,seaweedfs,23.34,"162.8MiB / 256MiB",63.60
2026-09-22T02:55:33.310Z,seaweedfs-metadata-etcd,9.90,"78.03MiB / 96MiB",81.28
2026-09-22T02:55:33.310Z,openbao,2.31,"54.7MiB / 512MiB",10.68
2026-09-22T02:55:33.310Z,chirpstack,0.36,"45.35MiB / 1.922GiB",2.30
2026-09-22T02:55:33.310Z,spilo,1.73,"261.4MiB / 1.922GiB",13.28
2026-09-22T02:55:33.310Z,etcd,0.75,"47.92MiB / 1.922GiB",2.43
2026-09-22T02:55:40.677Z,lorawan-gateway-evidence-ingest-1,0.00,"3.641MiB / 192MiB",1.90
2026-09-22T02:55:40.677Z,lorawan-gateway-evidence-fabric-adapter-1,0.00,"3.84MiB / 192MiB",2.00
2026-09-22T02:55:40.677Z,lorawan-gateway-evidence-verifier-1,14.06,"13.31MiB / 192MiB",6.93
2026-09-22T02:55:40.677Z,seaweedfs,21.94,"156.3MiB / 256MiB",61.05
2026-09-22T02:55:40.677Z,seaweedfs-metadata-etcd,9.97,"78.03MiB / 96MiB",81.28
2026-09-22T02:55:40.677Z,openbao,2.81,"54.94MiB / 512MiB",10.73
2026-09-22T02:55:40.677Z,chirpstack,0.46,"45.35MiB / 1.922GiB",2.30
2026-09-22T02:55:40.677Z,spilo,1.96,"261.4MiB / 1.922GiB",13.28
2026-09-22T02:55:40.677Z,etcd,0.84,"47.92MiB / 1.922GiB",2.43
2026-09-22T02:55:48.141Z,lorawan-gateway-evidence-ingest-1,0.00,"3.641MiB / 192MiB",1.90
2026-09-22T02:55:48.141Z,lorawan-gateway-evidence-fabric-adapter-1,0.00,"3.84MiB / 192MiB",2.00
2026-09-22T02:55:48.141Z,lorawan-gateway-evidence-verifier-1,15.52,"13.41MiB / 192MiB",6.99
2026-09-22T02:55:48.141Z,seaweedfs,21.05,"158.3MiB / 256MiB",61.83
2026-09-22T02:55:48.141Z,seaweedfs-metadata-etcd,8.91,"78.04MiB / 96MiB",81.29
2026-09-22T02:55:48.141Z,openbao,2.61,"54.94MiB / 512MiB",10.73
2026-09-22T02:55:48.141Z,chirpstack,0.24,"45.35MiB / 1.922GiB",2.30
2026-09-22T02:55:48.141Z,spilo,2.53,"261.4MiB / 1.922GiB",13.28
2026-09-22T02:55:48.141Z,etcd,0.94,"47.92MiB / 1.922GiB",2.43
2026-09-22T02:55:55.509Z,lorawan-gateway-evidence-ingest-1,0.00,"3.641MiB / 192MiB",1.90
2026-09-22T02:55:55.509Z,lorawan-gateway-evidence-fabric-adapter-1,0.00,"3.84MiB / 192MiB",2.00
2026-09-22T02:55:55.509Z,lorawan-gateway-evidence-verifier-1,15.40,"13.51MiB / 192MiB",7.04
2026-09-22T02:55:55.509Z,seaweedfs,21.83,"158.2MiB / 256MiB",61.79
2026-09-22T02:55:55.509Z,seaweedfs-metadata-etcd,9.88,"78.04MiB / 96MiB",81.29
2026-09-22T02:55:55.509Z,openbao,2.63,"54.94MiB / 512MiB",10.73
2026-09-22T02:55:55.509Z,chirpstack,0.35,"45.35MiB / 1.922GiB",2.30
2026-09-22T02:55:55.509Z,spilo,1.16,"261.4MiB / 1.922GiB",13.28
2026-09-22T02:55:55.509Z,etcd,2.16,"47.92MiB / 1.922GiB",2.43
2026-09-22T02:56:02.987Z,lorawan-gateway-evidence-ingest-1,0.00,"3.641MiB / 192MiB",1.90
2026-09-22T02:56:02.987Z,lorawan-gateway-evidence-fabric-adapter-1,0.01,"3.84MiB / 192MiB",2.00
2026-09-22T02:56:02.987Z,lorawan-gateway-evidence-verifier-1,20.56,"13.4MiB / 192MiB",6.98
2026-09-22T02:56:02.987Z,seaweedfs,15.23,"158.2MiB / 256MiB",61.79
2026-09-22T02:56:02.987Z,seaweedfs-metadata-etcd,7.75,"78.03MiB / 96MiB",81.28
2026-09-22T02:56:02.987Z,openbao,2.07,"54.94MiB / 512MiB",10.73
2026-09-22T02:56:02.987Z,chirpstack,0.41,"45.37MiB / 1.922GiB",2.31
2026-09-22T02:56:02.987Z,spilo,1.44,"261.4MiB / 1.922GiB",13.28
2026-09-22T02:56:02.987Z,etcd,1.34,"47.92MiB / 1.922GiB",2.43
2026-09-22T02:56:10.443Z,lorawan-gateway-evidence-ingest-1,0.00,"3.641MiB / 192MiB",1.90
2026-09-22T02:56:10.443Z,lorawan-gateway-evidence-fabric-adapter-1,0.00,"3.84MiB / 192MiB",2.00
2026-09-22T02:56:10.443Z,lorawan-gateway-evidence-verifier-1,20.27,"13.09MiB / 192MiB",6.82
2026-09-22T02:56:10.443Z,seaweedfs,15.88,"158MiB / 256MiB",61.71
2026-09-22T02:56:10.443Z,seaweedfs-metadata-etcd,9.31,"78.04MiB / 96MiB",81.29
2026-09-22T02:56:10.443Z,openbao,2.21,"54.94MiB / 512MiB",10.73
2026-09-22T02:56:10.443Z,chirpstack,0.28,"45.36MiB / 1.922GiB",2.31
2026-09-22T02:56:10.443Z,spilo,1.10,"261.4MiB / 1.922GiB",13.28
2026-09-22T02:56:10.443Z,etcd,1.09,"47.92MiB / 1.922GiB",2.44
2026-09-22T02:56:17.853Z,lorawan-gateway-evidence-ingest-1,0.00,"3.641MiB / 192MiB",1.90
2026-09-22T02:56:17.853Z,lorawan-gateway-evidence-fabric-adapter-1,0.00,"3.84MiB / 192MiB",2.00
2026-09-22T02:56:17.853Z,lorawan-gateway-evidence-verifier-1,11.27,"13.54MiB / 192MiB",7.05
2026-09-22T02:56:17.853Z,seaweedfs,18.93,"158.4MiB / 256MiB",61.87
2026-09-22T02:56:17.853Z,seaweedfs-metadata-etcd,9.24,"78.03MiB / 96MiB",81.28
2026-09-22T02:56:17.853Z,openbao,1.68,"54.94MiB / 512MiB",10.73
2026-09-22T02:56:17.853Z,chirpstack,0.25,"45.35MiB / 1.922GiB",2.30
2026-09-22T02:56:17.853Z,spilo,2.31,"261.4MiB / 1.922GiB",13.28
2026-09-22T02:56:17.853Z,etcd,0.63,"47.93MiB / 1.922GiB",2.44
2026-09-22T02:56:25.362Z,lorawan-gateway-evidence-ingest-1,0.00,"3.641MiB / 192MiB",1.90
2026-09-22T02:56:25.362Z,lorawan-gateway-evidence-fabric-adapter-1,0.00,"3.84MiB / 192MiB",2.00
2026-09-22T02:56:25.362Z,lorawan-gateway-evidence-verifier-1,0.00,"13.28MiB / 192MiB",6.92
2026-09-22T02:56:25.362Z,seaweedfs,0.54,"158.2MiB / 256MiB",61.80
2026-09-22T02:56:25.362Z,seaweedfs-metadata-etcd,1.02,"78.02MiB / 96MiB",81.27
2026-09-22T02:56:25.362Z,openbao,2.26,"54.94MiB / 512MiB",10.73
2026-09-22T02:56:25.362Z,chirpstack,0.43,"45.35MiB / 1.922GiB",2.30
2026-09-22T02:56:25.362Z,spilo,1.17,"261.4MiB / 1.922GiB",13.28
2026-09-22T02:56:25.362Z,etcd,2.21,"47.93MiB / 1.922GiB",2.44
2026-09-22T02:56:32.633Z,lorawan-gateway-evidence-ingest-1,0.00,"3.641MiB / 192MiB",1.90
2026-09-22T02:56:32.633Z,lorawan-gateway-evidence-fabric-adapter-1,0.00,"3.84MiB / 192MiB",2.00
2026-09-22T02:56:32.633Z,lorawan-gateway-evidence-verifier-1,13.57,"13.41MiB / 192MiB",6.98
2026-09-22T02:56:32.633Z,seaweedfs,25.32,"156.3MiB / 256MiB",61.04
2026-09-22T02:56:32.633Z,seaweedfs-metadata-etcd,7.44,"78.03MiB / 96MiB",81.28
2026-09-22T02:56:32.633Z,openbao,1.99,"54.94MiB / 512MiB",10.73
2026-09-22T02:56:32.633Z,chirpstack,0.32,"45.35MiB / 1.922GiB",2.30
2026-09-22T02:56:32.633Z,spilo,1.00,"261.5MiB / 1.922GiB",13.29
2026-09-22T02:56:32.633Z,etcd,0.98,"47.93MiB / 1.922GiB",2.44
2026-09-22T02:56:39.984Z,lorawan-gateway-evidence-ingest-1,0.00,"3.641MiB / 192MiB",1.90
2026-09-22T02:56:39.984Z,lorawan-gateway-evidence-fabric-adapter-1,0.00,"3.84MiB / 192MiB",2.00
2026-09-22T02:56:39.984Z,lorawan-gateway-evidence-verifier-1,5.32,"13.45MiB / 192MiB",7.00
2026-09-22T02:56:39.984Z,seaweedfs,9.08,"155.9MiB / 256MiB",60.91
2026-09-22T02:56:39.984Z,seaweedfs-metadata-etcd,3.83,"78.03MiB / 96MiB",81.28
2026-09-22T02:56:39.984Z,openbao,2.34,"54.94MiB / 512MiB",10.73
2026-09-22T02:56:39.984Z,chirpstack,0.31,"45.35MiB / 1.922GiB",2.30
2026-09-22T02:56:39.984Z,spilo,0.97,"261.4MiB / 1.922GiB",13.28
2026-09-22T02:56:39.984Z,etcd,0.74,"47.93MiB / 1.922GiB",2.44
2026-09-22T02:56:47.205Z,lorawan-gateway-evidence-ingest-1,0.00,"3.641MiB / 192MiB",1.90
2026-09-22T02:56:47.205Z,lorawan-gateway-evidence-fabric-adapter-1,0.00,"3.84MiB / 192MiB",2.00
2026-09-22T02:56:47.205Z,lorawan-gateway-evidence-verifier-1,15.29,"13.57MiB / 192MiB",7.07
2026-09-22T02:56:47.205Z,seaweedfs,25.42,"158MiB / 256MiB",61.72
2026-09-22T02:56:47.205Z,seaweedfs-metadata-etcd,12.26,"78.03MiB / 96MiB",81.28
2026-09-22T02:56:47.205Z,openbao,1.95,"54.94MiB / 512MiB",10.73
2026-09-22T02:56:47.205Z,chirpstack,0.40,"45.35MiB / 1.922GiB",2.30
2026-09-22T02:56:47.205Z,spilo,1.30,"261.4MiB / 1.922GiB",13.28
2026-09-22T02:56:47.205Z,etcd,1.11,"47.93MiB / 1.922GiB",2.44
2026-09-22T02:56:54.502Z,lorawan-gateway-evidence-ingest-1,0.00,"3.641MiB / 192MiB",1.90
2026-09-22T02:56:54.502Z,lorawan-gateway-evidence-fabric-adapter-1,0.00,"3.84MiB / 192MiB",2.00
2026-09-22T02:56:54.502Z,lorawan-gateway-evidence-verifier-1,14.99,"13.54MiB / 192MiB",7.05
2026-09-22T02:56:54.502Z,seaweedfs,28.65,"158.4MiB / 256MiB",61.86
2026-09-22T02:56:54.502Z,seaweedfs-metadata-etcd,11.79,"78.02MiB / 96MiB",81.27
2026-09-22T02:56:54.502Z,openbao,1.98,"54.94MiB / 512MiB",10.73
2026-09-22T02:56:54.502Z,chirpstack,0.24,"45.35MiB / 1.922GiB",2.30
2026-09-22T02:56:54.502Z,spilo,2.29,"261.5MiB / 1.922GiB",13.29
2026-09-22T02:56:54.502Z,etcd,0.91,"47.93MiB / 1.922GiB",2.44
2026-09-22T02:57:01.886Z,lorawan-gateway-evidence-ingest-1,0.00,"3.641MiB / 192MiB",1.90
2026-09-22T02:57:01.886Z,lorawan-gateway-evidence-fabric-adapter-1,0.00,"3.84MiB / 192MiB",2.00
2026-09-22T02:57:01.886Z,lorawan-gateway-evidence-verifier-1,2.62,"13.35MiB / 192MiB",6.95
2026-09-22T02:57:01.886Z,seaweedfs,4.74,"158MiB / 256MiB",61.74
2026-09-22T02:57:01.886Z,seaweedfs-metadata-etcd,2.58,"78.03MiB / 96MiB",81.28
2026-09-22T02:57:01.886Z,openbao,2.36,"54.94MiB / 512MiB",10.73
2026-09-22T02:57:01.886Z,chirpstack,0.41,"45.36MiB / 1.922GiB",2.31
2026-09-22T02:57:01.886Z,spilo,1.70,"261.5MiB / 1.922GiB",13.29
2026-09-22T02:57:01.886Z,etcd,0.95,"47.93MiB / 1.922GiB",2.44
2026-09-22T02:57:09.154Z,lorawan-gateway-evidence-ingest-1,0.00,"3.641MiB / 192MiB",1.90
2026-09-22T02:57:09.154Z,lorawan-gateway-evidence-fabric-adapter-1,0.00,"3.84MiB / 192MiB",2.00
2026-09-22T02:57:09.154Z,lorawan-gateway-evidence-verifier-1,0.00,"13.34MiB / 192MiB",6.95
2026-09-22T02:57:09.154Z,seaweedfs,0.55,"158.1MiB / 256MiB",61.77
2026-09-22T02:57:09.154Z,seaweedfs-metadata-etcd,0.90,"78.02MiB / 96MiB",81.27
2026-09-22T02:57:09.154Z,openbao,2.57,"54.94MiB / 512MiB",10.73
2026-09-22T02:57:09.154Z,chirpstack,0.34,"45.36MiB / 1.922GiB",2.31
2026-09-22T02:57:09.154Z,spilo,1.18,"261.5MiB / 1.922GiB",13.29
2026-09-22T02:57:09.154Z,etcd,1.04,"47.93MiB / 1.922GiB",2.44
2026-09-22T02:57:16.422Z,lorawan-gateway-evidence-ingest-1,0.00,"3.641MiB / 192MiB",1.90
2026-09-22T02:57:16.422Z,lorawan-gateway-evidence-fabric-adapter-1,0.00,"3.84MiB / 192MiB",2.00
2026-09-22T02:57:16.422Z,lorawan-gateway-evidence-verifier-1,11.38,"13.34MiB / 192MiB",6.95
2026-09-22T02:57:16.422Z,seaweedfs,20.19,"158.2MiB / 256MiB",61.81
2026-09-22T02:57:16.422Z,seaweedfs-metadata-etcd,10.42,"78.03MiB / 96MiB",81.28
2026-09-22T02:57:16.422Z,openbao,2.27,"54.94MiB / 512MiB",10.73
2026-09-22T02:57:16.422Z,chirpstack,0.26,"45.35MiB / 1.922GiB",2.30
2026-09-22T02:57:16.422Z,spilo,1.31,"261.5MiB / 1.922GiB",13.29
2026-09-22T02:57:16.422Z,etcd,0.78,"47.93MiB / 1.922GiB",2.44
2026-09-22T02:57:23.850Z,lorawan-gateway-evidence-ingest-1,0.00,"3.641MiB / 192MiB",1.90
2026-09-22T02:57:23.850Z,lorawan-gateway-evidence-fabric-adapter-1,0.00,"3.84MiB / 192MiB",2.00
2026-09-22T02:57:23.850Z,lorawan-gateway-evidence-verifier-1,5.82,"13.2MiB / 192MiB",6.87
2026-09-22T02:57:23.850Z,seaweedfs,17.75,"157.4MiB / 256MiB",61.47
2026-09-22T02:57:23.850Z,seaweedfs-metadata-etcd,9.81,"78.04MiB / 96MiB",81.29
2026-09-22T02:57:23.850Z,openbao,2.21,"54.94MiB / 512MiB",10.73
2026-09-22T02:57:23.850Z,chirpstack,0.30,"45.36MiB / 1.922GiB",2.30
2026-09-22T02:57:23.850Z,spilo,0.95,"261.6MiB / 1.922GiB",13.29
2026-09-22T02:57:23.850Z,etcd,0.82,"47.93MiB / 1.922GiB",2.44
2026-09-22T02:57:31.318Z,lorawan-gateway-evidence-ingest-1,0.00,"3.641MiB / 192MiB",1.90
2026-09-22T02:57:31.318Z,lorawan-gateway-evidence-fabric-adapter-1,0.00,"3.84MiB / 192MiB",2.00
2026-09-22T02:57:31.318Z,lorawan-gateway-evidence-verifier-1,0.00,"13.53MiB / 192MiB",7.05
2026-09-22T02:57:31.318Z,seaweedfs,9.23,"163.9MiB / 256MiB",64.04
2026-09-22T02:57:31.318Z,seaweedfs-metadata-etcd,7.92,"78.03MiB / 96MiB",81.28
2026-09-22T02:57:31.318Z,openbao,2.27,"54.94MiB / 512MiB",10.73
2026-09-22T02:57:31.318Z,chirpstack,0.34,"45.35MiB / 1.922GiB",2.30
2026-09-22T02:57:31.318Z,spilo,1.42,"261.5MiB / 1.922GiB",13.29
2026-09-22T02:57:31.318Z,etcd,1.10,"47.93MiB / 1.922GiB",2.44
2026-09-22T02:57:38.542Z,lorawan-gateway-evidence-ingest-1,0.00,"3.641MiB / 192MiB",1.90
2026-09-22T02:57:38.542Z,lorawan-gateway-evidence-fabric-adapter-1,0.00,"3.84MiB / 192MiB",2.00
2026-09-22T02:57:38.542Z,lorawan-gateway-evidence-verifier-1,6.10,"13.53MiB / 192MiB",7.05
2026-09-22T02:57:38.542Z,seaweedfs,16.07,"158MiB / 256MiB",61.71
2026-09-22T02:57:38.542Z,seaweedfs-metadata-etcd,9.27,"78.04MiB / 96MiB",81.29
2026-09-22T02:57:38.542Z,openbao,2.27,"54.94MiB / 512MiB",10.73
2026-09-22T02:57:38.542Z,chirpstack,0.20,"45.35MiB / 1.922GiB",2.30
2026-09-22T02:57:38.542Z,spilo,0.62,"261.5MiB / 1.922GiB",13.29
2026-09-22T02:57:38.542Z,etcd,1.06,"47.93MiB / 1.922GiB",2.44
2026-09-22T02:57:45.932Z,lorawan-gateway-evidence-ingest-1,0.00,"3.641MiB / 192MiB",1.90
2026-09-22T02:57:45.932Z,lorawan-gateway-evidence-fabric-adapter-1,0.00,"3.84MiB / 192MiB",2.00
2026-09-22T02:57:45.932Z,lorawan-gateway-evidence-verifier-1,0.14,"13.53MiB / 192MiB",7.05
2026-09-22T02:57:45.932Z,seaweedfs,1.92,"165.8MiB / 256MiB",64.78
2026-09-22T02:57:45.932Z,seaweedfs-metadata-etcd,3.23,"78.03MiB / 96MiB",81.28
2026-09-22T02:57:45.932Z,openbao,2.25,"54.94MiB / 512MiB",10.73
2026-09-22T02:57:45.932Z,chirpstack,0.26,"45.35MiB / 1.922GiB",2.30
2026-09-22T02:57:45.932Z,spilo,2.02,"261.5MiB / 1.922GiB",13.29
2026-09-22T02:57:45.932Z,etcd,2.00,"47.93MiB / 1.922GiB",2.44
2026-09-22T02:57:53.129Z,lorawan-gateway-evidence-ingest-1,0.00,"3.641MiB / 192MiB",1.90
2026-09-22T02:57:53.129Z,lorawan-gateway-evidence-fabric-adapter-1,0.00,"3.84MiB / 192MiB",2.00
2026-09-22T02:57:53.129Z,lorawan-gateway-evidence-verifier-1,18.17,"12.84MiB / 192MiB",6.69
2026-09-22T02:57:53.129Z,seaweedfs,26.57,"157.9MiB / 256MiB",61.68
2026-09-22T02:57:53.129Z,seaweedfs-metadata-etcd,8.19,"78.03MiB / 96MiB",81.28
2026-09-22T02:57:53.129Z,openbao,2.22,"54.94MiB / 512MiB",10.73
2026-09-22T02:57:53.129Z,chirpstack,0.30,"45.35MiB / 1.922GiB",2.30
2026-09-22T02:57:53.129Z,spilo,0.72,"261.5MiB / 1.922GiB",13.29
2026-09-22T02:57:53.129Z,etcd,0.71,"47.93MiB / 1.922GiB",2.44
2026-09-22T02:58:00.444Z,lorawan-gateway-evidence-ingest-1,0.00,"3.641MiB / 192MiB",1.90
2026-09-22T02:58:00.444Z,lorawan-gateway-evidence-fabric-adapter-1,0.00,"3.84MiB / 192MiB",2.00
2026-09-22T02:58:00.444Z,lorawan-gateway-evidence-verifier-1,4.85,"13.09MiB / 192MiB",6.82
2026-09-22T02:58:00.444Z,seaweedfs,10.30,"158MiB / 256MiB",61.72
2026-09-22T02:58:00.444Z,seaweedfs-metadata-etcd,7.02,"78.03MiB / 96MiB",81.28
2026-09-22T02:58:00.444Z,openbao,2.62,"54.94MiB / 512MiB",10.73
2026-09-22T02:58:00.444Z,chirpstack,0.24,"45.35MiB / 1.922GiB",2.30
2026-09-22T02:58:00.444Z,spilo,1.23,"261.5MiB / 1.922GiB",13.29
2026-09-22T02:58:00.444Z,etcd,0.86,"47.93MiB / 1.922GiB",2.44
2026-09-22T02:58:07.704Z,lorawan-gateway-evidence-ingest-1,0.00,"3.641MiB / 192MiB",1.90
2026-09-22T02:58:07.704Z,lorawan-gateway-evidence-fabric-adapter-1,0.00,"3.84MiB / 192MiB",2.00
2026-09-22T02:58:07.704Z,lorawan-gateway-evidence-verifier-1,14.99,"13.28MiB / 192MiB",6.92
2026-09-22T02:58:07.704Z,seaweedfs,27.94,"158.1MiB / 256MiB",61.74
2026-09-22T02:58:07.704Z,seaweedfs-metadata-etcd,11.07,"78.03MiB / 96MiB",81.28
2026-09-22T02:58:07.704Z,openbao,2.04,"54.94MiB / 512MiB",10.73
2026-09-22T02:58:07.704Z,chirpstack,0.30,"45.36MiB / 1.922GiB",2.31
2026-09-22T02:58:07.704Z,spilo,1.34,"261.5MiB / 1.922GiB",13.29
2026-09-22T02:58:07.704Z,etcd,0.78,"47.93MiB / 1.922GiB",2.44
2026-09-22T02:58:15.096Z,lorawan-gateway-evidence-ingest-1,0.00,"3.641MiB / 192MiB",1.90
2026-09-22T02:58:15.096Z,lorawan-gateway-evidence-fabric-adapter-1,0.00,"3.84MiB / 192MiB",2.00
2026-09-22T02:58:15.096Z,lorawan-gateway-evidence-verifier-1,0.00,"12.77MiB / 192MiB",6.65
2026-09-22T02:58:15.096Z,seaweedfs,0.58,"157.9MiB / 256MiB",61.69
2026-09-22T02:58:15.096Z,seaweedfs-metadata-etcd,2.29,"78.02MiB / 96MiB",81.27
2026-09-22T02:58:15.096Z,openbao,2.91,"54.94MiB / 512MiB",10.73
2026-09-22T02:58:15.096Z,chirpstack,0.34,"45.36MiB / 1.922GiB",2.31
2026-09-22T02:58:15.096Z,spilo,1.67,"261.5MiB / 1.922GiB",13.29
2026-09-22T02:58:15.096Z,etcd,1.07,"47.93MiB / 1.922GiB",2.44
2026-09-22T02:58:22.335Z,lorawan-gateway-evidence-ingest-1,0.00,"3.641MiB / 192MiB",1.90
2026-09-22T02:58:22.335Z,lorawan-gateway-evidence-fabric-adapter-1,0.00,"3.84MiB / 192MiB",2.00
2026-09-22T02:58:22.335Z,lorawan-gateway-evidence-verifier-1,14.45,"13.28MiB / 192MiB",6.92
2026-09-22T02:58:22.335Z,seaweedfs,26.26,"158.1MiB / 256MiB",61.77
2026-09-22T02:58:22.335Z,seaweedfs-metadata-etcd,11.04,"78.03MiB / 96MiB",81.28
2026-09-22T02:58:22.335Z,openbao,2.53,"54.95MiB / 512MiB",10.73
2026-09-22T02:58:22.335Z,chirpstack,0.28,"45.35MiB / 1.922GiB",2.30
2026-09-22T02:58:22.335Z,spilo,1.21,"261.5MiB / 1.922GiB",13.29
2026-09-22T02:58:22.335Z,etcd,0.93,"47.93MiB / 1.922GiB",2.44
2026-09-22T02:58:29.788Z,lorawan-gateway-evidence-ingest-1,0.00,"3.641MiB / 192MiB",1.90
2026-09-22T02:58:29.788Z,lorawan-gateway-evidence-fabric-adapter-1,0.00,"3.84MiB / 192MiB",2.00
2026-09-22T02:58:29.788Z,lorawan-gateway-evidence-verifier-1,3.19,"13.14MiB / 192MiB",6.84
2026-09-22T02:58:29.788Z,seaweedfs,11.03,"157.8MiB / 256MiB",61.64
2026-09-22T02:58:29.788Z,seaweedfs-metadata-etcd,8.07,"78.03MiB / 96MiB",81.28
2026-09-22T02:58:29.788Z,openbao,2.27,"54.95MiB / 512MiB",10.73
2026-09-22T02:58:29.788Z,chirpstack,0.32,"45.35MiB / 1.922GiB",2.30
2026-09-22T02:58:29.788Z,spilo,1.34,"261.5MiB / 1.922GiB",13.29
2026-09-22T02:58:29.788Z,etcd,0.86,"47.93MiB / 1.922GiB",2.44
2026-09-22T02:58:37.106Z,lorawan-gateway-evidence-ingest-1,0.00,"3.641MiB / 192MiB",1.90
2026-09-22T02:58:37.106Z,lorawan-gateway-evidence-fabric-adapter-1,0.00,"3.84MiB / 192MiB",2.00
2026-09-22T02:58:37.106Z,lorawan-gateway-evidence-verifier-1,11.06,"13.33MiB / 192MiB",6.94
2026-09-22T02:58:37.106Z,seaweedfs,18.51,"157.9MiB / 256MiB",61.67
2026-09-22T02:58:37.106Z,seaweedfs-metadata-etcd,10.09,"78.03MiB / 96MiB",81.28
2026-09-22T02:58:37.106Z,openbao,2.09,"54.95MiB / 512MiB",10.73
2026-09-22T02:58:37.106Z,chirpstack,0.33,"45.35MiB / 1.922GiB",2.30
2026-09-22T02:58:37.106Z,spilo,1.28,"261.5MiB / 1.922GiB",13.29
2026-09-22T02:58:37.106Z,etcd,0.66,"47.93MiB / 1.922GiB",2.44
2026-09-22T02:58:44.421Z,lorawan-gateway-evidence-ingest-1,0.00,"3.641MiB / 192MiB",1.90
2026-09-22T02:58:44.421Z,lorawan-gateway-evidence-fabric-adapter-1,0.00,"3.84MiB / 192MiB",2.00
2026-09-22T02:58:44.421Z,lorawan-gateway-evidence-verifier-1,16.85,"13.53MiB / 192MiB",7.05
2026-09-22T02:58:44.421Z,seaweedfs,26.48,"158.4MiB / 256MiB",61.89
2026-09-22T02:58:44.421Z,seaweedfs-metadata-etcd,7.36,"78.02MiB / 96MiB",81.27
2026-09-22T02:58:44.421Z,openbao,1.98,"54.95MiB / 512MiB",10.73
2026-09-22T02:58:44.421Z,chirpstack,0.24,"45.35MiB / 1.922GiB",2.30
2026-09-22T02:58:44.421Z,spilo,2.05,"261.5MiB / 1.922GiB",13.29
2026-09-22T02:58:44.421Z,etcd,0.73,"47.93MiB / 1.922GiB",2.44
2026-09-22T02:58:51.884Z,lorawan-gateway-evidence-ingest-1,0.00,"3.641MiB / 192MiB",1.90
2026-09-22T02:58:51.884Z,lorawan-gateway-evidence-fabric-adapter-1,0.00,"3.84MiB / 192MiB",2.00
2026-09-22T02:58:51.884Z,lorawan-gateway-evidence-verifier-1,0.10,"13.53MiB / 192MiB",7.05
2026-09-22T02:58:51.884Z,seaweedfs,5.55,"157.8MiB / 256MiB",61.62
2026-09-22T02:58:51.884Z,seaweedfs-metadata-etcd,7.26,"78.64MiB / 96MiB",81.92
2026-09-22T02:58:51.884Z,openbao,2.50,"54.95MiB / 512MiB",10.73
2026-09-22T02:58:51.884Z,chirpstack,0.29,"45.35MiB / 1.922GiB",2.30
2026-09-22T02:58:51.884Z,spilo,1.65,"261.5MiB / 1.922GiB",13.29
2026-09-22T02:58:51.884Z,etcd,0.76,"47.93MiB / 1.922GiB",2.44
2026-09-22T02:58:59.339Z,lorawan-gateway-evidence-ingest-1,0.00,"3.641MiB / 192MiB",1.90
2026-09-22T02:58:59.339Z,lorawan-gateway-evidence-fabric-adapter-1,0.00,"3.84MiB / 192MiB",2.00
2026-09-22T02:58:59.339Z,lorawan-gateway-evidence-verifier-1,2.58,"13.52MiB / 192MiB",7.04
2026-09-22T02:58:59.339Z,seaweedfs,8.39,"157.8MiB / 256MiB",61.63
2026-09-22T02:58:59.339Z,seaweedfs-metadata-etcd,8.71,"78.65MiB / 96MiB",81.93
2026-09-22T02:58:59.339Z,openbao,2.68,"54.95MiB / 512MiB",10.73
2026-09-22T02:58:59.339Z,chirpstack,0.34,"45.35MiB / 1.922GiB",2.30
2026-09-22T02:58:59.339Z,spilo,1.07,"261.5MiB / 1.922GiB",13.29
2026-09-22T02:58:59.339Z,etcd,0.98,"47.93MiB / 1.922GiB",2.44
2026-09-22T02:59:06.704Z,lorawan-gateway-evidence-ingest-1,0.00,"3.641MiB / 192MiB",1.90
2026-09-22T02:59:06.704Z,lorawan-gateway-evidence-fabric-adapter-1,0.00,"3.84MiB / 192MiB",2.00
2026-09-22T02:59:06.704Z,lorawan-gateway-evidence-verifier-1,11.30,"13.45MiB / 192MiB",7.00
2026-09-22T02:59:06.704Z,seaweedfs,23.53,"157.9MiB / 256MiB",61.69
2026-09-22T02:59:06.704Z,seaweedfs-metadata-etcd,12.15,"78.65MiB / 96MiB",81.93
2026-09-22T02:59:06.704Z,openbao,2.57,"54.96MiB / 512MiB",10.73
2026-09-22T02:59:06.704Z,chirpstack,0.28,"45.36MiB / 1.922GiB",2.31
2026-09-22T02:59:06.704Z,spilo,1.50,"261.4MiB / 1.922GiB",13.28
2026-09-22T02:59:06.704Z,etcd,1.09,"47.94MiB / 1.922GiB",2.44
2026-09-22T02:59:14.142Z,lorawan-gateway-evidence-ingest-1,0.00,"3.641MiB / 192MiB",1.90
2026-09-22T02:59:14.142Z,lorawan-gateway-evidence-fabric-adapter-1,0.00,"3.84MiB / 192MiB",2.00
2026-09-22T02:59:14.142Z,lorawan-gateway-evidence-verifier-1,14.46,"12.91MiB / 192MiB",6.72
2026-09-22T02:59:14.142Z,seaweedfs,26.77,"157.9MiB / 256MiB",61.67
2026-09-22T02:59:14.142Z,seaweedfs-metadata-etcd,11.05,"78.66MiB / 96MiB",81.93
2026-09-22T02:59:14.142Z,openbao,2.16,"54.95MiB / 512MiB",10.73
2026-09-22T02:59:14.142Z,chirpstack,0.27,"45.36MiB / 1.922GiB",2.31
2026-09-22T02:59:14.142Z,spilo,2.25,"261.4MiB / 1.922GiB",13.28
2026-09-22T02:59:14.142Z,etcd,0.78,"46.59MiB / 1.922GiB",2.37
2026-09-22T02:59:21.559Z,lorawan-gateway-evidence-ingest-1,0.01,"3.641MiB / 192MiB",1.90
2026-09-22T02:59:21.559Z,lorawan-gateway-evidence-fabric-adapter-1,0.00,"3.84MiB / 192MiB",2.00
2026-09-22T02:59:21.559Z,lorawan-gateway-evidence-verifier-1,15.84,"12.9MiB / 192MiB",6.72
2026-09-22T02:59:21.559Z,seaweedfs,26.83,"157.7MiB / 256MiB",61.59
2026-09-22T02:59:21.559Z,seaweedfs-metadata-etcd,8.42,"78.65MiB / 96MiB",81.93
2026-09-22T02:59:21.559Z,openbao,2.18,"54.95MiB / 512MiB",10.73
2026-09-22T02:59:21.559Z,chirpstack,0.38,"45.35MiB / 1.922GiB",2.30
2026-09-22T02:59:21.559Z,spilo,2.03,"261.4MiB / 1.922GiB",13.28
2026-09-22T02:59:21.559Z,etcd,0.77,"46.59MiB / 1.922GiB",2.37
2026-09-22T02:59:29.226Z,lorawan-gateway-evidence-ingest-1,0.00,"3.641MiB / 192MiB",1.90
2026-09-22T02:59:29.226Z,lorawan-gateway-evidence-fabric-adapter-1,0.00,"3.84MiB / 192MiB",2.00
2026-09-22T02:59:29.226Z,lorawan-gateway-evidence-verifier-1,16.84,"13.53MiB / 192MiB",7.05
2026-09-22T02:59:29.226Z,seaweedfs,23.20,"158MiB / 256MiB",61.72
2026-09-22T02:59:29.226Z,seaweedfs-metadata-etcd,8.67,"78.95MiB / 96MiB",82.24
2026-09-22T02:59:29.226Z,openbao,2.54,"54.96MiB / 512MiB",10.73
2026-09-22T02:59:29.226Z,chirpstack,0.32,"45.35MiB / 1.922GiB",2.30
2026-09-22T02:59:29.226Z,spilo,0.86,"261.4MiB / 1.922GiB",13.28
2026-09-22T02:59:29.226Z,etcd,0.80,"46.59MiB / 1.922GiB",2.37
2026-09-22T02:59:36.461Z,lorawan-gateway-evidence-ingest-1,0.00,"3.641MiB / 192MiB",1.90
2026-09-22T02:59:36.461Z,lorawan-gateway-evidence-fabric-adapter-1,0.00,"3.84MiB / 192MiB",2.00
2026-09-22T02:59:36.461Z,lorawan-gateway-evidence-verifier-1,12.34,"13.42MiB / 192MiB",6.99
2026-09-22T02:59:36.461Z,seaweedfs,26.12,"157.5MiB / 256MiB",61.54
2026-09-22T02:59:36.461Z,seaweedfs-metadata-etcd,11.94,"78.96MiB / 96MiB",82.25
2026-09-22T02:59:36.461Z,openbao,2.03,"54.95MiB / 512MiB",10.73
2026-09-22T02:59:36.461Z,chirpstack,0.26,"45.35MiB / 1.922GiB",2.30
2026-09-22T02:59:36.461Z,spilo,1.67,"261.4MiB / 1.922GiB",13.28
2026-09-22T02:59:36.461Z,etcd,0.73,"46.59MiB / 1.922GiB",2.37
2026-09-22T02:59:43.855Z,lorawan-gateway-evidence-ingest-1,0.00,"3.641MiB / 192MiB",1.90
2026-09-22T02:59:43.855Z,lorawan-gateway-evidence-fabric-adapter-1,0.00,"3.84MiB / 192MiB",2.00
2026-09-22T02:59:43.855Z,lorawan-gateway-evidence-verifier-1,14.29,"13.54MiB / 192MiB",7.05
2026-09-22T02:59:43.855Z,seaweedfs,23.16,"158MiB / 256MiB",61.73
2026-09-22T02:59:43.855Z,seaweedfs-metadata-etcd,10.76,"78.96MiB / 96MiB",82.25
2026-09-22T02:59:43.855Z,openbao,2.02,"54.95MiB / 512MiB",10.73
2026-09-22T02:59:43.855Z,chirpstack,0.24,"45.35MiB / 1.922GiB",2.30
2026-09-22T02:59:43.855Z,spilo,1.93,"261.4MiB / 1.922GiB",13.28
2026-09-22T02:59:43.855Z,etcd,0.77,"46.59MiB / 1.922GiB",2.37
2026-09-22T02:59:51.431Z,lorawan-gateway-evidence-ingest-1,0.02,"3.641MiB / 192MiB",1.90
2026-09-22T02:59:51.431Z,lorawan-gateway-evidence-fabric-adapter-1,0.00,"3.84MiB / 192MiB",2.00
2026-09-22T02:59:51.431Z,lorawan-gateway-evidence-verifier-1,16.87,"13.41MiB / 192MiB",6.98
2026-09-22T02:59:51.431Z,seaweedfs,29.02,"158.2MiB / 256MiB",61.78
2026-09-22T02:59:51.431Z,seaweedfs-metadata-etcd,13.72,"78.96MiB / 96MiB",82.25
2026-09-22T02:59:51.431Z,openbao,2.27,"54.95MiB / 512MiB",10.73
2026-09-22T02:59:51.431Z,chirpstack,0.38,"45.35MiB / 1.922GiB",2.30
2026-09-22T02:59:51.431Z,spilo,1.12,"261.4MiB / 1.922GiB",13.28
2026-09-22T02:59:51.431Z,etcd,0.82,"46.59MiB / 1.922GiB",2.37
2026-09-22T02:59:58.900Z,lorawan-gateway-evidence-ingest-1,0.00,"3.641MiB / 192MiB",1.90
2026-09-22T02:59:58.900Z,lorawan-gateway-evidence-fabric-adapter-1,0.00,"3.84MiB / 192MiB",2.00
2026-09-22T02:59:58.900Z,lorawan-gateway-evidence-verifier-1,9.83,"13.7MiB / 192MiB",7.13
2026-09-22T02:59:58.900Z,seaweedfs,17.26,"157.8MiB / 256MiB",61.65
2026-09-22T02:59:58.900Z,seaweedfs-metadata-etcd,9.52,"78.96MiB / 96MiB",82.26
2026-09-22T02:59:58.900Z,openbao,4.38,"54.95MiB / 512MiB",10.73
2026-09-22T02:59:58.900Z,chirpstack,0.30,"45.35MiB / 1.922GiB",2.30
2026-09-22T02:59:58.900Z,spilo,1.65,"261.6MiB / 1.922GiB",13.30
2026-09-22T02:59:58.900Z,etcd,1.24,"46.59MiB / 1.922GiB",2.37
2026-09-22T03:00:06.477Z,lorawan-gateway-evidence-ingest-1,0.00,"3.641MiB / 192MiB",1.90
2026-09-22T03:00:06.477Z,lorawan-gateway-evidence-fabric-adapter-1,0.00,"3.84MiB / 192MiB",2.00
2026-09-22T03:00:06.477Z,lorawan-gateway-evidence-verifier-1,10.71,"13.26MiB / 192MiB",6.91
2026-09-22T03:00:06.477Z,seaweedfs,18.83,"158.1MiB / 256MiB",61.75
2026-09-22T03:00:06.477Z,seaweedfs-metadata-etcd,12.15,"78.96MiB / 96MiB",82.25
2026-09-22T03:00:06.477Z,openbao,3.98,"54.96MiB / 512MiB",10.73
2026-09-22T03:00:06.477Z,chirpstack,0.42,"45.36MiB / 1.922GiB",2.31
2026-09-22T03:00:06.477Z,spilo,3.77,"261.4MiB / 1.922GiB",13.28
2026-09-22T03:00:06.477Z,etcd,2.15,"46.59MiB / 1.922GiB",2.37
2026-09-22T03:00:13.904Z,lorawan-gateway-evidence-ingest-1,0.00,"3.641MiB / 192MiB",1.90
2026-09-22T03:00:13.904Z,lorawan-gateway-evidence-fabric-adapter-1,0.00,"3.84MiB / 192MiB",2.00
2026-09-22T03:00:13.904Z,lorawan-gateway-evidence-verifier-1,10.18,"13.39MiB / 192MiB",6.97
2026-09-22T03:00:13.904Z,seaweedfs,20.37,"158.2MiB / 256MiB",61.81
2026-09-22T03:00:13.904Z,seaweedfs-metadata-etcd,11.53,"78.96MiB / 96MiB",82.26
2026-09-22T03:00:13.904Z,openbao,4.48,"54.95MiB / 512MiB",10.73
2026-09-22T03:00:13.904Z,chirpstack,0.43,"45.36MiB / 1.922GiB",2.31
2026-09-22T03:00:13.904Z,spilo,1.58,"261.4MiB / 1.922GiB",13.29
2026-09-22T03:00:13.904Z,etcd,0.94,"46.59MiB / 1.922GiB",2.37
2026-09-22T03:00:21.462Z,lorawan-gateway-evidence-ingest-1,0.02,"3.641MiB / 192MiB",1.90
2026-09-22T03:00:21.462Z,lorawan-gateway-evidence-fabric-adapter-1,0.00,"3.84MiB / 192MiB",2.00
2026-09-22T03:00:21.462Z,lorawan-gateway-evidence-verifier-1,21.54,"13.59MiB / 192MiB",7.08
2026-09-22T03:00:21.462Z,seaweedfs,16.24,"158.4MiB / 256MiB",61.88
2026-09-22T03:00:21.462Z,seaweedfs-metadata-etcd,8.71,"78.96MiB / 96MiB",82.25
2026-09-22T03:00:21.462Z,openbao,3.07,"54.98MiB / 512MiB",10.74
2026-09-22T03:00:21.462Z,chirpstack,0.37,"45.35MiB / 1.922GiB",2.30
2026-09-22T03:00:21.462Z,spilo,0.85,"261.4MiB / 1.922GiB",13.28
2026-09-22T03:00:21.462Z,etcd,1.02,"46.59MiB / 1.922GiB",2.37
2026-09-22T03:00:28.889Z,lorawan-gateway-evidence-ingest-1,0.00,"3.641MiB / 192MiB",1.90
2026-09-22T03:00:28.889Z,lorawan-gateway-evidence-fabric-adapter-1,0.00,"3.84MiB / 192MiB",2.00
2026-09-22T03:00:28.889Z,lorawan-gateway-evidence-verifier-1,11.24,"13.6MiB / 192MiB",7.08
2026-09-22T03:00:28.889Z,seaweedfs,16.69,"158.2MiB / 256MiB",61.80
2026-09-22T03:00:28.889Z,seaweedfs-metadata-etcd,8.67,"78.96MiB / 96MiB",82.25
2026-09-22T03:00:28.889Z,openbao,3.98,"54.98MiB / 512MiB",10.74
2026-09-22T03:00:28.889Z,chirpstack,0.28,"45.35MiB / 1.922GiB",2.30
2026-09-22T03:00:28.889Z,spilo,1.36,"261.4MiB / 1.922GiB",13.28
2026-09-22T03:00:28.889Z,etcd,1.01,"46.59MiB / 1.922GiB",2.37
2026-09-22T03:00:36.373Z,lorawan-gateway-evidence-ingest-1,0.00,"3.641MiB / 192MiB",1.90
2026-09-22T03:00:36.373Z,lorawan-gateway-evidence-fabric-adapter-1,0.00,"3.84MiB / 192MiB",2.00
2026-09-22T03:00:36.373Z,lorawan-gateway-evidence-verifier-1,12.64,"13.6MiB / 192MiB",7.08
2026-09-22T03:00:36.373Z,seaweedfs,22.37,"165MiB / 256MiB",64.46
2026-09-22T03:00:36.373Z,seaweedfs-metadata-etcd,10.66,"78.97MiB / 96MiB",82.26
2026-09-22T03:00:36.373Z,openbao,2.71,"54.98MiB / 512MiB",10.74
2026-09-22T03:00:36.373Z,chirpstack,0.37,"45.36MiB / 1.922GiB",2.30
2026-09-22T03:00:36.373Z,spilo,1.51,"261.4MiB / 1.922GiB",13.28
2026-09-22T03:00:36.373Z,etcd,0.78,"46.59MiB / 1.922GiB",2.37
2026-09-22T03:00:43.925Z,lorawan-gateway-evidence-ingest-1,0.00,"3.641MiB / 192MiB",1.90
2026-09-22T03:00:43.925Z,lorawan-gateway-evidence-fabric-adapter-1,0.00,"3.84MiB / 192MiB",2.00
2026-09-22T03:00:43.925Z,lorawan-gateway-evidence-verifier-1,12.72,"13.48MiB / 192MiB",7.02
2026-09-22T03:00:43.925Z,seaweedfs,25.56,"160.5MiB / 256MiB",62.69
2026-09-22T03:00:43.925Z,seaweedfs-metadata-etcd,11.58,"78.96MiB / 96MiB",82.26
2026-09-22T03:00:43.925Z,openbao,2.93,"54.98MiB / 512MiB",10.74
2026-09-22T03:00:43.925Z,chirpstack,0.40,"45.35MiB / 1.922GiB",2.30
2026-09-22T03:00:43.925Z,spilo,1.60,"261.4MiB / 1.922GiB",13.28
2026-09-22T03:00:43.925Z,etcd,0.78,"46.68MiB / 1.922GiB",2.37
2026-09-22T03:00:51.490Z,lorawan-gateway-evidence-ingest-1,0.11,"3.641MiB / 192MiB",1.90
2026-09-22T03:00:51.490Z,lorawan-gateway-evidence-fabric-adapter-1,0.00,"3.84MiB / 192MiB",2.00
2026-09-22T03:00:51.490Z,lorawan-gateway-evidence-verifier-1,15.23,"13.35MiB / 192MiB",6.95
2026-09-22T03:00:51.490Z,seaweedfs,23.17,"158.3MiB / 256MiB",61.83
2026-09-22T03:00:51.490Z,seaweedfs-metadata-etcd,11.66,"78.96MiB / 96MiB",82.25
2026-09-22T03:00:51.490Z,openbao,2.62,"54.98MiB / 512MiB",10.74
2026-09-22T03:00:51.490Z,chirpstack,0.37,"45.35MiB / 1.922GiB",2.30
2026-09-22T03:00:51.490Z,spilo,1.13,"261.4MiB / 1.922GiB",13.28
2026-09-22T03:00:51.490Z,etcd,0.78,"46.67MiB / 1.922GiB",2.37
2026-09-22T03:00:58.987Z,lorawan-gateway-evidence-ingest-1,0.00,"3.641MiB / 192MiB",1.90
2026-09-22T03:00:58.987Z,lorawan-gateway-evidence-fabric-adapter-1,0.00,"3.84MiB / 192MiB",2.00
2026-09-22T03:00:58.987Z,lorawan-gateway-evidence-verifier-1,19.62,"13.13MiB / 192MiB",6.84
2026-09-22T03:00:58.987Z,seaweedfs,14.84,"158MiB / 256MiB",61.71
2026-09-22T03:00:58.987Z,seaweedfs-metadata-etcd,8.99,"78.96MiB / 96MiB",82.26
2026-09-22T03:00:58.987Z,openbao,2.89,"54.98MiB / 512MiB",10.74
2026-09-22T03:00:58.987Z,chirpstack,0.32,"45.35MiB / 1.922GiB",2.30
2026-09-22T03:00:58.987Z,spilo,1.54,"261.4MiB / 1.922GiB",13.28
2026-09-22T03:00:58.987Z,etcd,1.35,"46.68MiB / 1.922GiB",2.37
2026-09-22T03:01:06.462Z,lorawan-gateway-evidence-ingest-1,0.00,"3.641MiB / 192MiB",1.90
2026-09-22T03:01:06.462Z,lorawan-gateway-evidence-fabric-adapter-1,0.00,"3.84MiB / 192MiB",2.00
2026-09-22T03:01:06.462Z,lorawan-gateway-evidence-verifier-1,14.33,"13.6MiB / 192MiB",7.08
2026-09-22T03:01:06.462Z,seaweedfs,22.96,"158MiB / 256MiB",61.70
2026-09-22T03:01:06.462Z,seaweedfs-metadata-etcd,11.54,"78.98MiB / 96MiB",82.27
2026-09-22T03:01:06.462Z,openbao,2.36,"54.98MiB / 512MiB",10.74
2026-09-22T03:01:06.462Z,chirpstack,0.30,"45.36MiB / 1.922GiB",2.31
2026-09-22T03:01:06.462Z,spilo,0.65,"261.4MiB / 1.922GiB",13.28
2026-09-22T03:01:06.462Z,etcd,0.81,"46.68MiB / 1.922GiB",2.37
2026-09-22T03:01:13.991Z,lorawan-gateway-evidence-ingest-1,0.00,"3.641MiB / 192MiB",1.90
2026-09-22T03:01:13.991Z,lorawan-gateway-evidence-fabric-adapter-1,0.00,"3.84MiB / 192MiB",2.00
2026-09-22T03:01:13.991Z,lorawan-gateway-evidence-verifier-1,13.07,"13.28MiB / 192MiB",6.92
2026-09-22T03:01:13.991Z,seaweedfs,24.31,"162.8MiB / 256MiB",63.58
2026-09-22T03:01:13.991Z,seaweedfs-metadata-etcd,10.22,"78.96MiB / 96MiB",82.26
2026-09-22T03:01:13.991Z,openbao,3.20,"54.98MiB / 512MiB",10.74
2026-09-22T03:01:13.991Z,chirpstack,0.54,"45.36MiB / 1.922GiB",2.31
2026-09-22T03:01:13.991Z,spilo,2.00,"261.4MiB / 1.922GiB",13.28
2026-09-22T03:01:13.991Z,etcd,0.87,"46.68MiB / 1.922GiB",2.37
2026-09-22T03:01:21.510Z,lorawan-gateway-evidence-ingest-1,0.02,"3.641MiB / 192MiB",1.90
2026-09-22T03:01:21.510Z,lorawan-gateway-evidence-fabric-adapter-1,0.00,"3.84MiB / 192MiB",2.00
2026-09-22T03:01:21.510Z,lorawan-gateway-evidence-verifier-1,14.42,"13.61MiB / 192MiB",7.09
2026-09-22T03:01:21.510Z,seaweedfs,24.94,"158.7MiB / 256MiB",62.01
2026-09-22T03:01:21.510Z,seaweedfs-metadata-etcd,11.90,"78.96MiB / 96MiB",82.25
2026-09-22T03:01:21.510Z,openbao,2.92,"54.98MiB / 512MiB",10.74
2026-09-22T03:01:21.510Z,chirpstack,0.48,"45.35MiB / 1.922GiB",2.30
2026-09-22T03:01:21.510Z,spilo,0.72,"261.4MiB / 1.922GiB",13.28
2026-09-22T03:01:21.510Z,etcd,0.82,"46.68MiB / 1.922GiB",2.37
2026-09-22T03:01:28.994Z,lorawan-gateway-evidence-ingest-1,0.00,"3.641MiB / 192MiB",1.90
2026-09-22T03:01:28.994Z,lorawan-gateway-evidence-fabric-adapter-1,0.00,"3.84MiB / 192MiB",2.00
2026-09-22T03:01:28.994Z,lorawan-gateway-evidence-verifier-1,15.53,"13.47MiB / 192MiB",7.01
2026-09-22T03:01:28.994Z,seaweedfs,20.49,"158.6MiB / 256MiB",61.96
2026-09-22T03:01:28.994Z,seaweedfs-metadata-etcd,9.91,"78.96MiB / 96MiB",82.25
2026-09-22T03:01:28.994Z,openbao,2.45,"54.98MiB / 512MiB",10.74
2026-09-22T03:01:28.994Z,chirpstack,0.34,"45.35MiB / 1.922GiB",2.30
2026-09-22T03:01:28.994Z,spilo,1.51,"261.4MiB / 1.922GiB",13.28
2026-09-22T03:01:28.994Z,etcd,0.91,"46.68MiB / 1.922GiB",2.37
2026-09-22T03:01:36.450Z,lorawan-gateway-evidence-ingest-1,0.00,"3.641MiB / 192MiB",1.90
2026-09-22T03:01:36.450Z,lorawan-gateway-evidence-fabric-adapter-1,0.00,"3.84MiB / 192MiB",2.00
2026-09-22T03:01:36.450Z,lorawan-gateway-evidence-verifier-1,13.92,"13.43MiB / 192MiB",6.99
2026-09-22T03:01:36.450Z,seaweedfs,23.24,"157.3MiB / 256MiB",61.45
2026-09-22T03:01:36.450Z,seaweedfs-metadata-etcd,11.31,"78.96MiB / 96MiB",82.26
2026-09-22T03:01:36.450Z,openbao,1.87,"54.98MiB / 512MiB",10.74
2026-09-22T03:01:36.450Z,chirpstack,0.27,"45.35MiB / 1.922GiB",2.30
2026-09-22T03:01:36.450Z,spilo,0.83,"261.4MiB / 1.922GiB",13.29
2026-09-22T03:01:36.450Z,etcd,0.85,"46.68MiB / 1.922GiB",2.37
2026-09-22T03:01:43.988Z,lorawan-gateway-evidence-ingest-1,0.00,"3.641MiB / 192MiB",1.90
2026-09-22T03:01:43.988Z,lorawan-gateway-evidence-fabric-adapter-1,0.00,"3.84MiB / 192MiB",2.00
2026-09-22T03:01:43.988Z,lorawan-gateway-evidence-verifier-1,0.10,"13.47MiB / 192MiB",7.02
2026-09-22T03:01:43.988Z,seaweedfs,0.62,"158.5MiB / 256MiB",61.90
2026-09-22T03:01:43.988Z,seaweedfs-metadata-etcd,1.53,"78.95MiB / 96MiB",82.24
2026-09-22T03:01:43.988Z,openbao,2.57,"54.98MiB / 512MiB",10.74
2026-09-22T03:01:43.988Z,chirpstack,0.52,"45.35MiB / 1.922GiB",2.30
2026-09-22T03:01:43.988Z,spilo,0.90,"261.5MiB / 1.922GiB",13.29
2026-09-22T03:01:43.988Z,etcd,0.94,"46.68MiB / 1.922GiB",2.37
2026-09-22T03:01:51.182Z,lorawan-gateway-evidence-ingest-1,0.03,"3.641MiB / 192MiB",1.90
2026-09-22T03:01:51.182Z,lorawan-gateway-evidence-fabric-adapter-1,0.00,"3.84MiB / 192MiB",2.00
2026-09-22T03:01:51.182Z,lorawan-gateway-evidence-verifier-1,0.00,"13.3MiB / 192MiB",6.93
2026-09-22T03:01:51.182Z,seaweedfs,0.55,"159.1MiB / 256MiB",62.14
2026-09-22T03:01:51.182Z,seaweedfs-metadata-etcd,1.24,"78.95MiB / 96MiB",82.24
2026-09-22T03:01:51.182Z,openbao,2.20,"54.98MiB / 512MiB",10.74
2026-09-22T03:01:51.182Z,chirpstack,0.25,"45.35MiB / 1.922GiB",2.30
2026-09-22T03:01:51.182Z,spilo,1.32,"261.5MiB / 1.922GiB",13.29
2026-09-22T03:01:51.182Z,etcd,1.27,"46.68MiB / 1.922GiB",2.37
2026-09-22T03:01:58.452Z,lorawan-gateway-evidence-ingest-1,0.00,"3.641MiB / 192MiB",1.90
2026-09-22T03:01:58.452Z,lorawan-gateway-evidence-fabric-adapter-1,0.00,"3.84MiB / 192MiB",2.00
2026-09-22T03:01:58.452Z,lorawan-gateway-evidence-verifier-1,0.13,"13.3MiB / 192MiB",6.93
2026-09-22T03:01:58.452Z,seaweedfs,0.51,"159.1MiB / 256MiB",62.14
2026-09-22T03:01:58.452Z,seaweedfs-metadata-etcd,1.12,"78.95MiB / 96MiB",82.24
2026-09-22T03:01:58.452Z,openbao,2.87,"54.98MiB / 512MiB",10.74
2026-09-22T03:01:58.452Z,chirpstack,0.42,"45.35MiB / 1.922GiB",2.30
2026-09-22T03:01:58.452Z,spilo,1.62,"261.5MiB / 1.922GiB",13.29
2026-09-22T03:01:58.452Z,etcd,1.10,"46.68MiB / 1.922GiB",2.37
2026-09-22T03:02:05.660Z,lorawan-gateway-evidence-ingest-1,0.00,"3.641MiB / 192MiB",1.90
2026-09-22T03:02:05.660Z,lorawan-gateway-evidence-fabric-adapter-1,0.00,"3.84MiB / 192MiB",2.00
2026-09-22T03:02:05.660Z,lorawan-gateway-evidence-verifier-1,12.17,"13.4MiB / 192MiB",6.98
2026-09-22T03:02:05.660Z,seaweedfs,23.83,"158.9MiB / 256MiB",62.08
2026-09-22T03:02:05.660Z,seaweedfs-metadata-etcd,12.59,"78.96MiB / 96MiB",82.25
2026-09-22T03:02:05.660Z,openbao,2.68,"54.98MiB / 512MiB",10.74
2026-09-22T03:02:05.660Z,chirpstack,0.41,"45.36MiB / 1.922GiB",2.31
2026-09-22T03:02:05.660Z,spilo,1.06,"261.5MiB / 1.922GiB",13.29
2026-09-22T03:02:05.660Z,etcd,3.61,"46.68MiB / 1.922GiB",2.37
2026-09-22T03:02:13.206Z,lorawan-gateway-evidence-ingest-1,0.00,"3.641MiB / 192MiB",1.90
2026-09-22T03:02:13.206Z,lorawan-gateway-evidence-fabric-adapter-1,0.00,"3.84MiB / 192MiB",2.00
2026-09-22T03:02:13.206Z,lorawan-gateway-evidence-verifier-1,13.72,"13.09MiB / 192MiB",6.82
2026-09-22T03:02:13.206Z,seaweedfs,27.64,"158.8MiB / 256MiB",62.01
2026-09-22T03:02:13.206Z,seaweedfs-metadata-etcd,12.29,"78.96MiB / 96MiB",82.25
2026-09-22T03:02:13.206Z,openbao,1.96,"54.98MiB / 512MiB",10.74
2026-09-22T03:02:13.206Z,chirpstack,0.23,"45.36MiB / 1.922GiB",2.31
2026-09-22T03:02:13.206Z,spilo,1.66,"261.5MiB / 1.922GiB",13.29
2026-09-22T03:02:13.206Z,etcd,0.81,"46.68MiB / 1.922GiB",2.37
2026-09-22T03:02:20.717Z,lorawan-gateway-evidence-ingest-1,0.00,"3.641MiB / 192MiB",1.90
2026-09-22T03:02:20.717Z,lorawan-gateway-evidence-fabric-adapter-1,0.00,"3.84MiB / 192MiB",2.00
2026-09-22T03:02:20.717Z,lorawan-gateway-evidence-verifier-1,12.73,"13.61MiB / 192MiB",7.09
2026-09-22T03:02:20.717Z,seaweedfs,23.52,"158.3MiB / 256MiB",61.83
2026-09-22T03:02:20.717Z,seaweedfs-metadata-etcd,7.37,"78.96MiB / 96MiB",82.26
2026-09-22T03:02:20.717Z,openbao,1.94,"54.98MiB / 512MiB",10.74
2026-09-22T03:02:20.717Z,chirpstack,0.26,"45.35MiB / 1.922GiB",2.30
2026-09-22T03:02:20.717Z,spilo,1.27,"261.5MiB / 1.922GiB",13.29
2026-09-22T03:02:20.717Z,etcd,0.95,"46.68MiB / 1.922GiB",2.37
2026-09-22T03:02:27.982Z,lorawan-gateway-evidence-ingest-1,0.00,"3.641MiB / 192MiB",1.90
2026-09-22T03:02:27.982Z,lorawan-gateway-evidence-fabric-adapter-1,0.00,"3.84MiB / 192MiB",2.00
2026-09-22T03:02:27.982Z,lorawan-gateway-evidence-verifier-1,0.11,"13.49MiB / 192MiB",7.03
2026-09-22T03:02:27.982Z,seaweedfs,0.50,"158.6MiB / 256MiB",61.93
2026-09-22T03:02:27.982Z,seaweedfs-metadata-etcd,1.07,"78.95MiB / 96MiB",82.24
2026-09-22T03:02:27.982Z,openbao,2.69,"54.98MiB / 512MiB",10.74
2026-09-22T03:02:27.982Z,chirpstack,0.37,"45.35MiB / 1.922GiB",2.30
2026-09-22T03:02:27.982Z,spilo,0.47,"261.5MiB / 1.922GiB",13.29
2026-09-22T03:02:27.982Z,etcd,1.01,"46.68MiB / 1.922GiB",2.37
2026-09-22T03:02:35.196Z,lorawan-gateway-evidence-ingest-1,0.00,"3.641MiB / 192MiB",1.90
2026-09-22T03:02:35.196Z,lorawan-gateway-evidence-fabric-adapter-1,0.00,"3.84MiB / 192MiB",2.00
2026-09-22T03:02:35.196Z,lorawan-gateway-evidence-verifier-1,0.45,"13.61MiB / 192MiB",7.09
2026-09-22T03:02:35.196Z,seaweedfs,1.19,"165.2MiB / 256MiB",64.54
2026-09-22T03:02:35.196Z,seaweedfs-metadata-etcd,1.84,"78.95MiB / 96MiB",82.24
2026-09-22T03:02:35.196Z,openbao,2.51,"54.99MiB / 512MiB",10.74
2026-09-22T03:02:35.196Z,chirpstack,0.25,"45.35MiB / 1.922GiB",2.30
2026-09-22T03:02:35.196Z,spilo,1.50,"261.5MiB / 1.922GiB",13.29
2026-09-22T03:02:35.196Z,etcd,1.87,"46.68MiB / 1.922GiB",2.37
2026-09-22T03:02:42.513Z,lorawan-gateway-evidence-ingest-1,0.00,"3.641MiB / 192MiB",1.90
2026-09-22T03:02:42.513Z,lorawan-gateway-evidence-fabric-adapter-1,0.00,"3.84MiB / 192MiB",2.00
2026-09-22T03:02:42.513Z,lorawan-gateway-evidence-verifier-1,14.40,"13.62MiB / 192MiB",7.09
2026-09-22T03:02:42.513Z,seaweedfs,22.06,"158.1MiB / 256MiB",61.76
2026-09-22T03:02:42.513Z,seaweedfs-metadata-etcd,11.09,"78.96MiB / 96MiB",82.25
2026-09-22T03:02:42.513Z,openbao,2.14,"54.98MiB / 512MiB",10.74
2026-09-22T03:02:42.513Z,chirpstack,0.24,"45.35MiB / 1.922GiB",2.30
2026-09-22T03:02:42.513Z,spilo,0.56,"261.5MiB / 1.922GiB",13.29
2026-09-22T03:02:42.513Z,etcd,1.21,"46.68MiB / 1.922GiB",2.37
2026-09-22T03:02:49.924Z,lorawan-gateway-evidence-ingest-1,0.00,"3.641MiB / 192MiB",1.90
2026-09-22T03:02:49.924Z,lorawan-gateway-evidence-fabric-adapter-1,0.00,"3.84MiB / 192MiB",2.00
2026-09-22T03:02:49.924Z,lorawan-gateway-evidence-verifier-1,14.24,"13.61MiB / 192MiB",7.09
2026-09-22T03:02:49.924Z,seaweedfs,21.82,"158.6MiB / 256MiB",61.95
2026-09-22T03:02:49.924Z,seaweedfs-metadata-etcd,10.12,"78.96MiB / 96MiB",82.25
2026-09-22T03:02:49.924Z,openbao,2.20,"54.98MiB / 512MiB",10.74
2026-09-22T03:02:49.924Z,chirpstack,0.34,"45.35MiB / 1.922GiB",2.30
2026-09-22T03:02:49.924Z,spilo,0.55,"261.5MiB / 1.922GiB",13.29
2026-09-22T03:02:49.924Z,etcd,1.03,"46.68MiB / 1.922GiB",2.37
2026-09-22T03:02:57.368Z,lorawan-gateway-evidence-ingest-1,0.00,"3.641MiB / 192MiB",1.90
2026-09-22T03:02:57.368Z,lorawan-gateway-evidence-fabric-adapter-1,0.00,"3.84MiB / 192MiB",2.00
2026-09-22T03:02:57.368Z,lorawan-gateway-evidence-verifier-1,0.00,"13.3MiB / 192MiB",6.93
2026-09-22T03:02:57.368Z,seaweedfs,0.58,"158.8MiB / 256MiB",62.04
2026-09-22T03:02:57.368Z,seaweedfs-metadata-etcd,1.18,"78.95MiB / 96MiB",82.24
2026-09-22T03:02:57.368Z,openbao,2.37,"54.98MiB / 512MiB",10.74
2026-09-22T03:02:57.368Z,chirpstack,0.22,"45.35MiB / 1.922GiB",2.30
2026-09-22T03:02:57.368Z,spilo,1.02,"261.5MiB / 1.922GiB",13.29
2026-09-22T03:02:57.368Z,etcd,0.86,"46.68MiB / 1.922GiB",2.37
2026-09-22T03:03:04.705Z,lorawan-gateway-evidence-ingest-1,0.00,"3.641MiB / 192MiB",1.90
2026-09-22T03:03:04.705Z,lorawan-gateway-evidence-fabric-adapter-1,0.00,"3.84MiB / 192MiB",2.00
2026-09-22T03:03:04.705Z,lorawan-gateway-evidence-verifier-1,14.93,"13.48MiB / 192MiB",7.02
2026-09-22T03:03:04.705Z,seaweedfs,23.07,"158.6MiB / 256MiB",61.95
2026-09-22T03:03:04.705Z,seaweedfs-metadata-etcd,7.05,"78.96MiB / 96MiB",82.25
2026-09-22T03:03:04.705Z,openbao,2.66,"54.98MiB / 512MiB",10.74
2026-09-22T03:03:04.705Z,chirpstack,0.24,"45.36MiB / 1.922GiB",2.31
2026-09-22T03:03:04.705Z,spilo,2.45,"261.5MiB / 1.922GiB",13.29
2026-09-22T03:03:04.705Z,etcd,0.83,"46.68MiB / 1.922GiB",2.37
2026-09-22T03:03:12.159Z,lorawan-gateway-evidence-ingest-1,0.00,"3.641MiB / 192MiB",1.90
2026-09-22T03:03:12.159Z,lorawan-gateway-evidence-fabric-adapter-1,0.00,"3.84MiB / 192MiB",2.00
2026-09-22T03:03:12.159Z,lorawan-gateway-evidence-verifier-1,12.45,"13.49MiB / 192MiB",7.03
2026-09-22T03:03:12.159Z,seaweedfs,19.31,"158.3MiB / 256MiB",61.83
2026-09-22T03:03:12.159Z,seaweedfs-metadata-etcd,9.71,"78.96MiB / 96MiB",82.25
2026-09-22T03:03:12.159Z,openbao,2.48,"54.98MiB / 512MiB",10.74
2026-09-22T03:03:12.159Z,chirpstack,0.38,"45.36MiB / 1.922GiB",2.31
2026-09-22T03:03:12.159Z,spilo,0.79,"261.5MiB / 1.922GiB",13.29
2026-09-22T03:03:12.159Z,etcd,0.72,"46.68MiB / 1.922GiB",2.37
2026-09-22T03:03:19.543Z,lorawan-gateway-evidence-ingest-1,0.00,"3.641MiB / 192MiB",1.90
2026-09-22T03:03:19.543Z,lorawan-gateway-evidence-fabric-adapter-1,0.00,"3.84MiB / 192MiB",2.00
2026-09-22T03:03:19.543Z,lorawan-gateway-evidence-verifier-1,12.98,"13.49MiB / 192MiB",7.03
2026-09-22T03:03:19.543Z,seaweedfs,20.51,"158.8MiB / 256MiB",62.03
2026-09-22T03:03:19.543Z,seaweedfs-metadata-etcd,11.49,"78.96MiB / 96MiB",82.25
2026-09-22T03:03:19.543Z,openbao,2.22,"54.98MiB / 512MiB",10.74
2026-09-22T03:03:19.543Z,chirpstack,0.37,"45.35MiB / 1.922GiB",2.30
2026-09-22T03:03:19.543Z,spilo,1.63,"261.5MiB / 1.922GiB",13.29
2026-09-22T03:03:19.543Z,etcd,0.66,"46.68MiB / 1.922GiB",2.37
2026-09-22T03:03:27.024Z,lorawan-gateway-evidence-ingest-1,0.00,"3.641MiB / 192MiB",1.90
2026-09-22T03:03:27.024Z,lorawan-gateway-evidence-fabric-adapter-1,0.00,"3.84MiB / 192MiB",2.00
2026-09-22T03:03:27.024Z,lorawan-gateway-evidence-verifier-1,13.22,"13.61MiB / 192MiB",7.09
2026-09-22T03:03:27.024Z,seaweedfs,23.77,"158.4MiB / 256MiB",61.87
2026-09-22T03:03:27.024Z,seaweedfs-metadata-etcd,10.08,"78.96MiB / 96MiB",82.25
2026-09-22T03:03:27.024Z,openbao,2.15,"54.98MiB / 512MiB",10.74
2026-09-22T03:03:27.024Z,chirpstack,0.24,"45.35MiB / 1.922GiB",2.30
2026-09-22T03:03:27.024Z,spilo,1.37,"261.5MiB / 1.922GiB",13.29
2026-09-22T03:03:27.024Z,etcd,1.06,"46.68MiB / 1.922GiB",2.37
2026-09-22T03:03:34.489Z,lorawan-gateway-evidence-ingest-1,0.00,"3.641MiB / 192MiB",1.90
2026-09-22T03:03:34.489Z,lorawan-gateway-evidence-fabric-adapter-1,0.00,"3.84MiB / 192MiB",2.00
2026-09-22T03:03:34.489Z,lorawan-gateway-evidence-verifier-1,1.20,"13.3MiB / 192MiB",6.93
2026-09-22T03:03:34.489Z,seaweedfs,1.60,"158.1MiB / 256MiB",61.75
2026-09-22T03:03:34.489Z,seaweedfs-metadata-etcd,1.79,"78.95MiB / 96MiB",82.24
2026-09-22T03:03:34.489Z,openbao,2.36,"54.98MiB / 512MiB",10.74
2026-09-22T03:03:34.489Z,chirpstack,0.31,"45.35MiB / 1.922GiB",2.30
2026-09-22T03:03:34.489Z,spilo,1.86,"261.4MiB / 1.922GiB",13.28
2026-09-22T03:03:34.489Z,etcd,1.14,"46.68MiB / 1.922GiB",2.37
2026-09-22T03:03:41.903Z,lorawan-gateway-evidence-ingest-1,0.00,"3.641MiB / 192MiB",1.90
2026-09-22T03:03:41.903Z,lorawan-gateway-evidence-fabric-adapter-1,0.00,"3.84MiB / 192MiB",2.00
2026-09-22T03:03:41.903Z,lorawan-gateway-evidence-verifier-1,0.11,"13.61MiB / 192MiB",7.09
2026-09-22T03:03:41.903Z,seaweedfs,0.39,"157.6MiB / 256MiB",61.56
2026-09-22T03:03:41.903Z,seaweedfs-metadata-etcd,1.37,"78.95MiB / 96MiB",82.24
2026-09-22T03:03:41.903Z,openbao,2.46,"54.98MiB / 512MiB",10.74
2026-09-22T03:03:41.903Z,chirpstack,0.34,"45.35MiB / 1.922GiB",2.30
2026-09-22T03:03:41.903Z,spilo,1.20,"261.4MiB / 1.922GiB",13.28
2026-09-22T03:03:41.903Z,etcd,0.84,"46.68MiB / 1.922GiB",2.37
2026-09-22T03:03:49.145Z,lorawan-gateway-evidence-ingest-1,0.00,"3.641MiB / 192MiB",1.90
2026-09-22T03:03:49.145Z,lorawan-gateway-evidence-fabric-adapter-1,0.00,"3.84MiB / 192MiB",2.00
2026-09-22T03:03:49.145Z,lorawan-gateway-evidence-verifier-1,14.38,"13.61MiB / 192MiB",7.09
2026-09-22T03:03:49.145Z,seaweedfs,25.29,"158.4MiB / 256MiB",61.89
2026-09-22T03:03:49.145Z,seaweedfs-metadata-etcd,10.61,"79.02MiB / 96MiB",82.32
2026-09-22T03:03:49.145Z,openbao,1.96,"54.98MiB / 512MiB",10.74
2026-09-22T03:03:49.145Z,chirpstack,0.23,"45.35MiB / 1.922GiB",2.30
2026-09-22T03:03:49.145Z,spilo,1.47,"261.4MiB / 1.922GiB",13.28
2026-09-22T03:03:49.145Z,etcd,0.86,"46.68MiB / 1.922GiB",2.37
2026-09-22T03:03:56.492Z,lorawan-gateway-evidence-ingest-1,0.00,"3.641MiB / 192MiB",1.90
2026-09-22T03:03:56.492Z,lorawan-gateway-evidence-fabric-adapter-1,0.00,"3.84MiB / 192MiB",2.00
2026-09-22T03:03:56.492Z,lorawan-gateway-evidence-verifier-1,14.33,"13.62MiB / 192MiB",7.09
2026-09-22T03:03:56.492Z,seaweedfs,25.14,"158.1MiB / 256MiB",61.74
2026-09-22T03:03:56.492Z,seaweedfs-metadata-etcd,11.06,"79.02MiB / 96MiB",82.31
2026-09-22T03:03:56.492Z,openbao,2.08,"54.98MiB / 512MiB",10.74
2026-09-22T03:03:56.492Z,chirpstack,0.34,"45.35MiB / 1.922GiB",2.30
2026-09-22T03:03:56.492Z,spilo,0.52,"261.4MiB / 1.922GiB",13.28
2026-09-22T03:03:56.492Z,etcd,0.76,"46.68MiB / 1.922GiB",2.37
2026-09-22T03:04:03.904Z,lorawan-gateway-evidence-ingest-1,0.00,"3.641MiB / 192MiB",1.90
2026-09-22T03:04:03.904Z,lorawan-gateway-evidence-fabric-adapter-1,0.00,"3.84MiB / 192MiB",2.00
2026-09-22T03:04:03.904Z,lorawan-gateway-evidence-verifier-1,10.52,"13.68MiB / 192MiB",7.13
2026-09-22T03:04:03.904Z,seaweedfs,21.60,"157.9MiB / 256MiB",61.70
2026-09-22T03:04:03.904Z,seaweedfs-metadata-etcd,9.38,"79.04MiB / 96MiB",82.33
2026-09-22T03:04:03.904Z,openbao,2.72,"54.98MiB / 512MiB",10.74
2026-09-22T03:04:03.904Z,chirpstack,0.44,"45.36MiB / 1.922GiB",2.31
2026-09-22T03:04:03.904Z,spilo,0.98,"261.4MiB / 1.922GiB",13.28
2026-09-22T03:04:03.904Z,etcd,0.91,"46.68MiB / 1.922GiB",2.37
2026-09-22T03:04:11.384Z,lorawan-gateway-evidence-ingest-1,0.00,"3.641MiB / 192MiB",1.90
2026-09-22T03:04:11.384Z,lorawan-gateway-evidence-fabric-adapter-1,0.00,"3.84MiB / 192MiB",2.00
2026-09-22T03:04:11.384Z,lorawan-gateway-evidence-verifier-1,14.44,"13.49MiB / 192MiB",7.03
2026-09-22T03:04:11.384Z,seaweedfs,25.65,"156.8MiB / 256MiB",61.26
2026-09-22T03:04:11.384Z,seaweedfs-metadata-etcd,11.06,"79.03MiB / 96MiB",82.32
2026-09-22T03:04:11.384Z,openbao,2.26,"54.99MiB / 512MiB",10.74
2026-09-22T03:04:11.384Z,chirpstack,0.28,"45.36MiB / 1.922GiB",2.31
2026-09-22T03:04:11.384Z,spilo,1.23,"261.4MiB / 1.922GiB",13.28
2026-09-22T03:04:11.384Z,etcd,0.76,"46.68MiB / 1.922GiB",2.37
2026-09-22T03:04:19.060Z,lorawan-gateway-evidence-ingest-1,0.00,"3.641MiB / 192MiB",1.90
2026-09-22T03:04:19.060Z,lorawan-gateway-evidence-fabric-adapter-1,0.00,"3.84MiB / 192MiB",2.00
2026-09-22T03:04:19.060Z,lorawan-gateway-evidence-verifier-1,12.27,"13.57MiB / 192MiB",7.07
2026-09-22T03:04:19.060Z,seaweedfs,26.71,"157.8MiB / 256MiB",61.65
2026-09-22T03:04:19.060Z,seaweedfs-metadata-etcd,11.53,"79.04MiB / 96MiB",82.33
2026-09-22T03:04:19.060Z,openbao,2.49,"54.98MiB / 512MiB",10.74
2026-09-22T03:04:19.060Z,chirpstack,0.38,"45.35MiB / 1.922GiB",2.30
2026-09-22T03:04:19.060Z,spilo,0.54,"261.4MiB / 1.922GiB",13.28
2026-09-22T03:04:19.060Z,etcd,1.35,"46.68MiB / 1.922GiB",2.37
2026-09-22T03:04:26.384Z,lorawan-gateway-evidence-ingest-1,0.00,"3.641MiB / 192MiB",1.90
2026-09-22T03:04:26.384Z,lorawan-gateway-evidence-fabric-adapter-1,0.00,"3.84MiB / 192MiB",2.00
2026-09-22T03:04:26.384Z,lorawan-gateway-evidence-verifier-1,13.85,"13.49MiB / 192MiB",7.03
2026-09-22T03:04:26.384Z,seaweedfs,26.25,"158.4MiB / 256MiB",61.89
2026-09-22T03:04:26.384Z,seaweedfs-metadata-etcd,10.93,"79.04MiB / 96MiB",82.33
2026-09-22T03:04:26.384Z,openbao,2.11,"54.98MiB / 512MiB",10.74
2026-09-22T03:04:26.384Z,chirpstack,0.38,"45.35MiB / 1.922GiB",2.30
2026-09-22T03:04:26.384Z,spilo,0.52,"261.4MiB / 1.922GiB",13.28
2026-09-22T03:04:26.384Z,etcd,0.80,"46.68MiB / 1.922GiB",2.37
2026-09-22T03:04:33.814Z,lorawan-gateway-evidence-ingest-1,0.00,"3.641MiB / 192MiB",1.90
2026-09-22T03:04:33.814Z,lorawan-gateway-evidence-fabric-adapter-1,0.00,"3.84MiB / 192MiB",2.00
2026-09-22T03:04:33.814Z,lorawan-gateway-evidence-verifier-1,13.32,"13.5MiB / 192MiB",7.03
2026-09-22T03:04:33.814Z,seaweedfs,24.71,"157.9MiB / 256MiB",61.69
2026-09-22T03:04:33.814Z,seaweedfs-metadata-etcd,10.75,"79.52MiB / 96MiB",82.83
2026-09-22T03:04:33.814Z,openbao,1.87,"54.98MiB / 512MiB",10.74
2026-09-22T03:04:33.814Z,chirpstack,0.33,"45.35MiB / 1.922GiB",2.30
2026-09-22T03:04:33.814Z,spilo,1.08,"261.4MiB / 1.922GiB",13.28
2026-09-22T03:04:33.814Z,etcd,0.73,"46.68MiB / 1.922GiB",2.37
2026-09-22T03:04:41.270Z,lorawan-gateway-evidence-ingest-1,0.00,"3.641MiB / 192MiB",1.90
2026-09-22T03:04:41.270Z,lorawan-gateway-evidence-fabric-adapter-1,0.00,"3.84MiB / 192MiB",2.00
2026-09-22T03:04:41.270Z,lorawan-gateway-evidence-verifier-1,14.60,"13.14MiB / 192MiB",6.85
2026-09-22T03:04:41.270Z,seaweedfs,26.06,"157.9MiB / 256MiB",61.69
2026-09-22T03:04:41.270Z,seaweedfs-metadata-etcd,11.46,"79.52MiB / 96MiB",82.83
2026-09-22T03:04:41.270Z,openbao,1.88,"54.98MiB / 512MiB",10.74
2026-09-22T03:04:41.270Z,chirpstack,0.32,"45.36MiB / 1.922GiB",2.30
2026-09-22T03:04:41.270Z,spilo,1.54,"261.4MiB / 1.922GiB",13.28
2026-09-22T03:04:41.270Z,etcd,0.75,"46.68MiB / 1.922GiB",2.37
2026-09-22T03:04:48.707Z,lorawan-gateway-evidence-ingest-1,0.00,"3.641MiB / 192MiB",1.90
2026-09-22T03:04:48.707Z,lorawan-gateway-evidence-fabric-adapter-1,0.00,"3.84MiB / 192MiB",2.00
2026-09-22T03:04:48.707Z,lorawan-gateway-evidence-verifier-1,14.07,"13.61MiB / 192MiB",7.09
2026-09-22T03:04:48.707Z,seaweedfs,25.67,"158.1MiB / 256MiB",61.78
2026-09-22T03:04:48.707Z,seaweedfs-metadata-etcd,10.66,"79.52MiB / 96MiB",82.83
2026-09-22T03:04:48.707Z,openbao,1.98,"54.98MiB / 512MiB",10.74
2026-09-22T03:04:48.707Z,chirpstack,0.30,"45.35MiB / 1.922GiB",2.30
2026-09-22T03:04:48.707Z,spilo,0.67,"261.4MiB / 1.922GiB",13.28
2026-09-22T03:04:48.707Z,etcd,0.68,"46.68MiB / 1.922GiB",2.37
2026-09-22T03:04:56.061Z,lorawan-gateway-evidence-ingest-1,0.00,"3.641MiB / 192MiB",1.90
2026-09-22T03:04:56.061Z,lorawan-gateway-evidence-fabric-adapter-1,0.00,"3.84MiB / 192MiB",2.00
2026-09-22T03:04:56.061Z,lorawan-gateway-evidence-verifier-1,13.87,"13.61MiB / 192MiB",7.09
2026-09-22T03:04:56.061Z,seaweedfs,24.26,"157.9MiB / 256MiB",61.67
2026-09-22T03:04:56.061Z,seaweedfs-metadata-etcd,11.47,"79.52MiB / 96MiB",82.84
2026-09-22T03:04:56.061Z,openbao,1.94,"54.98MiB / 512MiB",10.74
2026-09-22T03:04:56.061Z,chirpstack,0.43,"45.35MiB / 1.922GiB",2.30
2026-09-22T03:04:56.061Z,spilo,1.56,"261.4MiB / 1.922GiB",13.28
2026-09-22T03:04:56.061Z,etcd,2.13,"46.68MiB / 1.922GiB",2.37
2026-09-22T03:05:03.545Z,lorawan-gateway-evidence-ingest-1,0.00,"3.641MiB / 192MiB",1.90
2026-09-22T03:05:03.545Z,lorawan-gateway-evidence-fabric-adapter-1,0.00,"3.84MiB / 192MiB",2.00
2026-09-22T03:05:03.545Z,lorawan-gateway-evidence-verifier-1,5.65,"13.64MiB / 192MiB",7.10
2026-09-22T03:05:03.545Z,seaweedfs,14.11,"157.6MiB / 256MiB",61.58
2026-09-22T03:05:03.545Z,seaweedfs-metadata-etcd,7.07,"79.52MiB / 96MiB",82.83
2026-09-22T03:05:03.545Z,openbao,4.97,"54.98MiB / 512MiB",10.74
2026-09-22T03:05:03.545Z,chirpstack,0.48,"45.36MiB / 1.922GiB",2.31
2026-09-22T03:05:03.545Z,spilo,1.37,"261.4MiB / 1.922GiB",13.28
2026-09-22T03:05:03.545Z,etcd,1.44,"46.68MiB / 1.922GiB",2.37
2026-09-22T03:05:11.408Z,lorawan-gateway-evidence-ingest-1,0.00,"3.641MiB / 192MiB",1.90
2026-09-22T03:05:11.408Z,lorawan-gateway-evidence-fabric-adapter-1,0.00,"3.84MiB / 192MiB",2.00
2026-09-22T03:05:11.408Z,lorawan-gateway-evidence-verifier-1,8.56,"13.6MiB / 192MiB",7.08
2026-09-22T03:05:11.408Z,seaweedfs,14.30,"157.9MiB / 256MiB",61.66
2026-09-22T03:05:11.408Z,seaweedfs-metadata-etcd,7.38,"79.52MiB / 96MiB",82.83
2026-09-22T03:05:11.408Z,openbao,2.28,"54.98MiB / 512MiB",10.74
2026-09-22T03:05:11.408Z,chirpstack,0.32,"45.36MiB / 1.922GiB",2.31
2026-09-22T03:05:11.408Z,spilo,1.27,"261.4MiB / 1.922GiB",13.28
2026-09-22T03:05:11.408Z,etcd,1.14,"46.68MiB / 1.922GiB",2.37
2026-09-22T03:05:18.815Z,lorawan-gateway-evidence-ingest-1,0.00,"3.641MiB / 192MiB",1.90
2026-09-22T03:05:18.815Z,lorawan-gateway-evidence-fabric-adapter-1,0.00,"3.84MiB / 192MiB",2.00
2026-09-22T03:05:18.815Z,lorawan-gateway-evidence-verifier-1,19.72,"13.2MiB / 192MiB",6.88
2026-09-22T03:05:18.815Z,seaweedfs,17.95,"158.1MiB / 256MiB",61.77
2026-09-22T03:05:18.815Z,seaweedfs-metadata-etcd,7.52,"79.52MiB / 96MiB",82.83
2026-09-22T03:05:18.815Z,openbao,3.15,"54.98MiB / 512MiB",10.74
2026-09-22T03:05:18.815Z,chirpstack,0.61,"45.35MiB / 1.922GiB",2.30
2026-09-22T03:05:18.815Z,spilo,0.63,"261.4MiB / 1.922GiB",13.28
2026-09-22T03:05:18.815Z,etcd,1.53,"46.68MiB / 1.922GiB",2.37
2026-09-22T03:05:26.292Z,lorawan-gateway-evidence-ingest-1,0.00,"3.641MiB / 192MiB",1.90
2026-09-22T03:05:26.292Z,lorawan-gateway-evidence-fabric-adapter-1,0.00,"3.84MiB / 192MiB",2.00
2026-09-22T03:05:26.292Z,lorawan-gateway-evidence-verifier-1,21.42,"13.52MiB / 192MiB",7.04
2026-09-22T03:05:26.292Z,seaweedfs,17.38,"158.4MiB / 256MiB",61.88
2026-09-22T03:05:26.292Z,seaweedfs-metadata-etcd,10.20,"79.52MiB / 96MiB",82.83
2026-09-22T03:05:26.292Z,openbao,2.42,"55MiB / 512MiB",10.74
2026-09-22T03:05:26.292Z,chirpstack,0.51,"45.35MiB / 1.922GiB",2.30
2026-09-22T03:05:26.292Z,spilo,1.43,"261.4MiB / 1.922GiB",13.28
2026-09-22T03:05:26.292Z,etcd,1.14,"46.68MiB / 1.922GiB",2.37
2026-09-22T03:05:33.832Z,lorawan-gateway-evidence-ingest-1,0.00,"3.641MiB / 192MiB",1.90
2026-09-22T03:05:33.832Z,lorawan-gateway-evidence-fabric-adapter-1,0.00,"3.84MiB / 192MiB",2.00
2026-09-22T03:05:33.832Z,lorawan-gateway-evidence-verifier-1,13.60,"13.66MiB / 192MiB",7.11
2026-09-22T03:05:33.832Z,seaweedfs,21.66,"158.2MiB / 256MiB",61.81
2026-09-22T03:05:33.832Z,seaweedfs-metadata-etcd,12.56,"79.52MiB / 96MiB",82.84
2026-09-22T03:05:33.832Z,openbao,2.45,"55MiB / 512MiB",10.74
2026-09-22T03:05:33.832Z,chirpstack,0.50,"45.35MiB / 1.922GiB",2.30
2026-09-22T03:05:33.832Z,spilo,1.54,"261.4MiB / 1.922GiB",13.28
2026-09-22T03:05:33.832Z,etcd,0.97,"46.67MiB / 1.922GiB",2.37
2026-09-22T03:05:41.267Z,lorawan-gateway-evidence-ingest-1,0.00,"3.641MiB / 192MiB",1.90
2026-09-22T03:05:41.267Z,lorawan-gateway-evidence-fabric-adapter-1,0.00,"3.84MiB / 192MiB",2.00
2026-09-22T03:05:41.267Z,lorawan-gateway-evidence-verifier-1,11.71,"13.65MiB / 192MiB",7.11
2026-09-22T03:05:41.267Z,seaweedfs,22.96,"158MiB / 256MiB",61.74
2026-09-22T03:05:41.267Z,seaweedfs-metadata-etcd,8.41,"79.52MiB / 96MiB",82.83
2026-09-22T03:05:41.267Z,openbao,3.29,"55MiB / 512MiB",10.74
2026-09-22T03:05:41.267Z,chirpstack,0.31,"45.35MiB / 1.922GiB",2.30
2026-09-22T03:05:41.267Z,spilo,1.66,"261.4MiB / 1.922GiB",13.28
2026-09-22T03:05:41.267Z,etcd,1.10,"46.68MiB / 1.922GiB",2.37
2026-09-22T03:05:48.676Z,lorawan-gateway-evidence-ingest-1,0.00,"3.641MiB / 192MiB",1.90
2026-09-22T03:05:48.676Z,lorawan-gateway-evidence-fabric-adapter-1,0.00,"3.84MiB / 192MiB",2.00
2026-09-22T03:05:48.676Z,lorawan-gateway-evidence-verifier-1,13.72,"13.54MiB / 192MiB",7.05
2026-09-22T03:05:48.676Z,seaweedfs,21.55,"158.1MiB / 256MiB",61.76
2026-09-22T03:05:48.676Z,seaweedfs-metadata-etcd,9.77,"79.52MiB / 96MiB",82.83
2026-09-22T03:05:48.676Z,openbao,2.46,"55MiB / 512MiB",10.74
2026-09-22T03:05:48.676Z,chirpstack,0.39,"45.35MiB / 1.922GiB",2.30
2026-09-22T03:05:48.676Z,spilo,1.10,"261.4MiB / 1.922GiB",13.28
2026-09-22T03:05:48.676Z,etcd,1.02,"46.68MiB / 1.922GiB",2.37
2026-09-22T03:05:56.144Z,lorawan-gateway-evidence-ingest-1,0.00,"3.641MiB / 192MiB",1.90
2026-09-22T03:05:56.144Z,lorawan-gateway-evidence-fabric-adapter-1,0.00,"3.84MiB / 192MiB",2.00
2026-09-22T03:05:56.144Z,lorawan-gateway-evidence-verifier-1,21.12,"13.5MiB / 192MiB",7.03
2026-09-22T03:05:56.144Z,seaweedfs,16.55,"158MiB / 256MiB",61.71
2026-09-22T03:05:56.144Z,seaweedfs-metadata-etcd,10.47,"79.52MiB / 96MiB",82.83
2026-09-22T03:05:56.144Z,openbao,2.05,"55MiB / 512MiB",10.74
2026-09-22T03:05:56.144Z,chirpstack,0.51,"45.35MiB / 1.922GiB",2.30
2026-09-22T03:05:56.144Z,spilo,2.02,"261.4MiB / 1.922GiB",13.28
2026-09-22T03:05:56.144Z,etcd,1.43,"46.68MiB / 1.922GiB",2.37
2026-09-22T03:06:03.619Z,lorawan-gateway-evidence-ingest-1,0.00,"3.641MiB / 192MiB",1.90
2026-09-22T03:06:03.619Z,lorawan-gateway-evidence-fabric-adapter-1,0.00,"3.84MiB / 192MiB",2.00
2026-09-22T03:06:03.619Z,lorawan-gateway-evidence-verifier-1,7.20,"13.76MiB / 192MiB",7.17
2026-09-22T03:06:03.619Z,seaweedfs,14.88,"158.1MiB / 256MiB",61.75
2026-09-22T03:06:03.619Z,seaweedfs-metadata-etcd,8.14,"79.52MiB / 96MiB",82.83
2026-09-22T03:06:03.619Z,openbao,4.02,"55.04MiB / 512MiB",10.75
2026-09-22T03:06:03.619Z,chirpstack,0.63,"45.36MiB / 1.922GiB",2.31
2026-09-22T03:06:03.619Z,spilo,1.45,"261.4MiB / 1.922GiB",13.28
2026-09-22T03:06:03.619Z,etcd,0.91,"46.68MiB / 1.922GiB",2.37
2026-09-22T03:06:11.060Z,lorawan-gateway-evidence-ingest-1,0.00,"3.641MiB / 192MiB",1.90
2026-09-22T03:06:11.060Z,lorawan-gateway-evidence-fabric-adapter-1,0.00,"3.84MiB / 192MiB",2.00
2026-09-22T03:06:11.060Z,lorawan-gateway-evidence-verifier-1,12.82,"13.51MiB / 192MiB",7.04
2026-09-22T03:06:11.060Z,seaweedfs,21.31,"158.2MiB / 256MiB",61.81
2026-09-22T03:06:11.060Z,seaweedfs-metadata-etcd,10.30,"79.52MiB / 96MiB",82.84
2026-09-22T03:06:11.060Z,openbao,2.54,"55.04MiB / 512MiB",10.75
2026-09-22T03:06:11.060Z,chirpstack,0.31,"45.36MiB / 1.922GiB",2.31
2026-09-22T03:06:11.060Z,spilo,1.05,"261.4MiB / 1.922GiB",13.28
2026-09-22T03:06:11.060Z,etcd,1.29,"46.67MiB / 1.922GiB",2.37
2026-09-22T03:06:18.494Z,lorawan-gateway-evidence-ingest-1,0.00,"3.641MiB / 192MiB",1.90
2026-09-22T03:06:18.494Z,lorawan-gateway-evidence-fabric-adapter-1,0.00,"3.84MiB / 192MiB",2.00
2026-09-22T03:06:18.494Z,lorawan-gateway-evidence-verifier-1,17.25,"13.21MiB / 192MiB",6.88
2026-09-22T03:06:18.494Z,seaweedfs,16.33,"158MiB / 256MiB",61.71
2026-09-22T03:06:18.494Z,seaweedfs-metadata-etcd,8.33,"79.52MiB / 96MiB",82.83
2026-09-22T03:06:18.494Z,openbao,2.02,"55.04MiB / 512MiB",10.75
2026-09-22T03:06:18.494Z,chirpstack,0.39,"45.35MiB / 1.922GiB",2.30
2026-09-22T03:06:18.494Z,spilo,1.94,"261.5MiB / 1.922GiB",13.29
2026-09-22T03:06:18.494Z,etcd,0.86,"46.68MiB / 1.922GiB",2.37
2026-09-22T03:06:25.957Z,lorawan-gateway-evidence-ingest-1,0.00,"3.641MiB / 192MiB",1.90
2026-09-22T03:06:25.957Z,lorawan-gateway-evidence-fabric-adapter-1,0.00,"3.84MiB / 192MiB",2.00
2026-09-22T03:06:25.957Z,lorawan-gateway-evidence-verifier-1,11.47,"13.47MiB / 192MiB",7.01
2026-09-22T03:06:25.957Z,seaweedfs,22.59,"157.9MiB / 256MiB",61.68
2026-09-22T03:06:25.957Z,seaweedfs-metadata-etcd,9.91,"79.52MiB / 96MiB",82.83
2026-09-22T03:06:25.957Z,openbao,2.08,"55.04MiB / 512MiB",10.75
2026-09-22T03:06:25.957Z,chirpstack,0.52,"45.35MiB / 1.922GiB",2.30
2026-09-22T03:06:25.957Z,spilo,1.27,"261.5MiB / 1.922GiB",13.29
2026-09-22T03:06:25.957Z,etcd,2.26,"46.68MiB / 1.922GiB",2.37
2026-09-22T03:06:33.388Z,lorawan-gateway-evidence-ingest-1,0.00,"3.641MiB / 192MiB",1.90
2026-09-22T03:06:33.388Z,lorawan-gateway-evidence-fabric-adapter-1,0.00,"3.84MiB / 192MiB",2.00
2026-09-22T03:06:33.388Z,lorawan-gateway-evidence-verifier-1,11.33,"13.64MiB / 192MiB",7.10
2026-09-22T03:06:33.388Z,seaweedfs,20.68,"155.9MiB / 256MiB",60.92
2026-09-22T03:06:33.388Z,seaweedfs-metadata-etcd,9.59,"79.52MiB / 96MiB",82.83
2026-09-22T03:06:33.388Z,openbao,2.51,"55.04MiB / 512MiB",10.75
2026-09-22T03:06:33.388Z,chirpstack,0.30,"45.35MiB / 1.922GiB",2.30
2026-09-22T03:06:33.388Z,spilo,0.68,"261.5MiB / 1.922GiB",13.29
2026-09-22T03:06:33.388Z,etcd,0.78,"46.68MiB / 1.922GiB",2.37
2026-09-22T03:06:40.722Z,lorawan-gateway-evidence-ingest-1,0.00,"3.641MiB / 192MiB",1.90
2026-09-22T03:06:40.722Z,lorawan-gateway-evidence-fabric-adapter-1,0.00,"3.84MiB / 192MiB",2.00
2026-09-22T03:06:40.722Z,lorawan-gateway-evidence-verifier-1,11.90,"13.59MiB / 192MiB",7.08
2026-09-22T03:06:40.722Z,seaweedfs,18.36,"157MiB / 256MiB",61.33
2026-09-22T03:06:40.722Z,seaweedfs-metadata-etcd,8.96,"79.51MiB / 96MiB",82.82
2026-09-22T03:06:40.722Z,openbao,2.41,"55.04MiB / 512MiB",10.75
2026-09-22T03:06:40.722Z,chirpstack,0.40,"45.35MiB / 1.922GiB",2.30
2026-09-22T03:06:40.722Z,spilo,1.42,"261.5MiB / 1.922GiB",13.29
2026-09-22T03:06:40.722Z,etcd,0.93,"46.68MiB / 1.922GiB",2.37
2026-09-22T03:06:48.202Z,lorawan-gateway-evidence-ingest-1,0.00,"3.641MiB / 192MiB",1.90
2026-09-22T03:06:48.202Z,lorawan-gateway-evidence-fabric-adapter-1,0.00,"3.84MiB / 192MiB",2.00
2026-09-22T03:06:48.202Z,lorawan-gateway-evidence-verifier-1,20.91,"13.32MiB / 192MiB",6.94
2026-09-22T03:06:48.202Z,seaweedfs,18.41,"158MiB / 256MiB",61.72
2026-09-22T03:06:48.202Z,seaweedfs-metadata-etcd,8.83,"79.52MiB / 96MiB",82.83
2026-09-22T03:06:48.202Z,openbao,1.94,"55.04MiB / 512MiB",10.75
2026-09-22T03:06:48.202Z,chirpstack,0.43,"45.36MiB / 1.922GiB",2.31
2026-09-22T03:06:48.202Z,spilo,1.64,"261.5MiB / 1.922GiB",13.29
2026-09-22T03:06:48.202Z,etcd,0.70,"46.68MiB / 1.922GiB",2.37
2026-09-22T03:06:55.687Z,lorawan-gateway-evidence-ingest-1,0.00,"3.641MiB / 192MiB",1.90
2026-09-22T03:06:55.687Z,lorawan-gateway-evidence-fabric-adapter-1,0.00,"3.84MiB / 192MiB",2.00
2026-09-22T03:06:55.687Z,lorawan-gateway-evidence-verifier-1,21.51,"13.51MiB / 192MiB",7.04
2026-09-22T03:06:55.687Z,seaweedfs,16.33,"157.9MiB / 256MiB",61.67
2026-09-22T03:06:55.687Z,seaweedfs-metadata-etcd,9.95,"79.52MiB / 96MiB",82.83
2026-09-22T03:06:55.687Z,openbao,2.37,"55.04MiB / 512MiB",10.75
2026-09-22T03:06:55.687Z,chirpstack,0.41,"45.36MiB / 1.922GiB",2.31
2026-09-22T03:06:55.687Z,spilo,1.17,"261.5MiB / 1.922GiB",13.29
2026-09-22T03:06:55.687Z,etcd,2.56,"46.68MiB / 1.922GiB",2.37
2026-09-22T03:07:03.109Z,lorawan-gateway-evidence-ingest-1,0.00,"3.641MiB / 192MiB",1.90
2026-09-22T03:07:03.109Z,lorawan-gateway-evidence-fabric-adapter-1,0.14,"3.84MiB / 192MiB",2.00
2026-09-22T03:07:03.109Z,lorawan-gateway-evidence-verifier-1,10.63,"13.67MiB / 192MiB",7.12
2026-09-22T03:07:03.109Z,seaweedfs,21.79,"157.9MiB / 256MiB",61.69
2026-09-22T03:07:03.109Z,seaweedfs-metadata-etcd,11.10,"79.52MiB / 96MiB",82.84
2026-09-22T03:07:03.109Z,openbao,2.64,"55.04MiB / 512MiB",10.75
2026-09-22T03:07:03.109Z,chirpstack,0.34,"45.36MiB / 1.922GiB",2.31
2026-09-22T03:07:03.109Z,spilo,0.98,"261.5MiB / 1.922GiB",13.29
2026-09-22T03:07:03.109Z,etcd,1.44,"46.68MiB / 1.922GiB",2.37
2026-09-22T03:07:10.523Z,lorawan-gateway-evidence-ingest-1,0.00,"3.641MiB / 192MiB",1.90
2026-09-22T03:07:10.523Z,lorawan-gateway-evidence-fabric-adapter-1,0.00,"3.84MiB / 192MiB",2.00
2026-09-22T03:07:10.523Z,lorawan-gateway-evidence-verifier-1,0.00,"13.75MiB / 192MiB",7.16
2026-09-22T03:07:10.523Z,seaweedfs,4.22,"159.2MiB / 256MiB",62.19
2026-09-22T03:07:10.523Z,seaweedfs-metadata-etcd,6.37,"79.52MiB / 96MiB",82.83
2026-09-22T03:07:10.523Z,openbao,2.34,"55.04MiB / 512MiB",10.75
2026-09-22T03:07:10.523Z,chirpstack,0.47,"45.37MiB / 1.922GiB",2.31
2026-09-22T03:07:10.523Z,spilo,1.31,"261.5MiB / 1.922GiB",13.29
2026-09-22T03:07:10.523Z,etcd,1.29,"46.68MiB / 1.922GiB",2.37
2026-09-22T03:07:17.906Z,lorawan-gateway-evidence-ingest-1,0.00,"3.641MiB / 192MiB",1.90
2026-09-22T03:07:17.906Z,lorawan-gateway-evidence-fabric-adapter-1,0.00,"3.84MiB / 192MiB",2.00
2026-09-22T03:07:17.906Z,lorawan-gateway-evidence-verifier-1,3.28,"13.8MiB / 192MiB",7.19
2026-09-22T03:07:17.906Z,seaweedfs,14.81,"158MiB / 256MiB",61.72
2026-09-22T03:07:17.906Z,seaweedfs-metadata-etcd,8.07,"79.52MiB / 96MiB",82.84
2026-09-22T03:07:17.906Z,openbao,1.93,"55.04MiB / 512MiB",10.75
2026-09-22T03:07:17.906Z,chirpstack,0.32,"45.36MiB / 1.922GiB",2.31
2026-09-22T03:07:17.906Z,spilo,2.13,"261.6MiB / 1.922GiB",13.29
2026-09-22T03:07:17.906Z,etcd,1.08,"46.68MiB / 1.922GiB",2.37
2026-09-22T03:07:25.157Z,lorawan-gateway-evidence-ingest-1,0.00,"3.641MiB / 192MiB",1.90
2026-09-22T03:07:25.157Z,lorawan-gateway-evidence-fabric-adapter-1,0.00,"3.84MiB / 192MiB",2.00
2026-09-22T03:07:25.157Z,lorawan-gateway-evidence-verifier-1,0.00,"13.76MiB / 192MiB",7.17
2026-09-22T03:07:25.157Z,seaweedfs,0.79,"158.3MiB / 256MiB",61.83
2026-09-22T03:07:25.157Z,seaweedfs-metadata-etcd,1.03,"79.51MiB / 96MiB",82.82
2026-09-22T03:07:25.157Z,openbao,2.66,"55.04MiB / 512MiB",10.75
2026-09-22T03:07:25.157Z,chirpstack,0.38,"45.36MiB / 1.922GiB",2.31
2026-09-22T03:07:25.157Z,spilo,2.46,"261.6MiB / 1.922GiB",13.29
2026-09-22T03:07:25.157Z,etcd,0.98,"46.68MiB / 1.922GiB",2.37
2026-09-22T03:07:32.342Z,lorawan-gateway-evidence-ingest-1,0.00,"3.641MiB / 192MiB",1.90
2026-09-22T03:07:32.342Z,lorawan-gateway-evidence-fabric-adapter-1,0.00,"3.84MiB / 192MiB",2.00
2026-09-22T03:07:32.342Z,lorawan-gateway-evidence-verifier-1,9.22,"13.83MiB / 192MiB",7.20
2026-09-22T03:07:32.342Z,seaweedfs,18.55,"163.8MiB / 256MiB",63.98
2026-09-22T03:07:32.342Z,seaweedfs-metadata-etcd,9.50,"79.52MiB / 96MiB",82.83
2026-09-22T03:07:32.342Z,openbao,2.15,"55.04MiB / 512MiB",10.75
2026-09-22T03:07:32.342Z,chirpstack,0.50,"45.35MiB / 1.922GiB",2.30
2026-09-22T03:07:32.342Z,spilo,2.83,"261.9MiB / 1.922GiB",13.31
2026-09-22T03:07:32.342Z,etcd,1.02,"46.68MiB / 1.922GiB",2.37
2026-09-22T03:07:39.629Z,lorawan-gateway-evidence-ingest-1,0.00,"3.641MiB / 192MiB",1.90
2026-09-22T03:07:39.629Z,lorawan-gateway-evidence-fabric-adapter-1,0.00,"3.84MiB / 192MiB",2.00
2026-09-22T03:07:39.629Z,lorawan-gateway-evidence-verifier-1,14.25,"13.57MiB / 192MiB",7.07
2026-09-22T03:07:39.629Z,seaweedfs,22.61,"158.3MiB / 256MiB",61.83
2026-09-22T03:07:39.629Z,seaweedfs-metadata-etcd,10.67,"79.52MiB / 96MiB",82.83
2026-09-22T03:07:39.629Z,openbao,2.09,"55.04MiB / 512MiB",10.75
2026-09-22T03:07:39.629Z,chirpstack,0.31,"45.35MiB / 1.922GiB",2.30
2026-09-22T03:07:39.629Z,spilo,0.50,"261.9MiB / 1.922GiB",13.31
2026-09-22T03:07:39.629Z,etcd,0.74,"46.68MiB / 1.922GiB",2.37
2026-09-22T03:07:47.061Z,lorawan-gateway-evidence-ingest-1,0.00,"3.641MiB / 192MiB",1.90
2026-09-22T03:07:47.061Z,lorawan-gateway-evidence-fabric-adapter-1,0.00,"3.84MiB / 192MiB",2.00
2026-09-22T03:07:47.061Z,lorawan-gateway-evidence-verifier-1,0.00,"13.7MiB / 192MiB",7.13
2026-09-22T03:07:47.061Z,seaweedfs,0.50,"165.6MiB / 256MiB",64.70
2026-09-22T03:07:47.061Z,seaweedfs-metadata-etcd,1.42,"79.51MiB / 96MiB",82.82
2026-09-22T03:07:47.061Z,openbao,2.36,"55.04MiB / 512MiB",10.75
2026-09-22T03:07:47.061Z,chirpstack,0.53,"45.36MiB / 1.922GiB",2.31
2026-09-22T03:07:47.061Z,spilo,1.27,"261.9MiB / 1.922GiB",13.31
2026-09-22T03:07:47.061Z,etcd,1.35,"46.73MiB / 1.922GiB",2.37
2026-09-22T03:07:54.320Z,lorawan-gateway-evidence-ingest-1,0.00,"3.641MiB / 192MiB",1.90
2026-09-22T03:07:54.320Z,lorawan-gateway-evidence-fabric-adapter-1,0.00,"3.84MiB / 192MiB",2.00
2026-09-22T03:07:54.320Z,lorawan-gateway-evidence-verifier-1,6.57,"13.57MiB / 192MiB",7.07
2026-09-22T03:07:54.320Z,seaweedfs,9.12,"158.6MiB / 256MiB",61.97
2026-09-22T03:07:54.320Z,seaweedfs-metadata-etcd,4.10,"79.51MiB / 96MiB",82.82
2026-09-22T03:07:54.320Z,openbao,2.12,"55.04MiB / 512MiB",10.75
2026-09-22T03:07:54.320Z,chirpstack,0.53,"45.36MiB / 1.922GiB",2.31
2026-09-22T03:07:54.320Z,spilo,3.60,"261.9MiB / 1.922GiB",13.31
2026-09-22T03:07:54.320Z,etcd,1.02,"46.73MiB / 1.922GiB",2.37
2026-09-22T03:08:01.778Z,lorawan-gateway-evidence-ingest-1,0.00,"3.641MiB / 192MiB",1.90
2026-09-22T03:08:01.778Z,lorawan-gateway-evidence-fabric-adapter-1,0.00,"3.84MiB / 192MiB",2.00
2026-09-22T03:08:01.778Z,lorawan-gateway-evidence-verifier-1,1.79,"13.57MiB / 192MiB",7.07
2026-09-22T03:08:01.778Z,seaweedfs,4.94,"158.6MiB / 256MiB",61.97
2026-09-22T03:08:01.778Z,seaweedfs-metadata-etcd,2.53,"79.52MiB / 96MiB",82.83
2026-09-22T03:08:01.778Z,openbao,2.96,"55.04MiB / 512MiB",10.75
2026-09-22T03:08:01.778Z,chirpstack,0.35,"45.36MiB / 1.922GiB",2.31
2026-09-22T03:08:01.778Z,spilo,1.69,"261.9MiB / 1.922GiB",13.31
2026-09-22T03:08:01.778Z,etcd,1.28,"46.73MiB / 1.922GiB",2.37
2026-09-22T03:08:09.108Z,lorawan-gateway-evidence-ingest-1,0.00,"3.641MiB / 192MiB",1.90
2026-09-22T03:08:09.108Z,lorawan-gateway-evidence-fabric-adapter-1,0.00,"3.84MiB / 192MiB",2.00
2026-09-22T03:08:09.108Z,lorawan-gateway-evidence-verifier-1,13.44,"13.76MiB / 192MiB",7.17
2026-09-22T03:08:09.108Z,seaweedfs,25.57,"158.3MiB / 256MiB",61.84
2026-09-22T03:08:09.108Z,seaweedfs-metadata-etcd,12.86,"79.52MiB / 96MiB",82.83
2026-09-22T03:08:09.108Z,openbao,2.52,"55.04MiB / 512MiB",10.75
2026-09-22T03:08:09.108Z,chirpstack,0.43,"45.36MiB / 1.922GiB",2.31
2026-09-22T03:08:09.108Z,spilo,1.45,"261.9MiB / 1.922GiB",13.31
2026-09-22T03:08:09.108Z,etcd,1.04,"46.73MiB / 1.922GiB",2.37
2026-09-22T03:08:16.633Z,lorawan-gateway-evidence-ingest-1,0.00,"3.641MiB / 192MiB",1.90
2026-09-22T03:08:16.633Z,lorawan-gateway-evidence-fabric-adapter-1,0.00,"3.84MiB / 192MiB",2.00
2026-09-22T03:08:16.633Z,lorawan-gateway-evidence-verifier-1,14.03,"13.75MiB / 192MiB",7.16
2026-09-22T03:08:16.633Z,seaweedfs,25.49,"158.6MiB / 256MiB",61.95
2026-09-22T03:08:16.633Z,seaweedfs-metadata-etcd,12.65,"79.52MiB / 96MiB",82.83
2026-09-22T03:08:16.633Z,openbao,2.14,"55.04MiB / 512MiB",10.75
2026-09-22T03:08:16.633Z,chirpstack,0.47,"45.36MiB / 1.922GiB",2.31
2026-09-22T03:08:16.633Z,spilo,0.94,"261.9MiB / 1.922GiB",13.31
2026-09-22T03:08:16.633Z,etcd,0.83,"46.73MiB / 1.922GiB",2.37
2026-09-22T03:08:24.079Z,lorawan-gateway-evidence-ingest-1,0.00,"3.641MiB / 192MiB",1.90
2026-09-22T03:08:24.079Z,lorawan-gateway-evidence-fabric-adapter-1,0.00,"3.84MiB / 192MiB",2.00
2026-09-22T03:08:24.079Z,lorawan-gateway-evidence-verifier-1,15.29,"13.32MiB / 192MiB",6.94
2026-09-22T03:08:24.079Z,seaweedfs,25.28,"158.7MiB / 256MiB",61.98
2026-09-22T03:08:24.079Z,seaweedfs-metadata-etcd,10.07,"79.52MiB / 96MiB",82.83
2026-09-22T03:08:24.079Z,openbao,2.14,"55.04MiB / 512MiB",10.75
2026-09-22T03:08:24.079Z,chirpstack,0.26,"45.36MiB / 1.922GiB",2.31
2026-09-22T03:08:24.079Z,spilo,1.64,"261.9MiB / 1.922GiB",13.31
2026-09-22T03:08:24.079Z,etcd,0.93,"46.73MiB / 1.922GiB",2.37
2026-09-22T03:08:31.498Z,lorawan-gateway-evidence-ingest-1,0.00,"3.641MiB / 192MiB",1.90
2026-09-22T03:08:31.498Z,lorawan-gateway-evidence-fabric-adapter-1,0.00,"3.84MiB / 192MiB",2.00
2026-09-22T03:08:31.498Z,lorawan-gateway-evidence-verifier-1,0.46,"13.76MiB / 192MiB",7.17
2026-09-22T03:08:31.498Z,seaweedfs,4.50,"160MiB / 256MiB",62.51
2026-09-22T03:08:31.498Z,seaweedfs-metadata-etcd,2.21,"79.51MiB / 96MiB",82.82
2026-09-22T03:08:31.498Z,openbao,2.58,"55.04MiB / 512MiB",10.75
2026-09-22T03:08:31.498Z,chirpstack,3.03,"45.35MiB / 1.922GiB",2.30
2026-09-22T03:08:31.498Z,spilo,1.66,"261.9MiB / 1.922GiB",13.31
2026-09-22T03:08:31.498Z,etcd,1.05,"46.73MiB / 1.922GiB",2.37
2026-09-22T03:08:38.848Z,lorawan-gateway-evidence-ingest-1,0.00,"3.641MiB / 192MiB",1.90
2026-09-22T03:08:38.848Z,lorawan-gateway-evidence-fabric-adapter-1,0.00,"3.84MiB / 192MiB",2.00
2026-09-22T03:08:38.848Z,lorawan-gateway-evidence-verifier-1,12.54,"13.76MiB / 192MiB",7.17
2026-09-22T03:08:38.848Z,seaweedfs,25.13,"158.2MiB / 256MiB",61.81
2026-09-22T03:08:38.848Z,seaweedfs-metadata-etcd,11.49,"79.52MiB / 96MiB",82.83
2026-09-22T03:08:38.848Z,openbao,2.33,"55.04MiB / 512MiB",10.75
2026-09-22T03:08:38.848Z,chirpstack,0.35,"45.35MiB / 1.922GiB",2.30
2026-09-22T03:08:38.848Z,spilo,1.45,"261.9MiB / 1.922GiB",13.31
2026-09-22T03:08:38.848Z,etcd,1.21,"46.73MiB / 1.922GiB",2.37
2026-09-22T03:08:46.110Z,lorawan-gateway-evidence-ingest-1,0.00,"3.641MiB / 192MiB",1.90
2026-09-22T03:08:46.110Z,lorawan-gateway-evidence-fabric-adapter-1,0.00,"3.84MiB / 192MiB",2.00
2026-09-22T03:08:46.110Z,lorawan-gateway-evidence-verifier-1,11.76,"13.76MiB / 192MiB",7.17
2026-09-22T03:08:46.110Z,seaweedfs,15.75,"158.2MiB / 256MiB",61.78
2026-09-22T03:08:46.110Z,seaweedfs-metadata-etcd,12.67,"79.52MiB / 96MiB",82.83
2026-09-22T03:08:46.110Z,openbao,2.52,"55.04MiB / 512MiB",10.75
2026-09-22T03:08:46.110Z,chirpstack,2.73,"45.36MiB / 1.922GiB",2.31
2026-09-22T03:08:46.110Z,spilo,1.38,"261.9MiB / 1.922GiB",13.31
2026-09-22T03:08:46.110Z,etcd,2.65,"46.73MiB / 1.922GiB",2.37
2026-09-22T03:08:53.545Z,lorawan-gateway-evidence-ingest-1,0.00,"3.641MiB / 192MiB",1.90
2026-09-22T03:08:53.545Z,lorawan-gateway-evidence-fabric-adapter-1,0.00,"3.84MiB / 192MiB",2.00
2026-09-22T03:08:53.545Z,lorawan-gateway-evidence-verifier-1,15.04,"13.51MiB / 192MiB",7.04
2026-09-22T03:08:53.545Z,seaweedfs,24.91,"158.3MiB / 256MiB",61.85
2026-09-22T03:08:53.545Z,seaweedfs-metadata-etcd,12.89,"79.53MiB / 96MiB",82.84
2026-09-22T03:08:53.545Z,openbao,2.37,"55.04MiB / 512MiB",10.75
2026-09-22T03:08:53.545Z,chirpstack,0.31,"45.36MiB / 1.922GiB",2.31
2026-09-22T03:08:53.545Z,spilo,3.12,"261.9MiB / 1.922GiB",13.31
2026-09-22T03:08:53.545Z,etcd,0.79,"46.73MiB / 1.922GiB",2.37
2026-09-22T03:09:01.084Z,lorawan-gateway-evidence-ingest-1,0.00,"3.641MiB / 192MiB",1.90
2026-09-22T03:09:01.084Z,lorawan-gateway-evidence-fabric-adapter-1,0.00,"3.84MiB / 192MiB",2.00
2026-09-22T03:09:01.084Z,lorawan-gateway-evidence-verifier-1,8.30,"13.71MiB / 192MiB",7.14
2026-09-22T03:09:01.084Z,seaweedfs,12.62,"158MiB / 256MiB",61.71
2026-09-22T03:09:01.084Z,seaweedfs-metadata-etcd,8.93,"79.52MiB / 96MiB",82.84
2026-09-22T03:09:01.084Z,openbao,3.83,"55.04MiB / 512MiB",10.75
2026-09-22T03:09:01.084Z,chirpstack,0.52,"45.36MiB / 1.922GiB",2.31
2026-09-22T03:09:01.084Z,spilo,2.74,"261.9MiB / 1.922GiB",13.31
2026-09-22T03:09:01.084Z,etcd,1.40,"46.73MiB / 1.922GiB",2.37
2026-09-22T03:09:08.604Z,lorawan-gateway-evidence-ingest-1,0.00,"3.641MiB / 192MiB",1.90
2026-09-22T03:09:08.604Z,lorawan-gateway-evidence-fabric-adapter-1,0.00,"3.84MiB / 192MiB",2.00
2026-09-22T03:09:08.604Z,lorawan-gateway-evidence-verifier-1,13.66,"13.86MiB / 192MiB",7.22
2026-09-22T03:09:08.604Z,seaweedfs,23.11,"157MiB / 256MiB",61.31
2026-09-22T03:09:08.604Z,seaweedfs-metadata-etcd,12.66,"79.52MiB / 96MiB",82.84
2026-09-22T03:09:08.604Z,openbao,2.40,"55.04MiB / 512MiB",10.75
2026-09-22T03:09:08.604Z,chirpstack,0.35,"45.36MiB / 1.922GiB",2.31
2026-09-22T03:09:08.604Z,spilo,1.79,"261.9MiB / 1.922GiB",13.31
2026-09-22T03:09:08.604Z,etcd,1.02,"46.73MiB / 1.922GiB",2.37
2026-09-22T03:09:16.280Z,lorawan-gateway-evidence-ingest-1,0.00,"3.641MiB / 192MiB",1.90
2026-09-22T03:09:16.280Z,lorawan-gateway-evidence-fabric-adapter-1,0.00,"3.84MiB / 192MiB",2.00
2026-09-22T03:09:16.280Z,lorawan-gateway-evidence-verifier-1,11.98,"13.42MiB / 192MiB",6.99
2026-09-22T03:09:16.280Z,seaweedfs,22.70,"157.3MiB / 256MiB",61.43
2026-09-22T03:09:16.280Z,seaweedfs-metadata-etcd,11.77,"79.53MiB / 96MiB",82.84
2026-09-22T03:09:16.280Z,openbao,2.08,"55.04MiB / 512MiB",10.75
2026-09-22T03:09:16.280Z,chirpstack,0.35,"45.36MiB / 1.922GiB",2.31
2026-09-22T03:09:16.280Z,spilo,1.56,"261.9MiB / 1.922GiB",13.31
2026-09-22T03:09:16.280Z,etcd,0.72,"46.73MiB / 1.922GiB",2.37
2026-09-22T03:09:23.731Z,lorawan-gateway-evidence-ingest-1,0.00,"3.641MiB / 192MiB",1.90
2026-09-22T03:09:23.731Z,lorawan-gateway-evidence-fabric-adapter-1,0.00,"3.84MiB / 192MiB",2.00
2026-09-22T03:09:23.731Z,lorawan-gateway-evidence-verifier-1,15.52,"13.76MiB / 192MiB",7.17
2026-09-22T03:09:23.731Z,seaweedfs,23.58,"158.7MiB / 256MiB",62.00
2026-09-22T03:09:23.731Z,seaweedfs-metadata-etcd,12.66,"79.52MiB / 96MiB",82.84
2026-09-22T03:09:23.731Z,openbao,2.28,"55.04MiB / 512MiB",10.75
2026-09-22T03:09:23.731Z,chirpstack,0.27,"45.36MiB / 1.922GiB",2.31
2026-09-22T03:09:23.731Z,spilo,1.17,"261.9MiB / 1.922GiB",13.31
2026-09-22T03:09:23.731Z,etcd,0.83,"46.73MiB / 1.922GiB",2.37
2026-09-22T03:09:31.291Z,lorawan-gateway-evidence-ingest-1,0.00,"3.641MiB / 192MiB",1.90
2026-09-22T03:09:31.291Z,lorawan-gateway-evidence-fabric-adapter-1,0.00,"3.84MiB / 192MiB",2.00
2026-09-22T03:09:31.291Z,lorawan-gateway-evidence-verifier-1,13.08,"13.76MiB / 192MiB",7.17
2026-09-22T03:09:31.291Z,seaweedfs,27.38,"163.8MiB / 256MiB",64.00
2026-09-22T03:09:31.291Z,seaweedfs-metadata-etcd,13.29,"79.53MiB / 96MiB",82.84
2026-09-22T03:09:31.291Z,openbao,2.31,"55.04MiB / 512MiB",10.75
2026-09-22T03:09:31.291Z,chirpstack,3.11,"45.35MiB / 1.922GiB",2.30
2026-09-22T03:09:31.291Z,spilo,1.85,"261.9MiB / 1.922GiB",13.31
2026-09-22T03:09:31.291Z,etcd,0.98,"46.73MiB / 1.922GiB",2.37
2026-09-22T03:09:38.716Z,lorawan-gateway-evidence-ingest-1,0.00,"3.641MiB / 192MiB",1.90
2026-09-22T03:09:38.716Z,lorawan-gateway-evidence-fabric-adapter-1,0.00,"3.84MiB / 192MiB",2.00
2026-09-22T03:09:38.716Z,lorawan-gateway-evidence-verifier-1,16.42,"13.51MiB / 192MiB",7.04
2026-09-22T03:09:38.716Z,seaweedfs,25.78,"159.1MiB / 256MiB",62.13
2026-09-22T03:09:38.716Z,seaweedfs-metadata-etcd,8.03,"79.52MiB / 96MiB",82.83
2026-09-22T03:09:38.716Z,openbao,1.91,"55.04MiB / 512MiB",10.75
2026-09-22T03:09:38.716Z,chirpstack,0.28,"45.35MiB / 1.922GiB",2.30
2026-09-22T03:09:38.716Z,spilo,1.45,"261.9MiB / 1.922GiB",13.31
2026-09-22T03:09:38.716Z,etcd,1.42,"46.73MiB / 1.922GiB",2.37
2026-09-22T03:09:45.977Z,lorawan-gateway-evidence-ingest-1,0.00,"3.641MiB / 192MiB",1.90
2026-09-22T03:09:45.977Z,lorawan-gateway-evidence-fabric-adapter-1,0.00,"3.84MiB / 192MiB",2.00
2026-09-22T03:09:45.977Z,lorawan-gateway-evidence-verifier-1,0.17,"13.76MiB / 192MiB",7.17
2026-09-22T03:09:45.977Z,seaweedfs,4.02,"158.5MiB / 256MiB",61.93
2026-09-22T03:09:45.977Z,seaweedfs-metadata-etcd,8.20,"79.52MiB / 96MiB",82.84
2026-09-22T03:09:45.977Z,openbao,2.52,"55.04MiB / 512MiB",10.75
2026-09-22T03:09:45.977Z,chirpstack,2.68,"45.36MiB / 1.922GiB",2.31
2026-09-22T03:09:45.977Z,spilo,1.76,"261.9MiB / 1.922GiB",13.31
2026-09-22T03:09:45.977Z,etcd,2.27,"46.73MiB / 1.922GiB",2.37
2026-09-22T03:09:53.415Z,lorawan-gateway-evidence-ingest-1,0.00,"3.641MiB / 192MiB",1.90
2026-09-22T03:09:53.415Z,lorawan-gateway-evidence-fabric-adapter-1,0.00,"3.84MiB / 192MiB",2.00
2026-09-22T03:09:53.415Z,lorawan-gateway-evidence-verifier-1,13.45,"13.49MiB / 192MiB",7.03
2026-09-22T03:09:53.415Z,seaweedfs,23.78,"158.9MiB / 256MiB",62.09
2026-09-22T03:09:53.415Z,seaweedfs-metadata-etcd,11.56,"79.53MiB / 96MiB",82.84
2026-09-22T03:09:53.415Z,openbao,1.92,"55.04MiB / 512MiB",10.75
2026-09-22T03:09:53.415Z,chirpstack,0.33,"45.36MiB / 1.922GiB",2.31
2026-09-22T03:09:53.415Z,spilo,1.33,"261.9MiB / 1.922GiB",13.31
2026-09-22T03:09:53.415Z,etcd,0.68,"46.73MiB / 1.922GiB",2.37
2026-09-22T03:10:00.880Z,lorawan-gateway-evidence-ingest-1,0.00,"3.641MiB / 192MiB",1.90
2026-09-22T03:10:00.880Z,lorawan-gateway-evidence-fabric-adapter-1,0.00,"3.84MiB / 192MiB",2.00
2026-09-22T03:10:00.880Z,lorawan-gateway-evidence-verifier-1,6.30,"13.3MiB / 192MiB",6.93
2026-09-22T03:10:00.880Z,seaweedfs,20.53,"158.9MiB / 256MiB",62.06
2026-09-22T03:10:00.880Z,seaweedfs-metadata-etcd,10.88,"79.52MiB / 96MiB",82.84
2026-09-22T03:10:00.880Z,openbao,3.64,"55.04MiB / 512MiB",10.75
2026-09-22T03:10:00.880Z,chirpstack,0.68,"45.36MiB / 1.922GiB",2.31
2026-09-22T03:10:00.880Z,spilo,4.36,"261.9MiB / 1.922GiB",13.31
2026-09-22T03:10:00.880Z,etcd,1.43,"46.73MiB / 1.922GiB",2.37
2026-09-22T03:10:08.292Z,lorawan-gateway-evidence-ingest-1,0.00,"3.641MiB / 192MiB",1.90
2026-09-22T03:10:08.292Z,lorawan-gateway-evidence-fabric-adapter-1,0.00,"3.84MiB / 192MiB",2.00
2026-09-22T03:10:08.292Z,lorawan-gateway-evidence-verifier-1,10.48,"13.51MiB / 192MiB",7.04
2026-09-22T03:10:08.292Z,seaweedfs,17.77,"158.7MiB / 256MiB",61.99
2026-09-22T03:10:08.292Z,seaweedfs-metadata-etcd,10.85,"79.52MiB / 96MiB",82.84
2026-09-22T03:10:08.292Z,openbao,2.99,"55.04MiB / 512MiB",10.75
2026-09-22T03:10:08.292Z,chirpstack,0.53,"45.36MiB / 1.922GiB",2.31
2026-09-22T03:10:08.292Z,spilo,0.98,"261.9MiB / 1.922GiB",13.31
2026-09-22T03:10:08.292Z,etcd,1.16,"46.73MiB / 1.922GiB",2.37
2026-09-22T03:10:15.786Z,lorawan-gateway-evidence-ingest-1,0.00,"3.641MiB / 192MiB",1.90
2026-09-22T03:10:15.786Z,lorawan-gateway-evidence-fabric-adapter-1,0.00,"3.84MiB / 192MiB",2.00
2026-09-22T03:10:15.786Z,lorawan-gateway-evidence-verifier-1,11.77,"13.32MiB / 192MiB",6.94
2026-09-22T03:10:15.786Z,seaweedfs,21.19,"158.3MiB / 256MiB",61.84
2026-09-22T03:10:15.786Z,seaweedfs-metadata-etcd,12.10,"79.52MiB / 96MiB",82.83
2026-09-22T03:10:15.786Z,openbao,2.89,"55.04MiB / 512MiB",10.75
2026-09-22T03:10:15.786Z,chirpstack,0.38,"45.36MiB / 1.922GiB",2.31
2026-09-22T03:10:15.786Z,spilo,2.57,"261.9MiB / 1.922GiB",13.31
2026-09-22T03:10:15.786Z,etcd,3.38,"46.76MiB / 1.922GiB",2.38
2026-09-22T03:10:23.389Z,lorawan-gateway-evidence-ingest-1,0.00,"3.641MiB / 192MiB",1.90
2026-09-22T03:10:23.389Z,lorawan-gateway-evidence-fabric-adapter-1,0.00,"3.84MiB / 192MiB",2.00
2026-09-22T03:10:23.389Z,lorawan-gateway-evidence-verifier-1,12.80,"13.36MiB / 192MiB",6.96
2026-09-22T03:10:23.389Z,seaweedfs,26.12,"158.4MiB / 256MiB",61.87
2026-09-22T03:10:23.389Z,seaweedfs-metadata-etcd,14.55,"79.53MiB / 96MiB",82.85
2026-09-22T03:10:23.389Z,openbao,2.40,"55.04MiB / 512MiB",10.75
2026-09-22T03:10:23.389Z,chirpstack,0.34,"45.37MiB / 1.922GiB",2.31
2026-09-22T03:10:23.389Z,spilo,1.36,"261.9MiB / 1.922GiB",13.31
2026-09-22T03:10:23.389Z,etcd,1.08,"46.76MiB / 1.922GiB",2.38
2026-09-22T03:10:30.952Z,lorawan-gateway-evidence-ingest-1,0.00,"3.641MiB / 192MiB",1.90
2026-09-22T03:10:30.952Z,lorawan-gateway-evidence-fabric-adapter-1,0.00,"3.84MiB / 192MiB",2.00
2026-09-22T03:10:30.952Z,lorawan-gateway-evidence-verifier-1,17.98,"13.45MiB / 192MiB",7.00
2026-09-22T03:10:30.952Z,seaweedfs,20.63,"164.1MiB / 256MiB",64.12
2026-09-22T03:10:30.952Z,seaweedfs-metadata-etcd,9.54,"79.53MiB / 96MiB",82.85
2026-09-22T03:10:30.952Z,openbao,2.14,"55.04MiB / 512MiB",10.75
2026-09-22T03:10:30.952Z,chirpstack,2.82,"45.35MiB / 1.922GiB",2.30
2026-09-22T03:10:30.952Z,spilo,1.70,"261.6MiB / 1.922GiB",13.29
2026-09-22T03:10:30.952Z,etcd,1.26,"46.76MiB / 1.922GiB",2.38
2026-09-22T03:10:38.455Z,lorawan-gateway-evidence-ingest-1,0.00,"3.641MiB / 192MiB",1.90
2026-09-22T03:10:38.455Z,lorawan-gateway-evidence-fabric-adapter-1,0.00,"3.84MiB / 192MiB",2.00
2026-09-22T03:10:38.455Z,lorawan-gateway-evidence-verifier-1,13.49,"13.64MiB / 192MiB",7.10
2026-09-22T03:10:38.455Z,seaweedfs,22.33,"156.4MiB / 256MiB",61.10
2026-09-22T03:10:38.455Z,seaweedfs-metadata-etcd,11.50,"79.53MiB / 96MiB",82.85
2026-09-22T03:10:38.455Z,openbao,2.75,"55.04MiB / 512MiB",10.75
2026-09-22T03:10:38.455Z,chirpstack,0.34,"45.35MiB / 1.922GiB",2.30
2026-09-22T03:10:38.455Z,spilo,1.26,"261.6MiB / 1.922GiB",13.29
2026-09-22T03:10:38.455Z,etcd,0.94,"46.76MiB / 1.922GiB",2.38
2026-09-22T03:10:45.905Z,lorawan-gateway-evidence-ingest-1,0.00,"3.641MiB / 192MiB",1.90
2026-09-22T03:10:45.905Z,lorawan-gateway-evidence-fabric-adapter-1,0.00,"3.84MiB / 192MiB",2.00
2026-09-22T03:10:45.905Z,lorawan-gateway-evidence-verifier-1,12.93,"13.78MiB / 192MiB",7.18
2026-09-22T03:10:45.905Z,seaweedfs,24.81,"158MiB / 256MiB",61.73
2026-09-22T03:10:45.905Z,seaweedfs-metadata-etcd,12.26,"79.53MiB / 96MiB",82.85
2026-09-22T03:10:45.905Z,openbao,2.52,"55.04MiB / 512MiB",10.75
2026-09-22T03:10:45.905Z,chirpstack,2.75,"45.36MiB / 1.922GiB",2.31
2026-09-22T03:10:45.905Z,spilo,2.12,"261.6MiB / 1.922GiB",13.29
2026-09-22T03:10:45.905Z,etcd,2.68,"46.76MiB / 1.922GiB",2.38
2026-09-22T03:10:53.461Z,lorawan-gateway-evidence-ingest-1,0.00,"3.641MiB / 192MiB",1.90
2026-09-22T03:10:53.461Z,lorawan-gateway-evidence-fabric-adapter-1,0.00,"3.84MiB / 192MiB",2.00
2026-09-22T03:10:53.461Z,lorawan-gateway-evidence-verifier-1,12.91,"13.67MiB / 192MiB",7.12
2026-09-22T03:10:53.461Z,seaweedfs,22.22,"158.5MiB / 256MiB",61.93
2026-09-22T03:10:53.461Z,seaweedfs-metadata-etcd,10.28,"79.53MiB / 96MiB",82.84
2026-09-22T03:10:53.461Z,openbao,3.04,"55.04MiB / 512MiB",10.75
2026-09-22T03:10:53.461Z,chirpstack,0.36,"45.36MiB / 1.922GiB",2.31
2026-09-22T03:10:53.461Z,spilo,1.47,"261.6MiB / 1.922GiB",13.29
2026-09-22T03:10:53.461Z,etcd,0.71,"46.76MiB / 1.922GiB",2.38
2026-09-22T03:11:00.917Z,lorawan-gateway-evidence-ingest-1,0.00,"3.641MiB / 192MiB",1.90
2026-09-22T03:11:00.917Z,lorawan-gateway-evidence-fabric-adapter-1,0.00,"3.84MiB / 192MiB",2.00
2026-09-22T03:11:00.917Z,lorawan-gateway-evidence-verifier-1,17.94,"13.27MiB / 192MiB",6.91
2026-09-22T03:11:00.917Z,seaweedfs,14.18,"158.5MiB / 256MiB",61.90
2026-09-22T03:11:00.917Z,seaweedfs-metadata-etcd,8.14,"79.52MiB / 96MiB",82.84
2026-09-22T03:11:00.917Z,openbao,2.78,"55.05MiB / 512MiB",10.75
2026-09-22T03:11:00.917Z,chirpstack,0.40,"45.36MiB / 1.922GiB",2.31
2026-09-22T03:11:00.917Z,spilo,1.84,"261.6MiB / 1.922GiB",13.29
2026-09-22T03:11:00.917Z,etcd,0.93,"46.76MiB / 1.922GiB",2.38
2026-09-22T03:11:08.438Z,lorawan-gateway-evidence-ingest-1,0.00,"3.641MiB / 192MiB",1.90
2026-09-22T03:11:08.438Z,lorawan-gateway-evidence-fabric-adapter-1,0.00,"3.84MiB / 192MiB",2.00
2026-09-22T03:11:08.438Z,lorawan-gateway-evidence-verifier-1,20.00,"13.3MiB / 192MiB",6.93
2026-09-22T03:11:08.438Z,seaweedfs,17.24,"158.1MiB / 256MiB",61.74
2026-09-22T03:11:08.438Z,seaweedfs-metadata-etcd,9.73,"79.53MiB / 96MiB",82.84
2026-09-22T03:11:08.438Z,openbao,2.41,"55.05MiB / 512MiB",10.75
2026-09-22T03:11:08.438Z,chirpstack,0.41,"45.36MiB / 1.922GiB",2.31
2026-09-22T03:11:08.438Z,spilo,1.34,"261.6MiB / 1.922GiB",13.29
2026-09-22T03:11:08.438Z,etcd,0.75,"46.76MiB / 1.922GiB",2.38
2026-09-22T03:11:15.953Z,lorawan-gateway-evidence-ingest-1,0.00,"3.641MiB / 192MiB",1.90
2026-09-22T03:11:15.953Z,lorawan-gateway-evidence-fabric-adapter-1,0.00,"3.84MiB / 192MiB",2.00
2026-09-22T03:11:15.953Z,lorawan-gateway-evidence-verifier-1,8.00,"13.42MiB / 192MiB",6.99
2026-09-22T03:11:15.953Z,seaweedfs,17.85,"158.3MiB / 256MiB",61.84
2026-09-22T03:11:15.953Z,seaweedfs-metadata-etcd,9.73,"79.54MiB / 96MiB",82.85
2026-09-22T03:11:15.953Z,openbao,2.25,"55.05MiB / 512MiB",10.75
2026-09-22T03:11:15.953Z,chirpstack,0.37,"45.36MiB / 1.922GiB",2.31
2026-09-22T03:11:15.953Z,spilo,1.77,"261.6MiB / 1.922GiB",13.29
2026-09-22T03:11:15.953Z,etcd,2.39,"46.76MiB / 1.922GiB",2.38
2026-09-22T03:11:23.378Z,lorawan-gateway-evidence-ingest-1,0.00,"3.641MiB / 192MiB",1.90
2026-09-22T03:11:23.378Z,lorawan-gateway-evidence-fabric-adapter-1,0.00,"3.84MiB / 192MiB",2.00
2026-09-22T03:11:23.378Z,lorawan-gateway-evidence-verifier-1,20.00,"13.63MiB / 192MiB",7.10
2026-09-22T03:11:23.378Z,seaweedfs,20.14,"157.9MiB / 256MiB",61.70
2026-09-22T03:11:23.378Z,seaweedfs-metadata-etcd,10.30,"79.54MiB / 96MiB",82.85
2026-09-22T03:11:23.378Z,openbao,2.32,"55.05MiB / 512MiB",10.75
2026-09-22T03:11:23.378Z,chirpstack,0.36,"45.36MiB / 1.922GiB",2.31
2026-09-22T03:11:23.378Z,spilo,1.33,"261.6MiB / 1.922GiB",13.29
2026-09-22T03:11:23.378Z,etcd,0.81,"46.76MiB / 1.922GiB",2.38
2026-09-22T03:11:30.829Z,lorawan-gateway-evidence-ingest-1,0.00,"3.641MiB / 192MiB",1.90
2026-09-22T03:11:30.829Z,lorawan-gateway-evidence-fabric-adapter-1,0.00,"3.84MiB / 192MiB",2.00
2026-09-22T03:11:30.829Z,lorawan-gateway-evidence-verifier-1,19.86,"13.11MiB / 192MiB",6.83
2026-09-22T03:11:30.829Z,seaweedfs,16.15,"162.1MiB / 256MiB",63.33
2026-09-22T03:11:30.829Z,seaweedfs-metadata-etcd,9.47,"79.53MiB / 96MiB",82.85
2026-09-22T03:11:30.829Z,openbao,2.56,"55.05MiB / 512MiB",10.75
2026-09-22T03:11:30.829Z,chirpstack,0.42,"45.41MiB / 1.922GiB",2.31
2026-09-22T03:11:30.829Z,spilo,1.24,"261.6MiB / 1.922GiB",13.29
2026-09-22T03:11:30.829Z,etcd,1.09,"46.76MiB / 1.922GiB",2.38
2026-09-22T03:11:38.167Z,lorawan-gateway-evidence-ingest-1,0.00,"3.641MiB / 192MiB",1.90
2026-09-22T03:11:38.167Z,lorawan-gateway-evidence-fabric-adapter-1,0.00,"3.84MiB / 192MiB",2.00
2026-09-22T03:11:38.167Z,lorawan-gateway-evidence-verifier-1,20.60,"13.64MiB / 192MiB",7.10
2026-09-22T03:11:38.167Z,seaweedfs,15.91,"158.2MiB / 256MiB",61.81
2026-09-22T03:11:38.167Z,seaweedfs-metadata-etcd,9.01,"79.53MiB / 96MiB",82.85
2026-09-22T03:11:38.167Z,openbao,1.97,"55.05MiB / 512MiB",10.75
2026-09-22T03:11:38.167Z,chirpstack,0.27,"45.35MiB / 1.922GiB",2.30
2026-09-22T03:11:38.167Z,spilo,1.10,"261.6MiB / 1.922GiB",13.29
2026-09-22T03:11:38.167Z,etcd,0.76,"46.76MiB / 1.922GiB",2.38
2026-09-22T03:11:45.573Z,lorawan-gateway-evidence-ingest-1,0.00,"3.641MiB / 192MiB",1.90
2026-09-22T03:11:45.573Z,lorawan-gateway-evidence-fabric-adapter-1,0.00,"3.84MiB / 192MiB",2.00
2026-09-22T03:11:45.573Z,lorawan-gateway-evidence-verifier-1,19.96,"13.39MiB / 192MiB",6.97
2026-09-22T03:11:45.573Z,seaweedfs,17.69,"158.3MiB / 256MiB",61.83
2026-09-22T03:11:45.573Z,seaweedfs-metadata-etcd,9.63,"79.53MiB / 96MiB",82.84
2026-09-22T03:11:45.573Z,openbao,1.98,"55.05MiB / 512MiB",10.75
2026-09-22T03:11:45.573Z,chirpstack,1.13,"45.49MiB / 1.922GiB",2.31
2026-09-22T03:11:45.573Z,spilo,1.16,"261.6MiB / 1.922GiB",13.30
2026-09-22T03:11:45.573Z,etcd,2.23,"46.76MiB / 1.922GiB",2.38
2026-09-22T03:11:52.991Z,lorawan-gateway-evidence-ingest-1,0.00,"3.641MiB / 192MiB",1.90
2026-09-22T03:11:52.991Z,lorawan-gateway-evidence-fabric-adapter-1,0.00,"3.84MiB / 192MiB",2.00
2026-09-22T03:11:52.991Z,lorawan-gateway-evidence-verifier-1,20.09,"13.57MiB / 192MiB",7.07
2026-09-22T03:11:52.991Z,seaweedfs,14.99,"158.3MiB / 256MiB",61.83
2026-09-22T03:11:52.991Z,seaweedfs-metadata-etcd,8.13,"79.53MiB / 96MiB",82.85
2026-09-22T03:11:52.991Z,openbao,2.09,"55.05MiB / 512MiB",10.75
2026-09-22T03:11:52.991Z,chirpstack,0.30,"45.36MiB / 1.922GiB",2.31
2026-09-22T03:11:52.991Z,spilo,1.00,"261.6MiB / 1.922GiB",13.30
2026-09-22T03:11:52.991Z,etcd,0.79,"46.76MiB / 1.922GiB",2.38
2026-09-22T03:12:00.439Z,lorawan-gateway-evidence-ingest-1,0.00,"3.641MiB / 192MiB",1.90
2026-09-22T03:12:00.439Z,lorawan-gateway-evidence-fabric-adapter-1,0.00,"3.84MiB / 192MiB",2.00
2026-09-22T03:12:00.439Z,lorawan-gateway-evidence-verifier-1,21.63,"13.32MiB / 192MiB",6.94
2026-09-22T03:12:00.439Z,seaweedfs,21.06,"158.2MiB / 256MiB",61.81
2026-09-22T03:12:00.439Z,seaweedfs-metadata-etcd,12.11,"79.53MiB / 96MiB",82.84
2026-09-22T03:12:00.439Z,openbao,3.31,"55.05MiB / 512MiB",10.75
2026-09-22T03:12:00.439Z,chirpstack,0.48,"45.36MiB / 1.922GiB",2.31
2026-09-22T03:12:00.439Z,spilo,1.48,"261.7MiB / 1.922GiB",13.30
2026-09-22T03:12:00.439Z,etcd,0.92,"46.76MiB / 1.922GiB",2.38
2026-09-22T03:12:07.880Z,lorawan-gateway-evidence-ingest-1,0.00,"3.641MiB / 192MiB",1.90
2026-09-22T03:12:07.880Z,lorawan-gateway-evidence-fabric-adapter-1,0.00,"3.84MiB / 192MiB",2.00
2026-09-22T03:12:07.880Z,lorawan-gateway-evidence-verifier-1,11.97,"13.63MiB / 192MiB",7.10
2026-09-22T03:12:07.880Z,seaweedfs,21.95,"157.9MiB / 256MiB",61.67
2026-09-22T03:12:07.880Z,seaweedfs-metadata-etcd,12.33,"79.54MiB / 96MiB",82.85
2026-09-22T03:12:07.880Z,openbao,2.61,"55.05MiB / 512MiB",10.75
2026-09-22T03:12:07.880Z,chirpstack,0.40,"45.36MiB / 1.922GiB",2.31
2026-09-22T03:12:07.880Z,spilo,1.71,"261.7MiB / 1.922GiB",13.30
2026-09-22T03:12:07.880Z,etcd,0.95,"46.76MiB / 1.922GiB",2.38
2026-09-22T03:12:15.320Z,lorawan-gateway-evidence-ingest-1,0.00,"3.641MiB / 192MiB",1.90
2026-09-22T03:12:15.320Z,lorawan-gateway-evidence-fabric-adapter-1,0.00,"3.84MiB / 192MiB",2.00
2026-09-22T03:12:15.320Z,lorawan-gateway-evidence-verifier-1,0.00,"13.76MiB / 192MiB",7.17
2026-09-22T03:12:15.320Z,seaweedfs,0.80,"158.5MiB / 256MiB",61.90
2026-09-22T03:12:15.320Z,seaweedfs-metadata-etcd,1.27,"79.52MiB / 96MiB",82.84
2026-09-22T03:12:15.320Z,openbao,2.74,"55.05MiB / 512MiB",10.75
2026-09-22T03:12:15.320Z,chirpstack,0.40,"45.36MiB / 1.922GiB",2.31
2026-09-22T03:12:15.320Z,spilo,1.18,"261.7MiB / 1.922GiB",13.30
2026-09-22T03:12:15.320Z,etcd,2.56,"46.76MiB / 1.922GiB",2.38
2026-09-22T03:12:22.541Z,lorawan-gateway-evidence-ingest-1,0.00,"3.641MiB / 192MiB",1.90
2026-09-22T03:12:22.541Z,lorawan-gateway-evidence-fabric-adapter-1,0.00,"3.84MiB / 192MiB",2.00
2026-09-22T03:12:22.541Z,lorawan-gateway-evidence-verifier-1,0.00,"13.76MiB / 192MiB",7.17
2026-09-22T03:12:22.541Z,seaweedfs,0.59,"158.4MiB / 256MiB",61.86
2026-09-22T03:12:22.541Z,seaweedfs-metadata-etcd,1.29,"79.52MiB / 96MiB",82.84
2026-09-22T03:12:22.541Z,openbao,2.57,"55.05MiB / 512MiB",10.75
2026-09-22T03:12:22.541Z,chirpstack,0.31,"45.36MiB / 1.922GiB",2.31
2026-09-22T03:12:22.541Z,spilo,1.31,"261.7MiB / 1.922GiB",13.30
2026-09-22T03:12:22.541Z,etcd,1.42,"46.76MiB / 1.922GiB",2.38
2026-09-22T03:12:29.936Z,lorawan-gateway-evidence-ingest-1,0.00,"3.641MiB / 192MiB",1.90
2026-09-22T03:12:29.936Z,lorawan-gateway-evidence-fabric-adapter-1,0.00,"3.84MiB / 192MiB",2.00
2026-09-22T03:12:29.936Z,lorawan-gateway-evidence-verifier-1,5.53,"13.48MiB / 192MiB",7.02
2026-09-22T03:12:29.936Z,seaweedfs,9.62,"158.4MiB / 256MiB",61.87
2026-09-22T03:12:29.936Z,seaweedfs-metadata-etcd,4.01,"79.53MiB / 96MiB",82.85
2026-09-22T03:12:29.936Z,openbao,2.19,"55.05MiB / 512MiB",10.75
2026-09-22T03:12:29.936Z,chirpstack,0.32,"45.36MiB / 1.922GiB",2.31
2026-09-22T03:12:29.936Z,spilo,1.24,"261.7MiB / 1.922GiB",13.30
2026-09-22T03:12:29.936Z,etcd,0.90,"46.76MiB / 1.922GiB",2.38
2026-09-22T03:12:37.221Z,lorawan-gateway-evidence-ingest-1,0.00,"3.641MiB / 192MiB",1.90
2026-09-22T03:12:37.221Z,lorawan-gateway-evidence-fabric-adapter-1,0.00,"3.84MiB / 192MiB",2.00
2026-09-22T03:12:37.221Z,lorawan-gateway-evidence-verifier-1,0.00,"13.74MiB / 192MiB",7.16
2026-09-22T03:12:37.221Z,seaweedfs,0.73,"158.4MiB / 256MiB",61.86
2026-09-22T03:12:37.221Z,seaweedfs-metadata-etcd,1.29,"79.52MiB / 96MiB",82.84
2026-09-22T03:12:37.221Z,openbao,2.33,"55.05MiB / 512MiB",10.75
2026-09-22T03:12:37.221Z,chirpstack,0.36,"45.35MiB / 1.922GiB",2.30
2026-09-22T03:12:37.221Z,spilo,0.99,"261.7MiB / 1.922GiB",13.30
2026-09-22T03:12:37.221Z,etcd,0.78,"46.76MiB / 1.922GiB",2.38
2026-09-22T03:12:44.616Z,lorawan-gateway-evidence-ingest-1,0.00,"3.641MiB / 192MiB",1.90
2026-09-22T03:12:44.616Z,lorawan-gateway-evidence-fabric-adapter-1,0.00,"3.84MiB / 192MiB",2.00
2026-09-22T03:12:44.616Z,lorawan-gateway-evidence-verifier-1,10.44,"13.76MiB / 192MiB",7.17
2026-09-22T03:12:44.616Z,seaweedfs,20.80,"158MiB / 256MiB",61.72
2026-09-22T03:12:44.616Z,seaweedfs-metadata-etcd,9.30,"79.52MiB / 96MiB",82.84
2026-09-22T03:12:44.616Z,openbao,2.31,"55.05MiB / 512MiB",10.75
2026-09-22T03:12:44.616Z,chirpstack,0.32,"45.35MiB / 1.922GiB",2.30
2026-09-22T03:12:44.616Z,spilo,2.07,"261.7MiB / 1.922GiB",13.30
2026-09-22T03:12:44.616Z,etcd,0.65,"46.76MiB / 1.922GiB",2.38
2026-09-22T03:12:52.057Z,lorawan-gateway-evidence-ingest-1,0.00,"3.641MiB / 192MiB",1.90
2026-09-22T03:12:52.057Z,lorawan-gateway-evidence-fabric-adapter-1,0.00,"3.84MiB / 192MiB",2.00
2026-09-22T03:12:52.057Z,lorawan-gateway-evidence-verifier-1,5.48,"13.65MiB / 192MiB",7.11
2026-09-22T03:12:52.057Z,seaweedfs,11.32,"158.5MiB / 256MiB",61.90
2026-09-22T03:12:52.057Z,seaweedfs-metadata-etcd,6.16,"79.53MiB / 96MiB",82.84
2026-09-22T03:12:52.057Z,openbao,2.37,"55.05MiB / 512MiB",10.75
2026-09-22T03:12:52.057Z,chirpstack,0.33,"45.36MiB / 1.922GiB",2.31
2026-09-22T03:12:52.057Z,spilo,1.53,"261.7MiB / 1.922GiB",13.30
2026-09-22T03:12:52.057Z,etcd,0.76,"46.76MiB / 1.922GiB",2.38
2026-09-22T03:12:59.316Z,lorawan-gateway-evidence-ingest-1,0.00,"3.641MiB / 192MiB",1.90
2026-09-22T03:12:59.316Z,lorawan-gateway-evidence-fabric-adapter-1,0.00,"3.84MiB / 192MiB",2.00
2026-09-22T03:12:59.316Z,lorawan-gateway-evidence-verifier-1,0.00,"13.32MiB / 192MiB",6.94
2026-09-22T03:12:59.316Z,seaweedfs,0.63,"158.5MiB / 256MiB",61.91
2026-09-22T03:12:59.316Z,seaweedfs-metadata-etcd,1.25,"79.52MiB / 96MiB",82.84
2026-09-22T03:12:59.316Z,openbao,2.40,"55.05MiB / 512MiB",10.75
2026-09-22T03:12:59.316Z,chirpstack,0.32,"45.36MiB / 1.922GiB",2.31
2026-09-22T03:12:59.316Z,spilo,1.03,"261.7MiB / 1.922GiB",13.30
2026-09-22T03:12:59.316Z,etcd,1.41,"46.76MiB / 1.922GiB",2.38
2026-09-22T03:13:06.541Z,lorawan-gateway-evidence-ingest-1,0.00,"3.641MiB / 192MiB",1.90
2026-09-22T03:13:06.541Z,lorawan-gateway-evidence-fabric-adapter-1,0.00,"3.84MiB / 192MiB",2.00
2026-09-22T03:13:06.541Z,lorawan-gateway-evidence-verifier-1,11.41,"13.76MiB / 192MiB",7.17
2026-09-22T03:13:06.541Z,seaweedfs,23.80,"158.7MiB / 256MiB",61.97
2026-09-22T03:13:06.541Z,seaweedfs-metadata-etcd,11.77,"79.53MiB / 96MiB",82.84
2026-09-22T03:13:06.541Z,openbao,2.61,"55.05MiB / 512MiB",10.75
2026-09-22T03:13:06.541Z,chirpstack,0.32,"45.36MiB / 1.922GiB",2.31
2026-09-22T03:13:06.541Z,spilo,1.39,"261.7MiB / 1.922GiB",13.30
2026-09-22T03:13:06.541Z,etcd,1.25,"46.76MiB / 1.922GiB",2.38
2026-09-22T03:13:14.003Z,lorawan-gateway-evidence-ingest-1,0.00,"3.641MiB / 192MiB",1.90
2026-09-22T03:13:14.003Z,lorawan-gateway-evidence-fabric-adapter-1,0.00,"3.84MiB / 192MiB",2.00
2026-09-22T03:13:14.003Z,lorawan-gateway-evidence-verifier-1,14.12,"13.3MiB / 192MiB",6.93
2026-09-22T03:13:14.003Z,seaweedfs,24.26,"158.4MiB / 256MiB",61.88
2026-09-22T03:13:14.003Z,seaweedfs-metadata-etcd,10.53,"79.53MiB / 96MiB",82.84
2026-09-22T03:13:14.003Z,openbao,1.99,"55.05MiB / 512MiB",10.75
2026-09-22T03:13:14.003Z,chirpstack,0.31,"45.36MiB / 1.922GiB",2.31
2026-09-22T03:13:14.003Z,spilo,1.21,"261.7MiB / 1.922GiB",13.30
2026-09-22T03:13:14.003Z,etcd,0.85,"46.76MiB / 1.922GiB",2.38
2026-09-22T03:13:21.349Z,lorawan-gateway-evidence-ingest-1,0.13,"3.641MiB / 192MiB",1.90
2026-09-22T03:13:21.349Z,lorawan-gateway-evidence-fabric-adapter-1,0.00,"3.84MiB / 192MiB",2.00
2026-09-22T03:13:21.349Z,lorawan-gateway-evidence-verifier-1,14.17,"13.37MiB / 192MiB",6.96
2026-09-22T03:13:21.349Z,seaweedfs,24.01,"158.1MiB / 256MiB",61.75
2026-09-22T03:13:21.349Z,seaweedfs-metadata-etcd,8.02,"79.53MiB / 96MiB",82.85
2026-09-22T03:13:21.349Z,openbao,1.90,"55.05MiB / 512MiB",10.75
2026-09-22T03:13:21.349Z,chirpstack,0.35,"45.36MiB / 1.922GiB",2.31
2026-09-22T03:13:21.349Z,spilo,1.27,"261.7MiB / 1.922GiB",13.30
2026-09-22T03:13:21.349Z,etcd,1.03,"46.76MiB / 1.922GiB",2.38
2026-09-22T03:13:28.809Z,lorawan-gateway-evidence-ingest-1,0.00,"3.641MiB / 192MiB",1.90
2026-09-22T03:13:28.809Z,lorawan-gateway-evidence-fabric-adapter-1,0.00,"3.84MiB / 192MiB",2.00
2026-09-22T03:13:28.809Z,lorawan-gateway-evidence-verifier-1,8.87,"13.63MiB / 192MiB",7.10
2026-09-22T03:13:28.809Z,seaweedfs,17.31,"158.2MiB / 256MiB",61.80
2026-09-22T03:13:28.809Z,seaweedfs-metadata-etcd,9.52,"79.53MiB / 96MiB",82.85
2026-09-22T03:13:28.809Z,openbao,2.04,"55.05MiB / 512MiB",10.75
2026-09-22T03:13:28.809Z,chirpstack,0.30,"45.36MiB / 1.922GiB",2.31
2026-09-22T03:13:28.809Z,spilo,1.09,"261.7MiB / 1.922GiB",13.30
2026-09-22T03:13:28.809Z,etcd,0.67,"46.76MiB / 1.922GiB",2.38
2026-09-22T03:13:36.110Z,lorawan-gateway-evidence-ingest-1,0.00,"3.641MiB / 192MiB",1.90
2026-09-22T03:13:36.110Z,lorawan-gateway-evidence-fabric-adapter-1,0.00,"3.84MiB / 192MiB",2.00
2026-09-22T03:13:36.110Z,lorawan-gateway-evidence-verifier-1,7.55,"13.75MiB / 192MiB",7.16
2026-09-22T03:13:36.110Z,seaweedfs,12.82,"156.4MiB / 256MiB",61.10
2026-09-22T03:13:36.110Z,seaweedfs-metadata-etcd,5.43,"79.53MiB / 96MiB",82.85
2026-09-22T03:13:36.110Z,openbao,1.92,"55.05MiB / 512MiB",10.75
2026-09-22T03:13:36.110Z,chirpstack,0.33,"45.35MiB / 1.922GiB",2.30
2026-09-22T03:13:36.110Z,spilo,1.35,"261.9MiB / 1.922GiB",13.31
2026-09-22T03:13:36.110Z,etcd,2.39,"46.76MiB / 1.922GiB",2.38
2026-09-22T03:13:43.384Z,lorawan-gateway-evidence-ingest-1,0.00,"3.641MiB / 192MiB",1.90
2026-09-22T03:13:43.384Z,lorawan-gateway-evidence-fabric-adapter-1,0.00,"3.84MiB / 192MiB",2.00
2026-09-22T03:13:43.384Z,lorawan-gateway-evidence-verifier-1,14.11,"13.63MiB / 192MiB",7.10
2026-09-22T03:13:43.384Z,seaweedfs,20.49,"158.6MiB / 256MiB",61.96
2026-09-22T03:13:43.384Z,seaweedfs-metadata-etcd,8.03,"79.53MiB / 96MiB",82.84
2026-09-22T03:13:43.384Z,openbao,1.95,"55.05MiB / 512MiB",10.75
2026-09-22T03:13:43.384Z,chirpstack,0.29,"45.35MiB / 1.922GiB",2.30
2026-09-22T03:13:43.384Z,spilo,1.03,"261.9MiB / 1.922GiB",13.31
2026-09-22T03:13:43.384Z,etcd,0.91,"46.76MiB / 1.922GiB",2.38
2026-09-22T03:13:50.653Z,lorawan-gateway-evidence-ingest-1,0.00,"3.641MiB / 192MiB",1.90
2026-09-22T03:13:50.653Z,lorawan-gateway-evidence-fabric-adapter-1,0.00,"3.84MiB / 192MiB",2.00
2026-09-22T03:13:50.653Z,lorawan-gateway-evidence-verifier-1,14.23,"13.38MiB / 192MiB",6.97
2026-09-22T03:13:50.653Z,seaweedfs,24.60,"158.1MiB / 256MiB",61.76
2026-09-22T03:13:50.653Z,seaweedfs-metadata-etcd,11.13,"79.53MiB / 96MiB",82.84
2026-09-22T03:13:50.653Z,openbao,1.89,"55.05MiB / 512MiB",10.75
2026-09-22T03:13:50.653Z,chirpstack,0.23,"45.36MiB / 1.922GiB",2.31
2026-09-22T03:13:50.653Z,spilo,1.41,"261.9MiB / 1.922GiB",13.31
2026-09-22T03:13:50.653Z,etcd,1.20,"46.76MiB / 1.922GiB",2.38
2026-09-22T03:13:58.089Z,lorawan-gateway-evidence-ingest-1,0.00,"3.641MiB / 192MiB",1.90
2026-09-22T03:13:58.089Z,lorawan-gateway-evidence-fabric-adapter-1,0.00,"3.84MiB / 192MiB",2.00
2026-09-22T03:13:58.089Z,lorawan-gateway-evidence-verifier-1,0.09,"13.76MiB / 192MiB",7.17
2026-09-22T03:13:58.089Z,seaweedfs,0.57,"158.1MiB / 256MiB",61.76
2026-09-22T03:13:58.089Z,seaweedfs-metadata-etcd,1.29,"79.52MiB / 96MiB",82.84
2026-09-22T03:13:58.089Z,openbao,2.10,"55.05MiB / 512MiB",10.75
2026-09-22T03:13:58.089Z,chirpstack,0.31,"45.36MiB / 1.922GiB",2.31
2026-09-22T03:13:58.089Z,spilo,1.22,"261.9MiB / 1.922GiB",13.31
2026-09-22T03:13:58.089Z,etcd,0.83,"46.76MiB / 1.922GiB",2.38
2026-09-22T03:14:05.503Z,lorawan-gateway-evidence-ingest-1,0.00,"3.641MiB / 192MiB",1.90
2026-09-22T03:14:05.503Z,lorawan-gateway-evidence-fabric-adapter-1,0.00,"3.84MiB / 192MiB",2.00
2026-09-22T03:14:05.503Z,lorawan-gateway-evidence-verifier-1,10.19,"13.74MiB / 192MiB",7.16
2026-09-22T03:14:05.503Z,seaweedfs,19.54,"158.3MiB / 256MiB",61.85
2026-09-22T03:14:05.503Z,seaweedfs-metadata-etcd,10.52,"79.53MiB / 96MiB",82.85
2026-09-22T03:14:05.503Z,openbao,2.46,"55.05MiB / 512MiB",10.75
2026-09-22T03:14:05.503Z,chirpstack,0.34,"45.36MiB / 1.922GiB",2.31
2026-09-22T03:14:05.503Z,spilo,1.07,"261.9MiB / 1.922GiB",13.31
2026-09-22T03:14:05.503Z,etcd,3.29,"46.76MiB / 1.922GiB",2.38
2026-09-22T03:14:13.027Z,lorawan-gateway-evidence-ingest-1,0.00,"3.641MiB / 192MiB",1.90
2026-09-22T03:14:13.027Z,lorawan-gateway-evidence-fabric-adapter-1,0.00,"3.84MiB / 192MiB",2.00
2026-09-22T03:14:13.027Z,lorawan-gateway-evidence-verifier-1,13.94,"13.76MiB / 192MiB",7.17
2026-09-22T03:14:13.027Z,seaweedfs,19.17,"158.3MiB / 256MiB",61.85
2026-09-22T03:14:13.027Z,seaweedfs-metadata-etcd,7.37,"79.53MiB / 96MiB",82.85
2026-09-22T03:14:13.027Z,openbao,2.28,"55.05MiB / 512MiB",10.75
2026-09-22T03:14:13.027Z,chirpstack,0.36,"45.37MiB / 1.922GiB",2.31
2026-09-22T03:14:13.027Z,spilo,0.89,"261.9MiB / 1.922GiB",13.31
2026-09-22T03:14:13.027Z,etcd,0.80,"46.76MiB / 1.922GiB",2.38
2026-09-22T03:14:20.453Z,lorawan-gateway-evidence-ingest-1,0.00,"3.641MiB / 192MiB",1.90
2026-09-22T03:14:20.453Z,lorawan-gateway-evidence-fabric-adapter-1,0.00,"3.84MiB / 192MiB",2.00
2026-09-22T03:14:20.453Z,lorawan-gateway-evidence-verifier-1,10.08,"13.76MiB / 192MiB",7.17
2026-09-22T03:14:20.453Z,seaweedfs,21.77,"158.2MiB / 256MiB",61.81
2026-09-22T03:14:20.453Z,seaweedfs-metadata-etcd,10.71,"79.53MiB / 96MiB",82.85
2026-09-22T03:14:20.453Z,openbao,2.33,"55.05MiB / 512MiB",10.75
2026-09-22T03:14:20.453Z,chirpstack,0.31,"45.36MiB / 1.922GiB",2.31
2026-09-22T03:14:20.453Z,spilo,1.17,"261.9MiB / 1.922GiB",13.31
2026-09-22T03:14:20.453Z,etcd,0.79,"46.76MiB / 1.922GiB",2.38
2026-09-22T03:14:27.892Z,lorawan-gateway-evidence-ingest-1,0.00,"3.641MiB / 192MiB",1.90
2026-09-22T03:14:27.892Z,lorawan-gateway-evidence-fabric-adapter-1,0.00,"3.84MiB / 192MiB",2.00
2026-09-22T03:14:27.892Z,lorawan-gateway-evidence-verifier-1,12.97,"13.76MiB / 192MiB",7.17
2026-09-22T03:14:27.892Z,seaweedfs,25.10,"158.6MiB / 256MiB",61.94
2026-09-22T03:14:27.892Z,seaweedfs-metadata-etcd,10.67,"79.53MiB / 96MiB",82.85
2026-09-22T03:14:27.892Z,openbao,2.02,"55.05MiB / 512MiB",10.75
2026-09-22T03:14:27.892Z,chirpstack,0.33,"45.36MiB / 1.922GiB",2.31
2026-09-22T03:14:27.892Z,spilo,0.98,"261.9MiB / 1.922GiB",13.31
2026-09-22T03:14:27.892Z,etcd,0.82,"46.76MiB / 1.922GiB",2.38
2026-09-22T03:14:35.352Z,lorawan-gateway-evidence-ingest-1,0.00,"3.641MiB / 192MiB",1.90
2026-09-22T03:14:35.352Z,lorawan-gateway-evidence-fabric-adapter-1,0.00,"3.84MiB / 192MiB",2.00
2026-09-22T03:14:35.352Z,lorawan-gateway-evidence-verifier-1,0.00,"13.76MiB / 192MiB",7.17
2026-09-22T03:14:35.352Z,seaweedfs,2.23,"158.2MiB / 256MiB",61.78
2026-09-22T03:14:35.352Z,seaweedfs-metadata-etcd,3.94,"79.52MiB / 96MiB",82.84
2026-09-22T03:14:35.352Z,openbao,2.51,"55.05MiB / 512MiB",10.75
2026-09-22T03:14:35.352Z,chirpstack,0.38,"45.36MiB / 1.922GiB",2.30
2026-09-22T03:14:35.352Z,spilo,0.91,"261.9MiB / 1.922GiB",13.31
2026-09-22T03:14:35.352Z,etcd,2.42,"46.76MiB / 1.922GiB",2.38
2026-09-22T03:14:42.637Z,lorawan-gateway-evidence-ingest-1,0.00,"3.641MiB / 192MiB",1.90
2026-09-22T03:14:42.637Z,lorawan-gateway-evidence-fabric-adapter-1,0.00,"3.84MiB / 192MiB",2.00
2026-09-22T03:14:42.637Z,lorawan-gateway-evidence-verifier-1,11.99,"13.76MiB / 192MiB",7.17
2026-09-22T03:14:42.637Z,seaweedfs,21.11,"158.2MiB / 256MiB",61.81
2026-09-22T03:14:42.637Z,seaweedfs-metadata-etcd,10.29,"79.53MiB / 96MiB",82.84
2026-09-22T03:14:42.637Z,openbao,2.10,"55.05MiB / 512MiB",10.75
2026-09-22T03:14:42.637Z,chirpstack,0.25,"45.35MiB / 1.922GiB",2.30
2026-09-22T03:14:42.637Z,spilo,1.47,"261.9MiB / 1.922GiB",13.31
2026-09-22T03:14:42.637Z,etcd,1.30,"46.76MiB / 1.922GiB",2.38
2026-09-22T03:14:50.132Z,lorawan-gateway-evidence-ingest-1,0.00,"3.641MiB / 192MiB",1.90
2026-09-22T03:14:50.132Z,lorawan-gateway-evidence-fabric-adapter-1,0.00,"3.84MiB / 192MiB",2.00
2026-09-22T03:14:50.132Z,lorawan-gateway-evidence-verifier-1,11.77,"13.88MiB / 192MiB",7.23
2026-09-22T03:14:50.132Z,seaweedfs,21.69,"158.3MiB / 256MiB",61.84
2026-09-22T03:14:50.132Z,seaweedfs-metadata-etcd,12.22,"79.53MiB / 96MiB",82.85
2026-09-22T03:14:50.132Z,openbao,2.08,"55.05MiB / 512MiB",10.75
2026-09-22T03:14:50.132Z,chirpstack,0.39,"45.36MiB / 1.922GiB",2.31
2026-09-22T03:14:50.132Z,spilo,2.02,"261.9MiB / 1.922GiB",13.31
2026-09-22T03:14:50.132Z,etcd,0.66,"46.76MiB / 1.922GiB",2.38
2026-09-22T03:14:57.591Z,lorawan-gateway-evidence-ingest-1,0.00,"3.641MiB / 192MiB",1.90
2026-09-22T03:14:57.591Z,lorawan-gateway-evidence-fabric-adapter-1,0.00,"3.84MiB / 192MiB",2.00
2026-09-22T03:14:57.591Z,lorawan-gateway-evidence-verifier-1,13.86,"13.76MiB / 192MiB",7.17
2026-09-22T03:14:57.591Z,seaweedfs,27.38,"158.4MiB / 256MiB",61.87
2026-09-22T03:14:57.591Z,seaweedfs-metadata-etcd,12.12,"79.53MiB / 96MiB",82.85
2026-09-22T03:14:57.591Z,openbao,1.75,"55.05MiB / 512MiB",10.75
2026-09-22T03:14:57.591Z,chirpstack,0.31,"45.36MiB / 1.922GiB",2.31
2026-09-22T03:14:57.591Z,spilo,1.07,"261.9MiB / 1.922GiB",13.31
2026-09-22T03:14:57.591Z,etcd,0.84,"46.76MiB / 1.922GiB",2.38
2026-09-22T03:15:05.014Z,lorawan-gateway-evidence-ingest-1,0.00,"3.641MiB / 192MiB",1.90
2026-09-22T03:15:05.014Z,lorawan-gateway-evidence-fabric-adapter-1,0.00,"3.84MiB / 192MiB",2.00
2026-09-22T03:15:05.014Z,lorawan-gateway-evidence-verifier-1,10.74,"13.76MiB / 192MiB",7.17
2026-09-22T03:15:05.014Z,seaweedfs,24.49,"158.5MiB / 256MiB",61.91
2026-09-22T03:15:05.014Z,seaweedfs-metadata-etcd,9.55,"79.61MiB / 96MiB",82.92
2026-09-22T03:15:05.014Z,openbao,3.10,"55.05MiB / 512MiB",10.75
2026-09-22T03:15:05.014Z,chirpstack,0.43,"45.36MiB / 1.922GiB",2.31
2026-09-22T03:15:05.014Z,spilo,3.07,"261.9MiB / 1.922GiB",13.31
2026-09-22T03:15:05.014Z,etcd,1.30,"46.76MiB / 1.922GiB",2.38
2026-09-22T03:15:12.525Z,lorawan-gateway-evidence-ingest-1,0.00,"3.641MiB / 192MiB",1.90
2026-09-22T03:15:12.525Z,lorawan-gateway-evidence-fabric-adapter-1,0.00,"3.84MiB / 192MiB",2.00
2026-09-22T03:15:12.525Z,lorawan-gateway-evidence-verifier-1,9.47,"13.42MiB / 192MiB",6.99
2026-09-22T03:15:12.525Z,seaweedfs,21.27,"158.1MiB / 256MiB",61.74
2026-09-22T03:15:12.525Z,seaweedfs-metadata-etcd,10.92,"79.61MiB / 96MiB",82.93
2026-09-22T03:15:12.525Z,openbao,2.76,"55.05MiB / 512MiB",10.75
2026-09-22T03:15:12.525Z,chirpstack,0.57,"45.37MiB / 1.922GiB",2.31
2026-09-22T03:15:12.525Z,spilo,1.72,"261.9MiB / 1.922GiB",13.31
2026-09-22T03:15:12.525Z,etcd,0.94,"46.76MiB / 1.922GiB",2.38
2026-09-22T03:15:19.987Z,lorawan-gateway-evidence-ingest-1,0.00,"3.641MiB / 192MiB",1.90
2026-09-22T03:15:19.987Z,lorawan-gateway-evidence-fabric-adapter-1,0.00,"3.84MiB / 192MiB",2.00
2026-09-22T03:15:19.987Z,lorawan-gateway-evidence-verifier-1,11.45,"13.41MiB / 192MiB",6.98
2026-09-22T03:15:19.987Z,seaweedfs,22.69,"158.1MiB / 256MiB",61.75
2026-09-22T03:15:19.987Z,seaweedfs-metadata-etcd,10.52,"79.61MiB / 96MiB",82.93
2026-09-22T03:15:19.987Z,openbao,2.34,"55.05MiB / 512MiB",10.75
2026-09-22T03:15:19.987Z,chirpstack,0.28,"45.36MiB / 1.922GiB",2.31
2026-09-22T03:15:19.987Z,spilo,1.06,"261.9MiB / 1.922GiB",13.31
2026-09-22T03:15:19.987Z,etcd,0.91,"46.76MiB / 1.922GiB",2.38
2026-09-22T03:15:27.404Z,lorawan-gateway-evidence-ingest-1,0.00,"3.641MiB / 192MiB",1.90
2026-09-22T03:15:27.404Z,lorawan-gateway-evidence-fabric-adapter-1,0.00,"3.84MiB / 192MiB",2.00
2026-09-22T03:15:27.404Z,lorawan-gateway-evidence-verifier-1,10.73,"13.7MiB / 192MiB",7.14
2026-09-22T03:15:27.404Z,seaweedfs,19.89,"158.3MiB / 256MiB",61.85
2026-09-22T03:15:27.404Z,seaweedfs-metadata-etcd,10.26,"79.61MiB / 96MiB",82.92
2026-09-22T03:15:27.404Z,openbao,2.25,"55.05MiB / 512MiB",10.75
2026-09-22T03:15:27.404Z,chirpstack,0.30,"45.36MiB / 1.922GiB",2.31
2026-09-22T03:15:27.404Z,spilo,1.04,"261.9MiB / 1.922GiB",13.31
2026-09-22T03:15:27.404Z,etcd,1.12,"46.76MiB / 1.922GiB",2.38
2026-09-22T03:15:34.867Z,lorawan-gateway-evidence-ingest-1,0.00,"3.641MiB / 192MiB",1.90
2026-09-22T03:15:34.867Z,lorawan-gateway-evidence-fabric-adapter-1,0.00,"3.84MiB / 192MiB",2.00
2026-09-22T03:15:34.867Z,lorawan-gateway-evidence-verifier-1,11.19,"13.76MiB / 192MiB",7.17
2026-09-22T03:15:34.867Z,seaweedfs,22.98,"162.9MiB / 256MiB",63.64
2026-09-22T03:15:34.867Z,seaweedfs-metadata-etcd,10.38,"79.61MiB / 96MiB",82.93
2026-09-22T03:15:34.867Z,openbao,2.82,"55.05MiB / 512MiB",10.75
2026-09-22T03:15:34.867Z,chirpstack,0.34,"45.36MiB / 1.922GiB",2.30
2026-09-22T03:15:34.867Z,spilo,2.62,"261.9MiB / 1.922GiB",13.31
2026-09-22T03:15:34.867Z,etcd,1.17,"46.76MiB / 1.922GiB",2.38
2026-09-22T03:15:42.241Z,lorawan-gateway-evidence-ingest-1,0.00,"3.641MiB / 192MiB",1.90
2026-09-22T03:15:42.241Z,lorawan-gateway-evidence-fabric-adapter-1,0.00,"3.84MiB / 192MiB",2.00
2026-09-22T03:15:42.241Z,lorawan-gateway-evidence-verifier-1,14.84,"13.51MiB / 192MiB",7.04
2026-09-22T03:15:42.241Z,seaweedfs,22.19,"158MiB / 256MiB",61.74
2026-09-22T03:15:42.241Z,seaweedfs-metadata-etcd,10.75,"79.61MiB / 96MiB",82.93
2026-09-22T03:15:42.241Z,openbao,2.17,"55.05MiB / 512MiB",10.75
2026-09-22T03:15:42.241Z,chirpstack,0.32,"45.35MiB / 1.922GiB",2.30
2026-09-22T03:15:42.241Z,spilo,1.78,"261.9MiB / 1.922GiB",13.31
2026-09-22T03:15:42.241Z,etcd,0.96,"46.76MiB / 1.922GiB",2.38
2026-09-22T03:15:49.666Z,lorawan-gateway-evidence-ingest-1,0.00,"3.641MiB / 192MiB",1.90
2026-09-22T03:15:49.666Z,lorawan-gateway-evidence-fabric-adapter-1,0.00,"3.84MiB / 192MiB",2.00
2026-09-22T03:15:49.666Z,lorawan-gateway-evidence-verifier-1,13.20,"13.55MiB / 192MiB",7.06
2026-09-22T03:15:49.666Z,seaweedfs,25.85,"158.5MiB / 256MiB",61.91
2026-09-22T03:15:49.666Z,seaweedfs-metadata-etcd,10.69,"79.61MiB / 96MiB",82.93
2026-09-22T03:15:49.666Z,openbao,1.96,"55.11MiB / 512MiB",10.76
2026-09-22T03:15:49.666Z,chirpstack,0.28,"45.36MiB / 1.922GiB",2.31
2026-09-22T03:15:49.666Z,spilo,0.95,"261.9MiB / 1.922GiB",13.31
2026-09-22T03:15:49.666Z,etcd,0.65,"46.76MiB / 1.922GiB",2.38
2026-09-22T03:15:57.097Z,lorawan-gateway-evidence-ingest-1,0.00,"3.641MiB / 192MiB",1.90
2026-09-22T03:15:57.097Z,lorawan-gateway-evidence-fabric-adapter-1,0.00,"3.84MiB / 192MiB",2.00
2026-09-22T03:15:57.097Z,lorawan-gateway-evidence-verifier-1,15.07,"13.31MiB / 192MiB",6.93
2026-09-22T03:15:57.097Z,seaweedfs,25.81,"158.3MiB / 256MiB",61.84
2026-09-22T03:15:57.097Z,seaweedfs-metadata-etcd,11.58,"79.61MiB / 96MiB",82.92
2026-09-22T03:15:57.097Z,openbao,2.68,"55.11MiB / 512MiB",10.76
2026-09-22T03:15:57.097Z,chirpstack,0.42,"45.36MiB / 1.922GiB",2.31
2026-09-22T03:15:57.097Z,spilo,2.03,"261.9MiB / 1.922GiB",13.31
2026-09-22T03:15:57.097Z,etcd,0.78,"46.76MiB / 1.922GiB",2.38
2026-09-22T03:16:04.659Z,lorawan-gateway-evidence-ingest-1,0.00,"3.641MiB / 192MiB",1.90
2026-09-22T03:16:04.659Z,lorawan-gateway-evidence-fabric-adapter-1,0.00,"3.84MiB / 192MiB",2.00
2026-09-22T03:16:04.659Z,lorawan-gateway-evidence-verifier-1,10.43,"13.66MiB / 192MiB",7.12
2026-09-22T03:16:04.659Z,seaweedfs,21.62,"158.2MiB / 256MiB",61.80
2026-09-22T03:16:04.659Z,seaweedfs-metadata-etcd,10.89,"79.61MiB / 96MiB",82.93
2026-09-22T03:16:04.659Z,openbao,3.54,"55.11MiB / 512MiB",10.76
2026-09-22T03:16:04.659Z,chirpstack,0.40,"45.36MiB / 1.922GiB",2.31
2026-09-22T03:16:04.659Z,spilo,3.43,"261.9MiB / 1.922GiB",13.31
2026-09-22T03:16:04.659Z,etcd,0.84,"46.76MiB / 1.922GiB",2.38
2026-09-22T03:16:12.065Z,lorawan-gateway-evidence-ingest-1,0.00,"3.641MiB / 192MiB",1.90
2026-09-22T03:16:12.065Z,lorawan-gateway-evidence-fabric-adapter-1,0.00,"3.84MiB / 192MiB",2.00
2026-09-22T03:16:12.065Z,lorawan-gateway-evidence-verifier-1,20.89,"13.5MiB / 192MiB",7.03
2026-09-22T03:16:12.065Z,seaweedfs,14.86,"158.3MiB / 256MiB",61.82
2026-09-22T03:16:12.065Z,seaweedfs-metadata-etcd,9.93,"79.61MiB / 96MiB",82.93
2026-09-22T03:16:12.065Z,openbao,2.82,"55.11MiB / 512MiB",10.76
2026-09-22T03:16:12.065Z,chirpstack,0.40,"45.36MiB / 1.922GiB",2.31
2026-09-22T03:16:12.065Z,spilo,2.33,"261.9MiB / 1.922GiB",13.31
2026-09-22T03:16:12.065Z,etcd,0.92,"46.76MiB / 1.922GiB",2.38
2026-09-22T03:16:19.626Z,lorawan-gateway-evidence-ingest-1,0.00,"3.641MiB / 192MiB",1.90
2026-09-22T03:16:19.626Z,lorawan-gateway-evidence-fabric-adapter-1,0.00,"3.84MiB / 192MiB",2.00
2026-09-22T03:16:19.626Z,lorawan-gateway-evidence-verifier-1,20.98,"13.51MiB / 192MiB",7.04
2026-09-22T03:16:19.626Z,seaweedfs,18.82,"158.4MiB / 256MiB",61.89
2026-09-22T03:16:19.626Z,seaweedfs-metadata-etcd,8.74,"79.61MiB / 96MiB",82.93
2026-09-22T03:16:19.626Z,openbao,2.26,"55.11MiB / 512MiB",10.76
2026-09-22T03:16:19.626Z,chirpstack,0.36,"45.36MiB / 1.922GiB",2.31
2026-09-22T03:16:19.626Z,spilo,0.87,"261.9MiB / 1.922GiB",13.31
2026-09-22T03:16:19.626Z,etcd,0.81,"46.76MiB / 1.922GiB",2.38
2026-09-22T03:16:27.100Z,lorawan-gateway-evidence-ingest-1,0.00,"3.641MiB / 192MiB",1.90
2026-09-22T03:16:27.100Z,lorawan-gateway-evidence-fabric-adapter-1,0.00,"3.84MiB / 192MiB",2.00
2026-09-22T03:16:27.100Z,lorawan-gateway-evidence-verifier-1,19.77,"13.26MiB / 192MiB",6.91
2026-09-22T03:16:27.100Z,seaweedfs,16.92,"157.9MiB / 256MiB",61.68
2026-09-22T03:16:27.100Z,seaweedfs-metadata-etcd,10.05,"79.61MiB / 96MiB",82.93
2026-09-22T03:16:27.100Z,openbao,3.67,"55.11MiB / 512MiB",10.76
2026-09-22T03:16:27.100Z,chirpstack,0.27,"45.36MiB / 1.922GiB",2.31
2026-09-22T03:16:27.100Z,spilo,1.21,"261.9MiB / 1.922GiB",13.31
2026-09-22T03:16:27.100Z,etcd,1.03,"46.76MiB / 1.922GiB",2.38
2026-09-22T03:16:34.568Z,lorawan-gateway-evidence-ingest-1,0.00,"3.641MiB / 192MiB",1.90
2026-09-22T03:16:34.568Z,lorawan-gateway-evidence-fabric-adapter-1,0.00,"3.84MiB / 192MiB",2.00
2026-09-22T03:16:34.568Z,lorawan-gateway-evidence-verifier-1,19.89,"13.36MiB / 192MiB",6.96
2026-09-22T03:16:34.568Z,seaweedfs,14.98,"156.2MiB / 256MiB",61.03
2026-09-22T03:16:34.568Z,seaweedfs-metadata-etcd,9.08,"79.61MiB / 96MiB",82.93
2026-09-22T03:16:34.568Z,openbao,2.07,"55.11MiB / 512MiB",10.76
2026-09-22T03:16:34.568Z,chirpstack,0.30,"45.35MiB / 1.922GiB",2.30
2026-09-22T03:16:34.568Z,spilo,2.01,"261.9MiB / 1.922GiB",13.31
2026-09-22T03:16:34.568Z,etcd,1.04,"46.76MiB / 1.922GiB",2.38
2026-09-22T03:16:41.981Z,lorawan-gateway-evidence-ingest-1,0.00,"3.641MiB / 192MiB",1.90
2026-09-22T03:16:41.981Z,lorawan-gateway-evidence-fabric-adapter-1,0.00,"3.84MiB / 192MiB",2.00
2026-09-22T03:16:41.981Z,lorawan-gateway-evidence-verifier-1,18.19,"13.25MiB / 192MiB",6.90
2026-09-22T03:16:41.981Z,seaweedfs,20.89,"157.9MiB / 256MiB",61.66
2026-09-22T03:16:41.981Z,seaweedfs-metadata-etcd,10.33,"79.61MiB / 96MiB",82.92
2026-09-22T03:16:41.981Z,openbao,1.96,"55.11MiB / 512MiB",10.76
2026-09-22T03:16:41.981Z,chirpstack,0.35,"45.35MiB / 1.922GiB",2.30
2026-09-22T03:16:41.981Z,spilo,1.09,"261.9MiB / 1.922GiB",13.31
2026-09-22T03:16:41.981Z,etcd,0.87,"46.76MiB / 1.922GiB",2.38
2026-09-22T03:16:49.460Z,lorawan-gateway-evidence-ingest-1,0.00,"3.641MiB / 192MiB",1.90
2026-09-22T03:16:49.460Z,lorawan-gateway-evidence-fabric-adapter-1,0.00,"3.84MiB / 192MiB",2.00
2026-09-22T03:16:49.460Z,lorawan-gateway-evidence-verifier-1,16.43,"13.76MiB / 192MiB",7.17
2026-09-22T03:16:49.460Z,seaweedfs,22.40,"157.8MiB / 256MiB",61.63
2026-09-22T03:16:49.460Z,seaweedfs-metadata-etcd,10.41,"79.61MiB / 96MiB",82.92
2026-09-22T03:16:49.460Z,openbao,2.63,"55.11MiB / 512MiB",10.76
2026-09-22T03:16:49.460Z,chirpstack,0.33,"45.36MiB / 1.922GiB",2.31
2026-09-22T03:16:49.460Z,spilo,0.65,"261.9MiB / 1.922GiB",13.31
2026-09-22T03:16:49.460Z,etcd,1.12,"46.76MiB / 1.922GiB",2.38
2026-09-22T03:16:56.943Z,lorawan-gateway-evidence-ingest-1,0.00,"3.641MiB / 192MiB",1.90
2026-09-22T03:16:56.943Z,lorawan-gateway-evidence-fabric-adapter-1,0.00,"3.84MiB / 192MiB",2.00
2026-09-22T03:16:56.943Z,lorawan-gateway-evidence-verifier-1,15.21,"13.83MiB / 192MiB",7.20
2026-09-22T03:16:56.943Z,seaweedfs,22.94,"158.4MiB / 256MiB",61.88
2026-09-22T03:16:56.943Z,seaweedfs-metadata-etcd,10.26,"79.61MiB / 96MiB",82.92
2026-09-22T03:16:56.943Z,openbao,2.03,"55.11MiB / 512MiB",10.76
2026-09-22T03:16:56.943Z,chirpstack,0.28,"45.36MiB / 1.922GiB",2.31
2026-09-22T03:16:56.943Z,spilo,1.27,"261.9MiB / 1.922GiB",13.31
2026-09-22T03:16:56.943Z,etcd,0.81,"46.76MiB / 1.922GiB",2.38
2026-09-22T03:17:04.386Z,lorawan-gateway-evidence-ingest-1,0.00,"3.641MiB / 192MiB",1.90
2026-09-22T03:17:04.386Z,lorawan-gateway-evidence-fabric-adapter-1,0.00,"3.84MiB / 192MiB",2.00
2026-09-22T03:17:04.386Z,lorawan-gateway-evidence-verifier-1,14.28,"13.48MiB / 192MiB",7.02
2026-09-22T03:17:04.386Z,seaweedfs,24.06,"158.2MiB / 256MiB",61.78
2026-09-22T03:17:04.386Z,seaweedfs-metadata-etcd,9.85,"79.61MiB / 96MiB",82.93
2026-09-22T03:17:04.386Z,openbao,2.76,"55.12MiB / 512MiB",10.77
2026-09-22T03:17:04.386Z,chirpstack,0.33,"45.36MiB / 1.922GiB",2.31
2026-09-22T03:17:04.386Z,spilo,2.03,"261.9MiB / 1.922GiB",13.31
2026-09-22T03:17:04.386Z,etcd,1.31,"46.76MiB / 1.922GiB",2.38
2026-09-22T03:17:11.810Z,lorawan-gateway-evidence-ingest-1,0.00,"3.641MiB / 192MiB",1.90
2026-09-22T03:17:11.810Z,lorawan-gateway-evidence-fabric-adapter-1,0.00,"3.84MiB / 192MiB",2.00
2026-09-22T03:17:11.810Z,lorawan-gateway-evidence-verifier-1,12.54,"13.54MiB / 192MiB",7.05
2026-09-22T03:17:11.810Z,seaweedfs,18.19,"158MiB / 256MiB",61.72
2026-09-22T03:17:11.810Z,seaweedfs-metadata-etcd,9.88,"79.62MiB / 96MiB",82.93
2026-09-22T03:17:11.810Z,openbao,2.71,"55.11MiB / 512MiB",10.76
2026-09-22T03:17:11.810Z,chirpstack,0.28,"45.36MiB / 1.922GiB",2.31
2026-09-22T03:17:11.810Z,spilo,1.00,"261.9MiB / 1.922GiB",13.31
2026-09-22T03:17:11.810Z,etcd,0.82,"46.77MiB / 1.922GiB",2.38
2026-09-22T03:17:19.302Z,lorawan-gateway-evidence-ingest-1,0.00,"3.641MiB / 192MiB",1.90
2026-09-22T03:17:19.302Z,lorawan-gateway-evidence-fabric-adapter-1,0.00,"3.84MiB / 192MiB",2.00
2026-09-22T03:17:19.302Z,lorawan-gateway-evidence-verifier-1,0.00,"13.62MiB / 192MiB",7.10
2026-09-22T03:17:19.302Z,seaweedfs,5.21,"158.1MiB / 256MiB",61.77
2026-09-22T03:17:19.302Z,seaweedfs-metadata-etcd,7.33,"79.61MiB / 96MiB",82.93
2026-09-22T03:17:19.302Z,openbao,2.43,"55.11MiB / 512MiB",10.76
2026-09-22T03:17:19.302Z,chirpstack,0.28,"45.36MiB / 1.922GiB",2.31
2026-09-22T03:17:19.302Z,spilo,1.27,"262MiB / 1.922GiB",13.31
2026-09-22T03:17:19.302Z,etcd,1.03,"46.76MiB / 1.922GiB",2.38
2026-09-22T03:17:26.702Z,lorawan-gateway-evidence-ingest-1,0.00,"3.641MiB / 192MiB",1.90
2026-09-22T03:17:26.702Z,lorawan-gateway-evidence-fabric-adapter-1,0.00,"3.84MiB / 192MiB",2.00
2026-09-22T03:17:26.702Z,lorawan-gateway-evidence-verifier-1,0.00,"13.62MiB / 192MiB",7.10
2026-09-22T03:17:26.702Z,seaweedfs,0.43,"158.1MiB / 256MiB",61.76
2026-09-22T03:17:26.702Z,seaweedfs-metadata-etcd,0.99,"79.6MiB / 96MiB",82.91
2026-09-22T03:17:26.702Z,openbao,1.94,"55.11MiB / 512MiB",10.76
2026-09-22T03:17:26.702Z,chirpstack,0.33,"45.36MiB / 1.922GiB",2.31
2026-09-22T03:17:26.702Z,spilo,0.85,"262.1MiB / 1.922GiB",13.32
2026-09-22T03:17:26.702Z,etcd,1.43,"46.76MiB / 1.922GiB",2.38
2026-09-22T03:17:33.917Z,lorawan-gateway-evidence-ingest-1,0.00,"3.641MiB / 192MiB",1.90
2026-09-22T03:17:33.917Z,lorawan-gateway-evidence-fabric-adapter-1,0.00,"3.84MiB / 192MiB",2.00
2026-09-22T03:17:33.917Z,lorawan-gateway-evidence-verifier-1,14.82,"13.33MiB / 192MiB",6.94
2026-09-22T03:17:33.917Z,seaweedfs,23.00,"156.1MiB / 256MiB",60.99
2026-09-22T03:17:33.917Z,seaweedfs-metadata-etcd,6.80,"79.6MiB / 96MiB",82.91
2026-09-22T03:17:33.917Z,openbao,1.92,"55.11MiB / 512MiB",10.76
2026-09-22T03:17:33.917Z,chirpstack,0.31,"45.35MiB / 1.922GiB",2.30
2026-09-22T03:17:33.917Z,spilo,0.96,"262.1MiB / 1.922GiB",13.32
2026-09-22T03:17:33.917Z,etcd,0.82,"46.76MiB / 1.922GiB",2.38
2026-09-22T03:17:41.313Z,lorawan-gateway-evidence-ingest-1,0.00,"3.641MiB / 192MiB",1.90
2026-09-22T03:17:41.313Z,lorawan-gateway-evidence-fabric-adapter-1,0.00,"3.84MiB / 192MiB",2.00
2026-09-22T03:17:41.313Z,lorawan-gateway-evidence-verifier-1,0.00,"13.33MiB / 192MiB",6.94
2026-09-22T03:17:41.313Z,seaweedfs,0.64,"156.1MiB / 256MiB",60.99
2026-09-22T03:17:41.313Z,seaweedfs-metadata-etcd,0.92,"79.6MiB / 96MiB",82.91
2026-09-22T03:17:41.313Z,openbao,2.32,"55.11MiB / 512MiB",10.76
2026-09-22T03:17:41.313Z,chirpstack,0.33,"45.35MiB / 1.922GiB",2.30
2026-09-22T03:17:41.313Z,spilo,1.36,"262.1MiB / 1.922GiB",13.32
2026-09-22T03:17:41.313Z,etcd,1.04,"46.76MiB / 1.922GiB",2.38
2026-09-22T03:17:48.531Z,lorawan-gateway-evidence-ingest-1,0.00,"3.641MiB / 192MiB",1.90
2026-09-22T03:17:48.531Z,lorawan-gateway-evidence-fabric-adapter-1,0.00,"3.84MiB / 192MiB",2.00
2026-09-22T03:17:48.531Z,lorawan-gateway-evidence-verifier-1,14.12,"13.43MiB / 192MiB",7.00
2026-09-22T03:17:48.531Z,seaweedfs,23.59,"158.9MiB / 256MiB",62.08
2026-09-22T03:17:48.531Z,seaweedfs-metadata-etcd,11.54,"79.61MiB / 96MiB",82.93
2026-09-22T03:17:48.531Z,openbao,1.96,"55.11MiB / 512MiB",10.76
2026-09-22T03:17:48.531Z,chirpstack,0.33,"45.36MiB / 1.922GiB",2.31
2026-09-22T03:17:48.531Z,spilo,1.20,"262.1MiB / 1.922GiB",13.32
2026-09-22T03:17:48.531Z,etcd,0.69,"46.76MiB / 1.922GiB",2.38
2026-09-22T03:17:56.017Z,lorawan-gateway-evidence-ingest-1,0.00,"3.641MiB / 192MiB",1.90
2026-09-22T03:17:56.017Z,lorawan-gateway-evidence-fabric-adapter-1,0.00,"3.84MiB / 192MiB",2.00
2026-09-22T03:17:56.017Z,lorawan-gateway-evidence-verifier-1,12.98,"13.37MiB / 192MiB",6.96
2026-09-22T03:17:56.017Z,seaweedfs,22.22,"157.8MiB / 256MiB",61.64
2026-09-22T03:17:56.017Z,seaweedfs-metadata-etcd,9.44,"79.6MiB / 96MiB",82.92
2026-09-22T03:17:56.017Z,openbao,2.13,"55.11MiB / 512MiB",10.76
2026-09-22T03:17:56.017Z,chirpstack,0.41,"45.36MiB / 1.922GiB",2.31
2026-09-22T03:17:56.017Z,spilo,0.82,"262.1MiB / 1.922GiB",13.32
2026-09-22T03:17:56.017Z,etcd,2.33,"46.76MiB / 1.922GiB",2.38
2026-09-22T03:18:03.437Z,lorawan-gateway-evidence-ingest-1,0.00,"3.641MiB / 192MiB",1.90
2026-09-22T03:18:03.437Z,lorawan-gateway-evidence-fabric-adapter-1,0.02,"3.84MiB / 192MiB",2.00
2026-09-22T03:18:03.437Z,lorawan-gateway-evidence-verifier-1,14.46,"13.76MiB / 192MiB",7.17
2026-09-22T03:18:03.437Z,seaweedfs,23.87,"157.9MiB / 256MiB",61.67
2026-09-22T03:18:03.437Z,seaweedfs-metadata-etcd,7.85,"79.6MiB / 96MiB",82.91
2026-09-22T03:18:03.437Z,openbao,2.81,"55.11MiB / 512MiB",10.76
2026-09-22T03:18:03.437Z,chirpstack,0.33,"45.36MiB / 1.922GiB",2.31
2026-09-22T03:18:03.437Z,spilo,1.28,"262.1MiB / 1.922GiB",13.32
2026-09-22T03:18:03.437Z,etcd,0.85,"46.76MiB / 1.922GiB",2.38
2026-09-22T03:18:10.683Z,lorawan-gateway-evidence-ingest-1,0.00,"3.641MiB / 192MiB",1.90
2026-09-22T03:18:10.683Z,lorawan-gateway-evidence-fabric-adapter-1,0.00,"3.84MiB / 192MiB",2.00
2026-09-22T03:18:10.683Z,lorawan-gateway-evidence-verifier-1,0.00,"13.51MiB / 192MiB",7.04
2026-09-22T03:18:10.683Z,seaweedfs,0.48,"158.2MiB / 256MiB",61.79
2026-09-22T03:18:10.683Z,seaweedfs-metadata-etcd,0.84,"79.6MiB / 96MiB",82.91
2026-09-22T03:18:10.683Z,openbao,2.27,"55.11MiB / 512MiB",10.76
2026-09-22T03:18:10.683Z,chirpstack,0.34,"45.36MiB / 1.922GiB",2.31
2026-09-22T03:18:10.683Z,spilo,0.52,"262.1MiB / 1.922GiB",13.32
2026-09-22T03:18:10.683Z,etcd,1.51,"46.76MiB / 1.922GiB",2.38
2026-09-22T03:18:17.908Z,lorawan-gateway-evidence-ingest-1,0.00,"3.641MiB / 192MiB",1.90
2026-09-22T03:18:17.908Z,lorawan-gateway-evidence-fabric-adapter-1,0.00,"3.84MiB / 192MiB",2.00
2026-09-22T03:18:17.908Z,lorawan-gateway-evidence-verifier-1,14.03,"13.76MiB / 192MiB",7.17
2026-09-22T03:18:17.908Z,seaweedfs,23.86,"158.2MiB / 256MiB",61.79
2026-09-22T03:18:17.908Z,seaweedfs-metadata-etcd,8.53,"79.61MiB / 96MiB",82.92
2026-09-22T03:18:17.908Z,openbao,2.23,"55.11MiB / 512MiB",10.76
2026-09-22T03:18:17.908Z,chirpstack,0.33,"45.36MiB / 1.922GiB",2.31
2026-09-22T03:18:17.908Z,spilo,2.30,"262.1MiB / 1.922GiB",13.32
2026-09-22T03:18:17.908Z,etcd,0.81,"46.76MiB / 1.922GiB",2.38
2026-09-22T03:18:25.289Z,lorawan-gateway-evidence-ingest-1,0.00,"3.641MiB / 192MiB",1.90
2026-09-22T03:18:25.289Z,lorawan-gateway-evidence-fabric-adapter-1,0.00,"3.84MiB / 192MiB",2.00
2026-09-22T03:18:25.289Z,lorawan-gateway-evidence-verifier-1,11.85,"13.36MiB / 192MiB",6.96
2026-09-22T03:18:25.289Z,seaweedfs,20.89,"158.2MiB / 256MiB",61.80
2026-09-22T03:18:25.289Z,seaweedfs-metadata-etcd,11.08,"79.61MiB / 96MiB",82.93
2026-09-22T03:18:25.289Z,openbao,2.22,"55.11MiB / 512MiB",10.76
2026-09-22T03:18:25.289Z,chirpstack,0.29,"45.36MiB / 1.922GiB",2.31
2026-09-22T03:18:25.289Z,spilo,1.73,"262.1MiB / 1.922GiB",13.32
2026-09-22T03:18:25.289Z,etcd,2.01,"46.76MiB / 1.922GiB",2.38
2026-09-22T03:18:32.728Z,lorawan-gateway-evidence-ingest-1,0.00,"3.641MiB / 192MiB",1.90
2026-09-22T03:18:32.728Z,lorawan-gateway-evidence-fabric-adapter-1,0.00,"3.84MiB / 192MiB",2.00
2026-09-22T03:18:32.728Z,lorawan-gateway-evidence-verifier-1,13.74,"13.56MiB / 192MiB",7.06
2026-09-22T03:18:32.728Z,seaweedfs,21.48,"164.4MiB / 256MiB",64.21
2026-09-22T03:18:32.728Z,seaweedfs-metadata-etcd,7.18,"79.6MiB / 96MiB",82.91
2026-09-22T03:18:32.728Z,openbao,2.10,"55.11MiB / 512MiB",10.76
2026-09-22T03:18:32.728Z,chirpstack,0.30,"45.35MiB / 1.922GiB",2.30
2026-09-22T03:18:32.728Z,spilo,1.02,"262.1MiB / 1.922GiB",13.32
2026-09-22T03:18:32.728Z,etcd,0.93,"46.76MiB / 1.922GiB",2.38
2026-09-22T03:18:40.012Z,lorawan-gateway-evidence-ingest-1,0.00,"3.641MiB / 192MiB",1.90
2026-09-22T03:18:40.012Z,lorawan-gateway-evidence-fabric-adapter-1,0.00,"3.84MiB / 192MiB",2.00
2026-09-22T03:18:40.012Z,lorawan-gateway-evidence-verifier-1,0.10,"13.63MiB / 192MiB",7.10
2026-09-22T03:18:40.012Z,seaweedfs,7.06,"158.1MiB / 256MiB",61.77
2026-09-22T03:18:40.012Z,seaweedfs-metadata-etcd,8.17,"79.61MiB / 96MiB",82.93
2026-09-22T03:18:40.012Z,openbao,2.52,"55.11MiB / 512MiB",10.76
2026-09-22T03:18:40.012Z,chirpstack,0.44,"45.36MiB / 1.922GiB",2.30
2026-09-22T03:18:40.012Z,spilo,1.08,"262.1MiB / 1.922GiB",13.32
2026-09-22T03:18:40.012Z,etcd,0.80,"46.76MiB / 1.922GiB",2.38
2026-09-22T03:18:47.407Z,lorawan-gateway-evidence-ingest-1,0.00,"3.641MiB / 192MiB",1.90
2026-09-22T03:18:47.407Z,lorawan-gateway-evidence-fabric-adapter-1,0.00,"3.84MiB / 192MiB",2.00
2026-09-22T03:18:47.407Z,lorawan-gateway-evidence-verifier-1,0.00,"13.63MiB / 192MiB",7.10
2026-09-22T03:18:47.407Z,seaweedfs,0.52,"158.1MiB / 256MiB",61.77
2026-09-22T03:18:47.407Z,seaweedfs-metadata-etcd,1.21,"79.6MiB / 96MiB",82.91
2026-09-22T03:18:47.407Z,openbao,2.51,"55.11MiB / 512MiB",10.76
2026-09-22T03:18:47.407Z,chirpstack,0.31,"45.36MiB / 1.922GiB",2.31
2026-09-22T03:18:47.407Z,spilo,2.18,"262.2MiB / 1.922GiB",13.32
2026-09-22T03:18:47.407Z,etcd,1.19,"46.76MiB / 1.922GiB",2.38
2026-09-22T03:18:54.633Z,lorawan-gateway-evidence-ingest-1,0.00,"3.641MiB / 192MiB",1.90
2026-09-22T03:18:54.633Z,lorawan-gateway-evidence-fabric-adapter-1,0.00,"3.84MiB / 192MiB",2.00
2026-09-22T03:18:54.633Z,lorawan-gateway-evidence-verifier-1,11.82,"13.63MiB / 192MiB",7.10
2026-09-22T03:18:54.633Z,seaweedfs,23.98,"158.2MiB / 256MiB",61.80
2026-09-22T03:18:54.633Z,seaweedfs-metadata-etcd,10.36,"79.61MiB / 96MiB",82.93
2026-09-22T03:18:54.633Z,openbao,2.25,"55.11MiB / 512MiB",10.76
2026-09-22T03:18:54.633Z,chirpstack,0.32,"45.37MiB / 1.922GiB",2.31
2026-09-22T03:18:54.633Z,spilo,3.51,"262.2MiB / 1.922GiB",13.32
2026-09-22T03:18:54.633Z,etcd,1.01,"46.76MiB / 1.922GiB",2.38
2026-09-22T03:19:02.084Z,lorawan-gateway-evidence-ingest-1,0.00,"3.641MiB / 192MiB",1.90
2026-09-22T03:19:02.084Z,lorawan-gateway-evidence-fabric-adapter-1,0.00,"3.84MiB / 192MiB",2.00
2026-09-22T03:19:02.084Z,lorawan-gateway-evidence-verifier-1,9.54,"13.51MiB / 192MiB",7.04
2026-09-22T03:19:02.084Z,seaweedfs,18.02,"158.1MiB / 256MiB",61.77
2026-09-22T03:19:02.084Z,seaweedfs-metadata-etcd,9.93,"79.61MiB / 96MiB",82.92
2026-09-22T03:19:02.084Z,openbao,2.26,"55.11MiB / 512MiB",10.76
2026-09-22T03:19:02.084Z,chirpstack,0.37,"45.36MiB / 1.922GiB",2.31
2026-09-22T03:19:02.084Z,spilo,1.85,"262.2MiB / 1.922GiB",13.32
2026-09-22T03:19:02.084Z,etcd,1.03,"46.76MiB / 1.922GiB",2.38
2026-09-22T03:19:09.647Z,lorawan-gateway-evidence-ingest-1,0.00,"3.641MiB / 192MiB",1.90
2026-09-22T03:19:09.647Z,lorawan-gateway-evidence-fabric-adapter-1,0.00,"3.84MiB / 192MiB",2.00
2026-09-22T03:19:09.647Z,lorawan-gateway-evidence-verifier-1,11.19,"13.36MiB / 192MiB",6.96
2026-09-22T03:19:09.647Z,seaweedfs,21.82,"158.2MiB / 256MiB",61.80
2026-09-22T03:19:09.647Z,seaweedfs-metadata-etcd,11.03,"79.61MiB / 96MiB",82.92
2026-09-22T03:19:09.647Z,openbao,2.52,"55.11MiB / 512MiB",10.76
2026-09-22T03:19:09.647Z,chirpstack,0.37,"45.36MiB / 1.922GiB",2.31
2026-09-22T03:19:09.647Z,spilo,1.47,"262.2MiB / 1.922GiB",13.32
2026-09-22T03:19:09.647Z,etcd,0.90,"46.76MiB / 1.922GiB",2.38
2026-09-22T03:19:16.981Z,lorawan-gateway-evidence-ingest-1,0.00,"3.641MiB / 192MiB",1.90
2026-09-22T03:19:16.981Z,lorawan-gateway-evidence-fabric-adapter-1,0.00,"3.84MiB / 192MiB",2.00
2026-09-22T03:19:16.981Z,lorawan-gateway-evidence-verifier-1,0.00,"13.57MiB / 192MiB",7.07
2026-09-22T03:19:16.981Z,seaweedfs,0.59,"158.2MiB / 256MiB",61.79
2026-09-22T03:19:16.981Z,seaweedfs-metadata-etcd,1.01,"79.6MiB / 96MiB",82.91
2026-09-22T03:19:16.981Z,openbao,2.69,"55.11MiB / 512MiB",10.76
2026-09-22T03:19:16.981Z,chirpstack,0.32,"45.36MiB / 1.922GiB",2.31
2026-09-22T03:19:16.981Z,spilo,1.11,"262.2MiB / 1.922GiB",13.32
2026-09-22T03:19:16.981Z,etcd,0.93,"46.76MiB / 1.922GiB",2.38
2026-09-22T03:19:24.199Z,lorawan-gateway-evidence-ingest-1,0.00,"3.641MiB / 192MiB",1.90
2026-09-22T03:19:24.199Z,lorawan-gateway-evidence-fabric-adapter-1,0.00,"3.84MiB / 192MiB",2.00
2026-09-22T03:19:24.199Z,lorawan-gateway-evidence-verifier-1,16.35,"13.57MiB / 192MiB",7.07
2026-09-22T03:19:24.199Z,seaweedfs,22.81,"158.8MiB / 256MiB",62.01
2026-09-22T03:19:24.199Z,seaweedfs-metadata-etcd,9.01,"79.59MiB / 96MiB",82.91
2026-09-22T03:19:24.199Z,openbao,2.06,"55.11MiB / 512MiB",10.76
2026-09-22T03:19:24.199Z,chirpstack,0.29,"45.36MiB / 1.922GiB",2.31
2026-09-22T03:19:24.199Z,spilo,2.40,"261.9MiB / 1.922GiB",13.31
2026-09-22T03:19:24.199Z,etcd,1.02,"46.76MiB / 1.922GiB",2.38
2026-09-22T03:19:31.664Z,lorawan-gateway-evidence-ingest-1,0.00,"3.641MiB / 192MiB",1.90
2026-09-22T03:19:31.664Z,lorawan-gateway-evidence-fabric-adapter-1,0.00,"3.84MiB / 192MiB",2.00
2026-09-22T03:19:31.664Z,lorawan-gateway-evidence-verifier-1,13.09,"13.76MiB / 192MiB",7.17
2026-09-22T03:19:31.664Z,seaweedfs,22.18,"165.8MiB / 256MiB",64.78
2026-09-22T03:19:31.664Z,seaweedfs-metadata-etcd,11.05,"79.6MiB / 96MiB",82.92
2026-09-22T03:19:31.664Z,openbao,1.99,"55.11MiB / 512MiB",10.76
2026-09-22T03:19:31.664Z,chirpstack,2.31,"45.35MiB / 1.922GiB",2.30
2026-09-22T03:19:31.664Z,spilo,2.00,"261.9MiB / 1.922GiB",13.31
2026-09-22T03:19:31.664Z,etcd,0.65,"46.76MiB / 1.922GiB",2.38
2026-09-22T03:19:39.224Z,lorawan-gateway-evidence-ingest-1,0.00,"3.641MiB / 192MiB",1.90
2026-09-22T03:19:39.224Z,lorawan-gateway-evidence-fabric-adapter-1,0.00,"3.84MiB / 192MiB",2.00
2026-09-22T03:19:39.224Z,lorawan-gateway-evidence-verifier-1,15.86,"13.72MiB / 192MiB",7.15
2026-09-22T03:19:39.224Z,seaweedfs,23.36,"159.1MiB / 256MiB",62.15
2026-09-22T03:19:39.224Z,seaweedfs-metadata-etcd,8.52,"79.59MiB / 96MiB",82.91
2026-09-22T03:19:39.224Z,openbao,2.17,"55.11MiB / 512MiB",10.76
2026-09-22T03:19:39.224Z,chirpstack,0.25,"45.35MiB / 1.922GiB",2.30
2026-09-22T03:19:39.224Z,spilo,0.96,"261.9MiB / 1.922GiB",13.31
2026-09-22T03:19:39.224Z,etcd,0.97,"46.76MiB / 1.922GiB",2.38
2026-09-22T03:19:46.675Z,lorawan-gateway-evidence-ingest-1,0.00,"3.641MiB / 192MiB",1.90
2026-09-22T03:19:46.675Z,lorawan-gateway-evidence-fabric-adapter-1,0.00,"3.84MiB / 192MiB",2.00
2026-09-22T03:19:46.675Z,lorawan-gateway-evidence-verifier-1,0.00,"13.52MiB / 192MiB",7.04
2026-09-22T03:19:46.675Z,seaweedfs,5.81,"156.3MiB / 256MiB",61.05
2026-09-22T03:19:46.675Z,seaweedfs-metadata-etcd,8.63,"79.6MiB / 96MiB",82.91
2026-09-22T03:19:46.675Z,openbao,1.93,"55.11MiB / 512MiB",10.76
2026-09-22T03:19:46.675Z,chirpstack,2.40,"45.36MiB / 1.922GiB",2.31
2026-09-22T03:19:46.675Z,spilo,1.60,"261.9MiB / 1.922GiB",13.31
2026-09-22T03:19:46.675Z,etcd,1.35,"46.76MiB / 1.922GiB",2.38
2026-09-22T03:19:53.924Z,lorawan-gateway-evidence-ingest-1,0.00,"3.641MiB / 192MiB",1.90
2026-09-22T03:19:53.924Z,lorawan-gateway-evidence-fabric-adapter-1,0.00,"3.84MiB / 192MiB",2.00
2026-09-22T03:19:53.924Z,lorawan-gateway-evidence-verifier-1,16.31,"13.57MiB / 192MiB",7.07
2026-09-22T03:19:53.924Z,seaweedfs,25.78,"158.3MiB / 256MiB",61.85
2026-09-22T03:19:53.924Z,seaweedfs-metadata-etcd,9.64,"79.6MiB / 96MiB",82.91
2026-09-22T03:19:53.924Z,openbao,1.95,"55.11MiB / 512MiB",10.76
2026-09-22T03:19:53.924Z,chirpstack,0.30,"45.36MiB / 1.922GiB",2.31
2026-09-22T03:19:53.924Z,spilo,0.63,"261.9MiB / 1.922GiB",13.31
2026-09-22T03:19:53.924Z,etcd,1.26,"46.77MiB / 1.922GiB",2.38
2026-09-22T03:20:01.388Z,lorawan-gateway-evidence-ingest-1,0.00,"3.641MiB / 192MiB",1.90
2026-09-22T03:20:01.388Z,lorawan-gateway-evidence-fabric-adapter-1,0.00,"3.84MiB / 192MiB",2.00
2026-09-22T03:20:01.388Z,lorawan-gateway-evidence-verifier-1,3.76,"13.87MiB / 192MiB",7.22
2026-09-22T03:20:01.388Z,seaweedfs,7.75,"158.7MiB / 256MiB",61.98
2026-09-22T03:20:01.388Z,seaweedfs-metadata-etcd,5.37,"79.59MiB / 96MiB",82.91
2026-09-22T03:20:01.388Z,openbao,4.38,"55.12MiB / 512MiB",10.77
2026-09-22T03:20:01.388Z,chirpstack,0.41,"45.36MiB / 1.922GiB",2.31
2026-09-22T03:20:01.388Z,spilo,2.12,"261.9MiB / 1.922GiB",13.31
2026-09-22T03:20:01.388Z,etcd,1.19,"46.76MiB / 1.922GiB",2.38
2026-09-22T03:20:08.987Z,lorawan-gateway-evidence-ingest-1,0.00,"3.641MiB / 192MiB",1.90
2026-09-22T03:20:08.987Z,lorawan-gateway-evidence-fabric-adapter-1,0.00,"3.84MiB / 192MiB",2.00
2026-09-22T03:20:08.987Z,lorawan-gateway-evidence-verifier-1,9.53,"13.77MiB / 192MiB",7.17
2026-09-22T03:20:08.987Z,seaweedfs,20.65,"158.6MiB / 256MiB",61.94
2026-09-22T03:20:08.987Z,seaweedfs-metadata-etcd,9.67,"79.6MiB / 96MiB",82.91
2026-09-22T03:20:08.987Z,openbao,2.84,"55.11MiB / 512MiB",10.76
2026-09-22T03:20:08.987Z,chirpstack,0.43,"45.37MiB / 1.922GiB",2.31
2026-09-22T03:20:08.987Z,spilo,1.05,"261.9MiB / 1.922GiB",13.31
2026-09-22T03:20:08.987Z,etcd,1.77,"46.76MiB / 1.922GiB",2.38
2026-09-22T03:20:16.518Z,lorawan-gateway-evidence-ingest-1,0.00,"3.641MiB / 192MiB",1.90
2026-09-22T03:20:16.518Z,lorawan-gateway-evidence-fabric-adapter-1,0.00,"3.84MiB / 192MiB",2.00
2026-09-22T03:20:16.518Z,lorawan-gateway-evidence-verifier-1,3.29,"13.6MiB / 192MiB",7.08
2026-09-22T03:20:16.518Z,seaweedfs,5.92,"158.4MiB / 256MiB",61.89
2026-09-22T03:20:16.518Z,seaweedfs-metadata-etcd,4.08,"79.59MiB / 96MiB",82.91
2026-09-22T03:20:16.518Z,openbao,2.13,"55.11MiB / 512MiB",10.76
2026-09-22T03:20:16.518Z,chirpstack,0.41,"45.37MiB / 1.922GiB",2.31
2026-09-22T03:20:16.518Z,spilo,1.35,"261.9MiB / 1.922GiB",13.31
2026-09-22T03:20:16.518Z,etcd,0.89,"46.76MiB / 1.922GiB",2.38
2026-09-22T03:20:23.968Z,lorawan-gateway-evidence-ingest-1,0.00,"3.641MiB / 192MiB",1.90
2026-09-22T03:20:23.968Z,lorawan-gateway-evidence-fabric-adapter-1,0.00,"3.84MiB / 192MiB",2.00
2026-09-22T03:20:23.968Z,lorawan-gateway-evidence-verifier-1,9.58,"13.56MiB / 192MiB",7.06
2026-09-22T03:20:23.968Z,seaweedfs,25.00,"158.5MiB / 256MiB",61.90
2026-09-22T03:20:23.968Z,seaweedfs-metadata-etcd,14.22,"79.6MiB / 96MiB",82.91
2026-09-22T03:20:23.968Z,openbao,2.72,"55.11MiB / 512MiB",10.76
2026-09-22T03:20:23.968Z,chirpstack,0.45,"45.36MiB / 1.922GiB",2.31
2026-09-22T03:20:23.968Z,spilo,1.52,"261.9MiB / 1.922GiB",13.31
2026-09-22T03:20:23.968Z,etcd,3.16,"46.76MiB / 1.922GiB",2.38
2026-09-22T03:20:31.683Z,lorawan-gateway-evidence-ingest-1,0.00,"3.641MiB / 192MiB",1.90
2026-09-22T03:20:31.683Z,lorawan-gateway-evidence-fabric-adapter-1,0.00,"3.84MiB / 192MiB",2.00
2026-09-22T03:20:31.683Z,lorawan-gateway-evidence-verifier-1,13.62,"13.07MiB / 192MiB",6.81
2026-09-22T03:20:31.683Z,seaweedfs,26.14,"166.6MiB / 256MiB",65.08
2026-09-22T03:20:31.683Z,seaweedfs-metadata-etcd,14.09,"79.6MiB / 96MiB",82.91
2026-09-22T03:20:31.683Z,openbao,3.40,"55.12MiB / 512MiB",10.77
2026-09-22T03:20:31.683Z,chirpstack,4.50,"45.35MiB / 1.922GiB",2.30
2026-09-22T03:20:31.683Z,spilo,1.72,"262.5MiB / 1.922GiB",13.34
2026-09-22T03:20:31.683Z,etcd,1.09,"46.76MiB / 1.922GiB",2.38
2026-09-22T03:20:39.258Z,lorawan-gateway-evidence-ingest-1,0.00,"3.641MiB / 192MiB",1.90
2026-09-22T03:20:39.258Z,lorawan-gateway-evidence-fabric-adapter-1,0.00,"3.84MiB / 192MiB",2.00
2026-09-22T03:20:39.258Z,lorawan-gateway-evidence-verifier-1,13.04,"13.45MiB / 192MiB",7.00
2026-09-22T03:20:39.258Z,seaweedfs,22.35,"157.9MiB / 256MiB",61.67
2026-09-22T03:20:39.258Z,seaweedfs-metadata-etcd,11.39,"79.59MiB / 96MiB",82.91
2026-09-22T03:20:39.258Z,openbao,2.57,"55.11MiB / 512MiB",10.76
2026-09-22T03:20:39.258Z,chirpstack,0.28,"45.35MiB / 1.922GiB",2.30
2026-09-22T03:20:39.258Z,spilo,0.76,"262.5MiB / 1.922GiB",13.34
2026-09-22T03:20:39.258Z,etcd,1.47,"46.76MiB / 1.922GiB",2.38
2026-09-22T03:20:46.781Z,lorawan-gateway-evidence-ingest-1,0.00,"3.641MiB / 192MiB",1.90
2026-09-22T03:20:46.781Z,lorawan-gateway-evidence-fabric-adapter-1,0.00,"3.84MiB / 192MiB",2.00
2026-09-22T03:20:46.781Z,lorawan-gateway-evidence-verifier-1,12.21,"13.5MiB / 192MiB",7.03
2026-09-22T03:20:46.781Z,seaweedfs,21.41,"158.4MiB / 256MiB",61.88
2026-09-22T03:20:46.781Z,seaweedfs-metadata-etcd,11.49,"79.6MiB / 96MiB",82.91
2026-09-22T03:20:46.781Z,openbao,2.26,"55.11MiB / 512MiB",10.76
2026-09-22T03:20:46.781Z,chirpstack,2.54,"45.36MiB / 1.922GiB",2.31
2026-09-22T03:20:46.781Z,spilo,2.31,"262.5MiB / 1.922GiB",13.34
2026-09-22T03:20:46.781Z,etcd,1.26,"46.76MiB / 1.922GiB",2.38
2026-09-22T03:20:54.405Z,lorawan-gateway-evidence-ingest-1,0.00,"3.641MiB / 192MiB",1.90
2026-09-22T03:20:54.405Z,lorawan-gateway-evidence-fabric-adapter-1,0.00,"3.84MiB / 192MiB",2.00
2026-09-22T03:20:54.405Z,lorawan-gateway-evidence-verifier-1,9.69,"13.79MiB / 192MiB",7.18
2026-09-22T03:20:54.405Z,seaweedfs,20.56,"158.2MiB / 256MiB",61.80
2026-09-22T03:20:54.405Z,seaweedfs-metadata-etcd,12.51,"79.6MiB / 96MiB",82.92
2026-09-22T03:20:54.405Z,openbao,2.37,"55.11MiB / 512MiB",10.76
2026-09-22T03:20:54.405Z,chirpstack,0.43,"45.36MiB / 1.922GiB",2.31
2026-09-22T03:20:54.405Z,spilo,5.09,"262.5MiB / 1.922GiB",13.34
2026-09-22T03:20:54.405Z,etcd,1.21,"46.76MiB / 1.922GiB",2.38
2026-09-22T03:21:01.947Z,lorawan-gateway-evidence-ingest-1,0.00,"3.641MiB / 192MiB",1.90
2026-09-22T03:21:01.947Z,lorawan-gateway-evidence-fabric-adapter-1,0.00,"3.84MiB / 192MiB",2.00
2026-09-22T03:21:01.947Z,lorawan-gateway-evidence-verifier-1,10.02,"13.76MiB / 192MiB",7.17
2026-09-22T03:21:01.947Z,seaweedfs,18.38,"158.3MiB / 256MiB",61.83
2026-09-22T03:21:01.947Z,seaweedfs-metadata-etcd,11.25,"79.6MiB / 96MiB",82.91
2026-09-22T03:21:01.947Z,openbao,2.55,"55.11MiB / 512MiB",10.76
2026-09-22T03:21:01.947Z,chirpstack,0.39,"45.36MiB / 1.922GiB",2.31
2026-09-22T03:21:01.947Z,spilo,1.13,"262.5MiB / 1.922GiB",13.34
2026-09-22T03:21:01.947Z,etcd,1.35,"46.76MiB / 1.922GiB",2.38
2026-09-22T03:21:09.483Z,lorawan-gateway-evidence-ingest-1,0.00,"3.641MiB / 192MiB",1.90
2026-09-22T03:21:09.483Z,lorawan-gateway-evidence-fabric-adapter-1,0.00,"3.84MiB / 192MiB",2.00
2026-09-22T03:21:09.483Z,lorawan-gateway-evidence-verifier-1,11.00,"13.64MiB / 192MiB",7.10
2026-09-22T03:21:09.483Z,seaweedfs,22.35,"158.7MiB / 256MiB",61.98
2026-09-22T03:21:09.483Z,seaweedfs-metadata-etcd,9.63,"79.59MiB / 96MiB",82.91
2026-09-22T03:21:09.483Z,openbao,5.56,"55.11MiB / 512MiB",10.76
2026-09-22T03:21:09.483Z,chirpstack,0.54,"45.36MiB / 1.922GiB",2.31
2026-09-22T03:21:09.483Z,spilo,1.10,"262.5MiB / 1.922GiB",13.34
2026-09-22T03:21:09.483Z,etcd,1.65,"46.76MiB / 1.922GiB",2.38
2026-09-22T03:21:16.996Z,lorawan-gateway-evidence-ingest-1,0.00,"3.641MiB / 192MiB",1.90
2026-09-22T03:21:16.996Z,lorawan-gateway-evidence-fabric-adapter-1,0.00,"3.84MiB / 192MiB",2.00
2026-09-22T03:21:16.996Z,lorawan-gateway-evidence-verifier-1,21.07,"13.29MiB / 192MiB",6.92
2026-09-22T03:21:16.996Z,seaweedfs,17.37,"158.8MiB / 256MiB",62.02
2026-09-22T03:21:16.996Z,seaweedfs-metadata-etcd,10.21,"79.59MiB / 96MiB",82.91
2026-09-22T03:21:16.996Z,openbao,2.21,"55.11MiB / 512MiB",10.76
2026-09-22T03:21:16.996Z,chirpstack,0.34,"45.36MiB / 1.922GiB",2.31
2026-09-22T03:21:16.996Z,spilo,1.55,"262.5MiB / 1.922GiB",13.34
2026-09-22T03:21:16.996Z,etcd,0.85,"46.76MiB / 1.922GiB",2.38
2026-09-22T03:21:24.452Z,lorawan-gateway-evidence-ingest-1,0.00,"3.641MiB / 192MiB",1.90
2026-09-22T03:21:24.452Z,lorawan-gateway-evidence-fabric-adapter-1,0.00,"3.84MiB / 192MiB",2.00
2026-09-22T03:21:24.452Z,lorawan-gateway-evidence-verifier-1,20.43,"13.64MiB / 192MiB",7.10
2026-09-22T03:21:24.452Z,seaweedfs,16.06,"158.9MiB / 256MiB",62.09
2026-09-22T03:21:24.452Z,seaweedfs-metadata-etcd,9.09,"79.6MiB / 96MiB",82.92
2026-09-22T03:21:24.452Z,openbao,2.55,"55.11MiB / 512MiB",10.76
2026-09-22T03:21:24.452Z,chirpstack,0.33,"45.36MiB / 1.922GiB",2.31
2026-09-22T03:21:24.452Z,spilo,2.77,"262.5MiB / 1.922GiB",13.34
2026-09-22T03:21:24.452Z,etcd,0.91,"46.76MiB / 1.922GiB",2.38
2026-09-22T03:21:31.855Z,lorawan-gateway-evidence-ingest-1,0.00,"3.641MiB / 192MiB",1.90
2026-09-22T03:21:31.855Z,lorawan-gateway-evidence-fabric-adapter-1,0.00,"3.84MiB / 192MiB",2.00
2026-09-22T03:21:31.855Z,lorawan-gateway-evidence-verifier-1,19.91,"13.41MiB / 192MiB",6.98
2026-09-22T03:21:31.855Z,seaweedfs,16.95,"165.2MiB / 256MiB",64.53
2026-09-22T03:21:31.855Z,seaweedfs-metadata-etcd,7.75,"79.6MiB / 96MiB",82.92
2026-09-22T03:21:31.855Z,openbao,1.92,"55.12MiB / 512MiB",10.77
2026-09-22T03:21:31.855Z,chirpstack,2.51,"45.35MiB / 1.922GiB",2.30
2026-09-22T03:21:31.855Z,spilo,0.90,"262.5MiB / 1.922GiB",13.34
2026-09-22T03:21:31.855Z,etcd,0.76,"46.77MiB / 1.922GiB",2.38
2026-09-22T03:21:39.131Z,lorawan-gateway-evidence-ingest-1,0.00,"3.641MiB / 192MiB",1.90
2026-09-22T03:21:39.131Z,lorawan-gateway-evidence-fabric-adapter-1,0.00,"3.84MiB / 192MiB",2.00
2026-09-22T03:21:39.131Z,lorawan-gateway-evidence-verifier-1,20.93,"13.36MiB / 192MiB",6.96
2026-09-22T03:21:39.131Z,seaweedfs,14.00,"158.4MiB / 256MiB",61.89
2026-09-22T03:21:39.131Z,seaweedfs-metadata-etcd,8.68,"79.59MiB / 96MiB",82.91
2026-09-22T03:21:39.131Z,openbao,2.32,"55.12MiB / 512MiB",10.77
2026-09-22T03:21:39.131Z,chirpstack,0.23,"45.35MiB / 1.922GiB",2.30
2026-09-22T03:21:39.131Z,spilo,0.59,"262.5MiB / 1.922GiB",13.34
2026-09-22T03:21:39.131Z,etcd,0.74,"46.77MiB / 1.922GiB",2.38
2026-09-22T03:21:46.644Z,lorawan-gateway-evidence-ingest-1,0.00,"3.641MiB / 192MiB",1.90
2026-09-22T03:21:46.644Z,lorawan-gateway-evidence-fabric-adapter-1,0.00,"3.84MiB / 192MiB",2.00
2026-09-22T03:21:46.644Z,lorawan-gateway-evidence-verifier-1,20.71,"13.11MiB / 192MiB",6.83
2026-09-22T03:21:46.644Z,seaweedfs,14.75,"159.1MiB / 256MiB",62.15
2026-09-22T03:21:46.644Z,seaweedfs-metadata-etcd,8.40,"79.6MiB / 96MiB",82.91
2026-09-22T03:21:46.644Z,openbao,2.17,"55.12MiB / 512MiB",10.77
2026-09-22T03:21:46.644Z,chirpstack,2.18,"45.36MiB / 1.922GiB",2.31
2026-09-22T03:21:46.644Z,spilo,2.02,"262.5MiB / 1.922GiB",13.34
2026-09-22T03:21:46.644Z,etcd,1.16,"46.77MiB / 1.922GiB",2.38
2026-09-22T03:21:54.186Z,lorawan-gateway-evidence-ingest-1,0.00,"3.641MiB / 192MiB",1.90
2026-09-22T03:21:54.186Z,lorawan-gateway-evidence-fabric-adapter-1,0.00,"3.84MiB / 192MiB",2.00
2026-09-22T03:21:54.186Z,lorawan-gateway-evidence-verifier-1,20.18,"13.76MiB / 192MiB",7.17
2026-09-22T03:21:54.186Z,seaweedfs,18.92,"158.9MiB / 256MiB",62.08
2026-09-22T03:21:54.186Z,seaweedfs-metadata-etcd,9.10,"79.59MiB / 96MiB",82.91
2026-09-22T03:21:54.186Z,openbao,2.47,"55.12MiB / 512MiB",10.77
2026-09-22T03:21:54.186Z,chirpstack,0.38,"45.36MiB / 1.922GiB",2.31
2026-09-22T03:21:54.186Z,spilo,2.98,"262.5MiB / 1.922GiB",13.34
2026-09-22T03:21:54.186Z,etcd,1.10,"46.76MiB / 1.922GiB",2.38
2026-09-22T03:22:01.926Z,lorawan-gateway-evidence-ingest-1,0.00,"3.641MiB / 192MiB",1.90
2026-09-22T03:22:01.926Z,lorawan-gateway-evidence-fabric-adapter-1,0.00,"3.84MiB / 192MiB",2.00
2026-09-22T03:22:01.926Z,lorawan-gateway-evidence-verifier-1,8.76,"13.75MiB / 192MiB",7.16
2026-09-22T03:22:01.926Z,seaweedfs,23.04,"159MiB / 256MiB",62.11
2026-09-22T03:22:01.926Z,seaweedfs-metadata-etcd,10.59,"79.6MiB / 96MiB",82.91
2026-09-22T03:22:01.926Z,openbao,3.25,"55.12MiB / 512MiB",10.77
2026-09-22T03:22:01.926Z,chirpstack,0.66,"45.36MiB / 1.922GiB",2.31
2026-09-22T03:22:01.926Z,spilo,1.25,"262.5MiB / 1.922GiB",13.34
2026-09-22T03:22:01.926Z,etcd,1.33,"46.77MiB / 1.922GiB",2.38
2026-09-22T03:22:09.371Z,lorawan-gateway-evidence-ingest-1,0.00,"3.641MiB / 192MiB",1.90
2026-09-22T03:22:09.371Z,lorawan-gateway-evidence-fabric-adapter-1,0.00,"3.84MiB / 192MiB",2.00
2026-09-22T03:22:09.371Z,lorawan-gateway-evidence-verifier-1,21.12,"13.77MiB / 192MiB",7.17
2026-09-22T03:22:09.371Z,seaweedfs,15.98,"159MiB / 256MiB",62.10
2026-09-22T03:22:09.371Z,seaweedfs-metadata-etcd,7.72,"79.59MiB / 96MiB",82.91
2026-09-22T03:22:09.371Z,openbao,2.70,"55.12MiB / 512MiB",10.77
2026-09-22T03:22:09.371Z,chirpstack,0.33,"45.36MiB / 1.922GiB",2.31
2026-09-22T03:22:09.371Z,spilo,1.79,"262.6MiB / 1.922GiB",13.34
2026-09-22T03:22:09.371Z,etcd,0.97,"46.77MiB / 1.922GiB",2.38
2026-09-22T03:22:16.900Z,lorawan-gateway-evidence-ingest-1,0.00,"3.641MiB / 192MiB",1.90
2026-09-22T03:22:16.900Z,lorawan-gateway-evidence-fabric-adapter-1,0.00,"3.84MiB / 192MiB",2.00
2026-09-22T03:22:16.900Z,lorawan-gateway-evidence-verifier-1,12.79,"13.75MiB / 192MiB",7.16
2026-09-22T03:22:16.900Z,seaweedfs,27.39,"159MiB / 256MiB",62.12
2026-09-22T03:22:16.900Z,seaweedfs-metadata-etcd,11.41,"79.6MiB / 96MiB",82.91
2026-09-22T03:22:16.900Z,openbao,2.42,"55.12MiB / 512MiB",10.77
2026-09-22T03:22:16.900Z,chirpstack,0.32,"45.36MiB / 1.922GiB",2.31
2026-09-22T03:22:16.900Z,spilo,2.96,"262.6MiB / 1.922GiB",13.34
2026-09-22T03:22:16.900Z,etcd,0.68,"46.77MiB / 1.922GiB",2.38
2026-09-22T03:22:24.644Z,lorawan-gateway-evidence-ingest-1,0.00,"3.641MiB / 192MiB",1.90
2026-09-22T03:22:24.644Z,lorawan-gateway-evidence-fabric-adapter-1,0.00,"3.84MiB / 192MiB",2.00
2026-09-22T03:22:24.644Z,lorawan-gateway-evidence-verifier-1,14.54,"13.32MiB / 192MiB",6.94
2026-09-22T03:22:24.644Z,seaweedfs,20.04,"159.1MiB / 256MiB",62.13
2026-09-22T03:22:24.644Z,seaweedfs-metadata-etcd,9.74,"79.6MiB / 96MiB",82.91
2026-09-22T03:22:24.644Z,openbao,2.97,"55.12MiB / 512MiB",10.77
2026-09-22T03:22:24.644Z,chirpstack,0.39,"45.36MiB / 1.922GiB",2.31
2026-09-22T03:22:24.644Z,spilo,2.73,"262.6MiB / 1.922GiB",13.34
2026-09-22T03:22:24.644Z,etcd,0.91,"46.77MiB / 1.922GiB",2.38
2026-09-22T03:22:32.005Z,lorawan-gateway-evidence-ingest-1,0.00,"3.641MiB / 192MiB",1.90
2026-09-22T03:22:32.005Z,lorawan-gateway-evidence-fabric-adapter-1,0.00,"3.84MiB / 192MiB",2.00
2026-09-22T03:22:32.005Z,lorawan-gateway-evidence-verifier-1,14.25,"13.63MiB / 192MiB",7.10
2026-09-22T03:22:32.005Z,seaweedfs,25.10,"158.8MiB / 256MiB",62.03
2026-09-22T03:22:32.005Z,seaweedfs-metadata-etcd,10.76,"79.59MiB / 96MiB",82.91
2026-09-22T03:22:32.005Z,openbao,2.15,"55.12MiB / 512MiB",10.77
2026-09-22T03:22:32.005Z,chirpstack,1.90,"45.35MiB / 1.922GiB",2.30
2026-09-22T03:22:32.005Z,spilo,1.88,"262.6MiB / 1.922GiB",13.34
2026-09-22T03:22:32.005Z,etcd,0.77,"46.77MiB / 1.922GiB",2.38
2026-09-22T03:22:39.528Z,lorawan-gateway-evidence-ingest-1,0.00,"3.641MiB / 192MiB",1.90
2026-09-22T03:22:39.528Z,lorawan-gateway-evidence-fabric-adapter-1,0.00,"3.84MiB / 192MiB",2.00
2026-09-22T03:22:39.528Z,lorawan-gateway-evidence-verifier-1,0.00,"13.76MiB / 192MiB",7.17
2026-09-22T03:22:39.528Z,seaweedfs,0.56,"158.6MiB / 256MiB",61.97
2026-09-22T03:22:39.528Z,seaweedfs-metadata-etcd,1.31,"79.59MiB / 96MiB",82.91
2026-09-22T03:22:39.528Z,openbao,4.62,"55.12MiB / 512MiB",10.77
2026-09-22T03:22:39.528Z,chirpstack,0.32,"45.35MiB / 1.922GiB",2.30
2026-09-22T03:22:39.528Z,spilo,1.26,"262.6MiB / 1.922GiB",13.34
2026-09-22T03:22:39.528Z,etcd,1.14,"46.77MiB / 1.922GiB",2.38
2026-09-22T03:22:46.725Z,lorawan-gateway-evidence-ingest-1,0.00,"3.641MiB / 192MiB",1.90
2026-09-22T03:22:46.725Z,lorawan-gateway-evidence-fabric-adapter-1,0.00,"3.84MiB / 192MiB",2.00
2026-09-22T03:22:46.725Z,lorawan-gateway-evidence-verifier-1,0.00,"13.76MiB / 192MiB",7.17
2026-09-22T03:22:46.725Z,seaweedfs,1.96,"158.8MiB / 256MiB",62.03
2026-09-22T03:22:46.725Z,seaweedfs-metadata-etcd,2.51,"79.59MiB / 96MiB",82.91
2026-09-22T03:22:46.725Z,openbao,2.35,"55.12MiB / 512MiB",10.77
2026-09-22T03:22:46.725Z,chirpstack,2.52,"45.36MiB / 1.922GiB",2.31
2026-09-22T03:22:46.725Z,spilo,1.52,"262.6MiB / 1.922GiB",13.34
2026-09-22T03:22:46.725Z,etcd,1.40,"46.77MiB / 1.922GiB",2.38
2026-09-22T03:22:53.908Z,lorawan-gateway-evidence-ingest-1,0.00,"3.641MiB / 192MiB",1.90
2026-09-22T03:22:53.908Z,lorawan-gateway-evidence-fabric-adapter-1,0.00,"3.84MiB / 192MiB",2.00
2026-09-22T03:22:53.908Z,lorawan-gateway-evidence-verifier-1,0.11,"13.76MiB / 192MiB",7.17
2026-09-22T03:22:53.908Z,seaweedfs,0.43,"158.5MiB / 256MiB",61.92
2026-09-22T03:22:53.908Z,seaweedfs-metadata-etcd,0.89,"79.59MiB / 96MiB",82.91
2026-09-22T03:22:53.908Z,openbao,2.69,"55.12MiB / 512MiB",10.77
2026-09-22T03:22:53.908Z,chirpstack,0.29,"45.36MiB / 1.922GiB",2.31
2026-09-22T03:22:53.908Z,spilo,1.63,"262.6MiB / 1.922GiB",13.34
2026-09-22T03:22:53.908Z,etcd,1.08,"46.77MiB / 1.922GiB",2.38
2026-09-22T03:23:01.126Z,lorawan-gateway-evidence-ingest-1,0.00,"3.641MiB / 192MiB",1.90
2026-09-22T03:23:01.126Z,lorawan-gateway-evidence-fabric-adapter-1,0.00,"3.84MiB / 192MiB",2.00
2026-09-22T03:23:01.126Z,lorawan-gateway-evidence-verifier-1,6.91,"13.76MiB / 192MiB",7.17
2026-09-22T03:23:01.126Z,seaweedfs,12.11,"159MiB / 256MiB",62.11
2026-09-22T03:23:01.126Z,seaweedfs-metadata-etcd,7.58,"79.59MiB / 96MiB",82.91
2026-09-22T03:23:01.126Z,openbao,2.55,"55.12MiB / 512MiB",10.77
2026-09-22T03:23:01.126Z,chirpstack,2.55,"45.4MiB / 1.922GiB",2.31
2026-09-22T03:23:01.126Z,spilo,2.30,"262.6MiB / 1.922GiB",13.34
2026-09-22T03:23:01.126Z,etcd,1.01,"46.76MiB / 1.922GiB",2.38
