timestamp_utc,container,cpu_percent,memory_usage,memory_percent
2026-09-22T02:52:49.962Z,grafana,0.87,"238.4MiB / 512MiB",46.57
2026-09-22T02:52:49.962Z,lorawan-gateway-evidence-verifier-1,15.35,"12.29MiB / 192MiB",6.40
2026-09-22T02:52:49.962Z,node-red-node-red-1,0.01,"73.77MiB / 1.922GiB",3.75
2026-09-22T02:52:49.962Z,lorawan-gateway-evidence-collector-1,0.30,"13.47MiB / 192MiB",7.01
2026-09-22T02:52:49.962Z,seaweedfs,28.07,"140.7MiB / 256MiB",54.96
2026-09-22T02:52:49.962Z,seaweedfs-metadata-etcd,8.04,"75.53MiB / 96MiB",78.68
2026-09-22T02:52:49.962Z,openbao,1.18,"38.35MiB / 512MiB",7.49
2026-09-22T02:52:49.962Z,spilo,1.52,"259.1MiB / 1.922GiB",13.17
2026-09-22T02:52:49.962Z,etcd,0.88,"51.41MiB / 1.922GiB",2.61
2026-09-22T02:52:57.554Z,grafana,1.15,"238.4MiB / 512MiB",46.57
2026-09-22T02:52:57.554Z,lorawan-gateway-evidence-verifier-1,3.86,"12.53MiB / 192MiB",6.53
2026-09-22T02:52:57.554Z,node-red-node-red-1,0.01,"77.52MiB / 1.922GiB",3.94
2026-09-22T02:52:57.554Z,lorawan-gateway-evidence-collector-1,0.41,"13.47MiB / 192MiB",7.01
2026-09-22T02:52:57.554Z,seaweedfs,6.18,"140.8MiB / 256MiB",55.01
2026-09-22T02:52:57.554Z,seaweedfs-metadata-etcd,3.89,"75.53MiB / 96MiB",78.67
2026-09-22T02:52:57.554Z,openbao,1.43,"36.04MiB / 512MiB",7.04
2026-09-22T02:52:57.554Z,spilo,1.33,"259MiB / 1.922GiB",13.16
2026-09-22T02:52:57.554Z,etcd,0.89,"51.73MiB / 1.922GiB",2.63
2026-09-22T02:53:05.037Z,grafana,10.27,"238.4MiB / 512MiB",46.57
2026-09-22T02:53:05.037Z,lorawan-gateway-evidence-verifier-1,12.23,"12.22MiB / 192MiB",6.37
2026-09-22T02:53:05.037Z,node-red-node-red-1,0.01,"77.56MiB / 1.922GiB",3.94
2026-09-22T02:53:05.037Z,lorawan-gateway-evidence-collector-1,0.30,"13.47MiB / 192MiB",7.01
2026-09-22T02:53:05.037Z,seaweedfs,23.98,"140.8MiB / 256MiB",55.01
2026-09-22T02:53:05.037Z,seaweedfs-metadata-etcd,9.80,"75.53MiB / 96MiB",78.68
2026-09-22T02:53:05.037Z,openbao,1.69,"36.04MiB / 512MiB",7.04
2026-09-22T02:53:05.037Z,spilo,1.04,"259MiB / 1.922GiB",13.16
2026-09-22T02:53:05.037Z,etcd,2.01,"51.73MiB / 1.922GiB",2.63
2026-09-22T02:53:12.563Z,grafana,1.04,"238.4MiB / 512MiB",46.57
2026-09-22T02:53:12.563Z,lorawan-gateway-evidence-verifier-1,12.28,"12.53MiB / 192MiB",6.52
2026-09-22T02:53:12.563Z,node-red-node-red-1,0.00,"77.55MiB / 1.922GiB",3.94
2026-09-22T02:53:12.563Z,lorawan-gateway-evidence-collector-1,0.32,"13.47MiB / 192MiB",7.01
2026-09-22T02:53:12.563Z,seaweedfs,27.07,"148.2MiB / 256MiB",57.88
2026-09-22T02:53:12.563Z,seaweedfs-metadata-etcd,12.25,"75.55MiB / 96MiB",78.70
2026-09-22T02:53:12.563Z,openbao,1.72,"36.04MiB / 512MiB",7.04
2026-09-22T02:53:12.563Z,spilo,1.51,"259MiB / 1.922GiB",13.16
2026-09-22T02:53:12.563Z,etcd,1.13,"51.73MiB / 1.922GiB",2.63
2026-09-22T02:53:19.885Z,grafana,1.09,"238.4MiB / 512MiB",46.57
2026-09-22T02:53:19.885Z,lorawan-gateway-evidence-verifier-1,13.03,"12.54MiB / 192MiB",6.53
2026-09-22T02:53:19.885Z,node-red-node-red-1,0.00,"77.6MiB / 1.922GiB",3.94
2026-09-22T02:53:19.885Z,lorawan-gateway-evidence-collector-1,0.35,"13.47MiB / 192MiB",7.02
2026-09-22T02:53:19.885Z,seaweedfs,28.26,"141.8MiB / 256MiB",55.39
2026-09-22T02:53:19.885Z,seaweedfs-metadata-etcd,14.05,"75.59MiB / 96MiB",78.74
2026-09-22T02:53:19.885Z,openbao,1.71,"36.04MiB / 512MiB",7.04
2026-09-22T02:53:19.885Z,spilo,1.27,"259MiB / 1.922GiB",13.16
2026-09-22T02:53:19.885Z,etcd,0.88,"51.74MiB / 1.922GiB",2.63
2026-09-22T02:53:27.346Z,grafana,0.98,"238.4MiB / 512MiB",46.57
2026-09-22T02:53:27.346Z,lorawan-gateway-evidence-verifier-1,15.53,"12.52MiB / 192MiB",6.52
2026-09-22T02:53:27.346Z,node-red-node-red-1,18.08,"77.59MiB / 1.922GiB",3.94
2026-09-22T02:53:27.346Z,lorawan-gateway-evidence-collector-1,0.28,"13.47MiB / 192MiB",7.02
2026-09-22T02:53:27.346Z,seaweedfs,23.34,"141.5MiB / 256MiB",55.26
2026-09-22T02:53:27.346Z,seaweedfs-metadata-etcd,7.26,"75.93MiB / 96MiB",79.09
2026-09-22T02:53:27.346Z,openbao,1.67,"36.04MiB / 512MiB",7.04
2026-09-22T02:53:27.346Z,spilo,0.99,"259MiB / 1.922GiB",13.16
2026-09-22T02:53:27.346Z,etcd,1.45,"51.74MiB / 1.922GiB",2.63
2026-09-22T02:53:34.779Z,grafana,1.37,"238.4MiB / 512MiB",46.57
2026-09-22T02:53:34.779Z,lorawan-gateway-evidence-verifier-1,0.00,"12.41MiB / 192MiB",6.46
2026-09-22T02:53:34.779Z,node-red-node-red-1,0.00,"77.66MiB / 1.922GiB",3.95
2026-09-22T02:53:34.779Z,lorawan-gateway-evidence-collector-1,0.38,"13.47MiB / 192MiB",7.02
2026-09-22T02:53:34.779Z,seaweedfs,1.01,"141.7MiB / 256MiB",55.34
2026-09-22T02:53:34.779Z,seaweedfs-metadata-etcd,1.19,"75.92MiB / 96MiB",79.09
2026-09-22T02:53:34.779Z,openbao,2.17,"36.04MiB / 512MiB",7.04
2026-09-22T02:53:34.779Z,spilo,2.18,"259MiB / 1.922GiB",13.16
2026-09-22T02:53:34.779Z,etcd,1.59,"51.81MiB / 1.922GiB",2.63
2026-09-22T02:53:42.024Z,grafana,1.37,"238.4MiB / 512MiB",46.57
2026-09-22T02:53:42.024Z,lorawan-gateway-evidence-verifier-1,0.14,"12.41MiB / 192MiB",6.46
2026-09-22T02:53:42.024Z,node-red-node-red-1,0.00,"77.65MiB / 1.922GiB",3.95
2026-09-22T02:53:42.024Z,lorawan-gateway-evidence-collector-1,0.41,"13.47MiB / 192MiB",7.02
2026-09-22T02:53:42.024Z,seaweedfs,0.77,"141.1MiB / 256MiB",55.10
2026-09-22T02:53:42.024Z,seaweedfs-metadata-etcd,1.16,"75.92MiB / 96MiB",79.09
2026-09-22T02:53:42.024Z,openbao,1.83,"36.04MiB / 512MiB",7.04
2026-09-22T02:53:42.024Z,spilo,1.51,"259MiB / 1.922GiB",13.16
2026-09-22T02:53:42.024Z,etcd,0.93,"51.81MiB / 1.922GiB",2.63
2026-09-22T02:53:49.231Z,grafana,0.91,"238.4MiB / 512MiB",46.57
2026-09-22T02:53:49.231Z,lorawan-gateway-evidence-verifier-1,13.17,"12.54MiB / 192MiB",6.53
2026-09-22T02:53:49.231Z,node-red-node-red-1,0.00,"77.69MiB / 1.922GiB",3.95
2026-09-22T02:53:49.231Z,lorawan-gateway-evidence-collector-1,0.27,"13.47MiB / 192MiB",7.02
2026-09-22T02:53:49.231Z,seaweedfs,27.40,"142MiB / 256MiB",55.45
2026-09-22T02:53:49.231Z,seaweedfs-metadata-etcd,12.35,"76.53MiB / 96MiB",79.72
2026-09-22T02:53:49.231Z,openbao,1.59,"36.04MiB / 512MiB",7.04
2026-09-22T02:53:49.231Z,spilo,1.20,"259MiB / 1.922GiB",13.16
2026-09-22T02:53:49.231Z,etcd,0.91,"51.81MiB / 1.922GiB",2.63
2026-09-22T02:53:56.736Z,grafana,0.97,"238.4MiB / 512MiB",46.57
2026-09-22T02:53:56.736Z,lorawan-gateway-evidence-verifier-1,13.18,"12.54MiB / 192MiB",6.53
2026-09-22T02:53:56.736Z,node-red-node-red-1,0.00,"77.68MiB / 1.922GiB",3.95
2026-09-22T02:53:56.736Z,lorawan-gateway-evidence-collector-1,0.32,"13.47MiB / 192MiB",7.02
2026-09-22T02:53:56.736Z,seaweedfs,27.45,"141.9MiB / 256MiB",55.44
2026-09-22T02:53:56.736Z,seaweedfs-metadata-etcd,11.64,"76.54MiB / 96MiB",79.73
2026-09-22T02:53:56.736Z,openbao,1.32,"36.04MiB / 512MiB",7.04
2026-09-22T02:53:56.736Z,spilo,1.43,"259MiB / 1.922GiB",13.16
2026-09-22T02:53:56.736Z,etcd,0.95,"51.81MiB / 1.922GiB",2.63
2026-09-22T02:54:04.230Z,grafana,1.10,"238.4MiB / 512MiB",46.57
2026-09-22T02:54:04.230Z,lorawan-gateway-evidence-verifier-1,12.34,"12.54MiB / 192MiB",6.53
2026-09-22T02:54:04.230Z,node-red-node-red-1,0.00,"77.73MiB / 1.922GiB",3.95
2026-09-22T02:54:04.230Z,lorawan-gateway-evidence-collector-1,0.26,"13.47MiB / 192MiB",7.02
2026-09-22T02:54:04.230Z,seaweedfs,25.73,"140.9MiB / 256MiB",55.03
2026-09-22T02:54:04.230Z,seaweedfs-metadata-etcd,10.94,"76.61MiB / 96MiB",79.81
2026-09-22T02:54:04.230Z,openbao,1.36,"36.04MiB / 512MiB",7.04
2026-09-22T02:54:04.230Z,spilo,2.42,"259MiB / 1.922GiB",13.16
2026-09-22T02:54:04.230Z,etcd,1.34,"51.81MiB / 1.922GiB",2.63
2026-09-22T02:54:11.739Z,grafana,1.02,"238.4MiB / 512MiB",46.57
2026-09-22T02:54:11.739Z,lorawan-gateway-evidence-verifier-1,13.53,"12.54MiB / 192MiB",6.53
2026-09-22T02:54:11.739Z,node-red-node-red-1,0.00,"77.73MiB / 1.922GiB",3.95
2026-09-22T02:54:11.739Z,lorawan-gateway-evidence-collector-1,0.29,"13.47MiB / 192MiB",7.02
2026-09-22T02:54:11.739Z,seaweedfs,25.99,"141.2MiB / 256MiB",55.15
2026-09-22T02:54:11.739Z,seaweedfs-metadata-etcd,12.69,"76.62MiB / 96MiB",79.81
2026-09-22T02:54:11.739Z,openbao,1.31,"36.04MiB / 512MiB",7.04
2026-09-22T02:54:11.739Z,spilo,1.45,"259MiB / 1.922GiB",13.16
2026-09-22T02:54:11.739Z,etcd,0.85,"51.81MiB / 1.922GiB",2.63
2026-09-22T02:54:19.298Z,grafana,1.12,"238.4MiB / 512MiB",46.57
2026-09-22T02:54:19.298Z,lorawan-gateway-evidence-verifier-1,16.33,"12.53MiB / 192MiB",6.52
2026-09-22T02:54:19.298Z,node-red-node-red-1,0.00,"77.77MiB / 1.922GiB",3.95
2026-09-22T02:54:19.298Z,lorawan-gateway-evidence-collector-1,0.31,"13.47MiB / 192MiB",7.02
2026-09-22T02:54:19.298Z,seaweedfs,28.45,"141.4MiB / 256MiB",55.24
2026-09-22T02:54:19.298Z,seaweedfs-metadata-etcd,8.25,"76.61MiB / 96MiB",79.81
2026-09-22T02:54:19.298Z,openbao,1.73,"36.04MiB / 512MiB",7.04
2026-09-22T02:54:19.298Z,spilo,0.59,"259MiB / 1.922GiB",13.16
2026-09-22T02:54:19.298Z,etcd,1.39,"51.82MiB / 1.922GiB",2.63
2026-09-22T02:54:26.657Z,grafana,1.08,"238.4MiB / 512MiB",46.57
2026-09-22T02:54:26.657Z,lorawan-gateway-evidence-verifier-1,13.59,"12.41MiB / 192MiB",6.47
2026-09-22T02:54:26.657Z,node-red-node-red-1,0.00,"77.77MiB / 1.922GiB",3.95
2026-09-22T02:54:26.657Z,lorawan-gateway-evidence-collector-1,0.29,"13.47MiB / 192MiB",7.02
2026-09-22T02:54:26.657Z,seaweedfs,27.69,"141.8MiB / 256MiB",55.39
2026-09-22T02:54:26.657Z,seaweedfs-metadata-etcd,11.75,"76.62MiB / 96MiB",79.81
2026-09-22T02:54:26.657Z,openbao,1.28,"36.04MiB / 512MiB",7.04
2026-09-22T02:54:26.657Z,spilo,1.38,"259MiB / 1.922GiB",13.16
2026-09-22T02:54:26.657Z,etcd,1.06,"51.82MiB / 1.922GiB",2.63
2026-09-22T02:54:34.221Z,grafana,1.09,"238.5MiB / 512MiB",46.59
2026-09-22T02:54:34.221Z,lorawan-gateway-evidence-verifier-1,12.90,"12.47MiB / 192MiB",6.50
2026-09-22T02:54:34.221Z,node-red-node-red-1,0.02,"77.81MiB / 1.922GiB",3.95
2026-09-22T02:54:34.221Z,lorawan-gateway-evidence-collector-1,0.29,"13.48MiB / 192MiB",7.02
2026-09-22T02:54:34.221Z,seaweedfs,26.40,"141.8MiB / 256MiB",55.40
2026-09-22T02:54:34.221Z,seaweedfs-metadata-etcd,11.91,"76.61MiB / 96MiB",79.81
2026-09-22T02:54:34.221Z,openbao,1.34,"36.04MiB / 512MiB",7.04
2026-09-22T02:54:34.221Z,spilo,2.74,"259MiB / 1.922GiB",13.16
2026-09-22T02:54:34.221Z,etcd,1.05,"51.82MiB / 1.922GiB",2.63
2026-09-22T02:54:41.894Z,grafana,1.06,"238.5MiB / 512MiB",46.59
2026-09-22T02:54:41.894Z,lorawan-gateway-evidence-verifier-1,14.23,"12.22MiB / 192MiB",6.37
2026-09-22T02:54:41.894Z,node-red-node-red-1,0.00,"77.8MiB / 1.922GiB",3.95
2026-09-22T02:54:41.894Z,lorawan-gateway-evidence-collector-1,0.29,"13.48MiB / 192MiB",7.02
2026-09-22T02:54:41.894Z,seaweedfs,29.04,"141.8MiB / 256MiB",55.38
2026-09-22T02:54:41.894Z,seaweedfs-metadata-etcd,12.70,"76.62MiB / 96MiB",79.81
2026-09-22T02:54:41.894Z,openbao,1.51,"36.04MiB / 512MiB",7.04
2026-09-22T02:54:41.894Z,spilo,1.11,"259MiB / 1.922GiB",13.16
2026-09-22T02:54:41.894Z,etcd,0.83,"51.81MiB / 1.922GiB",2.63
2026-09-22T02:54:49.456Z,grafana,0.91,"238.5MiB / 512MiB",46.59
2026-09-22T02:54:49.456Z,lorawan-gateway-evidence-verifier-1,12.64,"12.48MiB / 192MiB",6.50
2026-09-22T02:54:49.456Z,node-red-node-red-1,0.00,"77.85MiB / 1.922GiB",3.96
2026-09-22T02:54:49.456Z,lorawan-gateway-evidence-collector-1,0.27,"13.48MiB / 192MiB",7.02
2026-09-22T02:54:49.456Z,seaweedfs,28.72,"141.1MiB / 256MiB",55.10
2026-09-22T02:54:49.456Z,seaweedfs-metadata-etcd,10.36,"76.62MiB / 96MiB",79.81
2026-09-22T02:54:49.456Z,openbao,1.53,"36.04MiB / 512MiB",7.04
2026-09-22T02:54:49.456Z,spilo,0.97,"259MiB / 1.922GiB",13.16
2026-09-22T02:54:49.456Z,etcd,0.93,"51.81MiB / 1.922GiB",2.63
2026-09-22T02:54:56.905Z,grafana,0.90,"238.5MiB / 512MiB",46.59
2026-09-22T02:54:56.905Z,lorawan-gateway-evidence-verifier-1,11.88,"12.59MiB / 192MiB",6.56
2026-09-22T02:54:56.905Z,node-red-node-red-1,0.00,"77.84MiB / 1.922GiB",3.96
2026-09-22T02:54:56.905Z,lorawan-gateway-evidence-collector-1,0.26,"13.48MiB / 192MiB",7.02
2026-09-22T02:54:56.905Z,seaweedfs,25.04,"142.1MiB / 256MiB",55.49
2026-09-22T02:54:56.905Z,seaweedfs-metadata-etcd,10.24,"76.61MiB / 96MiB",79.81
2026-09-22T02:54:56.905Z,openbao,1.75,"36.42MiB / 512MiB",7.11
2026-09-22T02:54:56.905Z,spilo,1.02,"259MiB / 1.922GiB",13.16
2026-09-22T02:54:56.905Z,etcd,0.91,"51.81MiB / 1.922GiB",2.63
2026-09-22T02:55:04.319Z,grafana,1.28,"238.6MiB / 512MiB",46.61
2026-09-22T02:55:04.319Z,lorawan-gateway-evidence-verifier-1,17.59,"12.78MiB / 192MiB",6.66
2026-09-22T02:55:04.319Z,node-red-node-red-1,0.00,"77.89MiB / 1.922GiB",3.96
2026-09-22T02:55:04.319Z,lorawan-gateway-evidence-collector-1,0.37,"13.48MiB / 192MiB",7.02
2026-09-22T02:55:04.319Z,seaweedfs,20.43,"142.4MiB / 256MiB",55.64
2026-09-22T02:55:04.319Z,seaweedfs-metadata-etcd,9.93,"76.61MiB / 96MiB",79.80
2026-09-22T02:55:04.319Z,openbao,1.59,"36.42MiB / 512MiB",7.11
2026-09-22T02:55:04.319Z,spilo,3.86,"259MiB / 1.922GiB",13.16
2026-09-22T02:55:04.319Z,etcd,1.85,"51.82MiB / 1.922GiB",2.63
2026-09-22T02:55:11.877Z,grafana,1.11,"238.6MiB / 512MiB",46.61
2026-09-22T02:55:11.877Z,lorawan-gateway-evidence-verifier-1,14.92,"12.74MiB / 192MiB",6.64
2026-09-22T02:55:11.877Z,node-red-node-red-1,0.00,"98.83MiB / 1.922GiB",5.02
2026-09-22T02:55:11.877Z,lorawan-gateway-evidence-collector-1,0.30,"13.48MiB / 192MiB",7.02
2026-09-22T02:55:11.877Z,seaweedfs,27.35,"148.9MiB / 256MiB",58.15
2026-09-22T02:55:11.877Z,seaweedfs-metadata-etcd,10.80,"76.62MiB / 96MiB",79.81
2026-09-22T02:55:11.877Z,openbao,1.15,"36.42MiB / 512MiB",7.11
2026-09-22T02:55:11.877Z,spilo,1.01,"259.2MiB / 1.922GiB",13.17
2026-09-22T02:55:11.877Z,etcd,0.97,"51.82MiB / 1.922GiB",2.63
2026-09-22T02:55:19.434Z,grafana,1.48,"238.6MiB / 512MiB",46.61
2026-09-22T02:55:19.434Z,lorawan-gateway-evidence-verifier-1,15.10,"12.8MiB / 192MiB",6.67
2026-09-22T02:55:19.434Z,node-red-node-red-1,0.00,"98.87MiB / 1.922GiB",5.02
2026-09-22T02:55:19.434Z,lorawan-gateway-evidence-collector-1,0.34,"13.49MiB / 192MiB",7.03
2026-09-22T02:55:19.434Z,seaweedfs,27.13,"141.9MiB / 256MiB",55.43
2026-09-22T02:55:19.434Z,seaweedfs-metadata-etcd,11.63,"76.62MiB / 96MiB",79.81
2026-09-22T02:55:19.434Z,openbao,1.59,"36.42MiB / 512MiB",7.11
2026-09-22T02:55:19.434Z,spilo,1.99,"259.2MiB / 1.922GiB",13.17
2026-09-22T02:55:19.434Z,etcd,1.12,"51.82MiB / 1.922GiB",2.63
2026-09-22T02:55:27.049Z,grafana,1.03,"238.6MiB / 512MiB",46.61
2026-09-22T02:55:27.049Z,lorawan-gateway-evidence-verifier-1,11.13,"12.61MiB / 192MiB",6.57
2026-09-22T02:55:27.049Z,node-red-node-red-1,0.00,"82.11MiB / 1.922GiB",4.17
2026-09-22T02:55:27.049Z,lorawan-gateway-evidence-collector-1,0.28,"13.49MiB / 192MiB",7.03
2026-09-22T02:55:27.049Z,seaweedfs,18.88,"141.2MiB / 256MiB",55.16
2026-09-22T02:55:27.049Z,seaweedfs-metadata-etcd,8.66,"76.62MiB / 96MiB",79.82
2026-09-22T02:55:27.049Z,openbao,1.15,"36.42MiB / 512MiB",7.11
2026-09-22T02:55:27.049Z,spilo,1.33,"259.2MiB / 1.922GiB",13.17
2026-09-22T02:55:27.049Z,etcd,1.28,"51.82MiB / 1.922GiB",2.63
2026-09-22T02:55:34.539Z,grafana,1.12,"238.6MiB / 512MiB",46.61
2026-09-22T02:55:34.539Z,lorawan-gateway-evidence-verifier-1,14.83,"12.93MiB / 192MiB",6.73
2026-09-22T02:55:34.539Z,node-red-node-red-1,0.00,"82.2MiB / 1.922GiB",4.18
2026-09-22T02:55:34.539Z,lorawan-gateway-evidence-collector-1,0.30,"13.49MiB / 192MiB",7.03
2026-09-22T02:55:34.539Z,seaweedfs,24.41,"141.8MiB / 256MiB",55.39
2026-09-22T02:55:34.539Z,seaweedfs-metadata-etcd,12.31,"76.62MiB / 96MiB",79.82
2026-09-22T02:55:34.539Z,openbao,1.51,"36.42MiB / 512MiB",7.11
2026-09-22T02:55:34.539Z,spilo,3.01,"259.2MiB / 1.922GiB",13.17
2026-09-22T02:55:34.539Z,etcd,1.29,"51.82MiB / 1.922GiB",2.63
2026-09-22T02:55:42.332Z,grafana,1.16,"238.6MiB / 512MiB",46.61
2026-09-22T02:55:42.332Z,lorawan-gateway-evidence-verifier-1,14.06,"12.94MiB / 192MiB",6.74
2026-09-22T02:55:42.332Z,node-red-node-red-1,0.00,"82.2MiB / 1.922GiB",4.18
2026-09-22T02:55:42.332Z,lorawan-gateway-evidence-collector-1,0.26,"13.49MiB / 192MiB",7.03
2026-09-22T02:55:42.332Z,seaweedfs,26.54,"141.7MiB / 256MiB",55.36
2026-09-22T02:55:42.332Z,seaweedfs-metadata-etcd,11.92,"76.63MiB / 96MiB",79.82
2026-09-22T02:55:42.332Z,openbao,1.27,"36.42MiB / 512MiB",7.11
2026-09-22T02:55:42.332Z,spilo,1.84,"259.2MiB / 1.922GiB",13.17
2026-09-22T02:55:42.332Z,etcd,1.04,"51.82MiB / 1.922GiB",2.63
2026-09-22T02:55:49.905Z,grafana,1.03,"238.6MiB / 512MiB",46.61
2026-09-22T02:55:49.905Z,lorawan-gateway-evidence-verifier-1,13.52,"12.96MiB / 192MiB",6.75
2026-09-22T02:55:49.905Z,node-red-node-red-1,0.00,"82.24MiB / 1.922GiB",4.18
2026-09-22T02:55:49.905Z,lorawan-gateway-evidence-collector-1,0.30,"13.5MiB / 192MiB",7.03
2026-09-22T02:55:49.905Z,seaweedfs,26.26,"141.7MiB / 256MiB",55.34
2026-09-22T02:55:49.905Z,seaweedfs-metadata-etcd,11.86,"76.62MiB / 96MiB",79.81
2026-09-22T02:55:49.905Z,openbao,1.63,"36.42MiB / 512MiB",7.11
2026-09-22T02:55:49.905Z,spilo,1.09,"259.2MiB / 1.922GiB",13.17
2026-09-22T02:55:49.905Z,etcd,1.02,"51.82MiB / 1.922GiB",2.63
2026-09-22T02:55:57.438Z,grafana,0.94,"238.6MiB / 512MiB",46.61
2026-09-22T02:55:57.438Z,lorawan-gateway-evidence-verifier-1,15.21,"12.99MiB / 192MiB",6.77
2026-09-22T02:55:57.438Z,node-red-node-red-1,0.00,"82.24MiB / 1.922GiB",4.18
2026-09-22T02:55:57.438Z,lorawan-gateway-evidence-collector-1,0.27,"13.5MiB / 192MiB",7.03
2026-09-22T02:55:57.438Z,seaweedfs,25.87,"141.7MiB / 256MiB",55.36
2026-09-22T02:55:57.438Z,seaweedfs-metadata-etcd,12.61,"76.62MiB / 96MiB",79.81
2026-09-22T02:55:57.438Z,openbao,1.47,"36.42MiB / 512MiB",7.11
2026-09-22T02:55:57.438Z,spilo,1.60,"259.4MiB / 1.922GiB",13.18
2026-09-22T02:55:57.438Z,etcd,0.95,"51.85MiB / 1.922GiB",2.63
2026-09-22T02:56:04.962Z,grafana,1.14,"238.6MiB / 512MiB",46.61
2026-09-22T02:56:04.962Z,lorawan-gateway-evidence-verifier-1,9.17,"13.2MiB / 192MiB",6.87
2026-09-22T02:56:04.962Z,node-red-node-red-1,0.05,"82.41MiB / 1.922GiB",4.19
2026-09-22T02:56:04.962Z,lorawan-gateway-evidence-collector-1,0.28,"13.5MiB / 192MiB",7.03
2026-09-22T02:56:04.962Z,seaweedfs,26.55,"141.8MiB / 256MiB",55.38
2026-09-22T02:56:04.962Z,seaweedfs-metadata-etcd,13.49,"76.63MiB / 96MiB",79.82
2026-09-22T02:56:04.962Z,openbao,1.13,"36.42MiB / 512MiB",7.11
2026-09-22T02:56:04.962Z,spilo,1.73,"259.2MiB / 1.922GiB",13.17
2026-09-22T02:56:04.962Z,etcd,1.76,"51.85MiB / 1.922GiB",2.63
2026-09-22T02:56:12.645Z,grafana,1.14,"238.6MiB / 512MiB",46.61
2026-09-22T02:56:12.645Z,lorawan-gateway-evidence-verifier-1,19.20,"12.83MiB / 192MiB",6.68
2026-09-22T02:56:12.645Z,node-red-node-red-1,0.00,"82.41MiB / 1.922GiB",4.19
2026-09-22T02:56:12.645Z,lorawan-gateway-evidence-collector-1,0.51,"13.53MiB / 192MiB",7.05
2026-09-22T02:56:12.645Z,seaweedfs,24.81,"149MiB / 256MiB",58.21
2026-09-22T02:56:12.645Z,seaweedfs-metadata-etcd,11.42,"76.63MiB / 96MiB",79.82
2026-09-22T02:56:12.645Z,openbao,1.24,"36.42MiB / 512MiB",7.11
2026-09-22T02:56:12.645Z,spilo,2.11,"259.2MiB / 1.922GiB",13.17
2026-09-22T02:56:12.645Z,etcd,1.02,"51.85MiB / 1.922GiB",2.63
2026-09-22T02:56:20.078Z,grafana,0.98,"238.6MiB / 512MiB",46.61
2026-09-22T02:56:20.078Z,lorawan-gateway-evidence-verifier-1,15.00,"12.65MiB / 192MiB",6.59
2026-09-22T02:56:20.078Z,node-red-node-red-1,0.01,"82.45MiB / 1.922GiB",4.19
2026-09-22T02:56:20.078Z,lorawan-gateway-evidence-collector-1,0.28,"13.66MiB / 192MiB",7.11
2026-09-22T02:56:20.078Z,seaweedfs,25.26,"142.2MiB / 256MiB",55.53
2026-09-22T02:56:20.078Z,seaweedfs-metadata-etcd,11.96,"76.64MiB / 96MiB",79.83
2026-09-22T02:56:20.078Z,openbao,1.25,"36.42MiB / 512MiB",7.11
2026-09-22T02:56:20.078Z,spilo,0.84,"259.3MiB / 1.922GiB",13.17
2026-09-22T02:56:20.078Z,etcd,0.91,"51.85MiB / 1.922GiB",2.63
2026-09-22T02:56:27.630Z,grafana,1.24,"238.6MiB / 512MiB",46.61
2026-09-22T02:56:27.630Z,lorawan-gateway-evidence-verifier-1,0.13,"12.85MiB / 192MiB",6.69
2026-09-22T02:56:27.630Z,node-red-node-red-1,0.00,"82.45MiB / 1.922GiB",4.19
2026-09-22T02:56:27.630Z,lorawan-gateway-evidence-collector-1,0.35,"13.66MiB / 192MiB",7.11
2026-09-22T02:56:27.630Z,seaweedfs,0.70,"142.4MiB / 256MiB",55.63
2026-09-22T02:56:27.630Z,seaweedfs-metadata-etcd,1.21,"76.62MiB / 96MiB",79.82
2026-09-22T02:56:27.630Z,openbao,1.42,"36.42MiB / 512MiB",7.11
2026-09-22T02:56:27.630Z,spilo,1.57,"259.3MiB / 1.922GiB",13.17
2026-09-22T02:56:27.630Z,etcd,1.05,"51.85MiB / 1.922GiB",2.63
2026-09-22T02:56:34.914Z,grafana,1.30,"238.6MiB / 512MiB",46.61
2026-09-22T02:56:34.914Z,lorawan-gateway-evidence-verifier-1,0.00,"12.85MiB / 192MiB",6.69
2026-09-22T02:56:34.914Z,node-red-node-red-1,0.00,"82.49MiB / 1.922GiB",4.19
2026-09-22T02:56:34.914Z,lorawan-gateway-evidence-collector-1,0.35,"13.66MiB / 192MiB",7.11
2026-09-22T02:56:34.914Z,seaweedfs,1.67,"140.1MiB / 256MiB",54.74
2026-09-22T02:56:34.914Z,seaweedfs-metadata-etcd,2.00,"76.62MiB / 96MiB",79.82
2026-09-22T02:56:34.914Z,openbao,1.44,"36.42MiB / 512MiB",7.11
2026-09-22T02:56:34.914Z,spilo,2.43,"259.3MiB / 1.922GiB",13.17
2026-09-22T02:56:34.914Z,etcd,1.34,"51.85MiB / 1.922GiB",2.63
2026-09-22T02:56:42.255Z,grafana,1.10,"238.6MiB / 512MiB",46.61
2026-09-22T02:56:42.255Z,lorawan-gateway-evidence-verifier-1,0.10,"12.85MiB / 192MiB",6.69
2026-09-22T02:56:42.255Z,node-red-node-red-1,0.00,"82.48MiB / 1.922GiB",4.19
2026-09-22T02:56:42.255Z,lorawan-gateway-evidence-collector-1,0.34,"13.66MiB / 192MiB",7.11
2026-09-22T02:56:42.255Z,seaweedfs,5.64,"140.1MiB / 256MiB",54.74
2026-09-22T02:56:42.255Z,seaweedfs-metadata-etcd,6.12,"76.62MiB / 96MiB",79.82
2026-09-22T02:56:42.255Z,openbao,1.58,"36.42MiB / 512MiB",7.11
2026-09-22T02:56:42.255Z,spilo,1.14,"259.3MiB / 1.922GiB",13.18
2026-09-22T02:56:42.255Z,etcd,0.93,"51.84MiB / 1.922GiB",2.63
2026-09-22T02:56:49.465Z,grafana,1.10,"238.6MiB / 512MiB",46.61
2026-09-22T02:56:49.465Z,lorawan-gateway-evidence-verifier-1,3.64,"13.09MiB / 192MiB",6.82
2026-09-22T02:56:49.465Z,node-red-node-red-1,0.00,"82.68MiB / 1.922GiB",4.20
2026-09-22T02:56:49.465Z,lorawan-gateway-evidence-collector-1,0.31,"13.66MiB / 192MiB",7.11
2026-09-22T02:56:49.465Z,seaweedfs,11.35,"142.1MiB / 256MiB",55.50
2026-09-22T02:56:49.465Z,seaweedfs-metadata-etcd,6.99,"77.03MiB / 96MiB",80.24
2026-09-22T02:56:49.465Z,openbao,1.50,"36.42MiB / 512MiB",7.11
2026-09-22T02:56:49.465Z,spilo,0.80,"259.3MiB / 1.922GiB",13.18
2026-09-22T02:56:49.465Z,etcd,0.78,"51.85MiB / 1.922GiB",2.63
2026-09-22T02:56:57.106Z,grafana,1.16,"238.6MiB / 512MiB",46.61
2026-09-22T02:56:57.106Z,lorawan-gateway-evidence-verifier-1,0.00,"13.02MiB / 192MiB",6.78
2026-09-22T02:56:57.106Z,node-red-node-red-1,0.00,"82.59MiB / 1.922GiB",4.20
2026-09-22T02:56:57.106Z,lorawan-gateway-evidence-collector-1,0.31,"13.66MiB / 192MiB",7.11
2026-09-22T02:56:57.106Z,seaweedfs,7.24,"142MiB / 256MiB",55.48
2026-09-22T02:56:57.106Z,seaweedfs-metadata-etcd,8.98,"77.02MiB / 96MiB",80.23
2026-09-22T02:56:57.106Z,openbao,1.33,"36.42MiB / 512MiB",7.11
2026-09-22T02:56:57.106Z,spilo,0.92,"259.3MiB / 1.922GiB",13.18
2026-09-22T02:56:57.106Z,etcd,0.98,"51.85MiB / 1.922GiB",2.63
2026-09-22T02:57:04.445Z,grafana,1.15,"238.6MiB / 512MiB",46.61
2026-09-22T02:57:04.445Z,lorawan-gateway-evidence-verifier-1,0.11,"13.02MiB / 192MiB",6.78
2026-09-22T02:57:04.445Z,node-red-node-red-1,0.00,"82.65MiB / 1.922GiB",4.20
2026-09-22T02:57:04.445Z,lorawan-gateway-evidence-collector-1,0.31,"13.66MiB / 192MiB",7.11
2026-09-22T02:57:04.445Z,seaweedfs,5.79,"142MiB / 256MiB",55.48
2026-09-22T02:57:04.445Z,seaweedfs-metadata-etcd,8.07,"77.03MiB / 96MiB",80.24
2026-09-22T02:57:04.445Z,openbao,1.87,"36.42MiB / 512MiB",7.11
2026-09-22T02:57:04.445Z,spilo,2.20,"259.3MiB / 1.922GiB",13.18
2026-09-22T02:57:04.445Z,etcd,0.92,"51.85MiB / 1.922GiB",2.63
2026-09-22T02:57:11.670Z,grafana,1.23,"238.6MiB / 512MiB",46.61
2026-09-22T02:57:11.670Z,lorawan-gateway-evidence-verifier-1,0.11,"13.02MiB / 192MiB",6.78
2026-09-22T02:57:11.670Z,node-red-node-red-1,0.13,"82.65MiB / 1.922GiB",4.20
2026-09-22T02:57:11.670Z,lorawan-gateway-evidence-collector-1,0.34,"13.66MiB / 192MiB",7.11
2026-09-22T02:57:11.670Z,seaweedfs,0.73,"142MiB / 256MiB",55.48
2026-09-22T02:57:11.670Z,seaweedfs-metadata-etcd,1.22,"77.02MiB / 96MiB",80.23
2026-09-22T02:57:11.670Z,openbao,1.56,"36.42MiB / 512MiB",7.11
2026-09-22T02:57:11.670Z,spilo,1.24,"259.4MiB / 1.922GiB",13.18
2026-09-22T02:57:11.670Z,etcd,0.97,"51.85MiB / 1.922GiB",2.63
2026-09-22T02:57:18.904Z,grafana,1.05,"238.6MiB / 512MiB",46.61
2026-09-22T02:57:18.904Z,lorawan-gateway-evidence-verifier-1,14.57,"12.59MiB / 192MiB",6.56
2026-09-22T02:57:18.904Z,node-red-node-red-1,0.00,"83.26MiB / 1.922GiB",4.23
2026-09-22T02:57:18.904Z,lorawan-gateway-evidence-collector-1,0.28,"13.66MiB / 192MiB",7.11
2026-09-22T02:57:18.904Z,seaweedfs,27.84,"141.3MiB / 256MiB",55.19
2026-09-22T02:57:18.904Z,seaweedfs-metadata-etcd,8.27,"77.03MiB / 96MiB",80.24
2026-09-22T02:57:18.904Z,openbao,1.49,"36.42MiB / 512MiB",7.11
2026-09-22T02:57:18.904Z,spilo,1.62,"259.3MiB / 1.922GiB",13.18
2026-09-22T02:57:18.904Z,etcd,1.13,"51.85MiB / 1.922GiB",2.63
2026-09-22T02:57:26.372Z,grafana,1.05,"238.6MiB / 512MiB",46.61
2026-09-22T02:57:26.372Z,lorawan-gateway-evidence-verifier-1,8.72,"13.02MiB / 192MiB",6.78
2026-09-22T02:57:26.372Z,node-red-node-red-1,0.11,"83.26MiB / 1.922GiB",4.23
2026-09-22T02:57:26.372Z,lorawan-gateway-evidence-collector-1,0.31,"13.66MiB / 192MiB",7.11
2026-09-22T02:57:26.372Z,seaweedfs,20.43,"141.4MiB / 256MiB",55.22
2026-09-22T02:57:26.372Z,seaweedfs-metadata-etcd,10.81,"77.03MiB / 96MiB",80.24
2026-09-22T02:57:26.372Z,openbao,1.69,"36.42MiB / 512MiB",7.11
2026-09-22T02:57:26.372Z,spilo,1.19,"259.3MiB / 1.922GiB",13.18
2026-09-22T02:57:26.372Z,etcd,1.07,"51.85MiB / 1.922GiB",2.63
2026-09-22T02:57:33.739Z,grafana,1.08,"238.6MiB / 512MiB",46.61
2026-09-22T02:57:33.739Z,lorawan-gateway-evidence-verifier-1,15.72,"13.05MiB / 192MiB",6.80
2026-09-22T02:57:33.739Z,node-red-node-red-1,0.00,"83.31MiB / 1.922GiB",4.23
2026-09-22T02:57:33.739Z,lorawan-gateway-evidence-collector-1,0.27,"13.66MiB / 192MiB",7.11
2026-09-22T02:57:33.739Z,seaweedfs,25.99,"142MiB / 256MiB",55.46
2026-09-22T02:57:33.739Z,seaweedfs-metadata-etcd,7.05,"77.02MiB / 96MiB",80.23
2026-09-22T02:57:33.739Z,openbao,1.66,"36.42MiB / 512MiB",7.11
2026-09-22T02:57:33.739Z,spilo,1.43,"260MiB / 1.922GiB",13.21
2026-09-22T02:57:33.739Z,etcd,0.66,"51.85MiB / 1.922GiB",2.63
2026-09-22T02:57:41.312Z,grafana,1.23,"238.6MiB / 512MiB",46.61
2026-09-22T02:57:41.312Z,lorawan-gateway-evidence-verifier-1,0.00,"13.05MiB / 192MiB",6.80
2026-09-22T02:57:41.312Z,node-red-node-red-1,0.11,"83.3MiB / 1.922GiB",4.23
2026-09-22T02:57:41.312Z,lorawan-gateway-evidence-collector-1,0.36,"13.66MiB / 192MiB",7.11
2026-09-22T02:57:41.312Z,seaweedfs,0.83,"142.2MiB / 256MiB",55.54
2026-09-22T02:57:41.312Z,seaweedfs-metadata-etcd,1.40,"77.02MiB / 96MiB",80.23
2026-09-22T02:57:41.312Z,openbao,1.29,"36.42MiB / 512MiB",7.11
2026-09-22T02:57:41.312Z,spilo,0.98,"260MiB / 1.922GiB",13.21
2026-09-22T02:57:41.312Z,etcd,0.85,"51.85MiB / 1.922GiB",2.63
2026-09-22T02:57:48.618Z,grafana,1.45,"238.6MiB / 512MiB",46.61
2026-09-22T02:57:48.618Z,lorawan-gateway-evidence-verifier-1,7.00,"13.05MiB / 192MiB",6.80
2026-09-22T02:57:48.618Z,node-red-node-red-1,0.00,"83.37MiB / 1.922GiB",4.24
2026-09-22T02:57:48.618Z,lorawan-gateway-evidence-collector-1,0.30,"13.66MiB / 192MiB",7.11
2026-09-22T02:57:48.618Z,seaweedfs,16.93,"142.7MiB / 256MiB",55.74
2026-09-22T02:57:48.618Z,seaweedfs-metadata-etcd,10.92,"77.02MiB / 96MiB",80.23
2026-09-22T02:57:48.618Z,openbao,1.43,"36.42MiB / 512MiB",7.11
2026-09-22T02:57:48.618Z,spilo,0.96,"260MiB / 1.922GiB",13.21
2026-09-22T02:57:48.618Z,etcd,0.77,"51.85MiB / 1.922GiB",2.63
2026-09-22T02:57:56.007Z,grafana,0.87,"238.6MiB / 512MiB",46.61
2026-09-22T02:57:56.007Z,lorawan-gateway-evidence-verifier-1,14.08,"12.68MiB / 192MiB",6.60
2026-09-22T02:57:56.007Z,node-red-node-red-1,0.12,"83.36MiB / 1.922GiB",4.24
2026-09-22T02:57:56.007Z,lorawan-gateway-evidence-collector-1,0.25,"13.66MiB / 192MiB",7.11
2026-09-22T02:57:56.007Z,seaweedfs,25.80,"141.7MiB / 256MiB",55.33
2026-09-22T02:57:56.007Z,seaweedfs-metadata-etcd,9.66,"77.03MiB / 96MiB",80.24
2026-09-22T02:57:56.007Z,openbao,1.21,"36.42MiB / 512MiB",7.11
2026-09-22T02:57:56.007Z,spilo,1.06,"260MiB / 1.922GiB",13.21
2026-09-22T02:57:56.007Z,etcd,1.55,"51.85MiB / 1.922GiB",2.63
2026-09-22T02:58:03.535Z,grafana,1.18,"238.6MiB / 512MiB",46.61
2026-09-22T02:58:03.535Z,lorawan-gateway-evidence-verifier-1,10.74,"12.93MiB / 192MiB",6.73
2026-09-22T02:58:03.535Z,node-red-node-red-1,0.00,"83.41MiB / 1.922GiB",4.24
2026-09-22T02:58:03.535Z,lorawan-gateway-evidence-collector-1,0.32,"13.66MiB / 192MiB",7.11
2026-09-22T02:58:03.535Z,seaweedfs,23.57,"142.6MiB / 256MiB",55.70
2026-09-22T02:58:03.535Z,seaweedfs-metadata-etcd,10.77,"77.02MiB / 96MiB",80.23
2026-09-22T02:58:03.535Z,openbao,1.33,"36.42MiB / 512MiB",7.11
2026-09-22T02:58:03.535Z,spilo,1.23,"260MiB / 1.922GiB",13.21
2026-09-22T02:58:03.535Z,etcd,0.98,"51.85MiB / 1.922GiB",2.63
2026-09-22T02:58:11.313Z,grafana,1.26,"238.6MiB / 512MiB",46.61
2026-09-22T02:58:11.313Z,lorawan-gateway-evidence-verifier-1,0.00,"13.05MiB / 192MiB",6.80
2026-09-22T02:58:11.313Z,node-red-node-red-1,0.11,"83.4MiB / 1.922GiB",4.24
2026-09-22T02:58:11.313Z,lorawan-gateway-evidence-collector-1,0.34,"13.66MiB / 192MiB",7.11
2026-09-22T02:58:11.313Z,seaweedfs,7.17,"142.6MiB / 256MiB",55.69
2026-09-22T02:58:11.313Z,seaweedfs-metadata-etcd,8.94,"77.03MiB / 96MiB",80.24
2026-09-22T02:58:11.313Z,openbao,1.43,"36.42MiB / 512MiB",7.11
2026-09-22T02:58:11.313Z,spilo,1.26,"260MiB / 1.922GiB",13.21
2026-09-22T02:58:11.313Z,etcd,1.21,"51.85MiB / 1.922GiB",2.63
2026-09-22T02:58:18.583Z,grafana,1.79,"238.6MiB / 512MiB",46.61
2026-09-22T02:58:18.583Z,lorawan-gateway-evidence-verifier-1,0.15,"12.86MiB / 192MiB",6.70
2026-09-22T02:58:18.583Z,node-red-node-red-1,0.00,"83.49MiB / 1.922GiB",4.24
2026-09-22T02:58:18.583Z,lorawan-gateway-evidence-collector-1,0.36,"13.41MiB / 192MiB",6.98
2026-09-22T02:58:18.583Z,seaweedfs,3.43,"141.3MiB / 256MiB",55.21
2026-09-22T02:58:18.583Z,seaweedfs-metadata-etcd,4.34,"77.02MiB / 96MiB",80.23
2026-09-22T02:58:18.583Z,openbao,1.40,"36.42MiB / 512MiB",7.11
2026-09-22T02:58:18.583Z,spilo,0.98,"260MiB / 1.922GiB",13.21
2026-09-22T02:58:18.583Z,etcd,1.19,"51.85MiB / 1.922GiB",2.63
2026-09-22T02:58:25.819Z,grafana,0.96,"238.6MiB / 512MiB",46.61
2026-09-22T02:58:25.819Z,lorawan-gateway-evidence-verifier-1,15.96,"12.83MiB / 192MiB",6.68
2026-09-22T02:58:25.819Z,node-red-node-red-1,0.10,"83.48MiB / 1.922GiB",4.24
2026-09-22T02:58:25.819Z,lorawan-gateway-evidence-collector-1,0.25,"13.41MiB / 192MiB",6.98
2026-09-22T02:58:25.819Z,seaweedfs,26.60,"141.6MiB / 256MiB",55.33
2026-09-22T02:58:25.819Z,seaweedfs-metadata-etcd,7.98,"77.03MiB / 96MiB",80.24
2026-09-22T02:58:25.819Z,openbao,1.10,"36.42MiB / 512MiB",7.11
2026-09-22T02:58:25.819Z,spilo,1.01,"260MiB / 1.922GiB",13.21
2026-09-22T02:58:25.819Z,etcd,1.83,"51.85MiB / 1.922GiB",2.63
2026-09-22T02:58:33.208Z,grafana,1.05,"238.6MiB / 512MiB",46.61
2026-09-22T02:58:33.208Z,lorawan-gateway-evidence-verifier-1,3.53,"12.86MiB / 192MiB",6.70
2026-09-22T02:58:33.208Z,node-red-node-red-1,18.92,"83.54MiB / 1.922GiB",4.25
2026-09-22T02:58:33.208Z,lorawan-gateway-evidence-collector-1,0.28,"13.41MiB / 192MiB",6.98
2026-09-22T02:58:33.208Z,seaweedfs,13.29,"143.1MiB / 256MiB",55.89
2026-09-22T02:58:33.208Z,seaweedfs-metadata-etcd,9.61,"77.03MiB / 96MiB",80.24
2026-09-22T02:58:33.208Z,openbao,1.34,"36.42MiB / 512MiB",7.11
2026-09-22T02:58:33.208Z,spilo,2.07,"260MiB / 1.922GiB",13.21
2026-09-22T02:58:33.208Z,etcd,0.95,"51.85MiB / 1.922GiB",2.63
2026-09-22T02:58:40.767Z,grafana,0.90,"238.6MiB / 512MiB",46.61
2026-09-22T02:58:40.767Z,lorawan-gateway-evidence-verifier-1,14.46,"13.05MiB / 192MiB",6.80
2026-09-22T02:58:40.767Z,node-red-node-red-1,0.09,"83.54MiB / 1.922GiB",4.24
2026-09-22T02:58:40.767Z,lorawan-gateway-evidence-collector-1,0.23,"13.41MiB / 192MiB",6.98
2026-09-22T02:58:40.767Z,seaweedfs,27.49,"142.5MiB / 256MiB",55.68
2026-09-22T02:58:40.767Z,seaweedfs-metadata-etcd,11.29,"77.03MiB / 96MiB",80.24
2026-09-22T02:58:40.767Z,openbao,1.42,"36.42MiB / 512MiB",7.11
2026-09-22T02:58:40.767Z,spilo,1.13,"260MiB / 1.922GiB",13.21
2026-09-22T02:58:40.767Z,etcd,0.99,"51.85MiB / 1.922GiB",2.63
2026-09-22T02:58:48.246Z,grafana,1.68,"238.6MiB / 512MiB",46.61
2026-09-22T02:58:48.246Z,lorawan-gateway-evidence-verifier-1,0.12,"13.05MiB / 192MiB",6.80
2026-09-22T02:58:48.246Z,node-red-node-red-1,0.00,"83.92MiB / 1.922GiB",4.26
2026-09-22T02:58:48.246Z,lorawan-gateway-evidence-collector-1,0.30,"13.41MiB / 192MiB",6.98
2026-09-22T02:58:48.246Z,seaweedfs,7.82,"141.4MiB / 256MiB",55.23
2026-09-22T02:58:48.246Z,seaweedfs-metadata-etcd,8.38,"77.66MiB / 96MiB",80.90
2026-09-22T02:58:48.246Z,openbao,1.37,"36.42MiB / 512MiB",7.11
2026-09-22T02:58:48.246Z,spilo,1.04,"260MiB / 1.922GiB",13.21
2026-09-22T02:58:48.246Z,etcd,0.99,"51.85MiB / 1.922GiB",2.63
2026-09-22T02:58:55.488Z,grafana,0.99,"238.6MiB / 512MiB",46.61
2026-09-22T02:58:55.488Z,lorawan-gateway-evidence-verifier-1,0.00,"12.4MiB / 192MiB",6.46
2026-09-22T02:58:55.488Z,node-red-node-red-1,0.00,"83.92MiB / 1.922GiB",4.26
2026-09-22T02:58:55.488Z,lorawan-gateway-evidence-collector-1,0.29,"13.41MiB / 192MiB",6.98
2026-09-22T02:58:55.488Z,seaweedfs,6.00,"142.2MiB / 256MiB",55.56
2026-09-22T02:58:55.488Z,seaweedfs-metadata-etcd,7.95,"77.66MiB / 96MiB",80.90
2026-09-22T02:58:55.488Z,openbao,3.03,"36.42MiB / 512MiB",7.11
2026-09-22T02:58:55.488Z,spilo,1.63,"260MiB / 1.922GiB",13.21
2026-09-22T02:58:55.488Z,etcd,1.97,"51.85MiB / 1.922GiB",2.63
2026-09-22T02:59:02.685Z,grafana,0.98,"238.6MiB / 512MiB",46.61
2026-09-22T02:59:02.685Z,lorawan-gateway-evidence-verifier-1,10.27,"12.86MiB / 192MiB",6.70
2026-09-22T02:59:02.685Z,node-red-node-red-1,0.02,"83.98MiB / 1.922GiB",4.27
2026-09-22T02:59:02.685Z,lorawan-gateway-evidence-collector-1,0.29,"13.41MiB / 192MiB",6.98
2026-09-22T02:59:02.685Z,seaweedfs,21.03,"141.7MiB / 256MiB",55.34
2026-09-22T02:59:02.685Z,seaweedfs-metadata-etcd,10.17,"77.67MiB / 96MiB",80.90
2026-09-22T02:59:02.685Z,openbao,1.33,"36.42MiB / 512MiB",7.11
2026-09-22T02:59:02.685Z,spilo,1.59,"260MiB / 1.922GiB",13.21
2026-09-22T02:59:02.685Z,etcd,1.35,"51.85MiB / 1.922GiB",2.63
2026-09-22T02:59:10.068Z,grafana,0.97,"238.6MiB / 512MiB",46.61
2026-09-22T02:59:10.068Z,lorawan-gateway-evidence-verifier-1,13.69,"13.05MiB / 192MiB",6.80
2026-09-22T02:59:10.068Z,node-red-node-red-1,0.01,"83.98MiB / 1.922GiB",4.27
2026-09-22T02:59:10.068Z,lorawan-gateway-evidence-collector-1,0.29,"13.41MiB / 192MiB",6.98
2026-09-22T02:59:10.068Z,seaweedfs,25.54,"138.8MiB / 256MiB",54.21
2026-09-22T02:59:10.068Z,seaweedfs-metadata-etcd,11.10,"77.67MiB / 96MiB",80.91
2026-09-22T02:59:10.068Z,openbao,1.14,"36.42MiB / 512MiB",7.11
2026-09-22T02:59:10.068Z,spilo,1.08,"260MiB / 1.922GiB",13.21
2026-09-22T02:59:10.068Z,etcd,1.03,"51.86MiB / 1.922GiB",2.63
2026-09-22T02:59:17.564Z,grafana,0.89,"238.6MiB / 512MiB",46.61
2026-09-22T02:59:17.564Z,lorawan-gateway-evidence-verifier-1,11.16,"12.45MiB / 192MiB",6.48
2026-09-22T02:59:17.564Z,node-red-node-red-1,0.00,"84.02MiB / 1.922GiB",4.27
2026-09-22T02:59:17.564Z,lorawan-gateway-evidence-collector-1,0.25,"13.41MiB / 192MiB",6.98
2026-09-22T02:59:17.564Z,seaweedfs,22.93,"141.8MiB / 256MiB",55.40
2026-09-22T02:59:17.564Z,seaweedfs-metadata-etcd,10.83,"77.68MiB / 96MiB",80.91
2026-09-22T02:59:17.564Z,openbao,0.98,"36.42MiB / 512MiB",7.11
2026-09-22T02:59:17.564Z,spilo,1.11,"260MiB / 1.922GiB",13.21
2026-09-22T02:59:17.564Z,etcd,0.95,"51.85MiB / 1.922GiB",2.63
2026-09-22T02:59:24.994Z,grafana,1.04,"238.6MiB / 512MiB",46.61
2026-09-22T02:59:24.994Z,lorawan-gateway-evidence-verifier-1,0.00,"12.68MiB / 192MiB",6.60
2026-09-22T02:59:24.994Z,node-red-node-red-1,0.00,"84.02MiB / 1.922GiB",4.27
2026-09-22T02:59:24.994Z,lorawan-gateway-evidence-collector-1,0.31,"13.41MiB / 192MiB",6.98
2026-09-22T02:59:24.994Z,seaweedfs,6.18,"141.6MiB / 256MiB",55.32
2026-09-22T02:59:24.994Z,seaweedfs-metadata-etcd,7.92,"77.67MiB / 96MiB",80.90
2026-09-22T02:59:24.994Z,openbao,1.44,"36.42MiB / 512MiB",7.11
2026-09-22T02:59:24.994Z,spilo,1.65,"260MiB / 1.922GiB",13.21
2026-09-22T02:59:24.994Z,etcd,0.85,"51.85MiB / 1.922GiB",2.63
2026-09-22T02:59:32.221Z,grafana,1.11,"238.6MiB / 512MiB",46.61
2026-09-22T02:59:32.221Z,lorawan-gateway-evidence-verifier-1,13.94,"12.8MiB / 192MiB",6.67
2026-09-22T02:59:32.221Z,node-red-node-red-1,0.01,"84.05MiB / 1.922GiB",4.27
2026-09-22T02:59:32.221Z,lorawan-gateway-evidence-collector-1,0.27,"13.41MiB / 192MiB",6.98
2026-09-22T02:59:32.221Z,seaweedfs,24.43,"142.2MiB / 256MiB",55.55
2026-09-22T02:59:32.221Z,seaweedfs-metadata-etcd,12.54,"77.89MiB / 96MiB",81.13
2026-09-22T02:59:32.221Z,openbao,1.16,"36.42MiB / 512MiB",7.11
2026-09-22T02:59:32.221Z,spilo,0.93,"260MiB / 1.922GiB",13.21
2026-09-22T02:59:32.221Z,etcd,0.98,"51.85MiB / 1.922GiB",2.63
2026-09-22T02:59:39.689Z,grafana,1.35,"238.6MiB / 512MiB",46.61
2026-09-22T02:59:39.689Z,lorawan-gateway-evidence-verifier-1,11.97,"12.87MiB / 192MiB",6.70
2026-09-22T02:59:39.689Z,node-red-node-red-1,0.00,"84.06MiB / 1.922GiB",4.27
2026-09-22T02:59:39.689Z,lorawan-gateway-evidence-collector-1,0.24,"13.41MiB / 192MiB",6.98
2026-09-22T02:59:39.689Z,seaweedfs,28.44,"142MiB / 256MiB",55.47
2026-09-22T02:59:39.689Z,seaweedfs-metadata-etcd,12.08,"77.89MiB / 96MiB",81.13
2026-09-22T02:59:39.689Z,openbao,1.17,"36.42MiB / 512MiB",7.11
2026-09-22T02:59:39.689Z,spilo,1.18,"260MiB / 1.922GiB",13.21
2026-09-22T02:59:39.689Z,etcd,0.93,"51.85MiB / 1.922GiB",2.63
2026-09-22T02:59:47.180Z,grafana,0.98,"238.6MiB / 512MiB",46.61
2026-09-22T02:59:47.180Z,lorawan-gateway-evidence-verifier-1,13.95,"13.06MiB / 192MiB",6.80
2026-09-22T02:59:47.180Z,node-red-node-red-1,0.01,"84.09MiB / 1.922GiB",4.27
2026-09-22T02:59:47.180Z,lorawan-gateway-evidence-collector-1,0.28,"13.41MiB / 192MiB",6.98
2026-09-22T02:59:47.180Z,seaweedfs,26.86,"140.1MiB / 256MiB",54.73
2026-09-22T02:59:47.180Z,seaweedfs-metadata-etcd,11.21,"77.89MiB / 96MiB",81.13
2026-09-22T02:59:47.180Z,openbao,1.20,"36.42MiB / 512MiB",7.11
2026-09-22T02:59:47.180Z,spilo,0.99,"260MiB / 1.922GiB",13.21
2026-09-22T02:59:47.180Z,etcd,1.14,"51.85MiB / 1.922GiB",2.63
2026-09-22T02:59:54.598Z,grafana,1.05,"238.6MiB / 512MiB",46.61
2026-09-22T02:59:54.598Z,lorawan-gateway-evidence-verifier-1,19.84,"12.68MiB / 192MiB",6.61
2026-09-22T02:59:54.598Z,node-red-node-red-1,0.00,"84.09MiB / 1.922GiB",4.27
2026-09-22T02:59:54.598Z,lorawan-gateway-evidence-collector-1,0.24,"13.41MiB / 192MiB",6.98
2026-09-22T02:59:54.598Z,seaweedfs,19.35,"141.6MiB / 256MiB",55.33
2026-09-22T02:59:54.598Z,seaweedfs-metadata-etcd,7.72,"77.88MiB / 96MiB",81.12
2026-09-22T02:59:54.598Z,openbao,1.22,"36.42MiB / 512MiB",7.11
2026-09-22T02:59:54.598Z,spilo,1.40,"260MiB / 1.922GiB",13.21
2026-09-22T02:59:54.598Z,etcd,1.13,"51.85MiB / 1.922GiB",2.63
2026-09-22T03:00:01.905Z,grafana,2.06,"239.1MiB / 512MiB",46.71
2026-09-22T03:00:01.905Z,lorawan-gateway-evidence-verifier-1,8.77,"12.87MiB / 192MiB",6.70
2026-09-22T03:00:01.905Z,node-red-node-red-1,0.03,"84.13MiB / 1.922GiB",4.27
2026-09-22T03:00:01.905Z,lorawan-gateway-evidence-collector-1,0.55,"13.41MiB / 192MiB",6.98
2026-09-22T03:00:01.905Z,seaweedfs,14.33,"143MiB / 256MiB",55.87
2026-09-22T03:00:01.905Z,seaweedfs-metadata-etcd,9.96,"77.88MiB / 96MiB",81.13
2026-09-22T03:00:01.905Z,openbao,2.56,"36.42MiB / 512MiB",7.11
2026-09-22T03:00:01.905Z,spilo,4.10,"260.1MiB / 1.922GiB",13.21
2026-09-22T03:00:01.905Z,etcd,4.34,"51.85MiB / 1.922GiB",2.63
2026-09-22T03:00:09.806Z,grafana,1.73,"239.2MiB / 512MiB",46.71
2026-09-22T03:00:09.806Z,lorawan-gateway-evidence-verifier-1,23.45,"13.14MiB / 192MiB",6.84
2026-09-22T03:00:09.806Z,node-red-node-red-1,0.00,"84.13MiB / 1.922GiB",4.28
2026-09-22T03:00:09.806Z,lorawan-gateway-evidence-collector-1,0.89,"13.41MiB / 192MiB",6.98
2026-09-22T03:00:09.806Z,seaweedfs,30.39,"142.8MiB / 256MiB",55.80
2026-09-22T03:00:09.806Z,seaweedfs-metadata-etcd,14.34,"77.88MiB / 96MiB",81.12
2026-09-22T03:00:09.806Z,openbao,3.92,"36.42MiB / 512MiB",7.11
2026-09-22T03:00:09.806Z,spilo,2.00,"260.1MiB / 1.922GiB",13.21
2026-09-22T03:00:09.806Z,etcd,3.25,"51.85MiB / 1.922GiB",2.63
2026-09-22T03:00:17.270Z,grafana,1.11,"239.2MiB / 512MiB",46.71
2026-09-22T03:00:17.270Z,lorawan-gateway-evidence-verifier-1,11.81,"13.15MiB / 192MiB",6.85
2026-09-22T03:00:17.270Z,node-red-node-red-1,0.01,"84.18MiB / 1.922GiB",4.28
2026-09-22T03:00:17.270Z,lorawan-gateway-evidence-collector-1,0.32,"13.41MiB / 192MiB",6.98
2026-09-22T03:00:17.270Z,seaweedfs,25.25,"141.6MiB / 256MiB",55.32
2026-09-22T03:00:17.270Z,seaweedfs-metadata-etcd,10.48,"77.88MiB / 96MiB",81.13
2026-09-22T03:00:17.270Z,openbao,1.65,"36.42MiB / 512MiB",7.11
2026-09-22T03:00:17.270Z,spilo,1.32,"260.1MiB / 1.922GiB",13.21
2026-09-22T03:00:17.270Z,etcd,1.26,"51.85MiB / 1.922GiB",2.63
2026-09-22T03:00:24.893Z,grafana,1.39,"239.2MiB / 512MiB",46.71
2026-09-22T03:00:24.893Z,lorawan-gateway-evidence-verifier-1,12.40,"13.25MiB / 192MiB",6.90
2026-09-22T03:00:24.893Z,node-red-node-red-1,0.00,"84.18MiB / 1.922GiB",4.28
2026-09-22T03:00:24.893Z,lorawan-gateway-evidence-collector-1,0.33,"13.41MiB / 192MiB",6.98
2026-09-22T03:00:24.893Z,seaweedfs,25.66,"141.9MiB / 256MiB",55.42
2026-09-22T03:00:24.893Z,seaweedfs-metadata-etcd,10.01,"77.88MiB / 96MiB",81.12
2026-09-22T03:00:24.893Z,openbao,1.87,"36.42MiB / 512MiB",7.11
2026-09-22T03:00:24.893Z,spilo,2.37,"260.1MiB / 1.922GiB",13.21
2026-09-22T03:00:24.893Z,etcd,1.08,"51.85MiB / 1.922GiB",2.63
2026-09-22T03:00:32.539Z,grafana,1.34,"239.1MiB / 512MiB",46.69
2026-09-22T03:00:32.539Z,lorawan-gateway-evidence-verifier-1,20.45,"12.84MiB / 192MiB",6.69
2026-09-22T03:00:32.539Z,node-red-node-red-1,0.00,"84.22MiB / 1.922GiB",4.28
2026-09-22T03:00:32.539Z,lorawan-gateway-evidence-collector-1,0.30,"13.41MiB / 192MiB",6.98
2026-09-22T03:00:32.539Z,seaweedfs,22.58,"142.8MiB / 256MiB",55.79
2026-09-22T03:00:32.539Z,seaweedfs-metadata-etcd,8.93,"77.88MiB / 96MiB",81.12
2026-09-22T03:00:32.539Z,openbao,1.35,"36.42MiB / 512MiB",7.11
2026-09-22T03:00:32.539Z,spilo,2.19,"260MiB / 1.922GiB",13.21
2026-09-22T03:00:32.539Z,etcd,1.10,"51.85MiB / 1.922GiB",2.63
2026-09-22T03:00:40.103Z,grafana,1.26,"239.1MiB / 512MiB",46.69
2026-09-22T03:00:40.103Z,lorawan-gateway-evidence-verifier-1,20.54,"12.75MiB / 192MiB",6.64
2026-09-22T03:00:40.103Z,node-red-node-red-1,0.00,"84.23MiB / 1.922GiB",4.28
2026-09-22T03:00:40.103Z,lorawan-gateway-evidence-collector-1,0.30,"13.41MiB / 192MiB",6.98
2026-09-22T03:00:40.103Z,seaweedfs,15.98,"143.1MiB / 256MiB",55.90
2026-09-22T03:00:40.103Z,seaweedfs-metadata-etcd,8.55,"77.88MiB / 96MiB",81.13
2026-09-22T03:00:40.103Z,openbao,1.14,"36.42MiB / 512MiB",7.11
2026-09-22T03:00:40.103Z,spilo,1.21,"260MiB / 1.922GiB",13.21
2026-09-22T03:00:40.103Z,etcd,1.00,"51.85MiB / 1.922GiB",2.63
2026-09-22T03:00:47.624Z,grafana,1.61,"239.1MiB / 512MiB",46.69
2026-09-22T03:00:47.624Z,lorawan-gateway-evidence-verifier-1,20.05,"12.84MiB / 192MiB",6.69
2026-09-22T03:00:47.624Z,node-red-node-red-1,0.00,"84.27MiB / 1.922GiB",4.28
2026-09-22T03:00:47.624Z,lorawan-gateway-evidence-collector-1,0.27,"13.41MiB / 192MiB",6.98
2026-09-22T03:00:47.624Z,seaweedfs,20.42,"142.7MiB / 256MiB",55.73
2026-09-22T03:00:47.624Z,seaweedfs-metadata-etcd,8.60,"77.88MiB / 96MiB",81.12
2026-09-22T03:00:47.624Z,openbao,1.50,"36.42MiB / 512MiB",7.11
2026-09-22T03:00:47.624Z,spilo,1.33,"260.1MiB / 1.922GiB",13.21
2026-09-22T03:00:47.624Z,etcd,1.00,"51.85MiB / 1.922GiB",2.63
2026-09-22T03:00:55.197Z,grafana,0.97,"239.1MiB / 512MiB",46.69
2026-09-22T03:00:55.197Z,lorawan-gateway-evidence-verifier-1,21.24,"13.14MiB / 192MiB",6.85
2026-09-22T03:00:55.197Z,node-red-node-red-1,0.00,"84.27MiB / 1.922GiB",4.28
2026-09-22T03:00:55.197Z,lorawan-gateway-evidence-collector-1,0.28,"13.41MiB / 192MiB",6.98
2026-09-22T03:00:55.197Z,seaweedfs,21.51,"142.7MiB / 256MiB",55.74
2026-09-22T03:00:55.197Z,seaweedfs-metadata-etcd,9.30,"77.88MiB / 96MiB",81.12
2026-09-22T03:00:55.197Z,openbao,1.42,"36.42MiB / 512MiB",7.11
2026-09-22T03:00:55.197Z,spilo,0.84,"260MiB / 1.922GiB",13.21
2026-09-22T03:00:55.197Z,etcd,2.03,"51.85MiB / 1.922GiB",2.63
2026-09-22T03:01:02.794Z,grafana,1.14,"239.1MiB / 512MiB",46.69
2026-09-22T03:01:02.794Z,lorawan-gateway-evidence-verifier-1,16.83,"12.68MiB / 192MiB",6.60
2026-09-22T03:01:02.794Z,node-red-node-red-1,0.00,"84.3MiB / 1.922GiB",4.28
2026-09-22T03:01:02.794Z,lorawan-gateway-evidence-collector-1,0.33,"13.41MiB / 192MiB",6.98
2026-09-22T03:01:02.794Z,seaweedfs,20.04,"141.7MiB / 256MiB",55.34
2026-09-22T03:01:02.794Z,seaweedfs-metadata-etcd,10.82,"77.88MiB / 96MiB",81.13
2026-09-22T03:01:02.794Z,openbao,1.07,"36.42MiB / 512MiB",7.11
2026-09-22T03:01:02.794Z,spilo,1.83,"260MiB / 1.922GiB",13.21
2026-09-22T03:01:02.794Z,etcd,1.79,"51.85MiB / 1.922GiB",2.63
2026-09-22T03:01:10.289Z,grafana,1.80,"239.1MiB / 512MiB",46.69
2026-09-22T03:01:10.289Z,lorawan-gateway-evidence-verifier-1,17.23,"13.1MiB / 192MiB",6.82
2026-09-22T03:01:10.289Z,node-red-node-red-1,0.00,"84.31MiB / 1.922GiB",4.28
2026-09-22T03:01:10.289Z,lorawan-gateway-evidence-collector-1,0.31,"13.41MiB / 192MiB",6.98
2026-09-22T03:01:10.289Z,seaweedfs,25.99,"146.6MiB / 256MiB",57.26
2026-09-22T03:01:10.289Z,seaweedfs-metadata-etcd,12.17,"77.88MiB / 96MiB",81.12
2026-09-22T03:01:10.289Z,openbao,1.41,"36.42MiB / 512MiB",7.11
2026-09-22T03:01:10.289Z,spilo,1.77,"260.1MiB / 1.922GiB",13.21
2026-09-22T03:01:10.289Z,etcd,1.26,"51.85MiB / 1.922GiB",2.63
2026-09-22T03:01:17.836Z,grafana,1.32,"239.1MiB / 512MiB",46.69
2026-09-22T03:01:17.836Z,lorawan-gateway-evidence-verifier-1,16.37,"13.17MiB / 192MiB",6.86
2026-09-22T03:01:17.836Z,node-red-node-red-1,0.00,"84.35MiB / 1.922GiB",4.29
2026-09-22T03:01:17.836Z,lorawan-gateway-evidence-collector-1,0.28,"13.41MiB / 192MiB",6.98
2026-09-22T03:01:17.836Z,seaweedfs,25.67,"141.6MiB / 256MiB",55.33
2026-09-22T03:01:17.836Z,seaweedfs-metadata-etcd,10.43,"77.88MiB / 96MiB",81.12
2026-09-22T03:01:17.836Z,openbao,1.64,"36.42MiB / 512MiB",7.11
2026-09-22T03:01:17.836Z,spilo,1.33,"260.1MiB / 1.922GiB",13.21
2026-09-22T03:01:17.836Z,etcd,1.05,"51.85MiB / 1.922GiB",2.63
2026-09-22T03:01:25.408Z,grafana,1.03,"239.1MiB / 512MiB",46.69
2026-09-22T03:01:25.408Z,lorawan-gateway-evidence-verifier-1,16.66,"12.84MiB / 192MiB",6.69
2026-09-22T03:01:25.408Z,node-red-node-red-1,0.00,"84.35MiB / 1.922GiB",4.29
2026-09-22T03:01:25.408Z,lorawan-gateway-evidence-collector-1,0.25,"13.41MiB / 192MiB",6.98
2026-09-22T03:01:25.408Z,seaweedfs,27.17,"142.8MiB / 256MiB",55.78
2026-09-22T03:01:25.408Z,seaweedfs-metadata-etcd,9.81,"77.88MiB / 96MiB",81.13
2026-09-22T03:01:25.408Z,openbao,1.74,"36.42MiB / 512MiB",7.11
2026-09-22T03:01:25.408Z,spilo,1.02,"260.1MiB / 1.922GiB",13.21
2026-09-22T03:01:25.408Z,etcd,2.08,"51.86MiB / 1.922GiB",2.64
2026-09-22T03:01:32.858Z,grafana,1.00,"239.1MiB / 512MiB",46.69
2026-09-22T03:01:32.858Z,lorawan-gateway-evidence-verifier-1,12.32,"13.1MiB / 192MiB",6.82
2026-09-22T03:01:32.858Z,node-red-node-red-1,0.00,"84.38MiB / 1.922GiB",4.29
2026-09-22T03:01:32.858Z,lorawan-gateway-evidence-collector-1,0.27,"13.41MiB / 192MiB",6.98
2026-09-22T03:01:32.858Z,seaweedfs,23.82,"142.8MiB / 256MiB",55.79
2026-09-22T03:01:32.858Z,seaweedfs-metadata-etcd,11.53,"77.89MiB / 96MiB",81.13
2026-09-22T03:01:32.858Z,openbao,1.22,"36.45MiB / 512MiB",7.12
2026-09-22T03:01:32.858Z,spilo,2.47,"260.1MiB / 1.922GiB",13.22
2026-09-22T03:01:32.858Z,etcd,0.85,"51.86MiB / 1.922GiB",2.64
2026-09-22T03:01:40.348Z,grafana,1.31,"239.1MiB / 512MiB",46.69
2026-09-22T03:01:40.348Z,lorawan-gateway-evidence-verifier-1,0.09,"13.16MiB / 192MiB",6.85
2026-09-22T03:01:40.348Z,node-red-node-red-1,0.00,"84.39MiB / 1.922GiB",4.29
2026-09-22T03:01:40.348Z,lorawan-gateway-evidence-collector-1,0.32,"13.41MiB / 192MiB",6.98
2026-09-22T03:01:40.348Z,seaweedfs,6.12,"142.9MiB / 256MiB",55.82
2026-09-22T03:01:40.348Z,seaweedfs-metadata-etcd,8.04,"77.88MiB / 96MiB",81.12
2026-09-22T03:01:40.348Z,openbao,1.17,"36.45MiB / 512MiB",7.12
2026-09-22T03:01:40.348Z,spilo,1.43,"260.1MiB / 1.922GiB",13.22
2026-09-22T03:01:40.348Z,etcd,1.03,"51.86MiB / 1.922GiB",2.64
2026-09-22T03:01:47.683Z,grafana,1.10,"239.1MiB / 512MiB",46.69
2026-09-22T03:01:47.683Z,lorawan-gateway-evidence-verifier-1,0.05,"13.16MiB / 192MiB",6.85
2026-09-22T03:01:47.683Z,node-red-node-red-1,0.00,"84.43MiB / 1.922GiB",4.29
2026-09-22T03:01:47.683Z,lorawan-gateway-evidence-collector-1,0.33,"13.41MiB / 192MiB",6.98
2026-09-22T03:01:47.683Z,seaweedfs,7.16,"142.9MiB / 256MiB",55.82
2026-09-22T03:01:47.683Z,seaweedfs-metadata-etcd,9.53,"77.89MiB / 96MiB",81.13
2026-09-22T03:01:47.683Z,openbao,1.42,"36.45MiB / 512MiB",7.12
2026-09-22T03:01:47.683Z,spilo,0.94,"260.1MiB / 1.922GiB",13.22
2026-09-22T03:01:47.683Z,etcd,1.07,"51.86MiB / 1.922GiB",2.64
2026-09-22T03:01:54.884Z,grafana,1.08,"239.1MiB / 512MiB",46.69
2026-09-22T03:01:54.884Z,lorawan-gateway-evidence-verifier-1,0.00,"13.16MiB / 192MiB",6.85
2026-09-22T03:01:54.884Z,node-red-node-red-1,0.00,"84.43MiB / 1.922GiB",4.29
2026-09-22T03:01:54.884Z,lorawan-gateway-evidence-collector-1,0.32,"13.41MiB / 192MiB",6.98
2026-09-22T03:01:54.884Z,seaweedfs,0.82,"142.9MiB / 256MiB",55.82
2026-09-22T03:01:54.884Z,seaweedfs-metadata-etcd,0.75,"77.88MiB / 96MiB",81.12
2026-09-22T03:01:54.884Z,openbao,1.24,"36.45MiB / 512MiB",7.12
2026-09-22T03:01:54.884Z,spilo,1.65,"260.1MiB / 1.922GiB",13.22
2026-09-22T03:01:54.884Z,etcd,1.44,"51.86MiB / 1.922GiB",2.64
2026-09-22T03:02:02.094Z,grafana,3.10,"239.1MiB / 512MiB",46.69
2026-09-22T03:02:02.094Z,lorawan-gateway-evidence-verifier-1,0.17,"13.16MiB / 192MiB",6.85
2026-09-22T03:02:02.094Z,node-red-node-red-1,0.02,"84.46MiB / 1.922GiB",4.29
2026-09-22T03:02:02.094Z,lorawan-gateway-evidence-collector-1,0.42,"13.41MiB / 192MiB",6.98
2026-09-22T03:02:02.094Z,seaweedfs,5.07,"141.8MiB / 256MiB",55.37
2026-09-22T03:02:02.094Z,seaweedfs-metadata-etcd,4.36,"77.88MiB / 96MiB",81.13
2026-09-22T03:02:02.094Z,openbao,1.97,"36.45MiB / 512MiB",7.12
2026-09-22T03:02:02.094Z,spilo,1.74,"260.1MiB / 1.922GiB",13.22
2026-09-22T03:02:02.094Z,etcd,1.21,"51.86MiB / 1.922GiB",2.64
2026-09-22T03:02:09.315Z,grafana,1.22,"239.1MiB / 512MiB",46.69
2026-09-22T03:02:09.315Z,lorawan-gateway-evidence-verifier-1,13.46,"13.16MiB / 192MiB",6.85
2026-09-22T03:02:09.315Z,node-red-node-red-1,0.00,"84.47MiB / 1.922GiB",4.29
2026-09-22T03:02:09.315Z,lorawan-gateway-evidence-collector-1,0.32,"13.41MiB / 192MiB",6.98
2026-09-22T03:02:09.315Z,seaweedfs,26.68,"146.5MiB / 256MiB",57.21
2026-09-22T03:02:09.315Z,seaweedfs-metadata-etcd,12.60,"77.88MiB / 96MiB",81.13
2026-09-22T03:02:09.315Z,openbao,1.72,"36.45MiB / 512MiB",7.12
2026-09-22T03:02:09.315Z,spilo,1.73,"260.1MiB / 1.922GiB",13.22
2026-09-22T03:02:09.315Z,etcd,1.43,"51.86MiB / 1.922GiB",2.64
2026-09-22T03:02:16.780Z,grafana,1.33,"239.1MiB / 512MiB",46.69
2026-09-22T03:02:16.780Z,lorawan-gateway-evidence-verifier-1,14.96,"13.32MiB / 192MiB",6.94
2026-09-22T03:02:16.780Z,node-red-node-red-1,0.01,"84.51MiB / 1.922GiB",4.29
2026-09-22T03:02:16.780Z,lorawan-gateway-evidence-collector-1,0.30,"13.41MiB / 192MiB",6.98
2026-09-22T03:02:16.780Z,seaweedfs,26.14,"142.1MiB / 256MiB",55.49
2026-09-22T03:02:16.780Z,seaweedfs-metadata-etcd,7.66,"77.88MiB / 96MiB",81.13
2026-09-22T03:02:16.780Z,openbao,1.24,"36.45MiB / 512MiB",7.12
2026-09-22T03:02:16.780Z,spilo,1.45,"260MiB / 1.922GiB",13.21
2026-09-22T03:02:16.780Z,etcd,1.03,"51.86MiB / 1.922GiB",2.64
2026-09-22T03:02:24.451Z,grafana,1.37,"239.1MiB / 512MiB",46.69
2026-09-22T03:02:24.451Z,lorawan-gateway-evidence-verifier-1,0.10,"12.96MiB / 192MiB",6.75
2026-09-22T03:02:24.451Z,node-red-node-red-1,0.00,"84.51MiB / 1.922GiB",4.29
2026-09-22T03:02:24.451Z,lorawan-gateway-evidence-collector-1,0.42,"13.41MiB / 192MiB",6.98
2026-09-22T03:02:24.451Z,seaweedfs,0.77,"141.8MiB / 256MiB",55.41
2026-09-22T03:02:24.451Z,seaweedfs-metadata-etcd,1.23,"77.88MiB / 96MiB",81.12
2026-09-22T03:02:24.451Z,openbao,2.39,"36.45MiB / 512MiB",7.12
2026-09-22T03:02:24.451Z,spilo,2.66,"260MiB / 1.922GiB",13.21
2026-09-22T03:02:24.451Z,etcd,1.18,"51.86MiB / 1.922GiB",2.64
2026-09-22T03:02:31.642Z,grafana,3.29,"239.1MiB / 512MiB",46.69
2026-09-22T03:02:31.642Z,lorawan-gateway-evidence-verifier-1,0.16,"12.96MiB / 192MiB",6.75
2026-09-22T03:02:31.642Z,node-red-node-red-1,1.77,"84.54MiB / 1.922GiB",4.30
2026-09-22T03:02:31.642Z,lorawan-gateway-evidence-collector-1,0.45,"13.41MiB / 192MiB",6.98
2026-09-22T03:02:31.642Z,seaweedfs,2.35,"141.8MiB / 256MiB",55.41
2026-09-22T03:02:31.642Z,seaweedfs-metadata-etcd,2.34,"77.88MiB / 96MiB",81.12
2026-09-22T03:02:31.642Z,openbao,1.97,"36.45MiB / 512MiB",7.12
2026-09-22T03:02:31.642Z,spilo,1.58,"260MiB / 1.922GiB",13.21
2026-09-22T03:02:31.642Z,etcd,1.56,"51.86MiB / 1.922GiB",2.64
2026-09-22T03:02:38.959Z,grafana,1.41,"239.1MiB / 512MiB",46.69
2026-09-22T03:02:38.959Z,lorawan-gateway-evidence-verifier-1,15.23,"12.97MiB / 192MiB",6.75
2026-09-22T03:02:38.959Z,node-red-node-red-1,0.00,"84.54MiB / 1.922GiB",4.30
2026-09-22T03:02:38.959Z,lorawan-gateway-evidence-collector-1,0.35,"13.41MiB / 192MiB",6.98
2026-09-22T03:02:38.959Z,seaweedfs,30.76,"142.3MiB / 256MiB",55.57
2026-09-22T03:02:38.959Z,seaweedfs-metadata-etcd,9.37,"77.88MiB / 96MiB",81.12
2026-09-22T03:02:38.959Z,openbao,1.50,"36.45MiB / 512MiB",7.12
2026-09-22T03:02:38.959Z,spilo,1.51,"260MiB / 1.922GiB",13.21
2026-09-22T03:02:38.959Z,etcd,1.41,"51.86MiB / 1.922GiB",2.64
2026-09-22T03:02:46.464Z,grafana,1.94,"239.1MiB / 512MiB",46.69
2026-09-22T03:02:46.464Z,lorawan-gateway-evidence-verifier-1,14.38,"13.15MiB / 192MiB",6.85
2026-09-22T03:02:46.464Z,node-red-node-red-1,1.88,"84.58MiB / 1.922GiB",4.30
2026-09-22T03:02:46.464Z,lorawan-gateway-evidence-collector-1,0.34,"13.41MiB / 192MiB",6.98
2026-09-22T03:02:46.464Z,seaweedfs,30.75,"143.1MiB / 256MiB",55.88
2026-09-22T03:02:46.464Z,seaweedfs-metadata-etcd,12.48,"77.88MiB / 96MiB",81.12
2026-09-22T03:02:46.464Z,openbao,1.06,"36.45MiB / 512MiB",7.12
2026-09-22T03:02:46.464Z,spilo,1.38,"260MiB / 1.922GiB",13.21
2026-09-22T03:02:46.464Z,etcd,1.00,"51.86MiB / 1.922GiB",2.64
2026-09-22T03:02:54.187Z,grafana,1.21,"239.1MiB / 512MiB",46.69
2026-09-22T03:02:54.187Z,lorawan-gateway-evidence-verifier-1,7.59,"13.03MiB / 192MiB",6.79
2026-09-22T03:02:54.187Z,node-red-node-red-1,0.00,"84.58MiB / 1.922GiB",4.30
2026-09-22T03:02:54.187Z,lorawan-gateway-evidence-collector-1,0.32,"13.41MiB / 192MiB",6.98
2026-09-22T03:02:54.187Z,seaweedfs,17.90,"141.9MiB / 256MiB",55.44
2026-09-22T03:02:54.187Z,seaweedfs-metadata-etcd,11.63,"77.88MiB / 96MiB",81.12
2026-09-22T03:02:54.187Z,openbao,1.71,"36.45MiB / 512MiB",7.12
2026-09-22T03:02:54.187Z,spilo,2.70,"260MiB / 1.922GiB",13.21
2026-09-22T03:02:54.187Z,etcd,1.04,"51.86MiB / 1.922GiB",2.64
2026-09-22T03:03:01.646Z,grafana,5.22,"239.1MiB / 512MiB",46.69
2026-09-22T03:03:01.646Z,lorawan-gateway-evidence-verifier-1,0.16,"13.03MiB / 192MiB",6.79
2026-09-22T03:03:01.646Z,node-red-node-red-1,4.89,"84.62MiB / 1.922GiB",4.30
2026-09-22T03:03:01.646Z,lorawan-gateway-evidence-collector-1,0.40,"13.41MiB / 192MiB",6.98
2026-09-22T03:03:01.646Z,seaweedfs,3.25,"141.9MiB / 256MiB",55.44
2026-09-22T03:03:01.646Z,seaweedfs-metadata-etcd,4.57,"77.88MiB / 96MiB",81.12
2026-09-22T03:03:01.646Z,openbao,1.99,"36.45MiB / 512MiB",7.12
2026-09-22T03:03:01.646Z,spilo,2.74,"260MiB / 1.922GiB",13.21
2026-09-22T03:03:01.646Z,etcd,2.52,"51.86MiB / 1.922GiB",2.64
2026-09-22T03:03:09.050Z,grafana,1.45,"239.1MiB / 512MiB",46.69
2026-09-22T03:03:09.050Z,lorawan-gateway-evidence-verifier-1,0.00,"13.03MiB / 192MiB",6.79
2026-09-22T03:03:09.050Z,node-red-node-red-1,0.00,"84.62MiB / 1.922GiB",4.30
2026-09-22T03:03:09.050Z,lorawan-gateway-evidence-collector-1,0.41,"13.41MiB / 192MiB",6.98
2026-09-22T03:03:09.050Z,seaweedfs,0.69,"141.6MiB / 256MiB",55.31
2026-09-22T03:03:09.050Z,seaweedfs-metadata-etcd,1.19,"77.88MiB / 96MiB",81.12
2026-09-22T03:03:09.050Z,openbao,1.37,"36.45MiB / 512MiB",7.12
2026-09-22T03:03:09.050Z,spilo,1.59,"260MiB / 1.922GiB",13.21
2026-09-22T03:03:09.050Z,etcd,1.32,"51.86MiB / 1.922GiB",2.64
2026-09-22T03:03:16.306Z,grafana,2.40,"239.1MiB / 512MiB",46.69
2026-09-22T03:03:16.306Z,lorawan-gateway-evidence-verifier-1,13.61,"13.16MiB / 192MiB",6.85
2026-09-22T03:03:16.306Z,node-red-node-red-1,0.02,"84.65MiB / 1.922GiB",4.30
2026-09-22T03:03:16.306Z,lorawan-gateway-evidence-collector-1,0.35,"13.41MiB / 192MiB",6.98
2026-09-22T03:03:16.306Z,seaweedfs,27.72,"142.3MiB / 256MiB",55.60
2026-09-22T03:03:16.306Z,seaweedfs-metadata-etcd,13.97,"77.88MiB / 96MiB",81.13
2026-09-22T03:03:16.306Z,openbao,1.54,"36.45MiB / 512MiB",7.12
2026-09-22T03:03:16.306Z,spilo,1.87,"260MiB / 1.922GiB",13.21
2026-09-22T03:03:16.306Z,etcd,1.11,"51.86MiB / 1.922GiB",2.64
2026-09-22T03:03:24.023Z,grafana,1.01,"239.1MiB / 512MiB",46.69
2026-09-22T03:03:24.023Z,lorawan-gateway-evidence-verifier-1,16.48,"13.03MiB / 192MiB",6.79
2026-09-22T03:03:24.023Z,node-red-node-red-1,0.00,"84.65MiB / 1.922GiB",4.30
2026-09-22T03:03:24.023Z,lorawan-gateway-evidence-collector-1,0.33,"13.41MiB / 192MiB",6.98
2026-09-22T03:03:24.023Z,seaweedfs,26.44,"141.8MiB / 256MiB",55.39
2026-09-22T03:03:24.023Z,seaweedfs-metadata-etcd,14.17,"77.89MiB / 96MiB",81.13
2026-09-22T03:03:24.023Z,openbao,1.81,"36.45MiB / 512MiB",7.12
2026-09-22T03:03:24.023Z,spilo,2.90,"260MiB / 1.922GiB",13.21
2026-09-22T03:03:24.023Z,etcd,0.97,"51.86MiB / 1.922GiB",2.64
2026-09-22T03:03:31.553Z,grafana,4.23,"239.1MiB / 512MiB",46.69
2026-09-22T03:03:31.553Z,lorawan-gateway-evidence-verifier-1,0.12,"13.11MiB / 192MiB",6.83
2026-09-22T03:03:31.553Z,node-red-node-red-1,1.59,"84.69MiB / 1.922GiB",4.30
2026-09-22T03:03:31.553Z,lorawan-gateway-evidence-collector-1,0.62,"13.41MiB / 192MiB",6.98
2026-09-22T03:03:31.553Z,seaweedfs,10.76,"141.7MiB / 256MiB",55.37
2026-09-22T03:03:31.553Z,seaweedfs-metadata-etcd,10.76,"77.88MiB / 96MiB",81.13
2026-09-22T03:03:31.553Z,openbao,1.74,"36.45MiB / 512MiB",7.12
2026-09-22T03:03:31.553Z,spilo,1.58,"260MiB / 1.922GiB",13.21
2026-09-22T03:03:31.553Z,etcd,1.33,"51.86MiB / 1.922GiB",2.64
2026-09-22T03:03:38.898Z,grafana,1.19,"239.2MiB / 512MiB",46.72
2026-09-22T03:03:38.898Z,lorawan-gateway-evidence-verifier-1,13.72,"13.2MiB / 192MiB",6.87
2026-09-22T03:03:38.898Z,node-red-node-red-1,13.32,"84.69MiB / 1.922GiB",4.30
2026-09-22T03:03:38.898Z,lorawan-gateway-evidence-collector-1,0.28,"13.41MiB / 192MiB",6.98
2026-09-22T03:03:38.898Z,seaweedfs,26.67,"141.9MiB / 256MiB",55.44
2026-09-22T03:03:38.898Z,seaweedfs-metadata-etcd,8.40,"77.88MiB / 96MiB",81.13
2026-09-22T03:03:38.898Z,openbao,1.32,"36.45MiB / 512MiB",7.12
2026-09-22T03:03:38.898Z,spilo,1.67,"260MiB / 1.922GiB",13.21
2026-09-22T03:03:38.898Z,etcd,1.69,"51.86MiB / 1.922GiB",2.64
2026-09-22T03:03:46.366Z,grafana,1.58,"239.2MiB / 512MiB",46.72
2026-09-22T03:03:46.366Z,lorawan-gateway-evidence-verifier-1,7.71,"13.01MiB / 192MiB",6.77
2026-09-22T03:03:46.366Z,node-red-node-red-1,1.55,"84.73MiB / 1.922GiB",4.31
2026-09-22T03:03:46.366Z,lorawan-gateway-evidence-collector-1,0.61,"13.41MiB / 192MiB",6.98
2026-09-22T03:03:46.366Z,seaweedfs,20.93,"141.4MiB / 256MiB",55.22
2026-09-22T03:03:46.366Z,seaweedfs-metadata-etcd,14.76,"77.95MiB / 96MiB",81.19
2026-09-22T03:03:46.366Z,openbao,1.38,"36.45MiB / 512MiB",7.12
2026-09-22T03:03:46.366Z,spilo,1.39,"260MiB / 1.922GiB",13.21
2026-09-22T03:03:46.366Z,etcd,1.15,"51.87MiB / 1.922GiB",2.64
2026-09-22T03:03:53.776Z,grafana,1.07,"239.2MiB / 512MiB",46.72
2026-09-22T03:03:53.776Z,lorawan-gateway-evidence-verifier-1,14.49,"12.62MiB / 192MiB",6.58
2026-09-22T03:03:53.776Z,node-red-node-red-1,0.00,"84.73MiB / 1.922GiB",4.31
2026-09-22T03:03:53.776Z,lorawan-gateway-evidence-collector-1,0.25,"13.41MiB / 192MiB",6.98
2026-09-22T03:03:53.776Z,seaweedfs,26.61,"141.6MiB / 256MiB",55.31
2026-09-22T03:03:53.776Z,seaweedfs-metadata-etcd,13.03,"77.94MiB / 96MiB",81.19
2026-09-22T03:03:53.776Z,openbao,1.34,"36.45MiB / 512MiB",7.12
2026-09-22T03:03:53.776Z,spilo,1.08,"260MiB / 1.922GiB",13.21
2026-09-22T03:03:53.776Z,etcd,1.18,"51.87MiB / 1.922GiB",2.64
2026-09-22T03:04:01.358Z,grafana,5.66,"239.2MiB / 512MiB",46.73
2026-09-22T03:04:01.358Z,lorawan-gateway-evidence-verifier-1,9.86,"13.12MiB / 192MiB",6.83
2026-09-22T03:04:01.358Z,node-red-node-red-1,3.77,"84.77MiB / 1.922GiB",4.31
2026-09-22T03:04:01.358Z,lorawan-gateway-evidence-collector-1,0.84,"13.41MiB / 192MiB",6.98
2026-09-22T03:04:01.358Z,seaweedfs,30.79,"143.5MiB / 256MiB",56.06
2026-09-22T03:04:01.358Z,seaweedfs-metadata-etcd,12.18,"77.94MiB / 96MiB",81.19
2026-09-22T03:04:01.358Z,openbao,2.46,"36.45MiB / 512MiB",7.12
2026-09-22T03:04:01.358Z,spilo,2.48,"260MiB / 1.922GiB",13.21
2026-09-22T03:04:01.358Z,etcd,1.59,"51.87MiB / 1.922GiB",2.64
2026-09-22T03:04:09.058Z,grafana,1.23,"239.2MiB / 512MiB",46.73
2026-09-22T03:04:09.058Z,lorawan-gateway-evidence-verifier-1,9.62,"12.47MiB / 192MiB",6.50
2026-09-22T03:04:09.058Z,node-red-node-red-1,25.82,"84.88MiB / 1.922GiB",4.31
2026-09-22T03:04:09.058Z,lorawan-gateway-evidence-collector-1,0.31,"13.41MiB / 192MiB",6.98
2026-09-22T03:04:09.058Z,seaweedfs,21.62,"142.4MiB / 256MiB",55.62
2026-09-22T03:04:09.058Z,seaweedfs-metadata-etcd,11.53,"77.94MiB / 96MiB",81.18
2026-09-22T03:04:09.058Z,openbao,1.34,"36.45MiB / 512MiB",7.12
2026-09-22T03:04:09.058Z,spilo,1.61,"260MiB / 1.922GiB",13.21
2026-09-22T03:04:09.058Z,etcd,1.55,"51.87MiB / 1.922GiB",2.64
2026-09-22T03:04:16.902Z,grafana,2.25,"239.3MiB / 512MiB",46.74
2026-09-22T03:04:16.902Z,lorawan-gateway-evidence-verifier-1,14.38,"12.7MiB / 192MiB",6.61
2026-09-22T03:04:16.902Z,node-red-node-red-1,0.01,"84.93MiB / 1.922GiB",4.32
2026-09-22T03:04:16.902Z,lorawan-gateway-evidence-collector-1,0.38,"13.41MiB / 192MiB",6.98
2026-09-22T03:04:16.902Z,seaweedfs,27.27,"142.6MiB / 256MiB",55.71
2026-09-22T03:04:16.902Z,seaweedfs-metadata-etcd,8.94,"77.93MiB / 96MiB",81.18
2026-09-22T03:04:16.902Z,openbao,1.42,"36.45MiB / 512MiB",7.12
2026-09-22T03:04:16.902Z,spilo,1.87,"260MiB / 1.922GiB",13.21
2026-09-22T03:04:16.902Z,etcd,1.16,"51.87MiB / 1.922GiB",2.64
2026-09-22T03:04:24.476Z,grafana,1.34,"239.3MiB / 512MiB",46.74
2026-09-22T03:04:24.476Z,lorawan-gateway-evidence-verifier-1,13.05,"13.11MiB / 192MiB",6.83
2026-09-22T03:04:24.476Z,node-red-node-red-1,0.00,"84.93MiB / 1.922GiB",4.32
2026-09-22T03:04:24.476Z,lorawan-gateway-evidence-collector-1,0.29,"13.41MiB / 192MiB",6.98
2026-09-22T03:04:24.476Z,seaweedfs,32.23,"140.1MiB / 256MiB",54.74
2026-09-22T03:04:24.476Z,seaweedfs-metadata-etcd,13.73,"77.94MiB / 96MiB",81.19
2026-09-22T03:04:24.476Z,openbao,2.12,"36.45MiB / 512MiB",7.12
2026-09-22T03:04:24.476Z,spilo,3.39,"260MiB / 1.922GiB",13.21
2026-09-22T03:04:24.476Z,etcd,1.17,"51.87MiB / 1.922GiB",2.64
2026-09-22T03:04:32.094Z,grafana,1.15,"239.3MiB / 512MiB",46.74
2026-09-22T03:04:32.094Z,lorawan-gateway-evidence-verifier-1,11.99,"13.19MiB / 192MiB",6.87
2026-09-22T03:04:32.094Z,node-red-node-red-1,0.02,"84.96MiB / 1.922GiB",4.32
2026-09-22T03:04:32.094Z,lorawan-gateway-evidence-collector-1,0.29,"13.41MiB / 192MiB",6.98
2026-09-22T03:04:32.094Z,seaweedfs,23.92,"142MiB / 256MiB",55.47
2026-09-22T03:04:32.094Z,seaweedfs-metadata-etcd,10.83,"77.94MiB / 96MiB",81.19
2026-09-22T03:04:32.094Z,openbao,1.51,"36.45MiB / 512MiB",7.12
2026-09-22T03:04:32.094Z,spilo,2.38,"260MiB / 1.922GiB",13.21
2026-09-22T03:04:32.094Z,etcd,0.86,"51.87MiB / 1.922GiB",2.64
2026-09-22T03:04:39.692Z,grafana,1.01,"239.3MiB / 512MiB",46.74
2026-09-22T03:04:39.692Z,lorawan-gateway-evidence-verifier-1,11.56,"13.16MiB / 192MiB",6.85
2026-09-22T03:04:39.692Z,node-red-node-red-1,20.32,"84.96MiB / 1.922GiB",4.32
2026-09-22T03:04:39.692Z,lorawan-gateway-evidence-collector-1,0.28,"13.41MiB / 192MiB",6.98
2026-09-22T03:04:39.692Z,seaweedfs,24.36,"142.2MiB / 256MiB",55.54
2026-09-22T03:04:39.692Z,seaweedfs-metadata-etcd,10.66,"77.94MiB / 96MiB",81.19
2026-09-22T03:04:39.692Z,openbao,1.12,"36.45MiB / 512MiB",7.12
2026-09-22T03:04:39.692Z,spilo,1.08,"260MiB / 1.922GiB",13.21
2026-09-22T03:04:39.692Z,etcd,0.88,"51.87MiB / 1.922GiB",2.64
2026-09-22T03:04:47.281Z,grafana,1.41,"239.3MiB / 512MiB",46.74
2026-09-22T03:04:47.281Z,lorawan-gateway-evidence-verifier-1,14.24,"13.09MiB / 192MiB",6.82
2026-09-22T03:04:47.281Z,node-red-node-red-1,0.03,"85.01MiB / 1.922GiB",4.32
2026-09-22T03:04:47.281Z,lorawan-gateway-evidence-collector-1,0.35,"13.41MiB / 192MiB",6.98
2026-09-22T03:04:47.281Z,seaweedfs,26.13,"142MiB / 256MiB",55.47
2026-09-22T03:04:47.281Z,seaweedfs-metadata-etcd,12.36,"77.94MiB / 96MiB",81.18
2026-09-22T03:04:47.281Z,openbao,1.46,"36.45MiB / 512MiB",7.12
2026-09-22T03:04:47.281Z,spilo,1.85,"260MiB / 1.922GiB",13.21
2026-09-22T03:04:47.281Z,etcd,1.27,"51.87MiB / 1.922GiB",2.64
2026-09-22T03:04:54.789Z,grafana,1.06,"239.3MiB / 512MiB",46.74
2026-09-22T03:04:54.789Z,lorawan-gateway-evidence-verifier-1,11.70,"13.32MiB / 192MiB",6.94
2026-09-22T03:04:54.789Z,node-red-node-red-1,0.00,"85.01MiB / 1.922GiB",4.32
2026-09-22T03:04:54.789Z,lorawan-gateway-evidence-collector-1,0.30,"13.41MiB / 192MiB",6.98
2026-09-22T03:04:54.789Z,seaweedfs,31.94,"141.7MiB / 256MiB",55.34
2026-09-22T03:04:54.789Z,seaweedfs-metadata-etcd,12.14,"77.94MiB / 96MiB",81.19
2026-09-22T03:04:54.789Z,openbao,1.57,"36.45MiB / 512MiB",7.12
2026-09-22T03:04:54.789Z,spilo,2.76,"260MiB / 1.922GiB",13.21
2026-09-22T03:04:54.789Z,etcd,1.15,"51.87MiB / 1.922GiB",2.64
2026-09-22T03:05:02.470Z,grafana,1.70,"239.4MiB / 512MiB",46.76
2026-09-22T03:05:02.470Z,lorawan-gateway-evidence-verifier-1,7.66,"12.98MiB / 192MiB",6.76
2026-09-22T03:05:02.470Z,node-red-node-red-1,0.00,"85.05MiB / 1.922GiB",4.32
2026-09-22T03:05:02.470Z,lorawan-gateway-evidence-collector-1,0.42,"13.41MiB / 192MiB",6.98
2026-09-22T03:05:02.470Z,seaweedfs,14.04,"141.5MiB / 256MiB",55.28
2026-09-22T03:05:02.470Z,seaweedfs-metadata-etcd,9.39,"77.94MiB / 96MiB",81.18
2026-09-22T03:05:02.470Z,openbao,1.77,"36.45MiB / 512MiB",7.12
2026-09-22T03:05:02.470Z,spilo,3.84,"260MiB / 1.922GiB",13.21
2026-09-22T03:05:02.470Z,etcd,2.63,"51.86MiB / 1.922GiB",2.64
2026-09-22T03:05:10.622Z,grafana,1.83,"239.4MiB / 512MiB",46.76
2026-09-22T03:05:10.622Z,lorawan-gateway-evidence-verifier-1,8.84,"13.15MiB / 192MiB",6.85
2026-09-22T03:05:10.622Z,node-red-node-red-1,28.38,"85.05MiB / 1.922GiB",4.32
2026-09-22T03:05:10.622Z,lorawan-gateway-evidence-collector-1,0.40,"13.41MiB / 192MiB",6.98
2026-09-22T03:05:10.622Z,seaweedfs,27.35,"139.1MiB / 256MiB",54.34
2026-09-22T03:05:10.622Z,seaweedfs-metadata-etcd,12.70,"77.94MiB / 96MiB",81.18
2026-09-22T03:05:10.622Z,openbao,1.69,"36.45MiB / 512MiB",7.12
2026-09-22T03:05:10.622Z,spilo,1.37,"247MiB / 1.922GiB",12.55
2026-09-22T03:05:10.622Z,etcd,2.89,"51.87MiB / 1.922GiB",2.64
2026-09-22T03:05:18.274Z,grafana,2.12,"239.4MiB / 512MiB",46.76
2026-09-22T03:05:18.274Z,lorawan-gateway-evidence-verifier-1,22.65,"12.95MiB / 192MiB",6.74
2026-09-22T03:05:18.274Z,node-red-node-red-1,0.00,"85.11MiB / 1.922GiB",4.32
2026-09-22T03:05:18.274Z,lorawan-gateway-evidence-collector-1,0.42,"13.41MiB / 192MiB",6.98
2026-09-22T03:05:18.274Z,seaweedfs,20.39,"141.9MiB / 256MiB",55.42
2026-09-22T03:05:18.274Z,seaweedfs-metadata-etcd,11.01,"77.94MiB / 96MiB",81.18
2026-09-22T03:05:18.274Z,openbao,2.29,"36.45MiB / 512MiB",7.12
2026-09-22T03:05:18.274Z,spilo,2.83,"247MiB / 1.922GiB",12.55
2026-09-22T03:05:18.274Z,etcd,1.64,"51.87MiB / 1.922GiB",2.64
2026-09-22T03:05:26.035Z,grafana,1.22,"239.4MiB / 512MiB",46.76
2026-09-22T03:05:26.035Z,lorawan-gateway-evidence-verifier-1,13.38,"13.23MiB / 192MiB",6.89
2026-09-22T03:05:26.035Z,node-red-node-red-1,0.15,"85.1MiB / 1.922GiB",4.32
2026-09-22T03:05:26.035Z,lorawan-gateway-evidence-collector-1,0.33,"13.41MiB / 192MiB",6.98
2026-09-22T03:05:26.035Z,seaweedfs,23.99,"141.9MiB / 256MiB",55.42
2026-09-22T03:05:26.035Z,seaweedfs-metadata-etcd,10.28,"77.94MiB / 96MiB",81.18
2026-09-22T03:05:26.035Z,openbao,1.21,"36.51MiB / 512MiB",7.13
2026-09-22T03:05:26.035Z,spilo,0.78,"247MiB / 1.922GiB",12.55
2026-09-22T03:05:26.035Z,etcd,3.24,"51.87MiB / 1.922GiB",2.64
2026-09-22T03:05:33.627Z,grafana,1.14,"239.5MiB / 512MiB",46.78
2026-09-22T03:05:33.627Z,lorawan-gateway-evidence-verifier-1,12.09,"13.23MiB / 192MiB",6.89
2026-09-22T03:05:33.627Z,node-red-node-red-1,0.00,"85.15MiB / 1.922GiB",4.33
2026-09-22T03:05:33.627Z,lorawan-gateway-evidence-collector-1,0.33,"13.41MiB / 192MiB",6.98
2026-09-22T03:05:33.627Z,seaweedfs,24.59,"140.9MiB / 256MiB",55.04
2026-09-22T03:05:33.627Z,seaweedfs-metadata-etcd,10.66,"77.94MiB / 96MiB",81.18
2026-09-22T03:05:33.627Z,openbao,1.42,"36.51MiB / 512MiB",7.13
2026-09-22T03:05:33.627Z,spilo,2.01,"247MiB / 1.922GiB",12.55
2026-09-22T03:05:33.627Z,etcd,1.40,"51.86MiB / 1.922GiB",2.64
2026-09-22T03:05:41.124Z,grafana,1.28,"239.5MiB / 512MiB",46.78
2026-09-22T03:05:41.124Z,lorawan-gateway-evidence-verifier-1,17.22,"12.69MiB / 192MiB",6.61
2026-09-22T03:05:41.124Z,node-red-node-red-1,27.85,"85.14MiB / 1.922GiB",4.33
2026-09-22T03:05:41.124Z,lorawan-gateway-evidence-collector-1,0.34,"13.41MiB / 192MiB",6.98
2026-09-22T03:05:41.124Z,seaweedfs,21.19,"141.6MiB / 256MiB",55.31
2026-09-22T03:05:41.124Z,seaweedfs-metadata-etcd,11.26,"77.94MiB / 96MiB",81.19
2026-09-22T03:05:41.124Z,openbao,1.64,"36.51MiB / 512MiB",7.13
2026-09-22T03:05:41.124Z,spilo,1.85,"247MiB / 1.922GiB",12.55
2026-09-22T03:05:41.124Z,etcd,1.63,"51.87MiB / 1.922GiB",2.64
2026-09-22T03:05:48.845Z,grafana,1.50,"239.5MiB / 512MiB",46.78
2026-09-22T03:05:48.845Z,lorawan-gateway-evidence-verifier-1,20.99,"12.54MiB / 192MiB",6.53
2026-09-22T03:05:48.845Z,node-red-node-red-1,0.00,"85.2MiB / 1.922GiB",4.33
2026-09-22T03:05:48.845Z,lorawan-gateway-evidence-collector-1,0.32,"13.41MiB / 192MiB",6.98
2026-09-22T03:05:48.845Z,seaweedfs,21.93,"141.6MiB / 256MiB",55.33
2026-09-22T03:05:48.845Z,seaweedfs-metadata-etcd,11.01,"77.94MiB / 96MiB",81.19
2026-09-22T03:05:48.845Z,openbao,1.66,"36.52MiB / 512MiB",7.13
2026-09-22T03:05:48.845Z,spilo,1.87,"247MiB / 1.922GiB",12.55
2026-09-22T03:05:48.845Z,etcd,1.35,"51.87MiB / 1.922GiB",2.64
2026-09-22T03:05:56.418Z,grafana,1.12,"239.5MiB / 512MiB",46.78
2026-09-22T03:05:56.418Z,lorawan-gateway-evidence-verifier-1,17.30,"12.86MiB / 192MiB",6.70
2026-09-22T03:05:56.418Z,node-red-node-red-1,0.13,"85.2MiB / 1.922GiB",4.33
2026-09-22T03:05:56.418Z,lorawan-gateway-evidence-collector-1,0.30,"13.41MiB / 192MiB",6.98
2026-09-22T03:05:56.418Z,seaweedfs,27.21,"141.6MiB / 256MiB",55.31
2026-09-22T03:05:56.418Z,seaweedfs-metadata-etcd,10.87,"77.94MiB / 96MiB",81.18
2026-09-22T03:05:56.418Z,openbao,1.31,"36.64MiB / 512MiB",7.16
2026-09-22T03:05:56.418Z,spilo,1.15,"247MiB / 1.922GiB",12.55
2026-09-22T03:05:56.418Z,etcd,0.91,"51.87MiB / 1.922GiB",2.64
2026-09-22T03:06:04.032Z,grafana,1.18,"239.5MiB / 512MiB",46.78
2026-09-22T03:06:04.032Z,lorawan-gateway-evidence-verifier-1,6.12,"12.79MiB / 192MiB",6.66
2026-09-22T03:06:04.032Z,node-red-node-red-1,0.00,"85.24MiB / 1.922GiB",4.33
2026-09-22T03:06:04.032Z,lorawan-gateway-evidence-collector-1,0.35,"13.41MiB / 192MiB",6.98
2026-09-22T03:06:04.032Z,seaweedfs,17.93,"141.7MiB / 256MiB",55.36
2026-09-22T03:06:04.032Z,seaweedfs-metadata-etcd,7.03,"77.94MiB / 96MiB",81.18
2026-09-22T03:06:04.032Z,openbao,1.42,"36.64MiB / 512MiB",7.16
2026-09-22T03:06:04.032Z,spilo,2.70,"247MiB / 1.922GiB",12.55
2026-09-22T03:06:04.032Z,etcd,1.31,"51.87MiB / 1.922GiB",2.64
2026-09-22T03:06:11.504Z,grafana,1.56,"239.5MiB / 512MiB",46.78
2026-09-22T03:06:11.504Z,lorawan-gateway-evidence-verifier-1,18.35,"12.94MiB / 192MiB",6.74
2026-09-22T03:06:11.504Z,node-red-node-red-1,20.36,"97.49MiB / 1.922GiB",4.95
2026-09-22T03:06:11.504Z,lorawan-gateway-evidence-collector-1,0.31,"13.41MiB / 192MiB",6.98
2026-09-22T03:06:11.504Z,seaweedfs,19.78,"144.7MiB / 256MiB",56.51
2026-09-22T03:06:11.504Z,seaweedfs-metadata-etcd,10.87,"77.94MiB / 96MiB",81.18
2026-09-22T03:06:11.504Z,openbao,1.50,"36.64MiB / 512MiB",7.16
2026-09-22T03:06:11.504Z,spilo,1.84,"247MiB / 1.922GiB",12.55
2026-09-22T03:06:11.504Z,etcd,0.93,"51.87MiB / 1.922GiB",2.64
2026-09-22T03:06:19.192Z,grafana,1.33,"239.7MiB / 512MiB",46.82
2026-09-22T03:06:19.192Z,lorawan-gateway-evidence-verifier-1,22.21,"12.75MiB / 192MiB",6.64
2026-09-22T03:06:19.192Z,node-red-node-red-1,0.00,"85.29MiB / 1.922GiB",4.33
2026-09-22T03:06:19.192Z,lorawan-gateway-evidence-collector-1,0.35,"13.41MiB / 192MiB",6.98
2026-09-22T03:06:19.192Z,seaweedfs,22.28,"141.5MiB / 256MiB",55.29
2026-09-22T03:06:19.192Z,seaweedfs-metadata-etcd,13.37,"77.94MiB / 96MiB",81.18
2026-09-22T03:06:19.192Z,openbao,2.13,"36.64MiB / 512MiB",7.16
2026-09-22T03:06:19.192Z,spilo,1.44,"247MiB / 1.922GiB",12.55
2026-09-22T03:06:19.192Z,etcd,0.92,"51.87MiB / 1.922GiB",2.64
2026-09-22T03:06:27.066Z,grafana,1.06,"239.7MiB / 512MiB",46.82
2026-09-22T03:06:27.066Z,lorawan-gateway-evidence-verifier-1,13.66,"12.91MiB / 192MiB",6.73
2026-09-22T03:06:27.066Z,node-red-node-red-1,0.00,"85.29MiB / 1.922GiB",4.33
2026-09-22T03:06:27.066Z,lorawan-gateway-evidence-collector-1,0.27,"13.41MiB / 192MiB",6.98
2026-09-22T03:06:27.066Z,seaweedfs,26.38,"141.5MiB / 256MiB",55.26
2026-09-22T03:06:27.066Z,seaweedfs-metadata-etcd,10.71,"77.93MiB / 96MiB",81.18
2026-09-22T03:06:27.066Z,openbao,1.73,"36.64MiB / 512MiB",7.16
2026-09-22T03:06:27.066Z,spilo,1.43,"247.1MiB / 1.922GiB",12.55
2026-09-22T03:06:27.066Z,etcd,1.33,"51.87MiB / 1.922GiB",2.64
2026-09-22T03:06:34.586Z,grafana,1.20,"239.7MiB / 512MiB",46.82
2026-09-22T03:06:34.586Z,lorawan-gateway-evidence-verifier-1,12.65,"13.05MiB / 192MiB",6.80
2026-09-22T03:06:34.586Z,node-red-node-red-1,0.00,"85.33MiB / 1.922GiB",4.34
2026-09-22T03:06:34.586Z,lorawan-gateway-evidence-collector-1,0.99,"13.41MiB / 192MiB",6.98
2026-09-22T03:06:34.586Z,seaweedfs,24.61,"141.4MiB / 256MiB",55.24
2026-09-22T03:06:34.586Z,seaweedfs-metadata-etcd,13.06,"78.11MiB / 96MiB",81.37
2026-09-22T03:06:34.586Z,openbao,1.91,"36.64MiB / 512MiB",7.16
2026-09-22T03:06:34.586Z,spilo,2.78,"247MiB / 1.922GiB",12.55
2026-09-22T03:06:34.586Z,etcd,1.58,"51.87MiB / 1.922GiB",2.64
2026-09-22T03:06:42.106Z,grafana,1.16,"239.7MiB / 512MiB",46.82
2026-09-22T03:06:42.106Z,lorawan-gateway-evidence-verifier-1,13.52,"13.18MiB / 192MiB",6.86
2026-09-22T03:06:42.106Z,node-red-node-red-1,7.99,"92.23MiB / 1.922GiB",4.69
2026-09-22T03:06:42.106Z,lorawan-gateway-evidence-collector-1,0.34,"13.41MiB / 192MiB",6.98
2026-09-22T03:06:42.106Z,seaweedfs,22.21,"140.8MiB / 256MiB",55.01
2026-09-22T03:06:42.106Z,seaweedfs-metadata-etcd,10.79,"78.12MiB / 96MiB",81.38
2026-09-22T03:06:42.106Z,openbao,1.27,"36.64MiB / 512MiB",7.16
2026-09-22T03:06:42.106Z,spilo,3.00,"247MiB / 1.922GiB",12.55
2026-09-22T03:06:42.106Z,etcd,1.09,"51.87MiB / 1.922GiB",2.64
2026-09-22T03:06:49.646Z,grafana,1.44,"239.7MiB / 512MiB",46.82
2026-09-22T03:06:49.646Z,lorawan-gateway-evidence-verifier-1,14.58,"13.14MiB / 192MiB",6.84
2026-09-22T03:06:49.646Z,node-red-node-red-1,0.00,"85.38MiB / 1.922GiB",4.34
2026-09-22T03:06:49.646Z,lorawan-gateway-evidence-collector-1,0.30,"13.41MiB / 192MiB",6.98
2026-09-22T03:06:49.646Z,seaweedfs,29.99,"141MiB / 256MiB",55.09
2026-09-22T03:06:49.646Z,seaweedfs-metadata-etcd,13.76,"78.12MiB / 96MiB",81.38
2026-09-22T03:06:49.646Z,openbao,1.74,"36.64MiB / 512MiB",7.16
2026-09-22T03:06:49.646Z,spilo,0.99,"247MiB / 1.922GiB",12.55
2026-09-22T03:06:49.646Z,etcd,0.97,"51.87MiB / 1.922GiB",2.64
2026-09-22T03:06:57.284Z,grafana,1.58,"239.7MiB / 512MiB",46.82
2026-09-22T03:06:57.284Z,lorawan-gateway-evidence-verifier-1,13.41,"13.23MiB / 192MiB",6.89
2026-09-22T03:06:57.284Z,node-red-node-red-1,0.00,"85.36MiB / 1.922GiB",4.34
2026-09-22T03:06:57.284Z,lorawan-gateway-evidence-collector-1,0.29,"13.41MiB / 192MiB",6.98
2026-09-22T03:06:57.284Z,seaweedfs,28.26,"140.9MiB / 256MiB",55.06
2026-09-22T03:06:57.284Z,seaweedfs-metadata-etcd,14.39,"78.12MiB / 96MiB",81.37
2026-09-22T03:06:57.284Z,openbao,1.36,"36.64MiB / 512MiB",7.16
2026-09-22T03:06:57.284Z,spilo,1.94,"247MiB / 1.922GiB",12.55
2026-09-22T03:06:57.284Z,etcd,0.91,"51.87MiB / 1.922GiB",2.64
2026-09-22T03:07:04.728Z,grafana,1.50,"239.7MiB / 512MiB",46.82
2026-09-22T03:07:04.728Z,lorawan-gateway-evidence-verifier-1,10.60,"12.98MiB / 192MiB",6.76
2026-09-22T03:07:04.728Z,node-red-node-red-1,0.00,"85.41MiB / 1.922GiB",4.34
2026-09-22T03:07:04.728Z,lorawan-gateway-evidence-collector-1,0.46,"13.41MiB / 192MiB",6.98
2026-09-22T03:07:04.728Z,seaweedfs,23.93,"141.7MiB / 256MiB",55.36
2026-09-22T03:07:04.728Z,seaweedfs-metadata-etcd,10.99,"78.12MiB / 96MiB",81.37
2026-09-22T03:07:04.728Z,openbao,1.20,"36.64MiB / 512MiB",7.16
2026-09-22T03:07:04.728Z,spilo,1.64,"247.1MiB / 1.922GiB",12.55
2026-09-22T03:07:04.728Z,etcd,1.10,"51.87MiB / 1.922GiB",2.64
2026-09-22T03:07:12.302Z,grafana,1.35,"239.7MiB / 512MiB",46.82
2026-09-22T03:07:12.302Z,lorawan-gateway-evidence-verifier-1,0.13,"13.1MiB / 192MiB",6.82
2026-09-22T03:07:12.302Z,node-red-node-red-1,0.00,"85.41MiB / 1.922GiB",4.34
2026-09-22T03:07:12.302Z,lorawan-gateway-evidence-collector-1,0.42,"13.41MiB / 192MiB",6.98
2026-09-22T03:07:12.302Z,seaweedfs,0.72,"138.2MiB / 256MiB",53.97
2026-09-22T03:07:12.302Z,seaweedfs-metadata-etcd,1.43,"78.12MiB / 96MiB",81.37
2026-09-22T03:07:12.302Z,openbao,1.10,"36.64MiB / 512MiB",7.16
2026-09-22T03:07:12.302Z,spilo,1.60,"247.1MiB / 1.922GiB",12.55
2026-09-22T03:07:12.302Z,etcd,1.13,"51.87MiB / 1.922GiB",2.64
2026-09-22T03:07:19.767Z,grafana,1.39,"239.7MiB / 512MiB",46.82
2026-09-22T03:07:19.767Z,lorawan-gateway-evidence-verifier-1,0.12,"12.66MiB / 192MiB",6.60
2026-09-22T03:07:19.767Z,node-red-node-red-1,0.00,"85.43MiB / 1.922GiB",4.34
2026-09-22T03:07:19.767Z,lorawan-gateway-evidence-collector-1,0.37,"13.41MiB / 192MiB",6.98
2026-09-22T03:07:19.767Z,seaweedfs,6.33,"142.2MiB / 256MiB",55.54
2026-09-22T03:07:19.767Z,seaweedfs-metadata-etcd,9.52,"78.13MiB / 96MiB",81.38
2026-09-22T03:07:19.767Z,openbao,1.83,"36.64MiB / 512MiB",7.16
2026-09-22T03:07:19.767Z,spilo,1.29,"247.1MiB / 1.922GiB",12.56
2026-09-22T03:07:19.767Z,etcd,0.87,"51.87MiB / 1.922GiB",2.64
2026-09-22T03:07:27.253Z,grafana,1.53,"239.7MiB / 512MiB",46.82
2026-09-22T03:07:27.253Z,lorawan-gateway-evidence-verifier-1,0.00,"12.66MiB / 192MiB",6.60
2026-09-22T03:07:27.253Z,node-red-node-red-1,0.00,"85.43MiB / 1.922GiB",4.34
2026-09-22T03:07:27.253Z,lorawan-gateway-evidence-collector-1,0.36,"13.41MiB / 192MiB",6.98
2026-09-22T03:07:27.253Z,seaweedfs,0.80,"142.2MiB / 256MiB",55.53
2026-09-22T03:07:27.253Z,seaweedfs-metadata-etcd,1.16,"78.12MiB / 96MiB",81.37
2026-09-22T03:07:27.253Z,openbao,1.84,"36.64MiB / 512MiB",7.16
2026-09-22T03:07:27.253Z,spilo,1.16,"247.1MiB / 1.922GiB",12.56
2026-09-22T03:07:27.253Z,etcd,1.50,"51.87MiB / 1.922GiB",2.64
2026-09-22T03:07:34.496Z,grafana,0.98,"239.7MiB / 512MiB",46.82
2026-09-22T03:07:34.496Z,lorawan-gateway-evidence-verifier-1,12.61,"13.21MiB / 192MiB",6.88
2026-09-22T03:07:34.496Z,node-red-node-red-1,0.00,"85.51MiB / 1.922GiB",4.35
2026-09-22T03:07:34.496Z,lorawan-gateway-evidence-collector-1,0.27,"13.41MiB / 192MiB",6.98
2026-09-22T03:07:34.496Z,seaweedfs,23.31,"141.8MiB / 256MiB",55.40
2026-09-22T03:07:34.496Z,seaweedfs-metadata-etcd,10.90,"78.12MiB / 96MiB",81.38
2026-09-22T03:07:34.496Z,openbao,1.27,"36.64MiB / 512MiB",7.16
2026-09-22T03:07:34.496Z,spilo,2.53,"247.1MiB / 1.922GiB",12.56
2026-09-22T03:07:34.496Z,etcd,1.28,"51.87MiB / 1.922GiB",2.64
2026-09-22T03:07:41.987Z,grafana,1.09,"239.7MiB / 512MiB",46.82
2026-09-22T03:07:41.987Z,lorawan-gateway-evidence-verifier-1,8.80,"12.89MiB / 192MiB",6.71
2026-09-22T03:07:41.987Z,node-red-node-red-1,0.00,"85.51MiB / 1.922GiB",4.34
2026-09-22T03:07:41.987Z,lorawan-gateway-evidence-collector-1,0.28,"13.41MiB / 192MiB",6.98
2026-09-22T03:07:41.987Z,seaweedfs,21.21,"141.7MiB / 256MiB",55.35
2026-09-22T03:07:41.987Z,seaweedfs-metadata-etcd,9.96,"78.13MiB / 96MiB",81.38
2026-09-22T03:07:41.987Z,openbao,1.38,"36.64MiB / 512MiB",7.16
2026-09-22T03:07:41.987Z,spilo,1.78,"247.1MiB / 1.922GiB",12.56
2026-09-22T03:07:41.987Z,etcd,1.04,"51.87MiB / 1.922GiB",2.64
2026-09-22T03:07:49.566Z,grafana,1.36,"239.7MiB / 512MiB",46.82
2026-09-22T03:07:49.566Z,lorawan-gateway-evidence-verifier-1,0.00,"13.2MiB / 192MiB",6.88
2026-09-22T03:07:49.566Z,node-red-node-red-1,0.01,"85.58MiB / 1.922GiB",4.35
2026-09-22T03:07:49.566Z,lorawan-gateway-evidence-collector-1,0.38,"13.41MiB / 192MiB",6.98
2026-09-22T03:07:49.566Z,seaweedfs,5.98,"140.9MiB / 256MiB",55.06
2026-09-22T03:07:49.566Z,seaweedfs-metadata-etcd,7.52,"78.12MiB / 96MiB",81.38
2026-09-22T03:07:49.566Z,openbao,1.98,"36.64MiB / 512MiB",7.16
2026-09-22T03:07:49.566Z,spilo,1.26,"247.1MiB / 1.922GiB",12.56
2026-09-22T03:07:49.566Z,etcd,1.24,"51.88MiB / 1.922GiB",2.64
2026-09-22T03:07:56.841Z,grafana,1.26,"239.7MiB / 512MiB",46.82
2026-09-22T03:07:56.841Z,lorawan-gateway-evidence-verifier-1,0.00,"13.23MiB / 192MiB",6.89
2026-09-22T03:07:56.841Z,node-red-node-red-1,0.10,"85.57MiB / 1.922GiB",4.35
2026-09-22T03:07:56.841Z,lorawan-gateway-evidence-collector-1,0.38,"13.41MiB / 192MiB",6.98
2026-09-22T03:07:56.841Z,seaweedfs,0.84,"141MiB / 256MiB",55.07
2026-09-22T03:07:56.841Z,seaweedfs-metadata-etcd,1.11,"78.12MiB / 96MiB",81.37
2026-09-22T03:07:56.841Z,openbao,1.40,"36.64MiB / 512MiB",7.16
2026-09-22T03:07:56.841Z,spilo,0.72,"247.1MiB / 1.922GiB",12.56
2026-09-22T03:07:56.841Z,etcd,1.16,"51.87MiB / 1.922GiB",2.64
2026-09-22T03:08:04.077Z,grafana,1.34,"239.7MiB / 512MiB",46.82
2026-09-22T03:08:04.077Z,lorawan-gateway-evidence-verifier-1,12.39,"13.02MiB / 192MiB",6.78
2026-09-22T03:08:04.077Z,node-red-node-red-1,0.00,"85.62MiB / 1.922GiB",4.35
2026-09-22T03:08:04.077Z,lorawan-gateway-evidence-collector-1,0.37,"13.41MiB / 192MiB",6.98
2026-09-22T03:08:04.077Z,seaweedfs,23.05,"140.9MiB / 256MiB",55.03
2026-09-22T03:08:04.077Z,seaweedfs-metadata-etcd,12.61,"78.12MiB / 96MiB",81.38
2026-09-22T03:08:04.077Z,openbao,1.97,"36.64MiB / 512MiB",7.16
2026-09-22T03:08:04.077Z,spilo,2.87,"247.1MiB / 1.922GiB",12.56
2026-09-22T03:08:04.077Z,etcd,1.15,"51.87MiB / 1.922GiB",2.64
2026-09-22T03:08:11.534Z,grafana,1.41,"239.7MiB / 512MiB",46.82
2026-09-22T03:08:11.534Z,lorawan-gateway-evidence-verifier-1,1.77,"12.98MiB / 192MiB",6.76
2026-09-22T03:08:11.534Z,node-red-node-red-1,0.10,"85.61MiB / 1.922GiB",4.35
2026-09-22T03:08:11.534Z,lorawan-gateway-evidence-collector-1,0.36,"13.41MiB / 192MiB",6.98
2026-09-22T03:08:11.534Z,seaweedfs,12.83,"139.2MiB / 256MiB",54.37
2026-09-22T03:08:11.534Z,seaweedfs-metadata-etcd,8.30,"78.12MiB / 96MiB",81.38
2026-09-22T03:08:11.534Z,openbao,1.66,"36.64MiB / 512MiB",7.16
2026-09-22T03:08:11.534Z,spilo,0.91,"247.1MiB / 1.922GiB",12.56
2026-09-22T03:08:11.534Z,etcd,0.92,"51.87MiB / 1.922GiB",2.64
2026-09-22T03:08:19.100Z,grafana,1.05,"239.7MiB / 512MiB",46.82
2026-09-22T03:08:19.100Z,lorawan-gateway-evidence-verifier-1,12.26,"13.08MiB / 192MiB",6.81
2026-09-22T03:08:19.100Z,node-red-node-red-1,0.00,"85.66MiB / 1.922GiB",4.35
2026-09-22T03:08:19.100Z,lorawan-gateway-evidence-collector-1,0.29,"13.41MiB / 192MiB",6.98
2026-09-22T03:08:19.100Z,seaweedfs,27.07,"141.9MiB / 256MiB",55.42
2026-09-22T03:08:19.100Z,seaweedfs-metadata-etcd,11.48,"78.16MiB / 96MiB",81.41
2026-09-22T03:08:19.100Z,openbao,1.58,"36.64MiB / 512MiB",7.16
2026-09-22T03:08:19.100Z,spilo,1.31,"247.1MiB / 1.922GiB",12.56
2026-09-22T03:08:19.100Z,etcd,1.29,"51.87MiB / 1.922GiB",2.64
2026-09-22T03:08:26.643Z,grafana,1.16,"239.7MiB / 512MiB",46.82
2026-09-22T03:08:26.643Z,lorawan-gateway-evidence-verifier-1,12.08,"13.23MiB / 192MiB",6.89
2026-09-22T03:08:26.643Z,node-red-node-red-1,0.00,"85.66MiB / 1.922GiB",4.35
2026-09-22T03:08:26.643Z,lorawan-gateway-evidence-collector-1,0.27,"13.41MiB / 192MiB",6.98
2026-09-22T03:08:26.643Z,seaweedfs,24.51,"141.6MiB / 256MiB",55.33
2026-09-22T03:08:26.643Z,seaweedfs-metadata-etcd,10.67,"78.15MiB / 96MiB",81.41
2026-09-22T03:08:26.643Z,openbao,1.06,"36.64MiB / 512MiB",7.16
2026-09-22T03:08:26.643Z,spilo,0.95,"247.1MiB / 1.922GiB",12.56
2026-09-22T03:08:26.643Z,etcd,1.27,"51.87MiB / 1.922GiB",2.64
2026-09-22T03:08:34.152Z,grafana,1.34,"239.7MiB / 512MiB",46.82
2026-09-22T03:08:34.152Z,lorawan-gateway-evidence-verifier-1,0.14,"13.04MiB / 192MiB",6.79
2026-09-22T03:08:34.152Z,node-red-node-red-1,0.00,"85.71MiB / 1.922GiB",4.36
2026-09-22T03:08:34.152Z,lorawan-gateway-evidence-collector-1,0.40,"13.41MiB / 192MiB",6.98
2026-09-22T03:08:34.152Z,seaweedfs,8.47,"141.6MiB / 256MiB",55.33
2026-09-22T03:08:34.152Z,seaweedfs-metadata-etcd,9.38,"78.15MiB / 96MiB",81.40
2026-09-22T03:08:34.152Z,openbao,1.58,"36.64MiB / 512MiB",7.16
2026-09-22T03:08:34.152Z,spilo,2.45,"247.1MiB / 1.922GiB",12.56
2026-09-22T03:08:34.152Z,etcd,1.27,"51.87MiB / 1.922GiB",2.64
2026-09-22T03:08:41.481Z,grafana,1.00,"239.7MiB / 512MiB",46.82
2026-09-22T03:08:41.481Z,lorawan-gateway-evidence-verifier-1,12.31,"12.99MiB / 192MiB",6.76
2026-09-22T03:08:41.481Z,node-red-node-red-1,0.11,"85.7MiB / 1.922GiB",4.35
2026-09-22T03:08:41.481Z,lorawan-gateway-evidence-collector-1,0.28,"13.41MiB / 192MiB",6.98
2026-09-22T03:08:41.481Z,seaweedfs,29.11,"141.1MiB / 256MiB",55.10
2026-09-22T03:08:41.481Z,seaweedfs-metadata-etcd,12.47,"78.16MiB / 96MiB",81.41
2026-09-22T03:08:41.481Z,openbao,1.10,"36.64MiB / 512MiB",7.16
2026-09-22T03:08:41.481Z,spilo,0.91,"247.1MiB / 1.922GiB",12.56
2026-09-22T03:08:41.481Z,etcd,0.82,"51.87MiB / 1.922GiB",2.64
2026-09-22T03:08:49.046Z,grafana,1.07,"239.7MiB / 512MiB",46.82
2026-09-22T03:08:49.046Z,lorawan-gateway-evidence-verifier-1,13.05,"12.91MiB / 192MiB",6.73
2026-09-22T03:08:49.046Z,node-red-node-red-1,0.00,"85.75MiB / 1.922GiB",4.36
2026-09-22T03:08:49.046Z,lorawan-gateway-evidence-collector-1,0.28,"13.41MiB / 192MiB",6.98
2026-09-22T03:08:49.046Z,seaweedfs,27.29,"141.3MiB / 256MiB",55.19
2026-09-22T03:08:49.046Z,seaweedfs-metadata-etcd,11.50,"78.15MiB / 96MiB",81.41
2026-09-22T03:08:49.046Z,openbao,1.09,"36.64MiB / 512MiB",7.16
2026-09-22T03:08:49.046Z,spilo,1.33,"247.1MiB / 1.922GiB",12.56
2026-09-22T03:08:49.046Z,etcd,0.97,"51.87MiB / 1.922GiB",2.64
2026-09-22T03:08:56.586Z,grafana,1.08,"239.7MiB / 512MiB",46.82
2026-09-22T03:08:56.586Z,lorawan-gateway-evidence-verifier-1,13.45,"13.19MiB / 192MiB",6.87
2026-09-22T03:08:56.586Z,node-red-node-red-1,0.00,"85.75MiB / 1.922GiB",4.36
2026-09-22T03:08:56.586Z,lorawan-gateway-evidence-collector-1,0.27,"13.41MiB / 192MiB",6.98
2026-09-22T03:08:56.586Z,seaweedfs,28.43,"140.9MiB / 256MiB",55.05
2026-09-22T03:08:56.586Z,seaweedfs-metadata-etcd,11.09,"78.15MiB / 96MiB",81.41
2026-09-22T03:08:56.586Z,openbao,1.04,"36.64MiB / 512MiB",7.16
2026-09-22T03:08:56.586Z,spilo,1.09,"247.1MiB / 1.922GiB",12.56
2026-09-22T03:08:56.586Z,etcd,0.84,"51.87MiB / 1.922GiB",2.64
2026-09-22T03:09:04.136Z,grafana,1.36,"239.7MiB / 512MiB",46.82
2026-09-22T03:09:04.136Z,lorawan-gateway-evidence-verifier-1,5.52,"13.2MiB / 192MiB",6.88
2026-09-22T03:09:04.136Z,node-red-node-red-1,0.00,"85.8MiB / 1.922GiB",4.36
2026-09-22T03:09:04.136Z,lorawan-gateway-evidence-collector-1,0.35,"13.41MiB / 192MiB",6.98
2026-09-22T03:09:04.136Z,seaweedfs,15.60,"141MiB / 256MiB",55.06
2026-09-22T03:09:04.136Z,seaweedfs-metadata-etcd,8.22,"78.15MiB / 96MiB",81.40
2026-09-22T03:09:04.136Z,openbao,1.55,"36.96MiB / 512MiB",7.22
2026-09-22T03:09:04.136Z,spilo,2.99,"247.1MiB / 1.922GiB",12.56
2026-09-22T03:09:04.136Z,etcd,1.85,"51.87MiB / 1.922GiB",2.64
2026-09-22T03:09:11.551Z,grafana,0.97,"239.7MiB / 512MiB",46.82
2026-09-22T03:09:11.551Z,lorawan-gateway-evidence-verifier-1,10.74,"12.34MiB / 192MiB",6.43
2026-09-22T03:09:11.551Z,node-red-node-red-1,0.14,"85.79MiB / 1.922GiB",4.36
2026-09-22T03:09:11.551Z,lorawan-gateway-evidence-collector-1,0.30,"13.41MiB / 192MiB",6.98
2026-09-22T03:09:11.551Z,seaweedfs,23.51,"148.7MiB / 256MiB",58.09
2026-09-22T03:09:11.551Z,seaweedfs-metadata-etcd,11.09,"76.48MiB / 96MiB",79.67
2026-09-22T03:09:11.551Z,openbao,1.38,"37.14MiB / 512MiB",7.25
2026-09-22T03:09:11.551Z,spilo,0.86,"246.9MiB / 1.922GiB",12.55
2026-09-22T03:09:11.551Z,etcd,0.76,"51.87MiB / 1.922GiB",2.64
2026-09-22T03:09:19.010Z,grafana,1.01,"239.7MiB / 512MiB",46.82
2026-09-22T03:09:19.010Z,lorawan-gateway-evidence-verifier-1,13.63,"12.35MiB / 192MiB",6.43
2026-09-22T03:09:19.010Z,node-red-node-red-1,0.00,"85.85MiB / 1.922GiB",4.36
2026-09-22T03:09:19.010Z,lorawan-gateway-evidence-collector-1,0.28,"13.41MiB / 192MiB",6.98
2026-09-22T03:09:19.010Z,seaweedfs,30.57,"142.5MiB / 256MiB",55.66
2026-09-22T03:09:19.010Z,seaweedfs-metadata-etcd,12.20,"76.48MiB / 96MiB",79.67
2026-09-22T03:09:19.010Z,openbao,1.58,"37.14MiB / 512MiB",7.25
2026-09-22T03:09:19.010Z,spilo,1.87,"246.9MiB / 1.922GiB",12.55
2026-09-22T03:09:19.010Z,etcd,1.37,"51.87MiB / 1.922GiB",2.64
2026-09-22T03:09:26.529Z,grafana,0.98,"239.7MiB / 512MiB",46.82
2026-09-22T03:09:26.529Z,lorawan-gateway-evidence-verifier-1,11.52,"12.21MiB / 192MiB",6.36
2026-09-22T03:09:26.529Z,node-red-node-red-1,0.11,"85.84MiB / 1.922GiB",4.36
2026-09-22T03:09:26.529Z,lorawan-gateway-evidence-collector-1,0.25,"13.41MiB / 192MiB",6.98
2026-09-22T03:09:26.529Z,seaweedfs,24.98,"142.4MiB / 256MiB",55.63
2026-09-22T03:09:26.529Z,seaweedfs-metadata-etcd,11.76,"76.49MiB / 96MiB",79.68
2026-09-22T03:09:26.529Z,openbao,1.68,"37.14MiB / 512MiB",7.25
2026-09-22T03:09:26.529Z,spilo,1.42,"246.9MiB / 1.922GiB",12.55
2026-09-22T03:09:26.529Z,etcd,1.25,"51.87MiB / 1.922GiB",2.64
2026-09-22T03:09:34.044Z,grafana,0.89,"239.7MiB / 512MiB",46.82
2026-09-22T03:09:34.044Z,lorawan-gateway-evidence-verifier-1,10.76,"12.35MiB / 192MiB",6.43
2026-09-22T03:09:34.044Z,node-red-node-red-1,0.00,"85.89MiB / 1.922GiB",4.36
2026-09-22T03:09:34.044Z,lorawan-gateway-evidence-collector-1,0.28,"13.41MiB / 192MiB",6.98
2026-09-22T03:09:34.044Z,seaweedfs,22.37,"142.4MiB / 256MiB",55.63
2026-09-22T03:09:34.044Z,seaweedfs-metadata-etcd,13.26,"76.49MiB / 96MiB",79.68
2026-09-22T03:09:34.044Z,openbao,1.78,"37.14MiB / 512MiB",7.25
2026-09-22T03:09:34.044Z,spilo,2.20,"246.9MiB / 1.922GiB",12.55
2026-09-22T03:09:34.044Z,etcd,1.68,"51.88MiB / 1.922GiB",2.64
2026-09-22T03:09:41.596Z,grafana,1.05,"239.7MiB / 512MiB",46.82
2026-09-22T03:09:41.596Z,lorawan-gateway-evidence-verifier-1,16.09,"12.34MiB / 192MiB",6.43
2026-09-22T03:09:41.596Z,node-red-node-red-1,0.12,"85.89MiB / 1.922GiB",4.36
2026-09-22T03:09:41.596Z,lorawan-gateway-evidence-collector-1,0.27,"13.41MiB / 192MiB",6.98
2026-09-22T03:09:41.596Z,seaweedfs,25.06,"142.4MiB / 256MiB",55.63
2026-09-22T03:09:41.596Z,seaweedfs-metadata-etcd,8.38,"76.49MiB / 96MiB",79.68
2026-09-22T03:09:41.596Z,openbao,1.46,"37.14MiB / 512MiB",7.25
2026-09-22T03:09:41.596Z,spilo,0.69,"246.9MiB / 1.922GiB",12.55
2026-09-22T03:09:41.596Z,etcd,0.75,"51.87MiB / 1.922GiB",2.64
2026-09-22T03:09:48.952Z,grafana,1.36,"239.7MiB / 512MiB",46.82
2026-09-22T03:09:48.952Z,lorawan-gateway-evidence-verifier-1,12.71,"12.19MiB / 192MiB",6.35
2026-09-22T03:09:48.952Z,node-red-node-red-1,0.00,"85.95MiB / 1.922GiB",4.37
2026-09-22T03:09:48.952Z,lorawan-gateway-evidence-collector-1,0.29,"13.41MiB / 192MiB",6.98
2026-09-22T03:09:48.952Z,seaweedfs,31.15,"141MiB / 256MiB",55.09
2026-09-22T03:09:48.952Z,seaweedfs-metadata-etcd,12.46,"76.49MiB / 96MiB",79.68
2026-09-22T03:09:48.952Z,openbao,1.73,"37.14MiB / 512MiB",7.25
2026-09-22T03:09:48.952Z,spilo,1.78,"246.9MiB / 1.922GiB",12.55
2026-09-22T03:09:48.952Z,etcd,0.90,"51.87MiB / 1.922GiB",2.64
2026-09-22T03:09:56.391Z,grafana,1.16,"239.7MiB / 512MiB",46.82
2026-09-22T03:09:56.391Z,lorawan-gateway-evidence-verifier-1,14.44,"12.34MiB / 192MiB",6.43
2026-09-22T03:09:56.391Z,node-red-node-red-1,0.14,"85.95MiB / 1.922GiB",4.37
2026-09-22T03:09:56.391Z,lorawan-gateway-evidence-collector-1,0.28,"13.41MiB / 192MiB",6.98
2026-09-22T03:09:56.391Z,seaweedfs,25.27,"143.1MiB / 256MiB",55.89
2026-09-22T03:09:56.391Z,seaweedfs-metadata-etcd,11.80,"76.48MiB / 96MiB",79.67
2026-09-22T03:09:56.391Z,openbao,1.73,"37.14MiB / 512MiB",7.25
2026-09-22T03:09:56.391Z,spilo,1.11,"246.9MiB / 1.922GiB",12.55
2026-09-22T03:09:56.391Z,etcd,0.86,"51.87MiB / 1.922GiB",2.64
2026-09-22T03:10:03.957Z,grafana,1.37,"239.7MiB / 512MiB",46.82
2026-09-22T03:10:03.957Z,lorawan-gateway-evidence-verifier-1,7.66,"12.36MiB / 192MiB",6.44
2026-09-22T03:10:03.957Z,node-red-node-red-1,0.00,"85.99MiB / 1.922GiB",4.37
2026-09-22T03:10:03.957Z,lorawan-gateway-evidence-collector-1,0.39,"13.41MiB / 192MiB",6.98
2026-09-22T03:10:03.957Z,seaweedfs,18.37,"143MiB / 256MiB",55.87
2026-09-22T03:10:03.957Z,seaweedfs-metadata-etcd,8.50,"76.49MiB / 96MiB",79.68
2026-09-22T03:10:03.957Z,openbao,1.59,"37.14MiB / 512MiB",7.25
2026-09-22T03:10:03.957Z,spilo,2.46,"246.9MiB / 1.922GiB",12.55
2026-09-22T03:10:03.957Z,etcd,1.75,"51.87MiB / 1.922GiB",2.64
2026-09-22T03:10:11.614Z,grafana,1.15,"239.7MiB / 512MiB",46.82
2026-09-22T03:10:11.614Z,lorawan-gateway-evidence-verifier-1,11.19,"11.56MiB / 192MiB",6.02
2026-09-22T03:10:11.614Z,node-red-node-red-1,0.14,"85.98MiB / 1.922GiB",4.37
2026-09-22T03:10:11.614Z,lorawan-gateway-evidence-collector-1,0.38,"13.41MiB / 192MiB",6.98
2026-09-22T03:10:11.614Z,seaweedfs,21.44,"148.7MiB / 256MiB",58.09
2026-09-22T03:10:11.614Z,seaweedfs-metadata-etcd,11.19,"76.49MiB / 96MiB",79.68
2026-09-22T03:10:11.614Z,openbao,0.96,"37.15MiB / 512MiB",7.26
2026-09-22T03:10:11.614Z,spilo,0.69,"246.9MiB / 1.922GiB",12.55
2026-09-22T03:10:11.614Z,etcd,1.07,"51.87MiB / 1.922GiB",2.64
2026-09-22T03:10:19.188Z,grafana,1.07,"239.7MiB / 512MiB",46.82
2026-09-22T03:10:19.188Z,lorawan-gateway-evidence-verifier-1,13.76,"12.59MiB / 192MiB",6.56
2026-09-22T03:10:19.188Z,node-red-node-red-1,0.00,"86.04MiB / 1.922GiB",4.37
2026-09-22T03:10:19.188Z,lorawan-gateway-evidence-collector-1,0.30,"13.53MiB / 192MiB",7.05
2026-09-22T03:10:19.188Z,seaweedfs,28.02,"143.4MiB / 256MiB",56.00
2026-09-22T03:10:19.188Z,seaweedfs-metadata-etcd,12.21,"76.49MiB / 96MiB",79.68
2026-09-22T03:10:19.188Z,openbao,1.45,"37.14MiB / 512MiB",7.25
2026-09-22T03:10:19.188Z,spilo,1.78,"246.9MiB / 1.922GiB",12.55
2026-09-22T03:10:19.188Z,etcd,1.62,"51.87MiB / 1.922GiB",2.64
2026-09-22T03:10:26.886Z,grafana,1.07,"239.7MiB / 512MiB",46.82
2026-09-22T03:10:26.886Z,lorawan-gateway-evidence-verifier-1,12.48,"11.59MiB / 192MiB",6.04
2026-09-22T03:10:26.886Z,node-red-node-red-1,0.00,"86.03MiB / 1.922GiB",4.37
2026-09-22T03:10:26.886Z,lorawan-gateway-evidence-collector-1,0.31,"13.53MiB / 192MiB",7.05
2026-09-22T03:10:26.886Z,seaweedfs,21.97,"143.6MiB / 256MiB",56.08
2026-09-22T03:10:26.886Z,seaweedfs-metadata-etcd,10.88,"76.49MiB / 96MiB",79.68
2026-09-22T03:10:26.886Z,openbao,1.34,"37.14MiB / 512MiB",7.25
2026-09-22T03:10:26.886Z,spilo,0.79,"246.9MiB / 1.922GiB",12.55
2026-09-22T03:10:26.886Z,etcd,2.03,"51.87MiB / 1.922GiB",2.64
2026-09-22T03:10:34.390Z,grafana,1.09,"239.7MiB / 512MiB",46.82
2026-09-22T03:10:34.390Z,lorawan-gateway-evidence-verifier-1,20.53,"12.33MiB / 192MiB",6.42
2026-09-22T03:10:34.390Z,node-red-node-red-1,0.00,"86.07MiB / 1.922GiB",4.37
2026-09-22T03:10:34.390Z,lorawan-gateway-evidence-collector-1,0.31,"13.53MiB / 192MiB",7.05
2026-09-22T03:10:34.390Z,seaweedfs,20.49,"142.8MiB / 256MiB",55.80
2026-09-22T03:10:34.390Z,seaweedfs-metadata-etcd,8.46,"76.48MiB / 96MiB",79.67
2026-09-22T03:10:34.390Z,openbao,1.43,"37.14MiB / 512MiB",7.25
2026-09-22T03:10:34.390Z,spilo,3.25,"246.9MiB / 1.922GiB",12.55
2026-09-22T03:10:34.390Z,etcd,1.43,"51.87MiB / 1.922GiB",2.64
2026-09-22T03:10:41.885Z,grafana,1.11,"239.7MiB / 512MiB",46.82
2026-09-22T03:10:41.885Z,lorawan-gateway-evidence-verifier-1,18.79,"11.88MiB / 192MiB",6.19
2026-09-22T03:10:41.885Z,node-red-node-red-1,0.00,"86.07MiB / 1.922GiB",4.37
2026-09-22T03:10:41.885Z,lorawan-gateway-evidence-collector-1,0.28,"13.53MiB / 192MiB",7.05
2026-09-22T03:10:41.885Z,seaweedfs,20.05,"142.7MiB / 256MiB",55.74
2026-09-22T03:10:41.885Z,seaweedfs-metadata-etcd,9.39,"76.49MiB / 96MiB",79.68
2026-09-22T03:10:41.885Z,openbao,0.94,"37.14MiB / 512MiB",7.25
2026-09-22T03:10:41.885Z,spilo,0.78,"246.9MiB / 1.922GiB",12.55
2026-09-22T03:10:41.885Z,etcd,1.01,"51.87MiB / 1.922GiB",2.64
2026-09-22T03:10:49.448Z,grafana,1.17,"239.7MiB / 512MiB",46.82
2026-09-22T03:10:49.448Z,lorawan-gateway-evidence-verifier-1,12.08,"12.12MiB / 192MiB",6.31
2026-09-22T03:10:49.448Z,node-red-node-red-1,0.00,"86.13MiB / 1.922GiB",4.38
2026-09-22T03:10:49.448Z,lorawan-gateway-evidence-collector-1,0.29,"13.53MiB / 192MiB",7.05
2026-09-22T03:10:49.448Z,seaweedfs,23.90,"143.4MiB / 256MiB",56.03
2026-09-22T03:10:49.448Z,seaweedfs-metadata-etcd,10.01,"76.48MiB / 96MiB",79.67
2026-09-22T03:10:49.448Z,openbao,1.34,"37.14MiB / 512MiB",7.25
2026-09-22T03:10:49.448Z,spilo,1.62,"247MiB / 1.922GiB",12.55
2026-09-22T03:10:49.448Z,etcd,1.12,"51.87MiB / 1.922GiB",2.64
2026-09-22T03:10:57.035Z,grafana,1.13,"239.7MiB / 512MiB",46.82
2026-09-22T03:10:57.035Z,lorawan-gateway-evidence-verifier-1,12.27,"12.34MiB / 192MiB",6.43
2026-09-22T03:10:57.035Z,node-red-node-red-1,0.00,"86.12MiB / 1.922GiB",4.38
2026-09-22T03:10:57.035Z,lorawan-gateway-evidence-collector-1,0.28,"13.53MiB / 192MiB",7.05
2026-09-22T03:10:57.035Z,seaweedfs,25.34,"142.6MiB / 256MiB",55.69
2026-09-22T03:10:57.035Z,seaweedfs-metadata-etcd,9.83,"76.48MiB / 96MiB",79.67
2026-09-22T03:10:57.035Z,openbao,1.28,"37.14MiB / 512MiB",7.25
2026-09-22T03:10:57.035Z,spilo,0.96,"246.9MiB / 1.922GiB",12.55
2026-09-22T03:10:57.035Z,etcd,0.93,"51.87MiB / 1.922GiB",2.64
2026-09-22T03:11:04.486Z,grafana,1.16,"239.7MiB / 512MiB",46.82
2026-09-22T03:11:04.486Z,lorawan-gateway-evidence-verifier-1,11.20,"12.01MiB / 192MiB",6.25
2026-09-22T03:11:04.486Z,node-red-node-red-1,0.00,"86.18MiB / 1.922GiB",4.38
2026-09-22T03:11:04.486Z,lorawan-gateway-evidence-collector-1,0.31,"13.53MiB / 192MiB",7.05
2026-09-22T03:11:04.486Z,seaweedfs,20.55,"142.5MiB / 256MiB",55.66
2026-09-22T03:11:04.486Z,seaweedfs-metadata-etcd,10.07,"76.49MiB / 96MiB",79.68
2026-09-22T03:11:04.486Z,openbao,1.40,"37.14MiB / 512MiB",7.25
2026-09-22T03:11:04.486Z,spilo,3.38,"246.9MiB / 1.922GiB",12.55
2026-09-22T03:11:04.486Z,etcd,1.20,"51.87MiB / 1.922GiB",2.64
2026-09-22T03:11:12.012Z,grafana,1.00,"239.7MiB / 512MiB",46.82
2026-09-22T03:11:12.012Z,lorawan-gateway-evidence-verifier-1,15.28,"12.3MiB / 192MiB",6.41
2026-09-22T03:11:12.012Z,node-red-node-red-1,0.00,"86.17MiB / 1.922GiB",4.38
2026-09-22T03:11:12.012Z,lorawan-gateway-evidence-collector-1,0.26,"13.53MiB / 192MiB",7.05
2026-09-22T03:11:12.012Z,seaweedfs,18.47,"150.7MiB / 256MiB",58.86
2026-09-22T03:11:12.012Z,seaweedfs-metadata-etcd,8.24,"76.49MiB / 96MiB",79.68
2026-09-22T03:11:12.012Z,openbao,0.89,"37.14MiB / 512MiB",7.25
2026-09-22T03:11:12.012Z,spilo,1.16,"246.9MiB / 1.922GiB",12.55
2026-09-22T03:11:12.012Z,etcd,0.83,"51.87MiB / 1.922GiB",2.64
2026-09-22T03:11:19.519Z,grafana,1.05,"239.7MiB / 512MiB",46.82
2026-09-22T03:11:19.519Z,lorawan-gateway-evidence-verifier-1,20.01,"11.91MiB / 192MiB",6.20
2026-09-22T03:11:19.519Z,node-red-node-red-1,0.00,"86.22MiB / 1.922GiB",4.38
2026-09-22T03:11:19.519Z,lorawan-gateway-evidence-collector-1,0.34,"13.53MiB / 192MiB",7.05
2026-09-22T03:11:19.519Z,seaweedfs,20.43,"142.2MiB / 256MiB",55.55
2026-09-22T03:11:19.519Z,seaweedfs-metadata-etcd,10.33,"76.5MiB / 96MiB",79.69
2026-09-22T03:11:19.519Z,openbao,1.35,"37.14MiB / 512MiB",7.25
2026-09-22T03:11:19.519Z,spilo,1.86,"246.9MiB / 1.922GiB",12.55
2026-09-22T03:11:19.519Z,etcd,1.06,"51.87MiB / 1.922GiB",2.64
2026-09-22T03:11:27.251Z,grafana,1.07,"239.7MiB / 512MiB",46.82
2026-09-22T03:11:27.251Z,lorawan-gateway-evidence-verifier-1,20.33,"12.35MiB / 192MiB",6.43
2026-09-22T03:11:27.251Z,node-red-node-red-1,0.00,"86.21MiB / 1.922GiB",4.38
2026-09-22T03:11:27.251Z,lorawan-gateway-evidence-collector-1,0.29,"13.53MiB / 192MiB",7.05
2026-09-22T03:11:27.251Z,seaweedfs,23.31,"142.5MiB / 256MiB",55.65
2026-09-22T03:11:27.251Z,seaweedfs-metadata-etcd,10.71,"76.5MiB / 96MiB",79.69
2026-09-22T03:11:27.251Z,openbao,1.16,"37.14MiB / 512MiB",7.25
2026-09-22T03:11:27.251Z,spilo,1.30,"247MiB / 1.922GiB",12.55
2026-09-22T03:11:27.251Z,etcd,1.23,"51.87MiB / 1.922GiB",2.64
2026-09-22T03:11:34.894Z,grafana,1.17,"239.7MiB / 512MiB",46.82
2026-09-22T03:11:34.894Z,lorawan-gateway-evidence-verifier-1,18.17,"12.32MiB / 192MiB",6.42
2026-09-22T03:11:34.894Z,node-red-node-red-1,0.00,"86.27MiB / 1.922GiB",4.38
2026-09-22T03:11:34.894Z,lorawan-gateway-evidence-collector-1,0.30,"13.53MiB / 192MiB",7.05
2026-09-22T03:11:34.894Z,seaweedfs,17.87,"142MiB / 256MiB",55.47
2026-09-22T03:11:34.894Z,seaweedfs-metadata-etcd,9.35,"76.5MiB / 96MiB",79.68
2026-09-22T03:11:34.894Z,openbao,1.32,"37.14MiB / 512MiB",7.25
2026-09-22T03:11:34.894Z,spilo,2.90,"247MiB / 1.922GiB",12.55
2026-09-22T03:11:34.894Z,etcd,1.22,"51.87MiB / 1.922GiB",2.64
2026-09-22T03:11:42.391Z,grafana,1.02,"239.8MiB / 512MiB",46.85
2026-09-22T03:11:42.391Z,lorawan-gateway-evidence-verifier-1,21.00,"11.73MiB / 192MiB",6.11
2026-09-22T03:11:42.391Z,node-red-node-red-1,0.00,"86.26MiB / 1.922GiB",4.38
2026-09-22T03:11:42.391Z,lorawan-gateway-evidence-collector-1,0.25,"13.53MiB / 192MiB",7.05
2026-09-22T03:11:42.391Z,seaweedfs,20.13,"142.2MiB / 256MiB",55.55
2026-09-22T03:11:42.391Z,seaweedfs-metadata-etcd,10.80,"76.5MiB / 96MiB",79.69
2026-09-22T03:11:42.391Z,openbao,1.13,"37.14MiB / 512MiB",7.25
2026-09-22T03:11:42.391Z,spilo,0.66,"247MiB / 1.922GiB",12.55
2026-09-22T03:11:42.391Z,etcd,1.08,"51.87MiB / 1.922GiB",2.64
2026-09-22T03:11:49.883Z,grafana,1.16,"239.9MiB / 512MiB",46.85
2026-09-22T03:11:49.883Z,lorawan-gateway-evidence-verifier-1,10.21,"12.41MiB / 192MiB",6.46
2026-09-22T03:11:49.883Z,node-red-node-red-1,3.59,"86.3MiB / 1.922GiB",4.39
2026-09-22T03:11:49.883Z,lorawan-gateway-evidence-collector-1,0.32,"13.53MiB / 192MiB",7.05
2026-09-22T03:11:49.883Z,seaweedfs,23.42,"142.2MiB / 256MiB",55.55
2026-09-22T03:11:49.883Z,seaweedfs-metadata-etcd,12.50,"76.5MiB / 96MiB",79.68
2026-09-22T03:11:49.883Z,openbao,1.71,"37.14MiB / 512MiB",7.25
2026-09-22T03:11:49.883Z,spilo,2.02,"247MiB / 1.922GiB",12.55
2026-09-22T03:11:49.883Z,etcd,1.64,"51.87MiB / 1.922GiB",2.64
2026-09-22T03:11:58.294Z,grafana,2.57,"239.9MiB / 512MiB",46.85
2026-09-22T03:11:58.294Z,lorawan-gateway-evidence-verifier-1,14.02,"12.39MiB / 192MiB",6.45
2026-09-22T03:11:58.294Z,node-red-node-red-1,0.00,"86.29MiB / 1.922GiB",4.38
2026-09-22T03:11:58.294Z,lorawan-gateway-evidence-collector-1,0.32,"13.53MiB / 192MiB",7.05
2026-09-22T03:11:58.294Z,seaweedfs,30.02,"142.5MiB / 256MiB",55.67
2026-09-22T03:11:58.294Z,seaweedfs-metadata-etcd,13.38,"76.5MiB / 96MiB",79.69
2026-09-22T03:11:58.294Z,openbao,1.26,"37.15MiB / 512MiB",7.26
2026-09-22T03:11:58.294Z,spilo,2.53,"247.1MiB / 1.922GiB",12.55
2026-09-22T03:11:58.294Z,etcd,1.08,"51.87MiB / 1.922GiB",2.64
2026-09-22T03:12:05.884Z,grafana,1.56,"239.9MiB / 512MiB",46.85
2026-09-22T03:12:05.884Z,lorawan-gateway-evidence-verifier-1,13.67,"12.2MiB / 192MiB",6.36
2026-09-22T03:12:05.884Z,node-red-node-red-1,0.01,"86.36MiB / 1.922GiB",4.39
2026-09-22T03:12:05.884Z,lorawan-gateway-evidence-collector-1,0.30,"13.53MiB / 192MiB",7.05
2026-09-22T03:12:05.884Z,seaweedfs,22.23,"143.4MiB / 256MiB",56.03
2026-09-22T03:12:05.884Z,seaweedfs-metadata-etcd,10.98,"76.5MiB / 96MiB",79.69
2026-09-22T03:12:05.884Z,openbao,1.27,"37.14MiB / 512MiB",7.25
2026-09-22T03:12:05.884Z,spilo,1.04,"247.1MiB / 1.922GiB",12.55
2026-09-22T03:12:05.884Z,etcd,2.18,"51.87MiB / 1.922GiB",2.64
2026-09-22T03:12:13.320Z,grafana,1.54,"239.9MiB / 512MiB",46.85
2026-09-22T03:12:13.320Z,lorawan-gateway-evidence-verifier-1,0.00,"12.38MiB / 192MiB",6.45
2026-09-22T03:12:13.320Z,node-red-node-red-1,0.00,"86.36MiB / 1.922GiB",4.39
2026-09-22T03:12:13.320Z,lorawan-gateway-evidence-collector-1,1.02,"13.56MiB / 192MiB",7.06
2026-09-22T03:12:13.320Z,seaweedfs,2.54,"150.7MiB / 256MiB",58.85
2026-09-22T03:12:13.320Z,seaweedfs-metadata-etcd,1.53,"76.49MiB / 96MiB",79.68
2026-09-22T03:12:13.320Z,openbao,1.39,"37.14MiB / 512MiB",7.25
2026-09-22T03:12:13.320Z,spilo,1.20,"247.1MiB / 1.922GiB",12.55
2026-09-22T03:12:13.320Z,etcd,1.18,"51.87MiB / 1.922GiB",2.64
2026-09-22T03:12:20.569Z,grafana,1.09,"239.9MiB / 512MiB",46.85
2026-09-22T03:12:20.569Z,lorawan-gateway-evidence-verifier-1,10.92,"12.39MiB / 192MiB",6.46
2026-09-22T03:12:20.569Z,node-red-node-red-1,17.56,"86.43MiB / 1.922GiB",4.39
2026-09-22T03:12:20.569Z,lorawan-gateway-evidence-collector-1,0.26,"13.56MiB / 192MiB",7.06
2026-09-22T03:12:20.569Z,seaweedfs,23.39,"143.6MiB / 256MiB",56.07
2026-09-22T03:12:20.569Z,seaweedfs-metadata-etcd,9.36,"76.5MiB / 96MiB",79.68
2026-09-22T03:12:20.569Z,openbao,1.01,"37.14MiB / 512MiB",7.25
2026-09-22T03:12:20.569Z,spilo,1.08,"247.1MiB / 1.922GiB",12.56
2026-09-22T03:12:20.569Z,etcd,1.04,"51.87MiB / 1.922GiB",2.64
2026-09-22T03:12:28.044Z,grafana,2.01,"239.9MiB / 512MiB",46.85
2026-09-22T03:12:28.044Z,lorawan-gateway-evidence-verifier-1,0.20,"12.39MiB / 192MiB",6.45
2026-09-22T03:12:28.044Z,node-red-node-red-1,0.00,"86.43MiB / 1.922GiB",4.39
2026-09-22T03:12:28.044Z,lorawan-gateway-evidence-collector-1,0.41,"13.56MiB / 192MiB",7.06
2026-09-22T03:12:28.044Z,seaweedfs,0.74,"143.5MiB / 256MiB",56.06
2026-09-22T03:12:28.044Z,seaweedfs-metadata-etcd,1.14,"76.49MiB / 96MiB",79.68
2026-09-22T03:12:28.044Z,openbao,1.79,"37.14MiB / 512MiB",7.25
2026-09-22T03:12:28.044Z,spilo,0.98,"247.1MiB / 1.922GiB",12.56
2026-09-22T03:12:28.044Z,etcd,1.20,"51.87MiB / 1.922GiB",2.64
2026-09-22T03:12:35.237Z,grafana,1.09,"239.9MiB / 512MiB",46.85
2026-09-22T03:12:35.237Z,lorawan-gateway-evidence-verifier-1,0.00,"12.39MiB / 192MiB",6.45
2026-09-22T03:12:35.237Z,node-red-node-red-1,0.00,"86.47MiB / 1.922GiB",4.39
2026-09-22T03:12:35.237Z,lorawan-gateway-evidence-collector-1,0.32,"13.56MiB / 192MiB",7.06
2026-09-22T03:12:35.237Z,seaweedfs,6.13,"144.3MiB / 256MiB",56.35
2026-09-22T03:12:35.237Z,seaweedfs-metadata-etcd,7.72,"76.5MiB / 96MiB",79.69
2026-09-22T03:12:35.237Z,openbao,1.67,"37.14MiB / 512MiB",7.25
2026-09-22T03:12:35.237Z,spilo,1.39,"247.1MiB / 1.922GiB",12.56
2026-09-22T03:12:35.237Z,etcd,2.14,"51.87MiB / 1.922GiB",2.64
2026-09-22T03:12:42.683Z,grafana,0.87,"239.9MiB / 512MiB",46.85
2026-09-22T03:12:42.683Z,lorawan-gateway-evidence-verifier-1,13.11,"12.24MiB / 192MiB",6.37
2026-09-22T03:12:42.683Z,node-red-node-red-1,0.00,"86.47MiB / 1.922GiB",4.39
2026-09-22T03:12:42.683Z,lorawan-gateway-evidence-collector-1,0.31,"13.56MiB / 192MiB",7.06
2026-09-22T03:12:42.683Z,seaweedfs,26.88,"144.1MiB / 256MiB",56.28
2026-09-22T03:12:42.683Z,seaweedfs-metadata-etcd,11.35,"76.49MiB / 96MiB",79.68
2026-09-22T03:12:42.683Z,openbao,1.12,"37.14MiB / 512MiB",7.25
2026-09-22T03:12:42.683Z,spilo,0.86,"247.1MiB / 1.922GiB",12.56
2026-09-22T03:12:42.683Z,etcd,1.70,"51.87MiB / 1.922GiB",2.64
2026-09-22T03:12:49.940Z,grafana,1.30,"239.9MiB / 512MiB",46.85
2026-09-22T03:12:49.940Z,lorawan-gateway-evidence-verifier-1,0.15,"12.39MiB / 192MiB",6.45
2026-09-22T03:12:49.940Z,node-red-node-red-1,0.00,"86.52MiB / 1.922GiB",4.40
2026-09-22T03:12:49.940Z,lorawan-gateway-evidence-collector-1,0.33,"13.56MiB / 192MiB",7.06
2026-09-22T03:12:49.940Z,seaweedfs,9.86,"144.1MiB / 256MiB",56.28
2026-09-22T03:12:49.940Z,seaweedfs-metadata-etcd,7.97,"76.49MiB / 96MiB",79.68
2026-09-22T03:12:49.940Z,openbao,1.56,"37.18MiB / 512MiB",7.26
2026-09-22T03:12:49.940Z,spilo,1.52,"247.1MiB / 1.922GiB",12.56
2026-09-22T03:12:49.940Z,etcd,0.89,"51.87MiB / 1.922GiB",2.64
2026-09-22T03:12:57.310Z,grafana,1.27,"239.9MiB / 512MiB",46.85
2026-09-22T03:12:57.310Z,lorawan-gateway-evidence-verifier-1,0.00,"12.39MiB / 192MiB",6.45
2026-09-22T03:12:57.310Z,node-red-node-red-1,0.01,"86.52MiB / 1.922GiB",4.40
2026-09-22T03:12:57.310Z,lorawan-gateway-evidence-collector-1,0.37,"13.56MiB / 192MiB",7.06
2026-09-22T03:12:57.310Z,seaweedfs,0.84,"144.1MiB / 256MiB",56.30
2026-09-22T03:12:57.310Z,seaweedfs-metadata-etcd,1.04,"76.49MiB / 96MiB",79.68
2026-09-22T03:12:57.310Z,openbao,1.74,"37.18MiB / 512MiB",7.26
2026-09-22T03:12:57.310Z,spilo,0.89,"247.1MiB / 1.922GiB",12.56
2026-09-22T03:12:57.310Z,etcd,1.11,"51.87MiB / 1.922GiB",2.64
2026-09-22T03:13:04.555Z,grafana,1.25,"239.9MiB / 512MiB",46.85
2026-09-22T03:13:04.555Z,lorawan-gateway-evidence-verifier-1,8.75,"12.38MiB / 192MiB",6.45
2026-09-22T03:13:04.555Z,node-red-node-red-1,0.00,"86.56MiB / 1.922GiB",4.40
2026-09-22T03:13:04.555Z,lorawan-gateway-evidence-collector-1,0.31,"13.56MiB / 192MiB",7.06
2026-09-22T03:13:04.555Z,seaweedfs,18.08,"144.1MiB / 256MiB",56.30
2026-09-22T03:13:04.555Z,seaweedfs-metadata-etcd,10.26,"76.5MiB / 96MiB",79.69
2026-09-22T03:13:04.555Z,openbao,1.52,"37.18MiB / 512MiB",7.26
2026-09-22T03:13:04.555Z,spilo,2.68,"247.1MiB / 1.922GiB",12.56
2026-09-22T03:13:04.555Z,etcd,1.20,"51.87MiB / 1.922GiB",2.64
2026-09-22T03:13:11.900Z,grafana,1.10,"239.9MiB / 512MiB",46.85
2026-09-22T03:13:11.900Z,lorawan-gateway-evidence-verifier-1,13.24,"12.39MiB / 192MiB",6.45
2026-09-22T03:13:11.900Z,node-red-node-red-1,0.11,"86.56MiB / 1.922GiB",4.40
2026-09-22T03:13:11.900Z,lorawan-gateway-evidence-collector-1,0.29,"13.56MiB / 192MiB",7.06
2026-09-22T03:13:11.900Z,seaweedfs,23.55,"144MiB / 256MiB",56.26
2026-09-22T03:13:11.900Z,seaweedfs-metadata-etcd,9.07,"76.5MiB / 96MiB",79.69
2026-09-22T03:13:11.900Z,openbao,1.36,"37.18MiB / 512MiB",7.26
2026-09-22T03:13:11.900Z,spilo,1.47,"247.1MiB / 1.922GiB",12.56
2026-09-22T03:13:11.900Z,etcd,0.86,"51.87MiB / 1.922GiB",2.64
2026-09-22T03:13:19.319Z,grafana,1.70,"239.9MiB / 512MiB",46.85
2026-09-22T03:13:19.319Z,lorawan-gateway-evidence-verifier-1,11.60,"12.39MiB / 192MiB",6.46
2026-09-22T03:13:19.319Z,node-red-node-red-1,0.00,"86.62MiB / 1.922GiB",4.40
2026-09-22T03:13:19.319Z,lorawan-gateway-evidence-collector-1,0.39,"13.56MiB / 192MiB",7.06
2026-09-22T03:13:19.319Z,seaweedfs,27.86,"140.3MiB / 256MiB",54.80
2026-09-22T03:13:19.319Z,seaweedfs-metadata-etcd,12.23,"76.5MiB / 96MiB",79.69
2026-09-22T03:13:19.319Z,openbao,1.73,"37.18MiB / 512MiB",7.26
2026-09-22T03:13:19.319Z,spilo,1.02,"247.1MiB / 1.922GiB",12.56
2026-09-22T03:13:19.319Z,etcd,1.28,"51.87MiB / 1.922GiB",2.64
2026-09-22T03:13:26.910Z,grafana,1.03,"239.9MiB / 512MiB",46.85
2026-09-22T03:13:26.910Z,lorawan-gateway-evidence-verifier-1,13.76,"12.43MiB / 192MiB",6.47
2026-09-22T03:13:26.910Z,node-red-node-red-1,0.12,"86.61MiB / 1.922GiB",4.40
2026-09-22T03:13:26.910Z,lorawan-gateway-evidence-collector-1,0.28,"13.56MiB / 192MiB",7.06
2026-09-22T03:13:26.910Z,seaweedfs,30.74,"140.6MiB / 256MiB",54.90
2026-09-22T03:13:26.910Z,seaweedfs-metadata-etcd,13.44,"76.5MiB / 96MiB",79.69
2026-09-22T03:13:26.910Z,openbao,1.81,"37.18MiB / 512MiB",7.26
2026-09-22T03:13:26.910Z,spilo,1.03,"247.1MiB / 1.922GiB",12.56
2026-09-22T03:13:26.910Z,etcd,1.51,"51.87MiB / 1.922GiB",2.64
2026-09-22T03:13:34.226Z,grafana,1.18,"240.1MiB / 512MiB",46.90
2026-09-22T03:13:34.226Z,lorawan-gateway-evidence-verifier-1,0.12,"12.39MiB / 192MiB",6.45
2026-09-22T03:13:34.226Z,node-red-node-red-1,0.00,"86.66MiB / 1.922GiB",4.40
2026-09-22T03:13:34.226Z,lorawan-gateway-evidence-collector-1,0.31,"13.56MiB / 192MiB",7.06
2026-09-22T03:13:34.226Z,seaweedfs,5.88,"143.4MiB / 256MiB",56.03
2026-09-22T03:13:34.226Z,seaweedfs-metadata-etcd,5.97,"76.49MiB / 96MiB",79.68
2026-09-22T03:13:34.226Z,openbao,1.58,"37.18MiB / 512MiB",7.26
2026-09-22T03:13:34.226Z,spilo,1.65,"247.1MiB / 1.922GiB",12.56
2026-09-22T03:13:34.226Z,etcd,1.31,"51.87MiB / 1.922GiB",2.64
2026-09-22T03:13:41.568Z,grafana,1.05,"240.1MiB / 512MiB",46.90
2026-09-22T03:13:41.568Z,lorawan-gateway-evidence-verifier-1,16.49,"12.39MiB / 192MiB",6.45
2026-09-22T03:13:41.568Z,node-red-node-red-1,0.29,"86.89MiB / 1.922GiB",4.42
2026-09-22T03:13:41.568Z,lorawan-gateway-evidence-collector-1,0.28,"13.56MiB / 192MiB",7.06
2026-09-22T03:13:41.568Z,seaweedfs,26.72,"143.5MiB / 256MiB",56.05
2026-09-22T03:13:41.568Z,seaweedfs-metadata-etcd,8.65,"76.51MiB / 96MiB",79.70
2026-09-22T03:13:41.568Z,openbao,1.42,"37.18MiB / 512MiB",7.26
2026-09-22T03:13:41.568Z,spilo,1.67,"247.1MiB / 1.922GiB",12.56
2026-09-22T03:13:41.568Z,etcd,0.89,"51.87MiB / 1.922GiB",2.64
2026-09-22T03:13:48.912Z,grafana,1.04,"240.1MiB / 512MiB",46.90
2026-09-22T03:13:48.912Z,lorawan-gateway-evidence-verifier-1,11.38,"12MiB / 192MiB",6.25
2026-09-22T03:13:48.912Z,node-red-node-red-1,0.00,"86.7MiB / 1.922GiB",4.41
2026-09-22T03:13:48.912Z,lorawan-gateway-evidence-collector-1,0.29,"13.56MiB / 192MiB",7.06
2026-09-22T03:13:48.912Z,seaweedfs,20.26,"143.2MiB / 256MiB",55.96
2026-09-22T03:13:48.912Z,seaweedfs-metadata-etcd,13.70,"76.51MiB / 96MiB",79.70
2026-09-22T03:13:48.912Z,openbao,1.61,"37.18MiB / 512MiB",7.26
2026-09-22T03:13:48.912Z,spilo,0.60,"247.1MiB / 1.922GiB",12.56
2026-09-22T03:13:48.912Z,etcd,0.90,"51.87MiB / 1.922GiB",2.64
2026-09-22T03:13:56.382Z,grafana,1.20,"240.1MiB / 512MiB",46.90
2026-09-22T03:13:56.382Z,lorawan-gateway-evidence-verifier-1,0.09,"12.14MiB / 192MiB",6.32
2026-09-22T03:13:56.382Z,node-red-node-red-1,0.11,"86.7MiB / 1.922GiB",4.41
2026-09-22T03:13:56.382Z,lorawan-gateway-evidence-collector-1,0.31,"13.56MiB / 192MiB",7.06
2026-09-22T03:13:56.382Z,seaweedfs,6.10,"143.4MiB / 256MiB",56.00
2026-09-22T03:13:56.382Z,seaweedfs-metadata-etcd,7.61,"76.51MiB / 96MiB",79.70
2026-09-22T03:13:56.382Z,openbao,1.63,"37.18MiB / 512MiB",7.26
2026-09-22T03:13:56.382Z,spilo,1.36,"247.2MiB / 1.922GiB",12.56
2026-09-22T03:13:56.382Z,etcd,0.93,"51.87MiB / 1.922GiB",2.64
2026-09-22T03:14:03.908Z,grafana,1.14,"240.1MiB / 512MiB",46.90
2026-09-22T03:14:03.908Z,lorawan-gateway-evidence-verifier-1,9.83,"12.39MiB / 192MiB",6.46
2026-09-22T03:14:03.908Z,node-red-node-red-1,0.00,"86.75MiB / 1.922GiB",4.41
2026-09-22T03:14:03.908Z,lorawan-gateway-evidence-collector-1,0.29,"13.56MiB / 192MiB",7.06
2026-09-22T03:14:03.908Z,seaweedfs,19.72,"143MiB / 256MiB",55.87
2026-09-22T03:14:03.908Z,seaweedfs-metadata-etcd,9.00,"76.51MiB / 96MiB",79.70
2026-09-22T03:14:03.908Z,openbao,1.86,"37.18MiB / 512MiB",7.26
2026-09-22T03:14:03.908Z,spilo,0.86,"247.1MiB / 1.922GiB",12.56
2026-09-22T03:14:03.908Z,etcd,1.10,"51.87MiB / 1.922GiB",2.64
2026-09-22T03:14:11.367Z,grafana,1.09,"240.2MiB / 512MiB",46.91
2026-09-22T03:14:11.367Z,lorawan-gateway-evidence-verifier-1,0.00,"12.39MiB / 192MiB",6.45
2026-09-22T03:14:11.367Z,node-red-node-red-1,0.13,"86.75MiB / 1.922GiB",4.41
2026-09-22T03:14:11.367Z,lorawan-gateway-evidence-collector-1,0.36,"13.56MiB / 192MiB",7.06
2026-09-22T03:14:11.367Z,seaweedfs,8.78,"145.8MiB / 256MiB",56.96
2026-09-22T03:14:11.367Z,seaweedfs-metadata-etcd,8.33,"76.5MiB / 96MiB",79.69
2026-09-22T03:14:11.367Z,openbao,1.58,"37.18MiB / 512MiB",7.26
2026-09-22T03:14:11.367Z,spilo,2.08,"247.1MiB / 1.922GiB",12.56
2026-09-22T03:14:11.367Z,etcd,1.51,"51.87MiB / 1.922GiB",2.64
2026-09-22T03:14:18.771Z,grafana,1.07,"240.2MiB / 512MiB",46.91
2026-09-22T03:14:18.771Z,lorawan-gateway-evidence-verifier-1,12.05,"12.39MiB / 192MiB",6.45
2026-09-22T03:14:18.771Z,node-red-node-red-1,0.00,"86.8MiB / 1.922GiB",4.41
2026-09-22T03:14:18.771Z,lorawan-gateway-evidence-collector-1,0.29,"13.38MiB / 192MiB",6.97
2026-09-22T03:14:18.771Z,seaweedfs,23.95,"142.9MiB / 256MiB",55.84
2026-09-22T03:14:18.771Z,seaweedfs-metadata-etcd,11.21,"76.51MiB / 96MiB",79.70
2026-09-22T03:14:18.771Z,openbao,1.19,"37.18MiB / 512MiB",7.26
2026-09-22T03:14:18.771Z,spilo,0.55,"247.1MiB / 1.922GiB",12.56
2026-09-22T03:14:18.771Z,etcd,1.44,"51.87MiB / 1.922GiB",2.64
2026-09-22T03:14:26.331Z,grafana,1.02,"240.2MiB / 512MiB",46.91
2026-09-22T03:14:26.331Z,lorawan-gateway-evidence-verifier-1,12.98,"12.34MiB / 192MiB",6.43
2026-09-22T03:14:26.331Z,node-red-node-red-1,0.11,"86.8MiB / 1.922GiB",4.41
2026-09-22T03:14:26.331Z,lorawan-gateway-evidence-collector-1,0.28,"13.38MiB / 192MiB",6.97
2026-09-22T03:14:26.331Z,seaweedfs,25.45,"143MiB / 256MiB",55.85
2026-09-22T03:14:26.331Z,seaweedfs-metadata-etcd,9.78,"76.51MiB / 96MiB",79.70
2026-09-22T03:14:26.331Z,openbao,1.33,"37.18MiB / 512MiB",7.26
2026-09-22T03:14:26.331Z,spilo,1.62,"247.1MiB / 1.922GiB",12.56
2026-09-22T03:14:26.331Z,etcd,1.32,"51.88MiB / 1.922GiB",2.64
2026-09-22T03:14:33.914Z,grafana,1.08,"240.2MiB / 512MiB",46.91
2026-09-22T03:14:33.914Z,lorawan-gateway-evidence-verifier-1,14.71,"12.39MiB / 192MiB",6.45
2026-09-22T03:14:33.914Z,node-red-node-red-1,0.00,"87.26MiB / 1.922GiB",4.43
2026-09-22T03:14:33.914Z,lorawan-gateway-evidence-collector-1,0.28,"13.38MiB / 192MiB",6.97
2026-09-22T03:14:33.914Z,seaweedfs,24.53,"143.8MiB / 256MiB",56.18
2026-09-22T03:14:33.914Z,seaweedfs-metadata-etcd,7.20,"76.5MiB / 96MiB",79.69
2026-09-22T03:14:33.914Z,openbao,1.45,"37.18MiB / 512MiB",7.26
2026-09-22T03:14:33.914Z,spilo,0.59,"247.1MiB / 1.922GiB",12.56
2026-09-22T03:14:33.914Z,etcd,0.96,"51.87MiB / 1.922GiB",2.64
2026-09-22T03:14:41.280Z,grafana,1.16,"240.2MiB / 512MiB",46.91
2026-09-22T03:14:41.280Z,lorawan-gateway-evidence-verifier-1,13.39,"12.38MiB / 192MiB",6.45
2026-09-22T03:14:41.280Z,node-red-node-red-1,0.14,"87.26MiB / 1.922GiB",4.43
2026-09-22T03:14:41.280Z,lorawan-gateway-evidence-collector-1,0.31,"13.38MiB / 192MiB",6.97
2026-09-22T03:14:41.280Z,seaweedfs,25.88,"143.8MiB / 256MiB",56.16
2026-09-22T03:14:41.280Z,seaweedfs-metadata-etcd,10.95,"76.5MiB / 96MiB",79.69
2026-09-22T03:14:41.280Z,openbao,1.28,"37.18MiB / 512MiB",7.26
2026-09-22T03:14:41.280Z,spilo,2.01,"247.1MiB / 1.922GiB",12.56
2026-09-22T03:14:41.280Z,etcd,0.81,"51.87MiB / 1.922GiB",2.64
2026-09-22T03:14:48.896Z,grafana,1.01,"240.2MiB / 512MiB",46.91
2026-09-22T03:14:48.896Z,lorawan-gateway-evidence-verifier-1,12.42,"12.55MiB / 192MiB",6.54
2026-09-22T03:14:48.896Z,node-red-node-red-1,0.00,"87.31MiB / 1.922GiB",4.44
2026-09-22T03:14:48.896Z,lorawan-gateway-evidence-collector-1,0.24,"13.38MiB / 192MiB",6.97
2026-09-22T03:14:48.896Z,seaweedfs,27.18,"143.8MiB / 256MiB",56.16
2026-09-22T03:14:48.896Z,seaweedfs-metadata-etcd,11.38,"76.51MiB / 96MiB",79.70
2026-09-22T03:14:48.896Z,openbao,1.54,"37.18MiB / 512MiB",7.26
2026-09-22T03:14:48.896Z,spilo,0.80,"247.1MiB / 1.922GiB",12.56
2026-09-22T03:14:48.896Z,etcd,1.01,"51.87MiB / 1.922GiB",2.64
2026-09-22T03:14:56.236Z,grafana,1.02,"240.2MiB / 512MiB",46.91
2026-09-22T03:14:56.236Z,lorawan-gateway-evidence-verifier-1,9.86,"12.64MiB / 192MiB",6.58
2026-09-22T03:14:56.236Z,node-red-node-red-1,0.11,"87.31MiB / 1.922GiB",4.44
2026-09-22T03:14:56.236Z,lorawan-gateway-evidence-collector-1,0.30,"13.38MiB / 192MiB",6.97
2026-09-22T03:14:56.236Z,seaweedfs,24.23,"142.7MiB / 256MiB",55.74
2026-09-22T03:14:56.236Z,seaweedfs-metadata-etcd,10.94,"76.51MiB / 96MiB",79.70
2026-09-22T03:14:56.236Z,openbao,1.58,"37.18MiB / 512MiB",7.26
2026-09-22T03:14:56.236Z,spilo,2.12,"247.1MiB / 1.922GiB",12.56
2026-09-22T03:14:56.236Z,etcd,1.06,"51.87MiB / 1.922GiB",2.64
2026-09-22T03:15:03.850Z,grafana,1.48,"240.2MiB / 512MiB",46.91
2026-09-22T03:15:03.850Z,lorawan-gateway-evidence-verifier-1,7.88,"12.59MiB / 192MiB",6.56
2026-09-22T03:15:03.850Z,node-red-node-red-1,0.00,"87.35MiB / 1.922GiB",4.44
2026-09-22T03:15:03.850Z,lorawan-gateway-evidence-collector-1,0.37,"13.38MiB / 192MiB",6.97
2026-09-22T03:15:03.850Z,seaweedfs,20.01,"144.1MiB / 256MiB",56.29
2026-09-22T03:15:03.850Z,seaweedfs-metadata-etcd,8.02,"76.59MiB / 96MiB",79.78
2026-09-22T03:15:03.850Z,openbao,2.10,"37.18MiB / 512MiB",7.26
2026-09-22T03:15:03.850Z,spilo,0.64,"247.1MiB / 1.922GiB",12.56
2026-09-22T03:15:03.850Z,etcd,1.85,"51.87MiB / 1.922GiB",2.64
2026-09-22T03:15:11.454Z,grafana,1.31,"240.2MiB / 512MiB",46.92
2026-09-22T03:15:11.454Z,lorawan-gateway-evidence-verifier-1,12.02,"12.08MiB / 192MiB",6.29
2026-09-22T03:15:11.454Z,node-red-node-red-1,0.16,"87.35MiB / 1.922GiB",4.44
2026-09-22T03:15:11.454Z,lorawan-gateway-evidence-collector-1,0.31,"13.38MiB / 192MiB",6.97
2026-09-22T03:15:11.454Z,seaweedfs,29.00,"143.1MiB / 256MiB",55.89
2026-09-22T03:15:11.454Z,seaweedfs-metadata-etcd,12.50,"76.59MiB / 96MiB",79.78
2026-09-22T03:15:11.454Z,openbao,1.39,"37.18MiB / 512MiB",7.26
2026-09-22T03:15:11.454Z,spilo,2.41,"247.1MiB / 1.922GiB",12.56
2026-09-22T03:15:11.454Z,etcd,1.38,"51.87MiB / 1.922GiB",2.64
2026-09-22T03:15:19.027Z,grafana,1.53,"240.2MiB / 512MiB",46.92
2026-09-22T03:15:19.027Z,lorawan-gateway-evidence-verifier-1,15.54,"12.22MiB / 192MiB",6.37
2026-09-22T03:15:19.027Z,node-red-node-red-1,0.00,"87.39MiB / 1.922GiB",4.44
2026-09-22T03:15:19.027Z,lorawan-gateway-evidence-collector-1,0.39,"13.38MiB / 192MiB",6.97
2026-09-22T03:15:19.027Z,seaweedfs,33.42,"143MiB / 256MiB",55.87
2026-09-22T03:15:19.027Z,seaweedfs-metadata-etcd,15.13,"76.59MiB / 96MiB",79.78
2026-09-22T03:15:19.027Z,openbao,1.43,"37.18MiB / 512MiB",7.26
2026-09-22T03:15:19.027Z,spilo,1.07,"247.1MiB / 1.922GiB",12.56
2026-09-22T03:15:19.027Z,etcd,1.59,"51.87MiB / 1.922GiB",2.64
2026-09-22T03:15:26.754Z,grafana,1.21,"240.2MiB / 512MiB",46.92
2026-09-22T03:15:26.754Z,lorawan-gateway-evidence-verifier-1,12.92,"11.91MiB / 192MiB",6.20
2026-09-22T03:15:26.754Z,node-red-node-red-1,0.00,"87.46MiB / 1.922GiB",4.44
2026-09-22T03:15:26.754Z,lorawan-gateway-evidence-collector-1,0.36,"13.38MiB / 192MiB",6.97
2026-09-22T03:15:26.754Z,seaweedfs,26.85,"143.1MiB / 256MiB",55.89
2026-09-22T03:15:26.754Z,seaweedfs-metadata-etcd,12.11,"76.59MiB / 96MiB",79.79
2026-09-22T03:15:26.754Z,openbao,1.53,"37.18MiB / 512MiB",7.26
2026-09-22T03:15:26.754Z,spilo,1.77,"247.1MiB / 1.922GiB",12.56
2026-09-22T03:15:26.754Z,etcd,1.49,"51.87MiB / 1.922GiB",2.64
2026-09-22T03:15:34.338Z,grafana,1.26,"240.2MiB / 512MiB",46.92
2026-09-22T03:15:34.338Z,lorawan-gateway-evidence-verifier-1,11.83,"12.39MiB / 192MiB",6.45
2026-09-22T03:15:34.338Z,node-red-node-red-1,0.00,"87.51MiB / 1.922GiB",4.45
2026-09-22T03:15:34.338Z,lorawan-gateway-evidence-collector-1,0.34,"13.38MiB / 192MiB",6.97
2026-09-22T03:15:34.338Z,seaweedfs,22.60,"143.1MiB / 256MiB",55.90
2026-09-22T03:15:34.338Z,seaweedfs-metadata-etcd,10.60,"76.59MiB / 96MiB",79.78
2026-09-22T03:15:34.338Z,openbao,1.64,"37.18MiB / 512MiB",7.26
2026-09-22T03:15:34.338Z,spilo,1.33,"247.1MiB / 1.922GiB",12.56
2026-09-22T03:15:34.338Z,etcd,2.74,"51.87MiB / 1.922GiB",2.64
2026-09-22T03:15:41.908Z,grafana,1.08,"240.2MiB / 512MiB",46.92
2026-09-22T03:15:41.908Z,lorawan-gateway-evidence-verifier-1,19.24,"12.08MiB / 192MiB",6.29
2026-09-22T03:15:41.908Z,node-red-node-red-1,0.14,"87.51MiB / 1.922GiB",4.45
2026-09-22T03:15:41.908Z,lorawan-gateway-evidence-collector-1,0.31,"13.38MiB / 192MiB",6.97
2026-09-22T03:15:41.908Z,seaweedfs,22.02,"142.9MiB / 256MiB",55.84
2026-09-22T03:15:41.908Z,seaweedfs-metadata-etcd,11.43,"76.59MiB / 96MiB",79.78
2026-09-22T03:15:41.908Z,openbao,1.20,"37.18MiB / 512MiB",7.26
2026-09-22T03:15:41.908Z,spilo,2.22,"247.1MiB / 1.922GiB",12.56
2026-09-22T03:15:41.908Z,etcd,0.89,"51.87MiB / 1.922GiB",2.64
2026-09-22T03:15:49.466Z,grafana,1.29,"240.2MiB / 512MiB",46.92
2026-09-22T03:15:49.466Z,lorawan-gateway-evidence-verifier-1,14.92,"11.93MiB / 192MiB",6.22
2026-09-22T03:15:49.466Z,node-red-node-red-1,0.00,"87.56MiB / 1.922GiB",4.45
2026-09-22T03:15:49.466Z,lorawan-gateway-evidence-collector-1,0.32,"13.38MiB / 192MiB",6.97
2026-09-22T03:15:49.466Z,seaweedfs,30.98,"143.9MiB / 256MiB",56.23
2026-09-22T03:15:49.466Z,seaweedfs-metadata-etcd,13.25,"76.59MiB / 96MiB",79.78
2026-09-22T03:15:49.466Z,openbao,1.61,"37.18MiB / 512MiB",7.26
2026-09-22T03:15:49.466Z,spilo,1.90,"247.2MiB / 1.922GiB",12.56
2026-09-22T03:15:49.466Z,etcd,1.85,"51.88MiB / 1.922GiB",2.64
2026-09-22T03:15:57.169Z,grafana,0.97,"240.2MiB / 512MiB",46.92
2026-09-22T03:15:57.169Z,lorawan-gateway-evidence-verifier-1,14.69,"12.39MiB / 192MiB",6.46
2026-09-22T03:15:57.169Z,node-red-node-red-1,0.00,"87.56MiB / 1.922GiB",4.45
2026-09-22T03:15:57.169Z,lorawan-gateway-evidence-collector-1,0.28,"13.38MiB / 192MiB",6.97
2026-09-22T03:15:57.169Z,seaweedfs,24.38,"143.6MiB / 256MiB",56.08
2026-09-22T03:15:57.169Z,seaweedfs-metadata-etcd,11.85,"76.59MiB / 96MiB",79.78
2026-09-22T03:15:57.169Z,openbao,1.15,"37.18MiB / 512MiB",7.26
2026-09-22T03:15:57.169Z,spilo,1.64,"247.2MiB / 1.922GiB",12.56
2026-09-22T03:15:57.169Z,etcd,0.87,"51.94MiB / 1.922GiB",2.64
2026-09-22T03:16:04.724Z,grafana,1.12,"240.2MiB / 512MiB",46.92
2026-09-22T03:16:04.724Z,lorawan-gateway-evidence-verifier-1,12.15,"12.43MiB / 192MiB",6.47
2026-09-22T03:16:04.724Z,node-red-node-red-1,0.00,"87.6MiB / 1.922GiB",4.45
2026-09-22T03:16:04.724Z,lorawan-gateway-evidence-collector-1,0.28,"13.38MiB / 192MiB",6.97
2026-09-22T03:16:04.724Z,seaweedfs,25.23,"143.9MiB / 256MiB",56.21
2026-09-22T03:16:04.724Z,seaweedfs-metadata-etcd,11.34,"76.59MiB / 96MiB",79.79
2026-09-22T03:16:04.724Z,openbao,1.41,"37.18MiB / 512MiB",7.26
2026-09-22T03:16:04.724Z,spilo,2.53,"247.2MiB / 1.922GiB",12.56
2026-09-22T03:16:04.724Z,etcd,1.18,"51.94MiB / 1.922GiB",2.64
2026-09-22T03:16:12.271Z,grafana,1.21,"240.2MiB / 512MiB",46.92
2026-09-22T03:16:12.271Z,lorawan-gateway-evidence-verifier-1,12.21,"12.07MiB / 192MiB",6.29
2026-09-22T03:16:12.271Z,node-red-node-red-1,0.00,"88.18MiB / 1.922GiB",4.48
2026-09-22T03:16:12.271Z,lorawan-gateway-evidence-collector-1,0.30,"13.38MiB / 192MiB",6.97
2026-09-22T03:16:12.271Z,seaweedfs,21.67,"151.8MiB / 256MiB",59.31
2026-09-22T03:16:12.271Z,seaweedfs-metadata-etcd,9.93,"76.59MiB / 96MiB",79.79
2026-09-22T03:16:12.271Z,openbao,1.18,"37.18MiB / 512MiB",7.26
2026-09-22T03:16:12.271Z,spilo,1.77,"247.3MiB / 1.922GiB",12.56
2026-09-22T03:16:12.271Z,etcd,1.59,"51.94MiB / 1.922GiB",2.64
2026-09-22T03:16:19.787Z,grafana,1.00,"240.2MiB / 512MiB",46.92
2026-09-22T03:16:19.787Z,lorawan-gateway-evidence-verifier-1,18.59,"12.18MiB / 192MiB",6.34
2026-09-22T03:16:19.787Z,node-red-node-red-1,0.00,"88.25MiB / 1.922GiB",4.48
2026-09-22T03:16:19.787Z,lorawan-gateway-evidence-collector-1,0.28,"13.38MiB / 192MiB",6.97
2026-09-22T03:16:19.787Z,seaweedfs,16.53,"144MiB / 256MiB",56.25
2026-09-22T03:16:19.787Z,seaweedfs-metadata-etcd,7.69,"76.58MiB / 96MiB",79.77
2026-09-22T03:16:19.787Z,openbao,1.19,"37.18MiB / 512MiB",7.26
2026-09-22T03:16:19.787Z,spilo,1.27,"247.3MiB / 1.922GiB",12.57
2026-09-22T03:16:19.787Z,etcd,0.82,"51.93MiB / 1.922GiB",2.64
2026-09-22T03:16:27.335Z,grafana,0.99,"240.2MiB / 512MiB",46.92
2026-09-22T03:16:27.335Z,lorawan-gateway-evidence-verifier-1,17.06,"12.42MiB / 192MiB",6.47
2026-09-22T03:16:27.335Z,node-red-node-red-1,0.00,"88.25MiB / 1.922GiB",4.48
2026-09-22T03:16:27.335Z,lorawan-gateway-evidence-collector-1,0.25,"13.38MiB / 192MiB",6.97
2026-09-22T03:16:27.335Z,seaweedfs,25.12,"143.7MiB / 256MiB",56.15
2026-09-22T03:16:27.335Z,seaweedfs-metadata-etcd,9.49,"76.59MiB / 96MiB",79.79
2026-09-22T03:16:27.335Z,openbao,1.18,"37.18MiB / 512MiB",7.26
2026-09-22T03:16:27.335Z,spilo,1.29,"247.3MiB / 1.922GiB",12.57
2026-09-22T03:16:27.335Z,etcd,1.14,"51.93MiB / 1.922GiB",2.64
2026-09-22T03:16:34.838Z,grafana,1.21,"240.3MiB / 512MiB",46.94
2026-09-22T03:16:34.838Z,lorawan-gateway-evidence-verifier-1,14.29,"11.89MiB / 192MiB",6.19
2026-09-22T03:16:34.838Z,node-red-node-red-1,0.00,"88.31MiB / 1.922GiB",4.49
2026-09-22T03:16:34.838Z,lorawan-gateway-evidence-collector-1,0.29,"13.38MiB / 192MiB",6.97
2026-09-22T03:16:34.838Z,seaweedfs,23.04,"144.1MiB / 256MiB",56.28
2026-09-22T03:16:34.838Z,seaweedfs-metadata-etcd,10.28,"76.59MiB / 96MiB",79.79
2026-09-22T03:16:34.838Z,openbao,1.49,"37.18MiB / 512MiB",7.26
2026-09-22T03:16:34.838Z,spilo,2.23,"247.3MiB / 1.922GiB",12.57
2026-09-22T03:16:34.838Z,etcd,1.33,"51.93MiB / 1.922GiB",2.64
2026-09-22T03:16:42.445Z,grafana,1.07,"240.3MiB / 512MiB",46.94
2026-09-22T03:16:42.445Z,lorawan-gateway-evidence-verifier-1,15.33,"12.43MiB / 192MiB",6.48
2026-09-22T03:16:42.445Z,node-red-node-red-1,0.00,"88.3MiB / 1.922GiB",4.49
2026-09-22T03:16:42.445Z,lorawan-gateway-evidence-collector-1,0.32,"13.38MiB / 192MiB",6.97
2026-09-22T03:16:42.445Z,seaweedfs,26.32,"144.6MiB / 256MiB",56.49
2026-09-22T03:16:42.445Z,seaweedfs-metadata-etcd,10.61,"76.59MiB / 96MiB",79.78
2026-09-22T03:16:42.445Z,openbao,1.32,"37.18MiB / 512MiB",7.26
2026-09-22T03:16:42.445Z,spilo,1.30,"247.3MiB / 1.922GiB",12.57
2026-09-22T03:16:42.445Z,etcd,1.33,"51.94MiB / 1.922GiB",2.64
2026-09-22T03:16:49.984Z,grafana,1.10,"240.3MiB / 512MiB",46.94
2026-09-22T03:16:49.984Z,lorawan-gateway-evidence-verifier-1,13.78,"12.2MiB / 192MiB",6.35
2026-09-22T03:16:49.984Z,node-red-node-red-1,0.00,"88.35MiB / 1.922GiB",4.49
2026-09-22T03:16:49.984Z,lorawan-gateway-evidence-collector-1,0.30,"13.38MiB / 192MiB",6.97
2026-09-22T03:16:49.984Z,seaweedfs,25.96,"143.5MiB / 256MiB",56.05
2026-09-22T03:16:49.984Z,seaweedfs-metadata-etcd,13.26,"76.59MiB / 96MiB",79.78
2026-09-22T03:16:49.984Z,openbao,1.22,"37.18MiB / 512MiB",7.26
2026-09-22T03:16:49.984Z,spilo,1.75,"247.3MiB / 1.922GiB",12.57
2026-09-22T03:16:49.984Z,etcd,0.98,"51.93MiB / 1.922GiB",2.64
2026-09-22T03:16:57.614Z,grafana,1.40,"240.3MiB / 512MiB",46.94
2026-09-22T03:16:57.614Z,lorawan-gateway-evidence-verifier-1,15.93,"12MiB / 192MiB",6.25
2026-09-22T03:16:57.614Z,node-red-node-red-1,0.00,"88.34MiB / 1.922GiB",4.49
2026-09-22T03:16:57.614Z,lorawan-gateway-evidence-collector-1,0.29,"13.38MiB / 192MiB",6.97
2026-09-22T03:16:57.614Z,seaweedfs,24.79,"144.5MiB / 256MiB",56.45
2026-09-22T03:16:57.614Z,seaweedfs-metadata-etcd,10.83,"76.59MiB / 96MiB",79.78
2026-09-22T03:16:57.614Z,openbao,0.98,"37.18MiB / 512MiB",7.26
2026-09-22T03:16:57.614Z,spilo,1.37,"247.3MiB / 1.922GiB",12.57
2026-09-22T03:16:57.614Z,etcd,0.89,"51.93MiB / 1.922GiB",2.64
2026-09-22T03:17:05.250Z,grafana,1.04,"240.3MiB / 512MiB",46.94
2026-09-22T03:17:05.250Z,lorawan-gateway-evidence-verifier-1,17.46,"12.2MiB / 192MiB",6.35
2026-09-22T03:17:05.250Z,node-red-node-red-1,0.00,"88.39MiB / 1.922GiB",4.49
2026-09-22T03:17:05.250Z,lorawan-gateway-evidence-collector-1,0.28,"13.38MiB / 192MiB",6.97
2026-09-22T03:17:05.250Z,seaweedfs,17.14,"144.5MiB / 256MiB",56.45
2026-09-22T03:17:05.250Z,seaweedfs-metadata-etcd,8.64,"76.59MiB / 96MiB",79.78
2026-09-22T03:17:05.250Z,openbao,1.07,"37.18MiB / 512MiB",7.26
2026-09-22T03:17:05.250Z,spilo,1.15,"247.4MiB / 1.922GiB",12.57
2026-09-22T03:17:05.250Z,etcd,3.02,"51.94MiB / 1.922GiB",2.64
2026-09-22T03:17:12.741Z,grafana,1.15,"240.3MiB / 512MiB",46.94
2026-09-22T03:17:12.741Z,lorawan-gateway-evidence-verifier-1,12.60,"12.49MiB / 192MiB",6.50
2026-09-22T03:17:12.741Z,node-red-node-red-1,0.00,"88.38MiB / 1.922GiB",4.49
2026-09-22T03:17:12.741Z,lorawan-gateway-evidence-collector-1,0.39,"13.38MiB / 192MiB",6.97
2026-09-22T03:17:12.741Z,seaweedfs,22.52,"143.2MiB / 256MiB",55.95
2026-09-22T03:17:12.741Z,seaweedfs-metadata-etcd,11.52,"76.59MiB / 96MiB",79.78
2026-09-22T03:17:12.741Z,openbao,1.14,"37.18MiB / 512MiB",7.26
2026-09-22T03:17:12.741Z,spilo,1.76,"247.3MiB / 1.922GiB",12.57
2026-09-22T03:17:12.741Z,etcd,0.80,"51.93MiB / 1.922GiB",2.64
2026-09-22T03:17:20.112Z,grafana,1.16,"240.3MiB / 512MiB",46.94
2026-09-22T03:17:20.112Z,lorawan-gateway-evidence-verifier-1,16.57,"12.3MiB / 192MiB",6.41
2026-09-22T03:17:20.112Z,node-red-node-red-1,0.00,"88.45MiB / 1.922GiB",4.49
2026-09-22T03:17:20.112Z,lorawan-gateway-evidence-collector-1,0.35,"13.38MiB / 192MiB",6.97
2026-09-22T03:17:20.112Z,seaweedfs,26.31,"143.9MiB / 256MiB",56.23
2026-09-22T03:17:20.112Z,seaweedfs-metadata-etcd,7.89,"76.59MiB / 96MiB",79.78
2026-09-22T03:17:20.112Z,openbao,1.47,"37.18MiB / 512MiB",7.26
2026-09-22T03:17:20.112Z,spilo,1.11,"247.4MiB / 1.922GiB",12.57
2026-09-22T03:17:20.112Z,etcd,1.20,"51.93MiB / 1.922GiB",2.64
2026-09-22T03:17:27.711Z,grafana,1.49,"240.3MiB / 512MiB",46.94
2026-09-22T03:17:27.711Z,lorawan-gateway-evidence-verifier-1,0.11,"12.31MiB / 192MiB",6.41
2026-09-22T03:17:27.711Z,node-red-node-red-1,0.00,"88.45MiB / 1.922GiB",4.49
2026-09-22T03:17:27.711Z,lorawan-gateway-evidence-collector-1,0.36,"13.38MiB / 192MiB",6.97
2026-09-22T03:17:27.711Z,seaweedfs,0.92,"144MiB / 256MiB",56.26
2026-09-22T03:17:27.711Z,seaweedfs-metadata-etcd,1.25,"76.58MiB / 96MiB",79.77
2026-09-22T03:17:27.711Z,openbao,1.94,"37.18MiB / 512MiB",7.26
2026-09-22T03:17:27.711Z,spilo,0.80,"247.4MiB / 1.922GiB",12.57
2026-09-22T03:17:27.711Z,etcd,1.28,"51.94MiB / 1.922GiB",2.64
2026-09-22T03:17:34.928Z,grafana,1.34,"240.3MiB / 512MiB",46.94
2026-09-22T03:17:34.928Z,lorawan-gateway-evidence-verifier-1,0.00,"12.31MiB / 192MiB",6.41
2026-09-22T03:17:34.928Z,node-red-node-red-1,0.00,"88.44MiB / 1.922GiB",4.49
2026-09-22T03:17:34.928Z,lorawan-gateway-evidence-collector-1,0.38,"13.38MiB / 192MiB",6.97
2026-09-22T03:17:34.928Z,seaweedfs,1.20,"144MiB / 256MiB",56.26
2026-09-22T03:17:34.928Z,seaweedfs-metadata-etcd,2.02,"76.58MiB / 96MiB",79.77
2026-09-22T03:17:34.928Z,openbao,2.02,"37.18MiB / 512MiB",7.26
2026-09-22T03:17:34.928Z,spilo,1.96,"247.4MiB / 1.922GiB",12.57
2026-09-22T03:17:34.928Z,etcd,1.39,"51.94MiB / 1.922GiB",2.64
2026-09-22T03:17:42.182Z,grafana,1.17,"240.3MiB / 512MiB",46.94
2026-09-22T03:17:42.182Z,lorawan-gateway-evidence-verifier-1,0.18,"12.31MiB / 192MiB",6.41
2026-09-22T03:17:42.182Z,node-red-node-red-1,0.13,"88.43MiB / 1.922GiB",4.49
2026-09-22T03:17:42.182Z,lorawan-gateway-evidence-collector-1,0.36,"13.38MiB / 192MiB",6.97
2026-09-22T03:17:42.182Z,seaweedfs,5.40,"144MiB / 256MiB",56.26
2026-09-22T03:17:42.182Z,seaweedfs-metadata-etcd,5.70,"76.59MiB / 96MiB",79.78
2026-09-22T03:17:42.182Z,openbao,2.05,"37.18MiB / 512MiB",7.26
2026-09-22T03:17:42.182Z,spilo,2.40,"247.4MiB / 1.922GiB",12.57
2026-09-22T03:17:42.182Z,etcd,1.17,"51.93MiB / 1.922GiB",2.64
2026-09-22T03:17:49.451Z,grafana,1.33,"240.3MiB / 512MiB",46.94
2026-09-22T03:17:49.451Z,lorawan-gateway-evidence-verifier-1,10.47,"12.38MiB / 192MiB",6.45
2026-09-22T03:17:49.451Z,node-red-node-red-1,0.00,"88.51MiB / 1.922GiB",4.50
2026-09-22T03:17:49.451Z,lorawan-gateway-evidence-collector-1,0.32,"13.38MiB / 192MiB",6.97
2026-09-22T03:17:49.451Z,seaweedfs,26.30,"144.1MiB / 256MiB",56.28
2026-09-22T03:17:49.451Z,seaweedfs-metadata-etcd,11.56,"76.59MiB / 96MiB",79.79
2026-09-22T03:17:49.451Z,openbao,1.90,"37.18MiB / 512MiB",7.26
2026-09-22T03:17:49.451Z,spilo,0.88,"247.4MiB / 1.922GiB",12.57
2026-09-22T03:17:49.451Z,etcd,0.94,"51.94MiB / 1.922GiB",2.64
2026-09-22T03:17:57.015Z,grafana,1.08,"240.3MiB / 512MiB",46.94
2026-09-22T03:17:57.015Z,lorawan-gateway-evidence-verifier-1,0.00,"12.43MiB / 192MiB",6.48
2026-09-22T03:17:57.015Z,node-red-node-red-1,0.01,"90.02MiB / 1.922GiB",4.57
2026-09-22T03:17:57.015Z,lorawan-gateway-evidence-collector-1,0.35,"14.11MiB / 192MiB",7.35
2026-09-22T03:17:57.015Z,seaweedfs,6.76,"144.3MiB / 256MiB",56.38
2026-09-22T03:17:57.015Z,seaweedfs-metadata-etcd,8.14,"76.58MiB / 96MiB",79.77
2026-09-22T03:17:57.015Z,openbao,1.23,"37.55MiB / 512MiB",7.33
2026-09-22T03:17:57.015Z,spilo,1.56,"247.4MiB / 1.922GiB",12.57
2026-09-22T03:17:57.015Z,etcd,1.06,"51.92MiB / 1.922GiB",2.64
2026-09-22T03:18:04.618Z,grafana,1.31,"240.3MiB / 512MiB",46.94
2026-09-22T03:18:04.618Z,lorawan-gateway-evidence-verifier-1,0.00,"12.43MiB / 192MiB",6.48
2026-09-22T03:18:04.618Z,node-red-node-red-1,0.00,"90.07MiB / 1.922GiB",4.58
2026-09-22T03:18:04.618Z,lorawan-gateway-evidence-collector-1,0.35,"14.11MiB / 192MiB",7.35
2026-09-22T03:18:04.618Z,seaweedfs,8.55,"144.3MiB / 256MiB",56.38
2026-09-22T03:18:04.618Z,seaweedfs-metadata-etcd,8.74,"76.59MiB / 96MiB",79.78
2026-09-22T03:18:04.618Z,openbao,1.55,"37.55MiB / 512MiB",7.33
2026-09-22T03:18:04.618Z,spilo,2.14,"247.4MiB / 1.922GiB",12.57
2026-09-22T03:18:04.618Z,etcd,1.49,"51.92MiB / 1.922GiB",2.64
2026-09-22T03:18:12.004Z,grafana,1.49,"240.3MiB / 512MiB",46.94
2026-09-22T03:18:12.004Z,lorawan-gateway-evidence-verifier-1,0.17,"12.43MiB / 192MiB",6.48
2026-09-22T03:18:12.004Z,node-red-node-red-1,0.15,"90.07MiB / 1.922GiB",4.58
2026-09-22T03:18:12.004Z,lorawan-gateway-evidence-collector-1,0.44,"14.11MiB / 192MiB",7.35
2026-09-22T03:18:12.004Z,seaweedfs,3.66,"144.3MiB / 256MiB",56.38
2026-09-22T03:18:12.004Z,seaweedfs-metadata-etcd,1.43,"76.58MiB / 96MiB",79.77
2026-09-22T03:18:12.004Z,openbao,3.16,"37.55MiB / 512MiB",7.33
2026-09-22T03:18:12.004Z,spilo,1.13,"247.4MiB / 1.922GiB",12.57
2026-09-22T03:18:12.004Z,etcd,1.21,"51.92MiB / 1.922GiB",2.64
2026-09-22T03:18:19.238Z,grafana,1.65,"240.3MiB / 512MiB",46.94
2026-09-22T03:18:19.238Z,lorawan-gateway-evidence-verifier-1,14.28,"11.93MiB / 192MiB",6.21
2026-09-22T03:18:19.238Z,node-red-node-red-1,0.00,"90.13MiB / 1.922GiB",4.58
2026-09-22T03:18:19.238Z,lorawan-gateway-evidence-collector-1,0.31,"14.23MiB / 192MiB",7.41
2026-09-22T03:18:19.238Z,seaweedfs,27.40,"146.7MiB / 256MiB",57.31
2026-09-22T03:18:19.238Z,seaweedfs-metadata-etcd,12.25,"76.59MiB / 96MiB",79.78
2026-09-22T03:18:19.238Z,openbao,1.29,"37.55MiB / 512MiB",7.33
2026-09-22T03:18:19.238Z,spilo,0.99,"247.4MiB / 1.922GiB",12.57
2026-09-22T03:18:19.238Z,etcd,0.89,"51.92MiB / 1.922GiB",2.64
2026-09-22T03:18:26.726Z,grafana,0.97,"240.3MiB / 512MiB",46.94
2026-09-22T03:18:26.726Z,lorawan-gateway-evidence-verifier-1,11.78,"12.13MiB / 192MiB",6.32
2026-09-22T03:18:26.726Z,node-red-node-red-1,17.93,"90.14MiB / 1.922GiB",4.58
2026-09-22T03:18:26.726Z,lorawan-gateway-evidence-collector-1,0.24,"14.23MiB / 192MiB",7.41
2026-09-22T03:18:26.726Z,seaweedfs,24.22,"144.7MiB / 256MiB",56.52
2026-09-22T03:18:26.726Z,seaweedfs-metadata-etcd,10.56,"76.59MiB / 96MiB",79.78
2026-09-22T03:18:26.726Z,openbao,1.19,"37.55MiB / 512MiB",7.33
2026-09-22T03:18:26.726Z,spilo,1.57,"247.4MiB / 1.922GiB",12.57
2026-09-22T03:18:26.726Z,etcd,1.26,"51.92MiB / 1.922GiB",2.64
2026-09-22T03:18:34.372Z,grafana,1.17,"240.3MiB / 512MiB",46.94
2026-09-22T03:18:34.372Z,lorawan-gateway-evidence-verifier-1,0.12,"12.43MiB / 192MiB",6.48
2026-09-22T03:18:34.372Z,node-red-node-red-1,0.00,"90.66MiB / 1.922GiB",4.61
2026-09-22T03:18:34.372Z,lorawan-gateway-evidence-collector-1,0.35,"14.23MiB / 192MiB",7.41
2026-09-22T03:18:34.372Z,seaweedfs,5.99,"144.4MiB / 256MiB",56.39
2026-09-22T03:18:34.372Z,seaweedfs-metadata-etcd,6.29,"76.58MiB / 96MiB",79.77
2026-09-22T03:18:34.372Z,openbao,1.48,"37.55MiB / 512MiB",7.33
2026-09-22T03:18:34.372Z,spilo,1.95,"247.4MiB / 1.922GiB",12.57
2026-09-22T03:18:34.372Z,etcd,1.12,"51.92MiB / 1.922GiB",2.64
2026-09-22T03:18:41.591Z,grafana,1.32,"240.3MiB / 512MiB",46.94
2026-09-22T03:18:41.591Z,lorawan-gateway-evidence-verifier-1,0.11,"12.43MiB / 192MiB",6.48
2026-09-22T03:18:41.591Z,node-red-node-red-1,0.17,"90.66MiB / 1.922GiB",4.61
2026-09-22T03:18:41.591Z,lorawan-gateway-evidence-collector-1,0.37,"14.23MiB / 192MiB",7.41
2026-09-22T03:18:41.591Z,seaweedfs,1.12,"143.8MiB / 256MiB",56.18
2026-09-22T03:18:41.591Z,seaweedfs-metadata-etcd,1.40,"76.58MiB / 96MiB",79.77
2026-09-22T03:18:41.591Z,openbao,1.52,"37.55MiB / 512MiB",7.33
2026-09-22T03:18:41.591Z,spilo,0.58,"247.4MiB / 1.922GiB",12.57
2026-09-22T03:18:41.591Z,etcd,0.92,"51.92MiB / 1.922GiB",2.64
2026-09-22T03:18:48.958Z,grafana,1.24,"240.3MiB / 512MiB",46.94
2026-09-22T03:18:48.958Z,lorawan-gateway-evidence-verifier-1,0.00,"12.43MiB / 192MiB",6.48
2026-09-22T03:18:48.958Z,node-red-node-red-1,0.00,"90.71MiB / 1.922GiB",4.61
2026-09-22T03:18:48.958Z,lorawan-gateway-evidence-collector-1,0.33,"14.24MiB / 192MiB",7.42
2026-09-22T03:18:48.958Z,seaweedfs,7.90,"149.4MiB / 256MiB",58.37
2026-09-22T03:18:48.958Z,seaweedfs-metadata-etcd,8.88,"76.59MiB / 96MiB",79.78
2026-09-22T03:18:48.958Z,openbao,1.54,"37.55MiB / 512MiB",7.33
2026-09-22T03:18:48.958Z,spilo,1.16,"247.4MiB / 1.922GiB",12.57
2026-09-22T03:18:48.958Z,etcd,1.13,"51.92MiB / 1.922GiB",2.64
2026-09-22T03:18:56.230Z,grafana,1.06,"240.3MiB / 512MiB",46.94
2026-09-22T03:18:56.230Z,lorawan-gateway-evidence-verifier-1,12.00,"12.41MiB / 192MiB",6.46
2026-09-22T03:18:56.230Z,node-red-node-red-1,0.11,"90.7MiB / 1.922GiB",4.61
2026-09-22T03:18:56.230Z,lorawan-gateway-evidence-collector-1,0.27,"14.24MiB / 192MiB",7.42
2026-09-22T03:18:56.230Z,seaweedfs,27.80,"144.9MiB / 256MiB",56.62
2026-09-22T03:18:56.230Z,seaweedfs-metadata-etcd,11.42,"76.59MiB / 96MiB",79.78
2026-09-22T03:18:56.230Z,openbao,1.02,"37.55MiB / 512MiB",7.33
2026-09-22T03:18:56.230Z,spilo,0.46,"247.4MiB / 1.922GiB",12.57
2026-09-22T03:18:56.230Z,etcd,0.91,"51.93MiB / 1.922GiB",2.64
2026-09-22T03:19:03.635Z,grafana,1.11,"240.6MiB / 512MiB",46.99
2026-09-22T03:19:03.635Z,lorawan-gateway-evidence-verifier-1,11.67,"12.14MiB / 192MiB",6.32
2026-09-22T03:19:03.635Z,node-red-node-red-1,0.01,"90.75MiB / 1.922GiB",4.61
2026-09-22T03:19:03.635Z,lorawan-gateway-evidence-collector-1,0.34,"14.24MiB / 192MiB",7.42
2026-09-22T03:19:03.635Z,seaweedfs,24.82,"144.7MiB / 256MiB",56.52
2026-09-22T03:19:03.635Z,seaweedfs-metadata-etcd,11.52,"76.59MiB / 96MiB",79.78
2026-09-22T03:19:03.635Z,openbao,1.50,"37.59MiB / 512MiB",7.34
2026-09-22T03:19:03.635Z,spilo,2.56,"247.4MiB / 1.922GiB",12.57
2026-09-22T03:19:03.635Z,etcd,1.07,"51.92MiB / 1.922GiB",2.64
2026-09-22T03:19:11.058Z,grafana,1.24,"240.6MiB / 512MiB",46.99
2026-09-22T03:19:11.058Z,lorawan-gateway-evidence-verifier-1,0.00,"11.85MiB / 192MiB",6.17
2026-09-22T03:19:11.058Z,node-red-node-red-1,0.11,"90.74MiB / 1.922GiB",4.61
2026-09-22T03:19:11.058Z,lorawan-gateway-evidence-collector-1,0.34,"14.24MiB / 192MiB",7.42
2026-09-22T03:19:11.058Z,seaweedfs,6.34,"150.2MiB / 256MiB",58.67
2026-09-22T03:19:11.058Z,seaweedfs-metadata-etcd,8.59,"76.59MiB / 96MiB",79.78
2026-09-22T03:19:11.058Z,openbao,1.15,"37.59MiB / 512MiB",7.34
2026-09-22T03:19:11.058Z,spilo,0.82,"247.4MiB / 1.922GiB",12.57
2026-09-22T03:19:11.058Z,etcd,1.21,"51.92MiB / 1.922GiB",2.64
2026-09-22T03:19:18.599Z,grafana,1.60,"240.6MiB / 512MiB",46.99
2026-09-22T03:19:18.599Z,lorawan-gateway-evidence-verifier-1,0.13,"11.85MiB / 192MiB",6.17
2026-09-22T03:19:18.599Z,node-red-node-red-1,0.00,"90.82MiB / 1.922GiB",4.61
2026-09-22T03:19:18.599Z,lorawan-gateway-evidence-collector-1,0.33,"14.24MiB / 192MiB",7.42
2026-09-22T03:19:18.599Z,seaweedfs,7.71,"144MiB / 256MiB",56.23
2026-09-22T03:19:18.599Z,seaweedfs-metadata-etcd,7.18,"76.59MiB / 96MiB",79.78
2026-09-22T03:19:18.599Z,openbao,0.99,"37.59MiB / 512MiB",7.34
2026-09-22T03:19:18.599Z,spilo,1.84,"247.4MiB / 1.922GiB",12.57
2026-09-22T03:19:18.599Z,etcd,1.42,"51.92MiB / 1.922GiB",2.64
2026-09-22T03:19:25.790Z,grafana,1.18,"240.6MiB / 512MiB",46.99
2026-09-22T03:19:25.790Z,lorawan-gateway-evidence-verifier-1,1.60,"11.97MiB / 192MiB",6.24
2026-09-22T03:19:25.790Z,node-red-node-red-1,0.00,"90.82MiB / 1.922GiB",4.61
2026-09-22T03:19:25.790Z,lorawan-gateway-evidence-collector-1,0.31,"14.24MiB / 192MiB",7.42
2026-09-22T03:19:25.790Z,seaweedfs,9.87,"144MiB / 256MiB",56.24
2026-09-22T03:19:25.790Z,seaweedfs-metadata-etcd,8.66,"76.59MiB / 96MiB",79.79
2026-09-22T03:19:25.790Z,openbao,1.55,"37.59MiB / 512MiB",7.34
2026-09-22T03:19:25.790Z,spilo,1.17,"247.4MiB / 1.922GiB",12.57
2026-09-22T03:19:25.790Z,etcd,2.20,"51.92MiB / 1.922GiB",2.64
2026-09-22T03:19:33.036Z,grafana,0.89,"240.6MiB / 512MiB",46.99
2026-09-22T03:19:33.036Z,lorawan-gateway-evidence-verifier-1,11.20,"12.39MiB / 192MiB",6.45
2026-09-22T03:19:33.036Z,node-red-node-red-1,0.00,"90.86MiB / 1.922GiB",4.62
2026-09-22T03:19:33.036Z,lorawan-gateway-evidence-collector-1,0.26,"14.24MiB / 192MiB",7.42
2026-09-22T03:19:33.036Z,seaweedfs,28.38,"143.5MiB / 256MiB",56.05
2026-09-22T03:19:33.036Z,seaweedfs-metadata-etcd,11.17,"76.59MiB / 96MiB",79.78
2026-09-22T03:19:33.036Z,openbao,1.30,"37.59MiB / 512MiB",7.34
2026-09-22T03:19:33.036Z,spilo,2.18,"247.5MiB / 1.922GiB",12.57
2026-09-22T03:19:33.036Z,etcd,0.90,"51.92MiB / 1.922GiB",2.64
2026-09-22T03:19:40.484Z,grafana,0.98,"240.6MiB / 512MiB",46.99
2026-09-22T03:19:40.484Z,lorawan-gateway-evidence-verifier-1,10.91,"11.85MiB / 192MiB",6.17
2026-09-22T03:19:40.484Z,node-red-node-red-1,0.00,"90.86MiB / 1.922GiB",4.62
2026-09-22T03:19:40.484Z,lorawan-gateway-evidence-collector-1,0.24,"14.24MiB / 192MiB",7.42
2026-09-22T03:19:40.484Z,seaweedfs,28.00,"144.7MiB / 256MiB",56.53
2026-09-22T03:19:40.484Z,seaweedfs-metadata-etcd,11.50,"76.59MiB / 96MiB",79.78
2026-09-22T03:19:40.484Z,openbao,1.16,"37.59MiB / 512MiB",7.34
2026-09-22T03:19:40.484Z,spilo,0.54,"247.5MiB / 1.922GiB",12.57
2026-09-22T03:19:40.484Z,etcd,1.21,"51.92MiB / 1.922GiB",2.64
2026-09-22T03:19:47.855Z,grafana,1.65,"240.6MiB / 512MiB",46.99
2026-09-22T03:19:47.855Z,lorawan-gateway-evidence-verifier-1,13.43,"12.43MiB / 192MiB",6.48
2026-09-22T03:19:47.855Z,node-red-node-red-1,0.00,"90.9MiB / 1.922GiB",4.62
2026-09-22T03:19:47.855Z,lorawan-gateway-evidence-collector-1,0.27,"14.24MiB / 192MiB",7.42
2026-09-22T03:19:47.855Z,seaweedfs,26.38,"144.7MiB / 256MiB",56.51
2026-09-22T03:19:47.855Z,seaweedfs-metadata-etcd,9.95,"76.59MiB / 96MiB",79.78
2026-09-22T03:19:47.855Z,openbao,1.42,"37.59MiB / 512MiB",7.34
2026-09-22T03:19:47.855Z,spilo,1.46,"247.5MiB / 1.922GiB",12.57
2026-09-22T03:19:47.855Z,etcd,0.80,"51.92MiB / 1.922GiB",2.64
2026-09-22T03:19:55.302Z,grafana,0.94,"240.6MiB / 512MiB",46.99
2026-09-22T03:19:55.302Z,lorawan-gateway-evidence-verifier-1,14.78,"12.1MiB / 192MiB",6.30
2026-09-22T03:19:55.302Z,node-red-node-red-1,0.00,"90.9MiB / 1.922GiB",4.62
2026-09-22T03:19:55.302Z,lorawan-gateway-evidence-collector-1,0.31,"14.24MiB / 192MiB",7.42
2026-09-22T03:19:55.302Z,seaweedfs,25.88,"145.3MiB / 256MiB",56.78
2026-09-22T03:19:55.302Z,seaweedfs-metadata-etcd,7.30,"76.59MiB / 96MiB",79.79
2026-09-22T03:19:55.302Z,openbao,1.34,"37.6MiB / 512MiB",7.34
2026-09-22T03:19:55.302Z,spilo,1.54,"247.5MiB / 1.922GiB",12.57
2026-09-22T03:19:55.302Z,etcd,1.81,"51.94MiB / 1.922GiB",2.64
2026-09-22T03:20:02.616Z,grafana,2.44,"240.6MiB / 512MiB",47.00
2026-09-22T03:20:02.616Z,lorawan-gateway-evidence-verifier-1,6.93,"12.35MiB / 192MiB",6.43
2026-09-22T03:20:02.616Z,node-red-node-red-1,0.02,"90.95MiB / 1.922GiB",4.62
2026-09-22T03:20:02.616Z,lorawan-gateway-evidence-collector-1,0.47,"14.24MiB / 192MiB",7.42
2026-09-22T03:20:02.616Z,seaweedfs,16.57,"144.5MiB / 256MiB",56.45
2026-09-22T03:20:02.616Z,seaweedfs-metadata-etcd,10.25,"76.58MiB / 96MiB",79.77
2026-09-22T03:20:02.616Z,openbao,2.38,"37.59MiB / 512MiB",7.34
2026-09-22T03:20:02.616Z,spilo,4.56,"247.6MiB / 1.922GiB",12.58
2026-09-22T03:20:02.616Z,etcd,3.37,"51.93MiB / 1.922GiB",2.64
2026-09-22T03:20:10.166Z,grafana,1.26,"240.6MiB / 512MiB",47.00
2026-09-22T03:20:10.166Z,lorawan-gateway-evidence-verifier-1,13.78,"12.54MiB / 192MiB",6.53
2026-09-22T03:20:10.166Z,node-red-node-red-1,0.00,"90.95MiB / 1.922GiB",4.62
2026-09-22T03:20:10.166Z,lorawan-gateway-evidence-collector-1,0.39,"14.24MiB / 192MiB",7.42
2026-09-22T03:20:10.166Z,seaweedfs,25.10,"144.4MiB / 256MiB",56.42
2026-09-22T03:20:10.166Z,seaweedfs-metadata-etcd,12.99,"76.59MiB / 96MiB",79.79
2026-09-22T03:20:10.166Z,openbao,2.02,"37.59MiB / 512MiB",7.34
2026-09-22T03:20:10.166Z,spilo,1.49,"247.6MiB / 1.922GiB",12.58
2026-09-22T03:20:10.166Z,etcd,2.14,"51.93MiB / 1.922GiB",2.64
2026-09-22T03:20:17.784Z,grafana,1.68,"240.6MiB / 512MiB",47.00
2026-09-22T03:20:17.784Z,lorawan-gateway-evidence-verifier-1,12.13,"12.43MiB / 192MiB",6.48
2026-09-22T03:20:17.784Z,node-red-node-red-1,0.00,"90.95MiB / 1.922GiB",4.62
2026-09-22T03:20:17.784Z,lorawan-gateway-evidence-collector-1,0.33,"14.24MiB / 192MiB",7.42
2026-09-22T03:20:17.784Z,seaweedfs,25.88,"142.1MiB / 256MiB",55.52
2026-09-22T03:20:17.784Z,seaweedfs-metadata-etcd,12.66,"76.84MiB / 96MiB",80.04
2026-09-22T03:20:17.784Z,openbao,1.63,"37.59MiB / 512MiB",7.34
2026-09-22T03:20:17.784Z,spilo,1.16,"247.6MiB / 1.922GiB",12.58
2026-09-22T03:20:17.784Z,etcd,1.16,"51.93MiB / 1.922GiB",2.64
2026-09-22T03:20:25.241Z,grafana,1.07,"240.6MiB / 512MiB",47.00
2026-09-22T03:20:25.241Z,lorawan-gateway-evidence-verifier-1,10.39,"12.43MiB / 192MiB",6.48
2026-09-22T03:20:25.241Z,node-red-node-red-1,0.00,"90.95MiB / 1.922GiB",4.62
2026-09-22T03:20:25.241Z,lorawan-gateway-evidence-collector-1,0.32,"14.24MiB / 192MiB",7.42
2026-09-22T03:20:25.241Z,seaweedfs,21.42,"144.3MiB / 256MiB",56.37
2026-09-22T03:20:25.241Z,seaweedfs-metadata-etcd,8.61,"76.84MiB / 96MiB",80.04
2026-09-22T03:20:25.241Z,openbao,1.61,"37.59MiB / 512MiB",7.34
2026-09-22T03:20:25.241Z,spilo,2.08,"247.6MiB / 1.922GiB",12.58
2026-09-22T03:20:25.241Z,etcd,1.99,"51.93MiB / 1.922GiB",2.64
2026-09-22T03:20:32.637Z,grafana,1.03,"240.6MiB / 512MiB",47.00
2026-09-22T03:20:32.637Z,lorawan-gateway-evidence-verifier-1,12.83,"11.88MiB / 192MiB",6.19
2026-09-22T03:20:32.637Z,node-red-node-red-1,0.02,"91MiB / 1.922GiB",4.62
2026-09-22T03:20:32.637Z,lorawan-gateway-evidence-collector-1,0.30,"14.24MiB / 192MiB",7.42
2026-09-22T03:20:32.637Z,seaweedfs,26.64,"144.6MiB / 256MiB",56.50
2026-09-22T03:20:32.637Z,seaweedfs-metadata-etcd,10.63,"76.84MiB / 96MiB",80.04
2026-09-22T03:20:32.637Z,openbao,1.14,"37.59MiB / 512MiB",7.34
2026-09-22T03:20:32.637Z,spilo,1.70,"247.6MiB / 1.922GiB",12.58
2026-09-22T03:20:32.637Z,etcd,0.99,"51.93MiB / 1.922GiB",2.64
2026-09-22T03:20:40.195Z,grafana,1.11,"240.6MiB / 512MiB",47.00
2026-09-22T03:20:40.195Z,lorawan-gateway-evidence-verifier-1,12.48,"12.43MiB / 192MiB",6.48
2026-09-22T03:20:40.195Z,node-red-node-red-1,0.00,"91MiB / 1.922GiB",4.62
2026-09-22T03:20:40.195Z,lorawan-gateway-evidence-collector-1,0.34,"14.24MiB / 192MiB",7.42
2026-09-22T03:20:40.195Z,seaweedfs,28.01,"144.8MiB / 256MiB",56.57
2026-09-22T03:20:40.195Z,seaweedfs-metadata-etcd,11.39,"76.84MiB / 96MiB",80.04
2026-09-22T03:20:40.195Z,openbao,1.19,"37.59MiB / 512MiB",7.34
2026-09-22T03:20:40.195Z,spilo,1.84,"247.6MiB / 1.922GiB",12.58
2026-09-22T03:20:40.195Z,etcd,1.39,"51.93MiB / 1.922GiB",2.64
2026-09-22T03:20:47.723Z,grafana,1.57,"240.6MiB / 512MiB",47.00
2026-09-22T03:20:47.723Z,lorawan-gateway-evidence-verifier-1,14.21,"12.45MiB / 192MiB",6.48
2026-09-22T03:20:47.723Z,node-red-node-red-1,0.01,"91.04MiB / 1.922GiB",4.63
2026-09-22T03:20:47.723Z,lorawan-gateway-evidence-collector-1,0.32,"14.24MiB / 192MiB",7.42
2026-09-22T03:20:47.723Z,seaweedfs,28.26,"144.5MiB / 256MiB",56.45
2026-09-22T03:20:47.723Z,seaweedfs-metadata-etcd,12.73,"76.84MiB / 96MiB",80.05
2026-09-22T03:20:47.723Z,openbao,1.17,"37.59MiB / 512MiB",7.34
2026-09-22T03:20:47.723Z,spilo,1.31,"247.6MiB / 1.922GiB",12.58
2026-09-22T03:20:47.723Z,etcd,1.02,"51.93MiB / 1.922GiB",2.64
2026-09-22T03:20:55.156Z,grafana,1.13,"240.6MiB / 512MiB",47.00
2026-09-22T03:20:55.156Z,lorawan-gateway-evidence-verifier-1,11.81,"11.79MiB / 192MiB",6.14
2026-09-22T03:20:55.156Z,node-red-node-red-1,0.00,"91.04MiB / 1.922GiB",4.63
2026-09-22T03:20:55.156Z,lorawan-gateway-evidence-collector-1,0.32,"14.24MiB / 192MiB",7.42
2026-09-22T03:20:55.156Z,seaweedfs,19.92,"144.6MiB / 256MiB",56.50
2026-09-22T03:20:55.156Z,seaweedfs-metadata-etcd,9.60,"76.84MiB / 96MiB",80.04
2026-09-22T03:20:55.156Z,openbao,1.08,"37.59MiB / 512MiB",7.34
2026-09-22T03:20:55.156Z,spilo,1.83,"247.6MiB / 1.922GiB",12.58
2026-09-22T03:20:55.156Z,etcd,1.21,"51.93MiB / 1.922GiB",2.64
2026-09-22T03:21:02.679Z,grafana,1.29,"240.7MiB / 512MiB",47.01
2026-09-22T03:21:02.679Z,lorawan-gateway-evidence-verifier-1,10.27,"12.31MiB / 192MiB",6.41
2026-09-22T03:21:02.679Z,node-red-node-red-1,0.02,"105.5MiB / 1.922GiB",5.36
2026-09-22T03:21:02.679Z,lorawan-gateway-evidence-collector-1,0.28,"14.58MiB / 192MiB",7.59
2026-09-22T03:21:02.679Z,seaweedfs,20.90,"145.1MiB / 256MiB",56.68
2026-09-22T03:21:02.679Z,seaweedfs-metadata-etcd,9.49,"76.97MiB / 96MiB",80.18
2026-09-22T03:21:02.679Z,openbao,1.39,"37.6MiB / 512MiB",7.34
2026-09-22T03:21:02.679Z,spilo,1.03,"258.2MiB / 1.922GiB",13.12
2026-09-22T03:21:02.679Z,etcd,1.80,"51.97MiB / 1.922GiB",2.64
2026-09-22T03:21:10.265Z,grafana,1.32,"240.7MiB / 512MiB",47.01
2026-09-22T03:21:10.265Z,lorawan-gateway-evidence-verifier-1,14.94,"11.86MiB / 192MiB",6.17
2026-09-22T03:21:10.265Z,node-red-node-red-1,0.00,"105.5MiB / 1.922GiB",5.36
2026-09-22T03:21:10.265Z,lorawan-gateway-evidence-collector-1,0.33,"14.58MiB / 192MiB",7.59
2026-09-22T03:21:10.265Z,seaweedfs,26.91,"147.2MiB / 256MiB",57.49
2026-09-22T03:21:10.265Z,seaweedfs-metadata-etcd,11.86,"76.96MiB / 96MiB",80.17
2026-09-22T03:21:10.265Z,openbao,1.35,"37.6MiB / 512MiB",7.34
2026-09-22T03:21:10.265Z,spilo,2.12,"258.2MiB / 1.922GiB",13.12
2026-09-22T03:21:10.265Z,etcd,1.72,"51.97MiB / 1.922GiB",2.64
2026-09-22T03:21:17.889Z,grafana,1.32,"240.7MiB / 512MiB",47.01
2026-09-22T03:21:17.889Z,lorawan-gateway-evidence-verifier-1,15.02,"12.39MiB / 192MiB",6.45
2026-09-22T03:21:17.889Z,node-red-node-red-1,0.00,"105.5MiB / 1.922GiB",5.36
2026-09-22T03:21:17.889Z,lorawan-gateway-evidence-collector-1,0.29,"14.58MiB / 192MiB",7.59
2026-09-22T03:21:17.889Z,seaweedfs,27.49,"143MiB / 256MiB",55.88
2026-09-22T03:21:17.889Z,seaweedfs-metadata-etcd,9.85,"76.96MiB / 96MiB",80.17
2026-09-22T03:21:17.889Z,openbao,1.11,"37.6MiB / 512MiB",7.34
2026-09-22T03:21:17.889Z,spilo,1.27,"258.2MiB / 1.922GiB",13.12
2026-09-22T03:21:17.889Z,etcd,1.04,"51.97MiB / 1.922GiB",2.64
2026-09-22T03:21:25.456Z,grafana,1.00,"240.7MiB / 512MiB",47.01
2026-09-22T03:21:25.456Z,lorawan-gateway-evidence-verifier-1,15.57,"12.48MiB / 192MiB",6.50
2026-09-22T03:21:25.456Z,node-red-node-red-1,0.00,"105.5MiB / 1.922GiB",5.36
2026-09-22T03:21:25.456Z,lorawan-gateway-evidence-collector-1,0.32,"14.58MiB / 192MiB",7.59
2026-09-22T03:21:25.456Z,seaweedfs,25.14,"144.2MiB / 256MiB",56.32
2026-09-22T03:21:25.456Z,seaweedfs-metadata-etcd,10.38,"76.97MiB / 96MiB",80.18
2026-09-22T03:21:25.456Z,openbao,1.32,"37.6MiB / 512MiB",7.34
2026-09-22T03:21:25.456Z,spilo,2.46,"258.2MiB / 1.922GiB",13.12
2026-09-22T03:21:25.456Z,etcd,2.12,"51.97MiB / 1.922GiB",2.64
2026-09-22T03:21:33.098Z,grafana,1.11,"240.8MiB / 512MiB",47.03
2026-09-22T03:21:33.098Z,lorawan-gateway-evidence-verifier-1,13.01,"12.29MiB / 192MiB",6.40
2026-09-22T03:21:33.098Z,node-red-node-red-1,0.02,"101.3MiB / 1.922GiB",5.15
2026-09-22T03:21:33.098Z,lorawan-gateway-evidence-collector-1,0.28,"14.58MiB / 192MiB",7.59
2026-09-22T03:21:33.098Z,seaweedfs,25.86,"144.4MiB / 256MiB",56.42
2026-09-22T03:21:33.098Z,seaweedfs-metadata-etcd,9.77,"76.96MiB / 96MiB",80.17
2026-09-22T03:21:33.098Z,openbao,1.15,"37.6MiB / 512MiB",7.34
2026-09-22T03:21:33.098Z,spilo,1.62,"258.2MiB / 1.922GiB",13.12
2026-09-22T03:21:33.098Z,etcd,0.94,"51.97MiB / 1.922GiB",2.64
2026-09-22T03:21:40.619Z,grafana,1.00,"240.8MiB / 512MiB",47.03
2026-09-22T03:21:40.619Z,lorawan-gateway-evidence-verifier-1,20.43,"12.31MiB / 192MiB",6.41
2026-09-22T03:21:40.619Z,node-red-node-red-1,0.00,"101.3MiB / 1.922GiB",5.15
2026-09-22T03:21:40.619Z,lorawan-gateway-evidence-collector-1,0.26,"14.58MiB / 192MiB",7.59
2026-09-22T03:21:40.619Z,seaweedfs,17.56,"144.6MiB / 256MiB",56.48
2026-09-22T03:21:40.619Z,seaweedfs-metadata-etcd,8.26,"76.96MiB / 96MiB",80.17
2026-09-22T03:21:40.619Z,openbao,1.32,"37.6MiB / 512MiB",7.34
2026-09-22T03:21:40.619Z,spilo,0.98,"258.2MiB / 1.922GiB",13.12
2026-09-22T03:21:40.619Z,etcd,1.19,"51.97MiB / 1.922GiB",2.64
2026-09-22T03:21:48.362Z,grafana,1.55,"240.8MiB / 512MiB",47.03
2026-09-22T03:21:48.362Z,lorawan-gateway-evidence-verifier-1,20.36,"12.31MiB / 192MiB",6.41
2026-09-22T03:21:48.362Z,node-red-node-red-1,0.00,"100.3MiB / 1.922GiB",5.10
2026-09-22T03:21:48.362Z,lorawan-gateway-evidence-collector-1,0.28,"14.58MiB / 192MiB",7.59
2026-09-22T03:21:48.362Z,seaweedfs,20.50,"144.4MiB / 256MiB",56.41
2026-09-22T03:21:48.362Z,seaweedfs-metadata-etcd,8.44,"76.97MiB / 96MiB",80.18
2026-09-22T03:21:48.362Z,openbao,1.42,"37.6MiB / 512MiB",7.34
2026-09-22T03:21:48.362Z,spilo,0.67,"258.2MiB / 1.922GiB",13.12
2026-09-22T03:21:48.362Z,etcd,1.15,"51.97MiB / 1.922GiB",2.64
2026-09-22T03:21:55.983Z,grafana,0.90,"240.8MiB / 512MiB",47.03
2026-09-22T03:21:55.983Z,lorawan-gateway-evidence-verifier-1,18.08,"12.06MiB / 192MiB",6.28
2026-09-22T03:21:55.983Z,node-red-node-red-1,0.10,"100.3MiB / 1.922GiB",5.10
2026-09-22T03:21:55.983Z,lorawan-gateway-evidence-collector-1,0.30,"14.58MiB / 192MiB",7.59
2026-09-22T03:21:55.983Z,seaweedfs,22.51,"145.2MiB / 256MiB",56.73
2026-09-22T03:21:55.983Z,seaweedfs-metadata-etcd,9.33,"76.97MiB / 96MiB",80.18
2026-09-22T03:21:55.983Z,openbao,1.26,"37.6MiB / 512MiB",7.34
2026-09-22T03:21:55.983Z,spilo,1.63,"258.5MiB / 1.922GiB",13.13
2026-09-22T03:21:55.983Z,etcd,2.27,"51.97MiB / 1.922GiB",2.64
2026-09-22T03:22:03.499Z,grafana,1.07,"240.8MiB / 512MiB",47.03
2026-09-22T03:22:03.499Z,lorawan-gateway-evidence-verifier-1,8.16,"12.43MiB / 192MiB",6.48
2026-09-22T03:22:03.499Z,node-red-node-red-1,0.00,"100.4MiB / 1.922GiB",5.10
2026-09-22T03:22:03.499Z,lorawan-gateway-evidence-collector-1,0.30,"14.61MiB / 192MiB",7.61
2026-09-22T03:22:03.499Z,seaweedfs,15.91,"145MiB / 256MiB",56.66
2026-09-22T03:22:03.499Z,seaweedfs-metadata-etcd,7.54,"76.97MiB / 96MiB",80.18
2026-09-22T03:22:03.499Z,openbao,1.37,"37.6MiB / 512MiB",7.34
2026-09-22T03:22:03.499Z,spilo,1.17,"258.5MiB / 1.922GiB",13.13
2026-09-22T03:22:03.499Z,etcd,1.34,"51.97MiB / 1.922GiB",2.64
2026-09-22T03:22:10.901Z,grafana,1.10,"240.8MiB / 512MiB",47.03
2026-09-22T03:22:10.901Z,lorawan-gateway-evidence-verifier-1,16.27,"12.05MiB / 192MiB",6.28
2026-09-22T03:22:10.901Z,node-red-node-red-1,0.00,"100.4MiB / 1.922GiB",5.10
2026-09-22T03:22:10.901Z,lorawan-gateway-evidence-collector-1,0.32,"14.61MiB / 192MiB",7.61
2026-09-22T03:22:10.901Z,seaweedfs,27.82,"149.9MiB / 256MiB",58.57
2026-09-22T03:22:10.901Z,seaweedfs-metadata-etcd,11.47,"76.96MiB / 96MiB",80.17
2026-09-22T03:22:10.901Z,openbao,1.22,"37.6MiB / 512MiB",7.34
2026-09-22T03:22:10.901Z,spilo,1.53,"258.5MiB / 1.922GiB",13.13
2026-09-22T03:22:10.901Z,etcd,1.60,"51.97MiB / 1.922GiB",2.64
2026-09-22T03:22:18.708Z,grafana,1.74,"240.8MiB / 512MiB",47.03
2026-09-22T03:22:18.708Z,lorawan-gateway-evidence-verifier-1,12.78,"12.51MiB / 192MiB",6.52
2026-09-22T03:22:18.708Z,node-red-node-red-1,0.00,"100.4MiB / 1.922GiB",5.10
2026-09-22T03:22:18.708Z,lorawan-gateway-evidence-collector-1,0.32,"14.61MiB / 192MiB",7.61
2026-09-22T03:22:18.708Z,seaweedfs,27.38,"144.4MiB / 256MiB",56.41
2026-09-22T03:22:18.708Z,seaweedfs-metadata-etcd,12.01,"76.97MiB / 96MiB",80.18
2026-09-22T03:22:18.708Z,openbao,1.19,"37.6MiB / 512MiB",7.34
2026-09-22T03:22:18.708Z,spilo,0.95,"258.5MiB / 1.922GiB",13.14
2026-09-22T03:22:18.708Z,etcd,1.22,"51.97MiB / 1.922GiB",2.64
2026-09-22T03:22:26.204Z,grafana,0.99,"240.8MiB / 512MiB",47.03
2026-09-22T03:22:26.204Z,lorawan-gateway-evidence-verifier-1,12.67,"12.46MiB / 192MiB",6.49
2026-09-22T03:22:26.204Z,node-red-node-red-1,0.11,"100.4MiB / 1.922GiB",5.10
2026-09-22T03:22:26.204Z,lorawan-gateway-evidence-collector-1,0.23,"14.61MiB / 192MiB",7.61
2026-09-22T03:22:26.204Z,seaweedfs,23.88,"144.4MiB / 256MiB",56.39
2026-09-22T03:22:26.204Z,seaweedfs-metadata-etcd,11.36,"76.97MiB / 96MiB",80.18
2026-09-22T03:22:26.204Z,openbao,1.21,"37.6MiB / 512MiB",7.34
2026-09-22T03:22:26.204Z,spilo,1.46,"258.5MiB / 1.922GiB",13.13
2026-09-22T03:22:26.204Z,etcd,1.22,"51.97MiB / 1.922GiB",2.64
2026-09-22T03:22:33.850Z,grafana,0.96,"242.9MiB / 512MiB",47.44
2026-09-22T03:22:33.850Z,lorawan-gateway-evidence-verifier-1,13.57,"12.43MiB / 192MiB",6.47
2026-09-22T03:22:33.850Z,node-red-node-red-1,0.00,"79.41MiB / 1.922GiB",4.04
2026-09-22T03:22:33.850Z,lorawan-gateway-evidence-collector-1,0.24,"11.95MiB / 192MiB",6.22
2026-09-22T03:22:33.850Z,seaweedfs,25.15,"145.5MiB / 256MiB",56.83
2026-09-22T03:22:33.850Z,seaweedfs-metadata-etcd,10.74,"77.14MiB / 96MiB",80.35
2026-09-22T03:22:33.850Z,openbao,1.14,"36.8MiB / 512MiB",7.19
2026-09-22T03:22:33.850Z,spilo,1.13,"258.8MiB / 1.922GiB",13.15
2026-09-22T03:22:33.850Z,etcd,0.84,"50.06MiB / 1.922GiB",2.54
2026-09-22T03:22:41.207Z,grafana,1.11,"242.9MiB / 512MiB",47.44
2026-09-22T03:22:41.207Z,lorawan-gateway-evidence-verifier-1,0.00,"12.31MiB / 192MiB",6.41
2026-09-22T03:22:41.207Z,node-red-node-red-1,0.00,"79.41MiB / 1.922GiB",4.04
2026-09-22T03:22:41.207Z,lorawan-gateway-evidence-collector-1,0.36,"11.95MiB / 192MiB",6.22
2026-09-22T03:22:41.207Z,seaweedfs,0.76,"144.9MiB / 256MiB",56.59
2026-09-22T03:22:41.207Z,seaweedfs-metadata-etcd,0.83,"77.13MiB / 96MiB",80.35
2026-09-22T03:22:41.207Z,openbao,1.54,"36.8MiB / 512MiB",7.19
2026-09-22T03:22:41.207Z,spilo,0.74,"258.8MiB / 1.922GiB",13.15
2026-09-22T03:22:41.207Z,etcd,1.24,"50.06MiB / 1.922GiB",2.54
2026-09-22T03:22:48.385Z,grafana,1.39,"242.9MiB / 512MiB",47.44
2026-09-22T03:22:48.385Z,lorawan-gateway-evidence-verifier-1,6.76,"12.47MiB / 192MiB",6.49
2026-09-22T03:22:48.385Z,node-red-node-red-1,0.00,"79.44MiB / 1.922GiB",4.04
2026-09-22T03:22:48.385Z,lorawan-gateway-evidence-collector-1,0.28,"11.95MiB / 192MiB",6.22
2026-09-22T03:22:48.385Z,seaweedfs,14.94,"144.9MiB / 256MiB",56.59
2026-09-22T03:22:48.385Z,seaweedfs-metadata-etcd,7.75,"77.14MiB / 96MiB",80.35
2026-09-22T03:22:48.385Z,openbao,1.27,"36.8MiB / 512MiB",7.19
2026-09-22T03:22:48.385Z,spilo,1.18,"258.8MiB / 1.922GiB",13.15
2026-09-22T03:22:48.385Z,etcd,0.87,"50.06MiB / 1.922GiB",2.54
2026-09-22T03:22:55.653Z,grafana,1.16,"242.9MiB / 512MiB",47.44
2026-09-22T03:22:55.653Z,lorawan-gateway-evidence-verifier-1,0.00,"12.46MiB / 192MiB",6.49
2026-09-22T03:22:55.653Z,node-red-node-red-1,0.00,"79.44MiB / 1.922GiB",4.04
2026-09-22T03:22:55.653Z,lorawan-gateway-evidence-collector-1,0.36,"11.95MiB / 192MiB",6.22
2026-09-22T03:22:55.653Z,seaweedfs,0.58,"145.9MiB / 256MiB",57.00
2026-09-22T03:22:55.653Z,seaweedfs-metadata-etcd,1.11,"77.14MiB / 96MiB",80.35
2026-09-22T03:22:55.653Z,openbao,1.31,"36.8MiB / 512MiB",7.19
2026-09-22T03:22:55.653Z,spilo,0.98,"258.8MiB / 1.922GiB",13.15
2026-09-22T03:22:55.653Z,etcd,2.35,"50.06MiB / 1.922GiB",2.54
2026-09-22T03:23:02.816Z,grafana,1.11,"242.9MiB / 512MiB",47.44
2026-09-22T03:23:02.816Z,lorawan-gateway-evidence-verifier-1,9.33,"12.44MiB / 192MiB",6.48
2026-09-22T03:23:02.816Z,node-red-node-red-1,5.43,"79.48MiB / 1.922GiB",4.04
2026-09-22T03:23:02.816Z,lorawan-gateway-evidence-collector-1,0.31,"11.95MiB / 192MiB",6.22
2026-09-22T03:23:02.816Z,seaweedfs,17.19,"144.9MiB / 256MiB",56.60
2026-09-22T03:23:02.816Z,seaweedfs-metadata-etcd,8.16,"77.14MiB / 96MiB",80.35
2026-09-22T03:23:02.816Z,openbao,1.46,"36.8MiB / 512MiB",7.19
2026-09-22T03:23:02.816Z,spilo,1.80,"258.8MiB / 1.922GiB",13.15
2026-09-22T03:23:02.816Z,etcd,1.43,"50.06MiB / 1.922GiB",2.54
