timestamp_utc,container,cpu_percent,memory_usage,memory_percent
2026-09-17T05:43:41.089Z,lorawan-gateway-evidence-fabric-adapter-1,0.18,"6.836MiB / 192MiB",3.56
2026-09-17T05:43:41.089Z,lorawan-gateway-evidence-ingest-1,0.00,"9.418MiB / 192MiB",4.91
2026-09-17T05:43:41.089Z,lorawan-gateway-evidence-collector-1,0.29,"10.39MiB / 192MiB",5.41
2026-09-17T05:43:41.089Z,seaweedfs,6.40,"168.8MiB / 256MiB",65.95
2026-09-17T05:43:41.089Z,seaweedfs-metadata-etcd,9.49,"62.01MiB / 96MiB",64.59
2026-09-17T05:43:41.089Z,openbao,1.54,"34MiB / 512MiB",6.64
2026-09-17T05:43:41.089Z,chirpstack,0.37,"40.51MiB / 1.922GiB",2.06
2026-09-17T05:43:41.089Z,spilo,3.74,"276.4MiB / 1.922GiB",14.05
2026-09-17T05:43:41.089Z,etcd,0.78,"57.12MiB / 1.922GiB",2.90
2026-09-17T05:43:48.374Z,lorawan-gateway-evidence-fabric-adapter-1,0.00,"7.59MiB / 192MiB",3.95
2026-09-17T05:43:48.374Z,lorawan-gateway-evidence-ingest-1,0.00,"9.418MiB / 192MiB",4.91
2026-09-17T05:43:48.374Z,lorawan-gateway-evidence-collector-1,0.27,"10.39MiB / 192MiB",5.41
2026-09-17T05:43:48.374Z,seaweedfs,7.12,"173.4MiB / 256MiB",67.74
2026-09-17T05:43:48.374Z,seaweedfs-metadata-etcd,9.31,"62MiB / 96MiB",64.59
2026-09-17T05:43:48.374Z,openbao,1.73,"34MiB / 512MiB",6.64
2026-09-17T05:43:48.374Z,chirpstack,0.29,"40.51MiB / 1.922GiB",2.06
2026-09-17T05:43:48.374Z,spilo,2.32,"276.4MiB / 1.922GiB",14.05
2026-09-17T05:43:48.374Z,etcd,0.74,"57.12MiB / 1.922GiB",2.90
2026-09-17T05:43:55.709Z,lorawan-gateway-evidence-fabric-adapter-1,0.85,"7.887MiB / 192MiB",4.11
2026-09-17T05:43:55.709Z,lorawan-gateway-evidence-ingest-1,0.00,"9.418MiB / 192MiB",4.91
2026-09-17T05:43:55.709Z,lorawan-gateway-evidence-collector-1,0.27,"10.39MiB / 192MiB",5.41
2026-09-17T05:43:55.709Z,seaweedfs,7.27,"167.2MiB / 256MiB",65.33
2026-09-17T05:43:55.709Z,seaweedfs-metadata-etcd,10.28,"62.05MiB / 96MiB",64.63
2026-09-17T05:43:55.709Z,openbao,1.09,"34MiB / 512MiB",6.64
2026-09-17T05:43:55.709Z,chirpstack,0.23,"40.51MiB / 1.922GiB",2.06
2026-09-17T05:43:55.709Z,spilo,5.12,"276.4MiB / 1.922GiB",14.05
2026-09-17T05:43:55.709Z,etcd,1.23,"57.12MiB / 1.922GiB",2.90
2026-09-17T05:44:02.941Z,lorawan-gateway-evidence-fabric-adapter-1,0.60,"7.887MiB / 192MiB",4.11
2026-09-17T05:44:02.941Z,lorawan-gateway-evidence-ingest-1,0.00,"9.418MiB / 192MiB",4.91
2026-09-17T05:44:02.941Z,lorawan-gateway-evidence-collector-1,0.28,"10.39MiB / 192MiB",5.41
2026-09-17T05:44:02.941Z,seaweedfs,6.04,"167.2MiB / 256MiB",65.33
2026-09-17T05:44:02.941Z,seaweedfs-metadata-etcd,8.89,"62.04MiB / 96MiB",64.62
2026-09-17T05:44:02.941Z,openbao,1.30,"34MiB / 512MiB",6.64
2026-09-17T05:44:02.941Z,chirpstack,0.23,"40.51MiB / 1.922GiB",2.06
2026-09-17T05:44:02.941Z,spilo,2.45,"276.6MiB / 1.922GiB",14.05
2026-09-17T05:44:02.941Z,etcd,1.14,"57.12MiB / 1.922GiB",2.90
2026-09-17T05:44:10.275Z,lorawan-gateway-evidence-fabric-adapter-1,0.00,"7.887MiB / 192MiB",4.11
2026-09-17T05:44:10.275Z,lorawan-gateway-evidence-ingest-1,0.00,"9.418MiB / 192MiB",4.91
2026-09-17T05:44:10.275Z,lorawan-gateway-evidence-collector-1,0.33,"10.39MiB / 192MiB",5.41
2026-09-17T05:44:10.275Z,seaweedfs,2.23,"167.2MiB / 256MiB",65.33
2026-09-17T05:44:10.275Z,seaweedfs-metadata-etcd,0.90,"62.03MiB / 96MiB",64.62
2026-09-17T05:44:10.275Z,openbao,1.45,"34MiB / 512MiB",6.64
2026-09-17T05:44:10.275Z,chirpstack,0.31,"40.51MiB / 1.922GiB",2.06
2026-09-17T05:44:10.275Z,spilo,3.70,"276.6MiB / 1.922GiB",14.05
2026-09-17T05:44:10.275Z,etcd,0.77,"57.12MiB / 1.922GiB",2.90
2026-09-17T05:44:17.474Z,lorawan-gateway-evidence-fabric-adapter-1,0.83,"7.887MiB / 192MiB",4.11
2026-09-17T05:44:17.474Z,lorawan-gateway-evidence-ingest-1,0.00,"9.418MiB / 192MiB",4.91
2026-09-17T05:44:17.474Z,lorawan-gateway-evidence-collector-1,0.29,"10.39MiB / 192MiB",5.41
2026-09-17T05:44:17.474Z,seaweedfs,2.08,"174.3MiB / 256MiB",68.09
2026-09-17T05:44:17.474Z,seaweedfs-metadata-etcd,3.05,"62.03MiB / 96MiB",64.62
2026-09-17T05:44:17.474Z,openbao,1.22,"34MiB / 512MiB",6.64
2026-09-17T05:44:17.474Z,chirpstack,0.27,"40.51MiB / 1.922GiB",2.06
2026-09-17T05:44:17.474Z,spilo,2.98,"276.6MiB / 1.922GiB",14.06
2026-09-17T05:44:17.474Z,etcd,1.01,"57.12MiB / 1.922GiB",2.90
2026-09-17T05:44:24.732Z,lorawan-gateway-evidence-fabric-adapter-1,0.07,"7.906MiB / 192MiB",4.12
2026-09-17T05:44:24.732Z,lorawan-gateway-evidence-ingest-1,0.00,"9.418MiB / 192MiB",4.91
2026-09-17T05:44:24.732Z,lorawan-gateway-evidence-collector-1,0.32,"10.39MiB / 192MiB",5.41
2026-09-17T05:44:24.732Z,seaweedfs,0.90,"174.3MiB / 256MiB",68.09
2026-09-17T05:44:24.732Z,seaweedfs-metadata-etcd,0.90,"62.04MiB / 96MiB",64.62
2026-09-17T05:44:24.732Z,openbao,1.60,"34MiB / 512MiB",6.64
2026-09-17T05:44:24.732Z,chirpstack,0.35,"40.51MiB / 1.922GiB",2.06
2026-09-17T05:44:24.732Z,spilo,3.31,"276.7MiB / 1.922GiB",14.06
2026-09-17T05:44:24.732Z,etcd,1.05,"57.12MiB / 1.922GiB",2.90
2026-09-17T05:44:31.917Z,lorawan-gateway-evidence-fabric-adapter-1,0.00,"7.906MiB / 192MiB",4.12
2026-09-17T05:44:31.917Z,lorawan-gateway-evidence-ingest-1,0.03,"9.414MiB / 192MiB",4.90
2026-09-17T05:44:31.917Z,lorawan-gateway-evidence-collector-1,0.33,"10.39MiB / 192MiB",5.41
2026-09-17T05:44:31.917Z,seaweedfs,0.79,"174.3MiB / 256MiB",68.08
2026-09-17T05:44:31.917Z,seaweedfs-metadata-etcd,1.48,"62.04MiB / 96MiB",64.62
2026-09-17T05:44:31.917Z,openbao,1.83,"34MiB / 512MiB",6.64
2026-09-17T05:44:31.917Z,chirpstack,0.30,"40.51MiB / 1.922GiB",2.06
2026-09-17T05:44:31.917Z,spilo,3.31,"276.7MiB / 1.922GiB",14.06
2026-09-17T05:44:31.917Z,etcd,0.81,"57.12MiB / 1.922GiB",2.90
2026-09-17T05:44:39.158Z,lorawan-gateway-evidence-fabric-adapter-1,0.00,"7.906MiB / 192MiB",4.12
2026-09-17T05:44:39.158Z,lorawan-gateway-evidence-ingest-1,0.00,"9.414MiB / 192MiB",4.90
2026-09-17T05:44:39.158Z,lorawan-gateway-evidence-collector-1,0.32,"10.39MiB / 192MiB",5.41
2026-09-17T05:44:39.158Z,seaweedfs,0.79,"174.3MiB / 256MiB",68.08
2026-09-17T05:44:39.158Z,seaweedfs-metadata-etcd,0.95,"62.03MiB / 96MiB",64.62
2026-09-17T05:44:39.158Z,openbao,1.77,"34MiB / 512MiB",6.64
2026-09-17T05:44:39.158Z,chirpstack,0.29,"40.51MiB / 1.922GiB",2.06
2026-09-17T05:44:39.158Z,spilo,1.64,"276.7MiB / 1.922GiB",14.06
2026-09-17T05:44:39.158Z,etcd,1.22,"57.12MiB / 1.922GiB",2.90
2026-09-17T05:44:46.367Z,lorawan-gateway-evidence-fabric-adapter-1,0.13,"7.906MiB / 192MiB",4.12
2026-09-17T05:44:46.367Z,lorawan-gateway-evidence-ingest-1,0.00,"9.414MiB / 192MiB",4.90
2026-09-17T05:44:46.367Z,lorawan-gateway-evidence-collector-1,0.39,"10.39MiB / 192MiB",5.41
2026-09-17T05:44:46.367Z,seaweedfs,4.74,"174.3MiB / 256MiB",68.08
2026-09-17T05:44:46.367Z,seaweedfs-metadata-etcd,6.85,"62.04MiB / 96MiB",64.62
2026-09-17T05:44:46.367Z,openbao,1.60,"34MiB / 512MiB",6.64
2026-09-17T05:44:46.367Z,chirpstack,0.40,"40.51MiB / 1.922GiB",2.06
2026-09-17T05:44:46.367Z,spilo,4.69,"276.9MiB / 1.922GiB",14.07
2026-09-17T05:44:46.367Z,etcd,1.25,"57.12MiB / 1.922GiB",2.90
2026-09-17T05:44:53.620Z,lorawan-gateway-evidence-fabric-adapter-1,0.00,"7.906MiB / 192MiB",4.12
2026-09-17T05:44:53.620Z,lorawan-gateway-evidence-ingest-1,0.00,"9.414MiB / 192MiB",4.90
2026-09-17T05:44:53.620Z,lorawan-gateway-evidence-collector-1,0.31,"10.39MiB / 192MiB",5.41
2026-09-17T05:44:53.620Z,seaweedfs,0.71,"174.3MiB / 256MiB",68.08
2026-09-17T05:44:53.620Z,seaweedfs-metadata-etcd,0.86,"62.04MiB / 96MiB",64.62
2026-09-17T05:44:53.620Z,openbao,1.26,"34MiB / 512MiB",6.64
2026-09-17T05:44:53.620Z,chirpstack,0.21,"40.51MiB / 1.922GiB",2.06
2026-09-17T05:44:53.620Z,spilo,8.79,"278.8MiB / 1.922GiB",14.17
2026-09-17T05:44:53.620Z,etcd,0.86,"57.12MiB / 1.922GiB",2.90
2026-09-17T05:45:00.982Z,lorawan-gateway-evidence-fabric-adapter-1,0.02,"7.906MiB / 192MiB",4.12
2026-09-17T05:45:00.982Z,lorawan-gateway-evidence-ingest-1,0.00,"9.414MiB / 192MiB",4.90
2026-09-17T05:45:00.982Z,lorawan-gateway-evidence-collector-1,0.39,"10.39MiB / 192MiB",5.41
2026-09-17T05:45:00.982Z,seaweedfs,6.43,"171.9MiB / 256MiB",67.16
2026-09-17T05:45:00.982Z,seaweedfs-metadata-etcd,10.06,"62.04MiB / 96MiB",64.63
2026-09-17T05:45:00.982Z,openbao,2.04,"34MiB / 512MiB",6.64
2026-09-17T05:45:00.982Z,chirpstack,0.35,"40.51MiB / 1.922GiB",2.06
2026-09-17T05:45:00.982Z,spilo,4.85,"276.9MiB / 1.922GiB",14.07
2026-09-17T05:45:00.982Z,etcd,1.14,"57.12MiB / 1.922GiB",2.90
2026-09-17T05:45:08.365Z,lorawan-gateway-evidence-fabric-adapter-1,0.12,"7.906MiB / 192MiB",4.12
2026-09-17T05:45:08.365Z,lorawan-gateway-evidence-ingest-1,0.00,"9.414MiB / 192MiB",4.90
2026-09-17T05:45:08.365Z,lorawan-gateway-evidence-collector-1,0.31,"10.39MiB / 192MiB",5.41
2026-09-17T05:45:08.365Z,seaweedfs,0.72,"171.9MiB / 256MiB",67.16
2026-09-17T05:45:08.365Z,seaweedfs-metadata-etcd,1.01,"62.04MiB / 96MiB",64.62
2026-09-17T05:45:08.365Z,openbao,1.78,"34MiB / 512MiB",6.64
2026-09-17T05:45:08.365Z,chirpstack,0.33,"40.51MiB / 1.922GiB",2.06
2026-09-17T05:45:08.365Z,spilo,16.95,"276.9MiB / 1.922GiB",14.07
2026-09-17T05:45:08.365Z,etcd,0.69,"57.12MiB / 1.922GiB",2.90
2026-09-17T05:45:15.638Z,lorawan-gateway-evidence-fabric-adapter-1,0.00,"7.906MiB / 192MiB",4.12
2026-09-17T05:45:15.638Z,lorawan-gateway-evidence-ingest-1,0.00,"9.414MiB / 192MiB",4.90
2026-09-17T05:45:15.638Z,lorawan-gateway-evidence-collector-1,0.36,"10.39MiB / 192MiB",5.41
2026-09-17T05:45:15.638Z,seaweedfs,2.63,"168.6MiB / 256MiB",65.85
2026-09-17T05:45:15.638Z,seaweedfs-metadata-etcd,5.01,"62.05MiB / 96MiB",64.64
2026-09-17T05:45:15.638Z,openbao,1.29,"34MiB / 512MiB",6.64
2026-09-17T05:45:15.638Z,chirpstack,0.37,"40.51MiB / 1.922GiB",2.06
2026-09-17T05:45:15.638Z,spilo,15.41,"277MiB / 1.922GiB",14.07
2026-09-17T05:45:15.638Z,etcd,1.42,"57.12MiB / 1.922GiB",2.90
2026-09-17T05:45:23.193Z,lorawan-gateway-evidence-fabric-adapter-1,0.00,"7.902MiB / 192MiB",4.12
2026-09-17T05:45:23.193Z,lorawan-gateway-evidence-ingest-1,0.00,"9.414MiB / 192MiB",4.90
2026-09-17T05:45:23.193Z,lorawan-gateway-evidence-collector-1,0.34,"10.39MiB / 192MiB",5.41
2026-09-17T05:45:23.193Z,seaweedfs,0.85,"168.8MiB / 256MiB",65.92
2026-09-17T05:45:23.193Z,seaweedfs-metadata-etcd,1.12,"62.04MiB / 96MiB",64.62
2026-09-17T05:45:23.193Z,openbao,1.32,"34MiB / 512MiB",6.64
2026-09-17T05:45:23.193Z,chirpstack,0.22,"40.51MiB / 1.922GiB",2.06
2026-09-17T05:45:23.193Z,spilo,3.17,"277MiB / 1.922GiB",14.07
2026-09-17T05:45:23.193Z,etcd,1.21,"57.12MiB / 1.922GiB",2.90
2026-09-17T05:45:30.622Z,lorawan-gateway-evidence-fabric-adapter-1,0.08,"7.902MiB / 192MiB",4.12
2026-09-17T05:45:30.622Z,lorawan-gateway-evidence-ingest-1,0.00,"9.414MiB / 192MiB",4.90
2026-09-17T05:45:30.622Z,lorawan-gateway-evidence-collector-1,0.27,"10.39MiB / 192MiB",5.41
2026-09-17T05:45:30.622Z,seaweedfs,5.56,"170MiB / 256MiB",66.39
2026-09-17T05:45:30.622Z,seaweedfs-metadata-etcd,7.56,"62.57MiB / 96MiB",65.18
2026-09-17T05:45:30.622Z,openbao,1.38,"34MiB / 512MiB",6.64
2026-09-17T05:45:30.622Z,chirpstack,0.48,"40.51MiB / 1.922GiB",2.06
2026-09-17T05:45:30.622Z,spilo,17.34,"281.2MiB / 1.922GiB",14.29
2026-09-17T05:45:30.622Z,etcd,1.17,"57.12MiB / 1.922GiB",2.90
2026-09-17T05:45:37.950Z,lorawan-gateway-evidence-fabric-adapter-1,0.00,"7.902MiB / 192MiB",4.12
2026-09-17T05:45:37.950Z,lorawan-gateway-evidence-ingest-1,0.00,"9.414MiB / 192MiB",4.90
2026-09-17T05:45:37.950Z,lorawan-gateway-evidence-collector-1,0.28,"10.39MiB / 192MiB",5.41
2026-09-17T05:45:37.950Z,seaweedfs,0.69,"171.4MiB / 256MiB",66.94
2026-09-17T05:45:37.950Z,seaweedfs-metadata-etcd,0.90,"62.57MiB / 96MiB",65.17
2026-09-17T05:45:37.950Z,openbao,1.11,"34MiB / 512MiB",6.64
2026-09-17T05:45:37.950Z,chirpstack,0.28,"40.51MiB / 1.922GiB",2.06
2026-09-17T05:45:37.950Z,spilo,3.37,"277MiB / 1.922GiB",14.08
2026-09-17T05:45:37.950Z,etcd,0.97,"57.12MiB / 1.922GiB",2.90
2026-09-17T05:45:45.188Z,lorawan-gateway-evidence-fabric-adapter-1,0.00,"7.902MiB / 192MiB",4.12
2026-09-17T05:45:45.188Z,lorawan-gateway-evidence-ingest-1,0.00,"9.414MiB / 192MiB",4.90
2026-09-17T05:45:45.188Z,lorawan-gateway-evidence-collector-1,0.30,"10.39MiB / 192MiB",5.41
2026-09-17T05:45:45.188Z,seaweedfs,2.62,"172.4MiB / 256MiB",67.35
2026-09-17T05:45:45.188Z,seaweedfs-metadata-etcd,4.07,"62.57MiB / 96MiB",65.17
2026-09-17T05:45:45.188Z,openbao,1.49,"34MiB / 512MiB",6.64
2026-09-17T05:45:45.188Z,chirpstack,0.33,"40.51MiB / 1.922GiB",2.06
2026-09-17T05:45:45.188Z,spilo,3.59,"277MiB / 1.922GiB",14.08
2026-09-17T05:45:45.188Z,etcd,0.75,"57.12MiB / 1.922GiB",2.90
2026-09-17T05:45:52.433Z,lorawan-gateway-evidence-fabric-adapter-1,0.08,"7.902MiB / 192MiB",4.12
2026-09-17T05:45:52.433Z,lorawan-gateway-evidence-ingest-1,0.00,"9.414MiB / 192MiB",4.90
2026-09-17T05:45:52.433Z,lorawan-gateway-evidence-collector-1,0.35,"10.39MiB / 192MiB",5.41
2026-09-17T05:45:52.433Z,seaweedfs,5.28,"166.4MiB / 256MiB",65.00
2026-09-17T05:45:52.433Z,seaweedfs-metadata-etcd,7.66,"62.57MiB / 96MiB",65.18
2026-09-17T05:45:52.433Z,openbao,1.24,"34MiB / 512MiB",6.64
2026-09-17T05:45:52.433Z,chirpstack,0.32,"40.51MiB / 1.922GiB",2.06
2026-09-17T05:45:52.433Z,spilo,4.31,"277MiB / 1.922GiB",14.08
2026-09-17T05:45:52.433Z,etcd,0.90,"57.12MiB / 1.922GiB",2.90
2026-09-17T05:45:59.743Z,lorawan-gateway-evidence-fabric-adapter-1,0.00,"7.902MiB / 192MiB",4.12
2026-09-17T05:45:59.743Z,lorawan-gateway-evidence-ingest-1,0.00,"9.414MiB / 192MiB",4.90
2026-09-17T05:45:59.743Z,lorawan-gateway-evidence-collector-1,1.43,"10.46MiB / 192MiB",5.45
2026-09-17T05:45:59.743Z,seaweedfs,3.80,"166.4MiB / 256MiB",65.00
2026-09-17T05:45:59.743Z,seaweedfs-metadata-etcd,6.30,"62.57MiB / 96MiB",65.18
2026-09-17T05:45:59.743Z,openbao,1.73,"34MiB / 512MiB",6.64
2026-09-17T05:45:59.743Z,chirpstack,0.49,"40.51MiB / 1.922GiB",2.06
2026-09-17T05:45:59.743Z,spilo,6.59,"277MiB / 1.922GiB",14.08
2026-09-17T05:45:59.743Z,etcd,0.82,"57.12MiB / 1.922GiB",2.90
2026-09-17T05:46:07.049Z,lorawan-gateway-evidence-fabric-adapter-1,0.00,"7.902MiB / 192MiB",4.12
2026-09-17T05:46:07.049Z,lorawan-gateway-evidence-ingest-1,0.00,"9.414MiB / 192MiB",4.90
2026-09-17T05:46:07.049Z,lorawan-gateway-evidence-collector-1,0.26,"10.46MiB / 192MiB",5.45
2026-09-17T05:46:07.049Z,seaweedfs,7.41,"166.4MiB / 256MiB",65.00
2026-09-17T05:46:07.049Z,seaweedfs-metadata-etcd,9.69,"62.57MiB / 96MiB",65.17
2026-09-17T05:46:07.049Z,openbao,1.47,"34MiB / 512MiB",6.64
2026-09-17T05:46:07.049Z,chirpstack,0.30,"40.51MiB / 1.922GiB",2.06
2026-09-17T05:46:07.049Z,spilo,11.49,"281.1MiB / 1.922GiB",14.28
2026-09-17T05:46:07.049Z,etcd,1.01,"57.12MiB / 1.922GiB",2.90
2026-09-17T05:46:14.462Z,lorawan-gateway-evidence-fabric-adapter-1,0.07,"7.902MiB / 192MiB",4.12
2026-09-17T05:46:14.462Z,lorawan-gateway-evidence-ingest-1,0.00,"9.414MiB / 192MiB",4.90
2026-09-17T05:46:14.462Z,lorawan-gateway-evidence-collector-1,0.24,"10.46MiB / 192MiB",5.45
2026-09-17T05:46:14.462Z,seaweedfs,3.87,"172.1MiB / 256MiB",67.24
2026-09-17T05:46:14.462Z,seaweedfs-metadata-etcd,5.46,"62.57MiB / 96MiB",65.18
2026-09-17T05:46:14.462Z,openbao,1.10,"34.23MiB / 512MiB",6.68
2026-09-17T05:46:14.462Z,chirpstack,0.38,"40.51MiB / 1.922GiB",2.06
2026-09-17T05:46:14.462Z,spilo,22.52,"277.6MiB / 1.922GiB",14.11
2026-09-17T05:46:14.462Z,etcd,0.94,"57.12MiB / 1.922GiB",2.90
2026-09-17T05:46:21.716Z,lorawan-gateway-evidence-fabric-adapter-1,0.00,"6.906MiB / 192MiB",3.60
2026-09-17T05:46:21.716Z,lorawan-gateway-evidence-ingest-1,0.00,"9.414MiB / 192MiB",4.90
2026-09-17T05:46:21.716Z,lorawan-gateway-evidence-collector-1,0.27,"10.46MiB / 192MiB",5.45
2026-09-17T05:46:21.716Z,seaweedfs,1.93,"172.1MiB / 256MiB",67.24
2026-09-17T05:46:21.716Z,seaweedfs-metadata-etcd,3.21,"62.57MiB / 96MiB",65.18
2026-09-17T05:46:21.716Z,openbao,1.18,"34.23MiB / 512MiB",6.68
2026-09-17T05:46:21.716Z,chirpstack,0.23,"40.51MiB / 1.922GiB",2.06
2026-09-17T05:46:21.716Z,spilo,13.88,"277.2MiB / 1.922GiB",14.08
2026-09-17T05:46:21.716Z,etcd,0.77,"57.12MiB / 1.922GiB",2.90
2026-09-17T05:46:29.025Z,lorawan-gateway-evidence-fabric-adapter-1,0.08,"6.906MiB / 192MiB",3.60
2026-09-17T05:46:29.025Z,lorawan-gateway-evidence-ingest-1,0.00,"9.414MiB / 192MiB",4.90
2026-09-17T05:46:29.025Z,lorawan-gateway-evidence-collector-1,0.64,"10.46MiB / 192MiB",5.45
2026-09-17T05:46:29.025Z,seaweedfs,6.23,"172.3MiB / 256MiB",67.29
2026-09-17T05:46:29.025Z,seaweedfs-metadata-etcd,7.45,"62.57MiB / 96MiB",65.18
2026-09-17T05:46:29.025Z,openbao,1.71,"34.23MiB / 512MiB",6.68
2026-09-17T05:46:29.025Z,chirpstack,0.35,"40.51MiB / 1.922GiB",2.06
2026-09-17T05:46:29.025Z,spilo,4.76,"277.2MiB / 1.922GiB",14.08
2026-09-17T05:46:29.025Z,etcd,0.91,"57.12MiB / 1.922GiB",2.90
2026-09-17T05:46:36.233Z,lorawan-gateway-evidence-fabric-adapter-1,0.06,"6.906MiB / 192MiB",3.60
2026-09-17T05:46:36.233Z,lorawan-gateway-evidence-ingest-1,0.00,"9.414MiB / 192MiB",4.90
2026-09-17T05:46:36.233Z,lorawan-gateway-evidence-collector-1,0.33,"10.46MiB / 192MiB",5.45
2026-09-17T05:46:36.233Z,seaweedfs,1.00,"174.3MiB / 256MiB",68.08
2026-09-17T05:46:36.233Z,seaweedfs-metadata-etcd,1.12,"62.57MiB / 96MiB",65.17
2026-09-17T05:46:36.233Z,openbao,1.24,"34.23MiB / 512MiB",6.68
2026-09-17T05:46:36.233Z,chirpstack,0.31,"40.51MiB / 1.922GiB",2.06
2026-09-17T05:46:36.233Z,spilo,2.46,"277.2MiB / 1.922GiB",14.08
2026-09-17T05:46:36.233Z,etcd,1.22,"57.12MiB / 1.922GiB",2.90
2026-09-17T05:46:43.468Z,lorawan-gateway-evidence-fabric-adapter-1,0.00,"6.906MiB / 192MiB",3.60
2026-09-17T05:46:43.468Z,lorawan-gateway-evidence-ingest-1,0.00,"9.414MiB / 192MiB",4.90
2026-09-17T05:46:43.468Z,lorawan-gateway-evidence-collector-1,0.32,"10.46MiB / 192MiB",5.45
2026-09-17T05:46:43.468Z,seaweedfs,0.91,"176MiB / 256MiB",68.75
2026-09-17T05:46:43.468Z,seaweedfs-metadata-etcd,1.69,"62.57MiB / 96MiB",65.18
2026-09-17T05:46:43.468Z,openbao,1.68,"34.23MiB / 512MiB",6.68
2026-09-17T05:46:43.468Z,chirpstack,0.30,"40.51MiB / 1.922GiB",2.06
2026-09-17T05:46:43.468Z,spilo,6.31,"277.2MiB / 1.922GiB",14.08
2026-09-17T05:46:43.468Z,etcd,0.86,"57.12MiB / 1.922GiB",2.90
2026-09-17T05:46:50.883Z,lorawan-gateway-evidence-fabric-adapter-1,0.09,"6.906MiB / 192MiB",3.60
2026-09-17T05:46:50.883Z,lorawan-gateway-evidence-ingest-1,0.00,"9.414MiB / 192MiB",4.90
2026-09-17T05:46:50.883Z,lorawan-gateway-evidence-collector-1,0.27,"10.46MiB / 192MiB",5.45
2026-09-17T05:46:50.883Z,seaweedfs,3.71,"174.8MiB / 256MiB",68.26
2026-09-17T05:46:50.883Z,seaweedfs-metadata-etcd,5.03,"62.57MiB / 96MiB",65.17
2026-09-17T05:46:50.883Z,openbao,1.22,"34.23MiB / 512MiB",6.68
2026-09-17T05:46:50.883Z,chirpstack,0.29,"40.51MiB / 1.922GiB",2.06
2026-09-17T05:46:50.883Z,spilo,15.08,"277.2MiB / 1.922GiB",14.08
2026-09-17T05:46:50.883Z,etcd,1.07,"57.12MiB / 1.922GiB",2.90
2026-09-17T05:46:58.193Z,lorawan-gateway-evidence-fabric-adapter-1,0.11,"6.906MiB / 192MiB",3.60
2026-09-17T05:46:58.193Z,lorawan-gateway-evidence-ingest-1,0.00,"9.414MiB / 192MiB",4.90
2026-09-17T05:46:58.193Z,lorawan-gateway-evidence-collector-1,0.27,"10.46MiB / 192MiB",5.45
2026-09-17T05:46:58.193Z,seaweedfs,4.30,"165.3MiB / 256MiB",64.55
2026-09-17T05:46:58.193Z,seaweedfs-metadata-etcd,5.70,"62.57MiB / 96MiB",65.18
2026-09-17T05:46:58.193Z,openbao,1.06,"34.23MiB / 512MiB",6.68
2026-09-17T05:46:58.193Z,chirpstack,0.29,"40.51MiB / 1.922GiB",2.06
2026-09-17T05:46:58.193Z,spilo,16.39,"277.2MiB / 1.922GiB",14.09
2026-09-17T05:46:58.193Z,etcd,0.66,"57.12MiB / 1.922GiB",2.90
2026-09-17T05:47:05.593Z,lorawan-gateway-evidence-fabric-adapter-1,0.00,"6.906MiB / 192MiB",3.60
2026-09-17T05:47:05.593Z,lorawan-gateway-evidence-ingest-1,0.00,"9.414MiB / 192MiB",4.90
2026-09-17T05:47:05.593Z,lorawan-gateway-evidence-collector-1,0.28,"10.46MiB / 192MiB",5.45
2026-09-17T05:47:05.593Z,seaweedfs,1.95,"171.9MiB / 256MiB",67.17
2026-09-17T05:47:05.593Z,seaweedfs-metadata-etcd,3.04,"62.57MiB / 96MiB",65.17
2026-09-17T05:47:05.593Z,openbao,1.39,"34.23MiB / 512MiB",6.68
2026-09-17T05:47:05.593Z,chirpstack,0.26,"40.51MiB / 1.922GiB",2.06
2026-09-17T05:47:05.593Z,spilo,16.43,"277.2MiB / 1.922GiB",14.09
2026-09-17T05:47:05.593Z,etcd,1.27,"57.12MiB / 1.922GiB",2.90
2026-09-17T05:47:12.836Z,lorawan-gateway-evidence-fabric-adapter-1,0.06,"6.906MiB / 192MiB",3.60
2026-09-17T05:47:12.836Z,lorawan-gateway-evidence-ingest-1,0.02,"9.414MiB / 192MiB",4.90
2026-09-17T05:47:12.836Z,lorawan-gateway-evidence-collector-1,0.58,"10.46MiB / 192MiB",5.45
2026-09-17T05:47:12.836Z,seaweedfs,2.59,"173.3MiB / 256MiB",67.69
2026-09-17T05:47:12.836Z,seaweedfs-metadata-etcd,1.41,"62.57MiB / 96MiB",65.17
2026-09-17T05:47:12.836Z,openbao,1.31,"34.23MiB / 512MiB",6.68
2026-09-17T05:47:12.836Z,chirpstack,0.28,"40.51MiB / 1.922GiB",2.06
2026-09-17T05:47:12.836Z,spilo,4.86,"277.2MiB / 1.922GiB",14.09
2026-09-17T05:47:12.836Z,etcd,0.81,"57.12MiB / 1.922GiB",2.90
2026-09-17T05:47:20.111Z,lorawan-gateway-evidence-fabric-adapter-1,0.06,"6.906MiB / 192MiB",3.60
2026-09-17T05:47:20.111Z,lorawan-gateway-evidence-ingest-1,0.00,"9.414MiB / 192MiB",4.90
2026-09-17T05:47:20.111Z,lorawan-gateway-evidence-collector-1,0.27,"10.46MiB / 192MiB",5.45
2026-09-17T05:47:20.111Z,seaweedfs,2.89,"170.3MiB / 256MiB",66.52
2026-09-17T05:47:20.111Z,seaweedfs-metadata-etcd,4.94,"62.57MiB / 96MiB",65.18
2026-09-17T05:47:20.111Z,openbao,1.18,"34.23MiB / 512MiB",6.68
2026-09-17T05:47:20.111Z,chirpstack,0.21,"40.51MiB / 1.922GiB",2.06
2026-09-17T05:47:20.111Z,spilo,4.21,"277.3MiB / 1.922GiB",14.09
2026-09-17T05:47:20.111Z,etcd,0.71,"57.12MiB / 1.922GiB",2.90
2026-09-17T05:47:27.360Z,lorawan-gateway-evidence-fabric-adapter-1,0.00,"6.906MiB / 192MiB",3.60
2026-09-17T05:47:27.360Z,lorawan-gateway-evidence-ingest-1,0.00,"9.414MiB / 192MiB",4.90
2026-09-17T05:47:27.360Z,lorawan-gateway-evidence-collector-1,0.44,"10.46MiB / 192MiB",5.45
2026-09-17T05:47:27.360Z,seaweedfs,3.51,"170.6MiB / 256MiB",66.65
2026-09-17T05:47:27.360Z,seaweedfs-metadata-etcd,4.37,"62.62MiB / 96MiB",65.23
2026-09-17T05:47:27.360Z,openbao,1.38,"34.23MiB / 512MiB",6.68
2026-09-17T05:47:27.360Z,chirpstack,2.10,"40.55MiB / 1.922GiB",2.06
2026-09-17T05:47:27.360Z,spilo,3.82,"277.3MiB / 1.922GiB",14.09
2026-09-17T05:47:27.360Z,etcd,1.11,"57.12MiB / 1.922GiB",2.90
2026-09-17T05:47:34.575Z,lorawan-gateway-evidence-fabric-adapter-1,0.07,"6.906MiB / 192MiB",3.60
2026-09-17T05:47:34.575Z,lorawan-gateway-evidence-ingest-1,0.00,"9.414MiB / 192MiB",4.90
2026-09-17T05:47:34.575Z,lorawan-gateway-evidence-collector-1,0.27,"10.46MiB / 192MiB",5.45
2026-09-17T05:47:34.575Z,seaweedfs,4.80,"173.5MiB / 256MiB",67.79
2026-09-17T05:47:34.575Z,seaweedfs-metadata-etcd,6.84,"62.63MiB / 96MiB",65.24
2026-09-17T05:47:34.575Z,openbao,1.13,"34.23MiB / 512MiB",6.68
2026-09-17T05:47:34.575Z,chirpstack,0.30,"40.51MiB / 1.922GiB",2.06
2026-09-17T05:47:34.575Z,spilo,4.71,"277.3MiB / 1.922GiB",14.09
2026-09-17T05:47:34.575Z,etcd,1.05,"57.12MiB / 1.922GiB",2.90
2026-09-17T05:47:41.814Z,lorawan-gateway-evidence-fabric-adapter-1,0.00,"6.906MiB / 192MiB",3.60
2026-09-17T05:47:41.814Z,lorawan-gateway-evidence-ingest-1,0.00,"9.414MiB / 192MiB",4.90
2026-09-17T05:47:41.814Z,lorawan-gateway-evidence-collector-1,0.50,"10.46MiB / 192MiB",5.45
2026-09-17T05:47:41.814Z,seaweedfs,4.02,"175.6MiB / 256MiB",68.61
2026-09-17T05:47:41.814Z,seaweedfs-metadata-etcd,5.52,"62.63MiB / 96MiB",65.24
2026-09-17T05:47:41.814Z,openbao,1.11,"34.23MiB / 512MiB",6.68
2026-09-17T05:47:41.814Z,chirpstack,0.26,"40.55MiB / 1.922GiB",2.06
2026-09-17T05:47:41.814Z,spilo,14.64,"277.3MiB / 1.922GiB",14.09
2026-09-17T05:47:41.814Z,etcd,0.67,"57.12MiB / 1.922GiB",2.90
2026-09-17T05:47:49.337Z,lorawan-gateway-evidence-fabric-adapter-1,0.00,"6.906MiB / 192MiB",3.60
2026-09-17T05:47:49.337Z,lorawan-gateway-evidence-ingest-1,0.00,"9.414MiB / 192MiB",4.90
2026-09-17T05:47:49.337Z,lorawan-gateway-evidence-collector-1,0.28,"10.46MiB / 192MiB",5.45
2026-09-17T05:47:49.337Z,seaweedfs,2.44,"168.7MiB / 256MiB",65.92
2026-09-17T05:47:49.337Z,seaweedfs-metadata-etcd,3.63,"62.62MiB / 96MiB",65.23
2026-09-17T05:47:49.337Z,openbao,1.26,"34.23MiB / 512MiB",6.68
2026-09-17T05:47:49.337Z,chirpstack,0.25,"40.51MiB / 1.922GiB",2.06
2026-09-17T05:47:49.337Z,spilo,14.41,"277.3MiB / 1.922GiB",14.09
2026-09-17T05:47:49.337Z,etcd,0.78,"57.12MiB / 1.922GiB",2.90
2026-09-17T05:47:56.600Z,lorawan-gateway-evidence-fabric-adapter-1,0.08,"6.906MiB / 192MiB",3.60
2026-09-17T05:47:56.600Z,lorawan-gateway-evidence-ingest-1,0.00,"9.414MiB / 192MiB",4.90
2026-09-17T05:47:56.600Z,lorawan-gateway-evidence-collector-1,0.26,"10.46MiB / 192MiB",5.45
2026-09-17T05:47:56.600Z,seaweedfs,4.80,"168.8MiB / 256MiB",65.92
2026-09-17T05:47:56.600Z,seaweedfs-metadata-etcd,6.64,"62.62MiB / 96MiB",65.23
2026-09-17T05:47:56.600Z,openbao,0.90,"34.23MiB / 512MiB",6.68
2026-09-17T05:47:56.600Z,chirpstack,0.30,"40.51MiB / 1.922GiB",2.06
2026-09-17T05:47:56.600Z,spilo,14.28,"277.3MiB / 1.922GiB",14.09
2026-09-17T05:47:56.600Z,etcd,0.75,"57.12MiB / 1.922GiB",2.90
2026-09-17T05:48:04.021Z,lorawan-gateway-evidence-fabric-adapter-1,0.12,"6.91MiB / 192MiB",3.60
2026-09-17T05:48:04.021Z,lorawan-gateway-evidence-ingest-1,0.00,"9.414MiB / 192MiB",4.90
2026-09-17T05:48:04.021Z,lorawan-gateway-evidence-collector-1,0.28,"10.46MiB / 192MiB",5.45
2026-09-17T05:48:04.021Z,seaweedfs,3.16,"168.8MiB / 256MiB",65.93
2026-09-17T05:48:04.021Z,seaweedfs-metadata-etcd,4.94,"62.63MiB / 96MiB",65.24
2026-09-17T05:48:04.021Z,openbao,1.39,"34.23MiB / 512MiB",6.68
2026-09-17T05:48:04.021Z,chirpstack,0.18,"40.51MiB / 1.922GiB",2.06
2026-09-17T05:48:04.021Z,spilo,9.91,"277.3MiB / 1.922GiB",14.09
2026-09-17T05:48:04.021Z,etcd,0.87,"57.12MiB / 1.922GiB",2.90
2026-09-17T05:48:11.396Z,lorawan-gateway-evidence-fabric-adapter-1,0.00,"6.906MiB / 192MiB",3.60
2026-09-17T05:48:11.396Z,lorawan-gateway-evidence-ingest-1,0.00,"9.414MiB / 192MiB",4.90
2026-09-17T05:48:11.396Z,lorawan-gateway-evidence-collector-1,0.30,"10.46MiB / 192MiB",5.45
2026-09-17T05:48:11.396Z,seaweedfs,1.22,"168.8MiB / 256MiB",65.92
2026-09-17T05:48:11.396Z,seaweedfs-metadata-etcd,2.12,"62.62MiB / 96MiB",65.23
2026-09-17T05:48:11.396Z,openbao,1.52,"34.23MiB / 512MiB",6.68
2026-09-17T05:48:11.396Z,chirpstack,0.25,"40.51MiB / 1.922GiB",2.06
2026-09-17T05:48:11.396Z,spilo,2.86,"277.3MiB / 1.922GiB",14.09
2026-09-17T05:48:11.396Z,etcd,1.19,"57.12MiB / 1.922GiB",2.90
2026-09-17T05:48:18.676Z,lorawan-gateway-evidence-fabric-adapter-1,0.06,"6.906MiB / 192MiB",3.60
2026-09-17T05:48:18.676Z,lorawan-gateway-evidence-ingest-1,0.00,"8.848MiB / 192MiB",4.61
2026-09-17T05:48:18.676Z,lorawan-gateway-evidence-collector-1,0.26,"10.46MiB / 192MiB",5.45
2026-09-17T05:48:18.676Z,seaweedfs,4.46,"174.4MiB / 256MiB",68.11
2026-09-17T05:48:18.676Z,seaweedfs-metadata-etcd,6.29,"62.63MiB / 96MiB",65.24
2026-09-17T05:48:18.676Z,openbao,1.08,"34.23MiB / 512MiB",6.68
2026-09-17T05:48:18.676Z,chirpstack,0.31,"40.51MiB / 1.922GiB",2.06
2026-09-17T05:48:18.676Z,spilo,1.90,"277.3MiB / 1.922GiB",14.09
2026-09-17T05:48:18.676Z,etcd,0.90,"57.12MiB / 1.922GiB",2.90
2026-09-17T05:48:26.001Z,lorawan-gateway-evidence-fabric-adapter-1,0.09,"6.656MiB / 192MiB",3.47
2026-09-17T05:48:26.001Z,lorawan-gateway-evidence-ingest-1,0.00,"8.848MiB / 192MiB",4.61
2026-09-17T05:48:26.001Z,lorawan-gateway-evidence-collector-1,0.32,"10.46MiB / 192MiB",5.45
2026-09-17T05:48:26.001Z,seaweedfs,3.82,"174.4MiB / 256MiB",68.11
2026-09-17T05:48:26.001Z,seaweedfs-metadata-etcd,5.34,"62.63MiB / 96MiB",65.24
2026-09-17T05:48:26.001Z,openbao,1.20,"34.23MiB / 512MiB",6.68
2026-09-17T05:48:26.001Z,chirpstack,0.20,"40.51MiB / 1.922GiB",2.06
2026-09-17T05:48:26.001Z,spilo,4.07,"277.3MiB / 1.922GiB",14.09
2026-09-17T05:48:26.001Z,etcd,1.35,"57.12MiB / 1.922GiB",2.90
2026-09-17T05:48:33.376Z,lorawan-gateway-evidence-fabric-adapter-1,0.00,"6.656MiB / 192MiB",3.47
2026-09-17T05:48:33.376Z,lorawan-gateway-evidence-ingest-1,0.00,"8.848MiB / 192MiB",4.61
2026-09-17T05:48:33.376Z,lorawan-gateway-evidence-collector-1,0.29,"10.46MiB / 192MiB",5.45
2026-09-17T05:48:33.376Z,seaweedfs,4.09,"175.2MiB / 256MiB",68.44
2026-09-17T05:48:33.376Z,seaweedfs-metadata-etcd,6.81,"62.64MiB / 96MiB",65.25
2026-09-17T05:48:33.376Z,openbao,1.62,"34.23MiB / 512MiB",6.68
2026-09-17T05:48:33.376Z,chirpstack,0.22,"40.51MiB / 1.922GiB",2.06
2026-09-17T05:48:33.376Z,spilo,17.71,"277.3MiB / 1.922GiB",14.09
2026-09-17T05:48:33.376Z,etcd,0.70,"57.12MiB / 1.922GiB",2.90
2026-09-17T05:48:40.929Z,lorawan-gateway-evidence-fabric-adapter-1,0.10,"6.656MiB / 192MiB",3.47
2026-09-17T05:48:40.929Z,lorawan-gateway-evidence-ingest-1,0.00,"8.848MiB / 192MiB",4.61
2026-09-17T05:48:40.929Z,lorawan-gateway-evidence-collector-1,0.27,"10.46MiB / 192MiB",5.45
2026-09-17T05:48:40.929Z,seaweedfs,4.31,"169.1MiB / 256MiB",66.06
2026-09-17T05:48:40.929Z,seaweedfs-metadata-etcd,5.74,"62.62MiB / 96MiB",65.23
2026-09-17T05:48:40.929Z,openbao,1.07,"34.23MiB / 512MiB",6.68
2026-09-17T05:48:40.929Z,chirpstack,0.35,"40.51MiB / 1.922GiB",2.06
2026-09-17T05:48:40.929Z,spilo,10.27,"275.7MiB / 1.922GiB",14.01
2026-09-17T05:48:40.929Z,etcd,1.89,"57.12MiB / 1.922GiB",2.90
2026-09-17T05:48:48.161Z,lorawan-gateway-evidence-fabric-adapter-1,0.09,"6.656MiB / 192MiB",3.47
2026-09-17T05:48:48.161Z,lorawan-gateway-evidence-ingest-1,0.87,"8.863MiB / 192MiB",4.62
2026-09-17T05:48:48.161Z,lorawan-gateway-evidence-collector-1,0.27,"10.46MiB / 192MiB",5.45
2026-09-17T05:48:48.161Z,seaweedfs,4.76,"169.1MiB / 256MiB",66.06
2026-09-17T05:48:48.161Z,seaweedfs-metadata-etcd,7.82,"62.63MiB / 96MiB",65.24
2026-09-17T05:48:48.161Z,openbao,1.22,"34.23MiB / 512MiB",6.68
2026-09-17T05:48:48.161Z,chirpstack,0.33,"40.51MiB / 1.922GiB",2.06
2026-09-17T05:48:48.161Z,spilo,24.36,"279.2MiB / 1.922GiB",14.19
2026-09-17T05:48:48.161Z,etcd,0.77,"57.12MiB / 1.922GiB",2.90
2026-09-17T05:48:55.974Z,lorawan-gateway-evidence-fabric-adapter-1,0.00,"6.656MiB / 192MiB",3.47
2026-09-17T05:48:55.974Z,lorawan-gateway-evidence-ingest-1,0.00,"9.609MiB / 192MiB",5.00
2026-09-17T05:48:55.974Z,lorawan-gateway-evidence-collector-1,0.28,"10.46MiB / 192MiB",5.45
2026-09-17T05:48:55.974Z,seaweedfs,7.25,"169.2MiB / 256MiB",66.08
2026-09-17T05:48:55.974Z,seaweedfs-metadata-etcd,9.41,"62.64MiB / 96MiB",65.25
2026-09-17T05:48:55.974Z,openbao,1.38,"34.23MiB / 512MiB",6.68
2026-09-17T05:48:55.974Z,chirpstack,0.23,"40.51MiB / 1.922GiB",2.06
2026-09-17T05:48:55.974Z,spilo,6.12,"280.8MiB / 1.922GiB",14.27
2026-09-17T05:48:55.974Z,etcd,1.34,"57.12MiB / 1.922GiB",2.90
2026-09-17T05:49:03.242Z,lorawan-gateway-evidence-fabric-adapter-1,0.94,"7.082MiB / 192MiB",3.69
2026-09-17T05:49:03.242Z,lorawan-gateway-evidence-ingest-1,0.00,"9.609MiB / 192MiB",5.00
2026-09-17T05:49:03.242Z,lorawan-gateway-evidence-collector-1,0.30,"10.46MiB / 192MiB",5.45
2026-09-17T05:49:03.242Z,seaweedfs,5.25,"174.6MiB / 256MiB",68.22
2026-09-17T05:49:03.242Z,seaweedfs-metadata-etcd,8.29,"62.63MiB / 96MiB",65.24
2026-09-17T05:49:03.242Z,openbao,1.36,"34.35MiB / 512MiB",6.71
2026-09-17T05:49:03.242Z,chirpstack,0.34,"40.51MiB / 1.922GiB",2.06
2026-09-17T05:49:03.242Z,spilo,3.64,"277MiB / 1.922GiB",14.08
2026-09-17T05:49:03.242Z,etcd,1.29,"57.12MiB / 1.922GiB",2.90
2026-09-17T05:49:10.493Z,lorawan-gateway-evidence-fabric-adapter-1,1.33,"7.82MiB / 192MiB",4.07
2026-09-17T05:49:10.493Z,lorawan-gateway-evidence-ingest-1,0.00,"9.609MiB / 192MiB",5.00
2026-09-17T05:49:10.493Z,lorawan-gateway-evidence-collector-1,0.27,"10.46MiB / 192MiB",5.45
2026-09-17T05:49:10.493Z,seaweedfs,7.21,"174.6MiB / 256MiB",68.22
2026-09-17T05:49:10.493Z,seaweedfs-metadata-etcd,10.17,"62.63MiB / 96MiB",65.24
2026-09-17T05:49:10.493Z,openbao,1.10,"34.35MiB / 512MiB",6.71
2026-09-17T05:49:10.493Z,chirpstack,0.28,"40.51MiB / 1.922GiB",2.06
2026-09-17T05:49:10.493Z,spilo,4.30,"277.1MiB / 1.922GiB",14.08
2026-09-17T05:49:10.493Z,etcd,0.97,"57.12MiB / 1.922GiB",2.90
2026-09-17T05:49:17.908Z,lorawan-gateway-evidence-fabric-adapter-1,0.00,"7.887MiB / 192MiB",4.11
2026-09-17T05:49:17.908Z,lorawan-gateway-evidence-ingest-1,0.00,"9.609MiB / 192MiB",5.00
2026-09-17T05:49:17.908Z,lorawan-gateway-evidence-collector-1,0.32,"10.46MiB / 192MiB",5.45
2026-09-17T05:49:17.908Z,seaweedfs,6.39,"169.2MiB / 256MiB",66.08
2026-09-17T05:49:17.908Z,seaweedfs-metadata-etcd,9.89,"62.63MiB / 96MiB",65.24
2026-09-17T05:49:17.908Z,openbao,1.41,"34.35MiB / 512MiB",6.71
2026-09-17T05:49:17.908Z,chirpstack,0.36,"40.51MiB / 1.922GiB",2.06
2026-09-17T05:49:17.908Z,spilo,1.74,"277.2MiB / 1.922GiB",14.08
2026-09-17T05:49:17.908Z,etcd,0.76,"57.12MiB / 1.922GiB",2.90
2026-09-17T05:49:25.761Z,lorawan-gateway-evidence-fabric-adapter-1,1.14,"7.895MiB / 192MiB",4.11
2026-09-17T05:49:25.761Z,lorawan-gateway-evidence-ingest-1,0.00,"9.609MiB / 192MiB",5.00
2026-09-17T05:49:25.761Z,lorawan-gateway-evidence-collector-1,0.24,"10.46MiB / 192MiB",5.45
2026-09-17T05:49:25.761Z,seaweedfs,9.39,"168.9MiB / 256MiB",65.96
2026-09-17T05:49:25.761Z,seaweedfs-metadata-etcd,10.55,"62.63MiB / 96MiB",65.24
2026-09-17T05:49:25.761Z,openbao,1.37,"34.35MiB / 512MiB",6.71
2026-09-17T05:49:25.761Z,chirpstack,0.24,"40.51MiB / 1.922GiB",2.06
2026-09-17T05:49:25.761Z,spilo,16.33,"277.2MiB / 1.922GiB",14.08
2026-09-17T05:49:25.761Z,etcd,1.13,"57.12MiB / 1.922GiB",2.90
2026-09-17T05:49:33.379Z,lorawan-gateway-evidence-fabric-adapter-1,0.00,"7.898MiB / 192MiB",4.11
2026-09-17T05:49:33.379Z,lorawan-gateway-evidence-ingest-1,0.00,"9.609MiB / 192MiB",5.00
2026-09-17T05:49:33.379Z,lorawan-gateway-evidence-collector-1,0.28,"10.46MiB / 192MiB",5.45
2026-09-17T05:49:33.379Z,seaweedfs,4.19,"169MiB / 256MiB",66.01
2026-09-17T05:49:33.379Z,seaweedfs-metadata-etcd,5.69,"62.62MiB / 96MiB",65.23
2026-09-17T05:49:33.379Z,openbao,1.46,"34.35MiB / 512MiB",6.71
2026-09-17T05:49:33.379Z,chirpstack,0.29,"40.52MiB / 1.922GiB",2.06
2026-09-17T05:49:33.379Z,spilo,30.02,"277.2MiB / 1.922GiB",14.09
2026-09-17T05:49:33.379Z,etcd,0.61,"57.12MiB / 1.922GiB",2.90
2026-09-17T05:49:41.023Z,lorawan-gateway-evidence-fabric-adapter-1,1.26,"7.902MiB / 192MiB",4.12
2026-09-17T05:49:41.023Z,lorawan-gateway-evidence-ingest-1,0.00,"9.609MiB / 192MiB",5.00
2026-09-17T05:49:41.023Z,lorawan-gateway-evidence-collector-1,0.26,"10.46MiB / 192MiB",5.45
2026-09-17T05:49:41.023Z,seaweedfs,0.69,"169MiB / 256MiB",66.02
2026-09-17T05:49:41.023Z,seaweedfs-metadata-etcd,0.72,"62.62MiB / 96MiB",65.23
2026-09-17T05:49:41.023Z,openbao,0.85,"34.35MiB / 512MiB",6.71
2026-09-17T05:49:41.023Z,chirpstack,0.31,"40.51MiB / 1.922GiB",2.06
2026-09-17T05:49:41.023Z,spilo,3.27,"277.2MiB / 1.922GiB",14.09
2026-09-17T05:49:41.023Z,etcd,0.99,"57.12MiB / 1.922GiB",2.90
2026-09-17T05:49:48.293Z,lorawan-gateway-evidence-fabric-adapter-1,0.06,"7.902MiB / 192MiB",4.12
2026-09-17T05:49:48.293Z,lorawan-gateway-evidence-ingest-1,0.00,"9.582MiB / 192MiB",4.99
2026-09-17T05:49:48.293Z,lorawan-gateway-evidence-collector-1,0.92,"10.46MiB / 192MiB",5.45
2026-09-17T05:49:48.293Z,seaweedfs,2.14,"169MiB / 256MiB",66.02
2026-09-17T05:49:48.293Z,seaweedfs-metadata-etcd,1.45,"62.62MiB / 96MiB",65.23
2026-09-17T05:49:48.293Z,openbao,2.14,"34.42MiB / 512MiB",6.72
2026-09-17T05:49:48.293Z,chirpstack,1.14,"40.51MiB / 1.922GiB",2.06
2026-09-17T05:49:48.293Z,spilo,4.14,"277.2MiB / 1.922GiB",14.09
2026-09-17T05:49:48.293Z,etcd,1.04,"57.12MiB / 1.922GiB",2.90
2026-09-17T05:50:04.982Z,lorawan-gateway-evidence-fabric-adapter-1,0.04,"7.902MiB / 192MiB",4.12
2026-09-17T05:50:04.982Z,lorawan-gateway-evidence-ingest-1,0.00,"9.582MiB / 192MiB",4.99
2026-09-17T05:50:04.982Z,lorawan-gateway-evidence-collector-1,0.30,"10.46MiB / 192MiB",5.45
2026-09-17T05:50:04.982Z,seaweedfs,3.53,"174.9MiB / 256MiB",68.30
2026-09-17T05:50:04.982Z,seaweedfs-metadata-etcd,4.89,"62.63MiB / 96MiB",65.24
2026-09-17T05:50:04.982Z,openbao,1.30,"34.42MiB / 512MiB",6.72
2026-09-17T05:50:04.982Z,chirpstack,0.46,"40.51MiB / 1.922GiB",2.06
2026-09-17T05:50:04.982Z,spilo,4.80,"277.3MiB / 1.922GiB",14.09
2026-09-17T05:50:04.982Z,etcd,1.31,"57.12MiB / 1.922GiB",2.90
2026-09-17T05:50:23.231Z,lorawan-gateway-evidence-fabric-adapter-1,0.04,"7.902MiB / 192MiB",4.12
2026-09-17T05:50:23.231Z,lorawan-gateway-evidence-ingest-1,0.00,"9.582MiB / 192MiB",4.99
2026-09-17T05:50:23.231Z,lorawan-gateway-evidence-collector-1,0.28,"10.46MiB / 192MiB",5.45
2026-09-17T05:50:23.231Z,seaweedfs,0.76,"175.2MiB / 256MiB",68.42
2026-09-17T05:50:23.231Z,seaweedfs-metadata-etcd,0.85,"62.62MiB / 96MiB",65.23
2026-09-17T05:50:23.231Z,openbao,1.42,"34.42MiB / 512MiB",6.72
2026-09-17T05:50:23.231Z,chirpstack,0.33,"40.51MiB / 1.922GiB",2.06
2026-09-17T05:50:23.231Z,spilo,2.30,"277.3MiB / 1.922GiB",14.09
2026-09-17T05:50:23.231Z,etcd,1.00,"57.12MiB / 1.922GiB",2.90
2026-09-17T05:50:42.732Z,lorawan-gateway-evidence-fabric-adapter-1,0.06,"7.898MiB / 192MiB",4.11
2026-09-17T05:50:42.732Z,lorawan-gateway-evidence-ingest-1,0.00,"9.582MiB / 192MiB",4.99
2026-09-17T05:50:42.732Z,lorawan-gateway-evidence-collector-1,0.29,"10.46MiB / 192MiB",5.45
2026-09-17T05:50:42.732Z,seaweedfs,0.67,"175.2MiB / 256MiB",68.43
2026-09-17T05:50:42.732Z,seaweedfs-metadata-etcd,0.95,"62.62MiB / 96MiB",65.23
2026-09-17T05:50:42.732Z,openbao,1.11,"34.43MiB / 512MiB",6.72
2026-09-17T05:50:42.732Z,chirpstack,0.37,"40.51MiB / 1.922GiB",2.06
2026-09-17T05:50:42.732Z,spilo,4.15,"277.3MiB / 1.922GiB",14.09
2026-09-17T05:50:42.732Z,etcd,0.78,"57.12MiB / 1.922GiB",2.90
2026-09-17T05:51:01.001Z,lorawan-gateway-evidence-fabric-adapter-1,0.00,"7.898MiB / 192MiB",4.11
2026-09-17T05:51:01.001Z,lorawan-gateway-evidence-ingest-1,0.00,"9.582MiB / 192MiB",4.99
2026-09-17T05:51:01.001Z,lorawan-gateway-evidence-collector-1,0.32,"10.55MiB / 192MiB",5.50
2026-09-17T05:51:01.001Z,seaweedfs,2.40,"175.1MiB / 256MiB",68.39
2026-09-17T05:51:01.001Z,seaweedfs-metadata-etcd,3.94,"62.63MiB / 96MiB",65.24
2026-09-17T05:51:01.001Z,openbao,1.04,"34.42MiB / 512MiB",6.72
2026-09-17T05:51:01.001Z,chirpstack,0.30,"40.51MiB / 1.922GiB",2.06
2026-09-17T05:51:01.001Z,spilo,3.84,"277.3MiB / 1.922GiB",14.09
2026-09-17T05:51:01.001Z,etcd,0.94,"57.12MiB / 1.922GiB",2.90
2026-09-17T05:51:17.125Z,lorawan-gateway-evidence-fabric-adapter-1,0.00,"7.898MiB / 192MiB",4.11
2026-09-17T05:51:17.125Z,lorawan-gateway-evidence-ingest-1,0.00,"9.582MiB / 192MiB",4.99
2026-09-17T05:51:17.125Z,lorawan-gateway-evidence-collector-1,0.36,"10.55MiB / 192MiB",5.50
2026-09-17T05:51:17.125Z,seaweedfs,3.63,"170.8MiB / 256MiB",66.73
2026-09-17T05:51:17.125Z,seaweedfs-metadata-etcd,4.88,"62.62MiB / 96MiB",65.23
2026-09-17T05:51:17.125Z,openbao,1.37,"34.42MiB / 512MiB",6.72
2026-09-17T05:51:17.125Z,chirpstack,0.18,"40.51MiB / 1.922GiB",2.06
2026-09-17T05:51:17.125Z,spilo,2.94,"277.3MiB / 1.922GiB",14.09
2026-09-17T05:51:17.125Z,etcd,0.97,"57.12MiB / 1.922GiB",2.90
2026-09-17T05:51:24.383Z,lorawan-gateway-evidence-fabric-adapter-1,0.07,"7.898MiB / 192MiB",4.11
2026-09-17T05:51:24.383Z,lorawan-gateway-evidence-ingest-1,0.00,"9.582MiB / 192MiB",4.99
2026-09-17T05:51:24.383Z,lorawan-gateway-evidence-collector-1,0.36,"10.55MiB / 192MiB",5.50
2026-09-17T05:51:24.383Z,seaweedfs,1.94,"170.8MiB / 256MiB",66.73
2026-09-17T05:51:24.383Z,seaweedfs-metadata-etcd,2.98,"62.62MiB / 96MiB",65.23
2026-09-17T05:51:24.383Z,openbao,1.48,"34.42MiB / 512MiB",6.72
2026-09-17T05:51:24.383Z,chirpstack,0.28,"40.51MiB / 1.922GiB",2.06
2026-09-17T05:51:24.383Z,spilo,5.17,"277.4MiB / 1.922GiB",14.09
2026-09-17T05:51:24.383Z,etcd,0.90,"57.12MiB / 1.922GiB",2.90
2026-09-17T05:51:31.699Z,lorawan-gateway-evidence-fabric-adapter-1,0.00,"7.898MiB / 192MiB",4.11
2026-09-17T05:51:31.699Z,lorawan-gateway-evidence-ingest-1,0.00,"9.582MiB / 192MiB",4.99
2026-09-17T05:51:31.699Z,lorawan-gateway-evidence-collector-1,0.36,"10.55MiB / 192MiB",5.50
2026-09-17T05:51:31.699Z,seaweedfs,1.92,"172.7MiB / 256MiB",67.47
2026-09-17T05:51:31.699Z,seaweedfs-metadata-etcd,2.91,"62.62MiB / 96MiB",65.23
2026-09-17T05:51:31.699Z,openbao,1.23,"34.42MiB / 512MiB",6.72
2026-09-17T05:51:31.699Z,chirpstack,0.45,"40.51MiB / 1.922GiB",2.06
2026-09-17T05:51:31.699Z,spilo,2.99,"277.4MiB / 1.922GiB",14.09
2026-09-17T05:51:31.699Z,etcd,0.88,"57.12MiB / 1.922GiB",2.90
2026-09-17T05:51:39.021Z,lorawan-gateway-evidence-fabric-adapter-1,0.00,"7.898MiB / 192MiB",4.11
2026-09-17T05:51:39.021Z,lorawan-gateway-evidence-ingest-1,0.00,"9.582MiB / 192MiB",4.99
2026-09-17T05:51:39.021Z,lorawan-gateway-evidence-collector-1,0.39,"10.55MiB / 192MiB",5.50
2026-09-17T05:51:39.021Z,seaweedfs,0.78,"172.7MiB / 256MiB",67.46
2026-09-17T05:51:39.021Z,seaweedfs-metadata-etcd,1.04,"62.62MiB / 96MiB",65.23
2026-09-17T05:51:39.021Z,openbao,1.18,"34.42MiB / 512MiB",6.72
2026-09-17T05:51:39.021Z,chirpstack,0.22,"40.51MiB / 1.922GiB",2.06
2026-09-17T05:51:39.021Z,spilo,2.11,"277.4MiB / 1.922GiB",14.09
2026-09-17T05:51:39.021Z,etcd,1.27,"57.12MiB / 1.922GiB",2.90
2026-09-17T05:51:46.314Z,lorawan-gateway-evidence-fabric-adapter-1,0.07,"6.906MiB / 192MiB",3.60
2026-09-17T05:51:46.314Z,lorawan-gateway-evidence-ingest-1,0.00,"9.582MiB / 192MiB",4.99
2026-09-17T05:51:46.314Z,lorawan-gateway-evidence-collector-1,0.38,"10.55MiB / 192MiB",5.50
2026-09-17T05:51:46.314Z,seaweedfs,2.39,"172.7MiB / 256MiB",67.47
2026-09-17T05:51:46.314Z,seaweedfs-metadata-etcd,4.30,"62.63MiB / 96MiB",65.24
2026-09-17T05:51:46.314Z,openbao,1.23,"34.42MiB / 512MiB",6.72
2026-09-17T05:51:46.314Z,chirpstack,0.31,"40.51MiB / 1.922GiB",2.06
2026-09-17T05:51:46.314Z,spilo,4.98,"277.4MiB / 1.922GiB",14.09
2026-09-17T05:51:46.314Z,etcd,1.14,"57.12MiB / 1.922GiB",2.90
2026-09-17T05:51:53.541Z,lorawan-gateway-evidence-fabric-adapter-1,0.00,"6.906MiB / 192MiB",3.60
2026-09-17T05:51:53.541Z,lorawan-gateway-evidence-ingest-1,0.00,"9.582MiB / 192MiB",4.99
2026-09-17T05:51:53.541Z,lorawan-gateway-evidence-collector-1,0.36,"10.55MiB / 192MiB",5.50
2026-09-17T05:51:53.541Z,seaweedfs,4.29,"168.9MiB / 256MiB",65.99
2026-09-17T05:51:53.541Z,seaweedfs-metadata-etcd,1.37,"62.62MiB / 96MiB",65.23
2026-09-17T05:51:53.541Z,openbao,1.14,"34.42MiB / 512MiB",6.72
2026-09-17T05:51:53.541Z,chirpstack,0.31,"40.51MiB / 1.922GiB",2.06
2026-09-17T05:51:53.541Z,spilo,1.64,"277.4MiB / 1.922GiB",14.09
2026-09-17T05:51:53.541Z,etcd,1.02,"57.12MiB / 1.922GiB",2.90
2026-09-17T05:52:00.738Z,lorawan-gateway-evidence-fabric-adapter-1,0.07,"6.906MiB / 192MiB",3.60
2026-09-17T05:52:00.738Z,lorawan-gateway-evidence-ingest-1,0.00,"9.582MiB / 192MiB",4.99
2026-09-17T05:52:00.738Z,lorawan-gateway-evidence-collector-1,0.36,"10.55MiB / 192MiB",5.50
2026-09-17T05:52:00.738Z,seaweedfs,4.73,"174.8MiB / 256MiB",68.28
2026-09-17T05:52:00.738Z,seaweedfs-metadata-etcd,6.25,"62.63MiB / 96MiB",65.24
2026-09-17T05:52:00.738Z,openbao,1.10,"34.42MiB / 512MiB",6.72
2026-09-17T05:52:00.738Z,chirpstack,0.32,"40.51MiB / 1.922GiB",2.06
2026-09-17T05:52:00.738Z,spilo,3.19,"277.4MiB / 1.922GiB",14.09
2026-09-17T05:52:00.738Z,etcd,0.89,"57.12MiB / 1.922GiB",2.90
2026-09-17T05:52:08.048Z,lorawan-gateway-evidence-fabric-adapter-1,0.11,"6.906MiB / 192MiB",3.60
2026-09-17T05:52:08.048Z,lorawan-gateway-evidence-ingest-1,0.00,"9.234MiB / 192MiB",4.81
2026-09-17T05:52:08.048Z,lorawan-gateway-evidence-collector-1,0.37,"10.15MiB / 192MiB",5.29
2026-09-17T05:52:08.048Z,seaweedfs,3.05,"175.6MiB / 256MiB",68.61
2026-09-17T05:52:08.048Z,seaweedfs-metadata-etcd,5.76,"63.59MiB / 96MiB",66.24
2026-09-17T05:52:08.048Z,openbao,1.35,"34.59MiB / 512MiB",6.76
2026-09-17T05:52:08.048Z,chirpstack,0.37,"39.71MiB / 1.922GiB",2.02
2026-09-17T05:52:08.048Z,spilo,4.89,"301.9MiB / 1.922GiB",15.34
2026-09-17T05:52:08.048Z,etcd,0.83,"57.57MiB / 1.922GiB",2.93
2026-09-17T05:52:15.534Z,lorawan-gateway-evidence-fabric-adapter-1,0.00,"6.906MiB / 192MiB",3.60
2026-09-17T05:52:15.534Z,lorawan-gateway-evidence-ingest-1,0.00,"9.234MiB / 192MiB",4.81
2026-09-17T05:52:15.534Z,lorawan-gateway-evidence-collector-1,0.36,"10.15MiB / 192MiB",5.29
2026-09-17T05:52:15.534Z,seaweedfs,5.64,"172.8MiB / 256MiB",67.51
2026-09-17T05:52:15.534Z,seaweedfs-metadata-etcd,8.60,"63.66MiB / 96MiB",66.32
2026-09-17T05:52:15.534Z,openbao,1.07,"34.59MiB / 512MiB",6.76
2026-09-17T05:52:15.534Z,chirpstack,0.34,"39.72MiB / 1.922GiB",2.02
2026-09-17T05:52:15.534Z,spilo,3.74,"302MiB / 1.922GiB",15.34
2026-09-17T05:52:15.534Z,etcd,1.48,"57.57MiB / 1.922GiB",2.93
2026-09-17T05:52:22.812Z,lorawan-gateway-evidence-fabric-adapter-1,0.06,"6.906MiB / 192MiB",3.60
2026-09-17T05:52:22.812Z,lorawan-gateway-evidence-ingest-1,0.00,"9.234MiB / 192MiB",4.81
2026-09-17T05:52:22.812Z,lorawan-gateway-evidence-collector-1,0.38,"10.15MiB / 192MiB",5.29
2026-09-17T05:52:22.812Z,seaweedfs,1.00,"172.8MiB / 256MiB",67.51
2026-09-17T05:52:22.812Z,seaweedfs-metadata-etcd,1.19,"63.66MiB / 96MiB",66.32
2026-09-17T05:52:22.812Z,openbao,1.24,"34.59MiB / 512MiB",6.76
2026-09-17T05:52:22.812Z,chirpstack,0.27,"39.71MiB / 1.922GiB",2.02
2026-09-17T05:52:22.812Z,spilo,2.45,"301.9MiB / 1.922GiB",15.34
2026-09-17T05:52:22.812Z,etcd,1.29,"57.57MiB / 1.922GiB",2.93
2026-09-17T05:52:30.050Z,lorawan-gateway-evidence-fabric-adapter-1,0.10,"6.906MiB / 192MiB",3.60
2026-09-17T05:52:30.050Z,lorawan-gateway-evidence-ingest-1,0.00,"9.234MiB / 192MiB",4.81
2026-09-17T05:52:30.050Z,lorawan-gateway-evidence-collector-1,0.35,"10.15MiB / 192MiB",5.29
2026-09-17T05:52:30.050Z,seaweedfs,3.89,"174.5MiB / 256MiB",68.18
2026-09-17T05:52:30.050Z,seaweedfs-metadata-etcd,6.74,"63.67MiB / 96MiB",66.32
2026-09-17T05:52:30.050Z,openbao,1.55,"34.84MiB / 512MiB",6.80
2026-09-17T05:52:30.050Z,chirpstack,0.26,"39.71MiB / 1.922GiB",2.02
2026-09-17T05:52:30.050Z,spilo,7.54,"301.9MiB / 1.922GiB",15.34
2026-09-17T05:52:30.050Z,etcd,0.89,"57.57MiB / 1.922GiB",2.93
2026-09-17T05:52:37.423Z,lorawan-gateway-evidence-fabric-adapter-1,0.00,"6.906MiB / 192MiB",3.60
2026-09-17T05:52:37.423Z,lorawan-gateway-evidence-ingest-1,0.00,"9.234MiB / 192MiB",4.81
2026-09-17T05:52:37.423Z,lorawan-gateway-evidence-collector-1,0.35,"10.15MiB / 192MiB",5.29
2026-09-17T05:52:37.423Z,seaweedfs,3.15,"177.2MiB / 256MiB",69.20
2026-09-17T05:52:37.423Z,seaweedfs-metadata-etcd,4.73,"63.66MiB / 96MiB",66.32
2026-09-17T05:52:37.423Z,openbao,1.41,"34.84MiB / 512MiB",6.80
2026-09-17T05:52:37.423Z,chirpstack,0.26,"39.71MiB / 1.922GiB",2.02
2026-09-17T05:52:37.423Z,spilo,2.04,"301.9MiB / 1.922GiB",15.34
2026-09-17T05:52:37.423Z,etcd,1.00,"57.57MiB / 1.922GiB",2.93
2026-09-17T05:52:44.701Z,lorawan-gateway-evidence-fabric-adapter-1,0.09,"6.906MiB / 192MiB",3.60
2026-09-17T05:52:44.701Z,lorawan-gateway-evidence-ingest-1,0.00,"8.555MiB / 192MiB",4.46
2026-09-17T05:52:44.701Z,lorawan-gateway-evidence-collector-1,0.32,"10.15MiB / 192MiB",5.29
2026-09-17T05:52:44.701Z,seaweedfs,7.32,"169.9MiB / 256MiB",66.37
2026-09-17T05:52:44.701Z,seaweedfs-metadata-etcd,6.49,"63.67MiB / 96MiB",66.32
2026-09-17T05:52:44.701Z,openbao,1.54,"34.84MiB / 512MiB",6.80
2026-09-17T05:52:44.701Z,chirpstack,0.23,"39.71MiB / 1.922GiB",2.02
2026-09-17T05:52:44.701Z,spilo,3.81,"302.1MiB / 1.922GiB",15.35
2026-09-17T05:52:44.701Z,etcd,0.97,"57.57MiB / 1.922GiB",2.93
2026-09-17T05:52:51.964Z,lorawan-gateway-evidence-fabric-adapter-1,0.00,"6.906MiB / 192MiB",3.60
2026-09-17T05:52:51.964Z,lorawan-gateway-evidence-ingest-1,0.00,"8.555MiB / 192MiB",4.46
2026-09-17T05:52:51.964Z,lorawan-gateway-evidence-collector-1,0.39,"10.15MiB / 192MiB",5.29
2026-09-17T05:52:51.964Z,seaweedfs,2.82,"169.9MiB / 256MiB",66.38
2026-09-17T05:52:51.964Z,seaweedfs-metadata-etcd,5.35,"63.67MiB / 96MiB",66.32
2026-09-17T05:52:51.964Z,openbao,1.95,"34.84MiB / 512MiB",6.80
2026-09-17T05:52:51.964Z,chirpstack,0.31,"39.71MiB / 1.922GiB",2.02
2026-09-17T05:52:51.964Z,spilo,4.38,"302.1MiB / 1.922GiB",15.35
2026-09-17T05:52:51.964Z,etcd,0.83,"57.57MiB / 1.922GiB",2.93
2026-09-17T05:52:59.252Z,lorawan-gateway-evidence-fabric-adapter-1,0.00,"6.906MiB / 192MiB",3.60
2026-09-17T05:52:59.252Z,lorawan-gateway-evidence-ingest-1,0.00,"8.555MiB / 192MiB",4.46
2026-09-17T05:52:59.252Z,lorawan-gateway-evidence-collector-1,0.86,"10.15MiB / 192MiB",5.29
2026-09-17T05:52:59.252Z,seaweedfs,11.97,"169.9MiB / 256MiB",66.38
2026-09-17T05:52:59.252Z,seaweedfs-metadata-etcd,16.44,"63.67MiB / 96MiB",66.32
2026-09-17T05:52:59.252Z,openbao,2.46,"34.84MiB / 512MiB",6.80
2026-09-17T05:52:59.252Z,chirpstack,1.41,"39.71MiB / 1.922GiB",2.02
2026-09-17T05:52:59.252Z,spilo,9.93,"302.3MiB / 1.922GiB",15.36
2026-09-17T05:52:59.252Z,etcd,1.40,"57.57MiB / 1.922GiB",2.93
2026-09-17T05:53:06.681Z,lorawan-gateway-evidence-fabric-adapter-1,0.14,"6.906MiB / 192MiB",3.60
2026-09-17T05:53:06.681Z,lorawan-gateway-evidence-ingest-1,0.00,"8.555MiB / 192MiB",4.46
2026-09-17T05:53:06.681Z,lorawan-gateway-evidence-collector-1,0.42,"10.15MiB / 192MiB",5.29
2026-09-17T05:53:06.681Z,seaweedfs,10.50,"170MiB / 256MiB",66.39
2026-09-17T05:53:06.681Z,seaweedfs-metadata-etcd,15.46,"63.69MiB / 96MiB",66.35
2026-09-17T05:53:06.681Z,openbao,2.11,"34.84MiB / 512MiB",6.80
2026-09-17T05:53:06.681Z,chirpstack,0.46,"39.71MiB / 1.922GiB",2.02
2026-09-17T05:53:06.681Z,spilo,5.51,"302.3MiB / 1.922GiB",15.36
2026-09-17T05:53:06.681Z,etcd,1.44,"57.57MiB / 1.922GiB",2.93
2026-09-17T05:53:13.974Z,lorawan-gateway-evidence-fabric-adapter-1,0.00,"6.906MiB / 192MiB",3.60
2026-09-17T05:53:13.974Z,lorawan-gateway-evidence-ingest-1,0.00,"8.555MiB / 192MiB",4.46
2026-09-17T05:53:13.974Z,lorawan-gateway-evidence-collector-1,0.39,"10.15MiB / 192MiB",5.29
2026-09-17T05:53:13.974Z,seaweedfs,3.22,"175.8MiB / 256MiB",68.67
2026-09-17T05:53:13.974Z,seaweedfs-metadata-etcd,5.88,"63.68MiB / 96MiB",66.33
2026-09-17T05:53:13.974Z,openbao,1.19,"34.84MiB / 512MiB",6.80
2026-09-17T05:53:13.974Z,chirpstack,0.37,"39.71MiB / 1.922GiB",2.02
2026-09-17T05:53:13.974Z,spilo,4.59,"302.3MiB / 1.922GiB",15.36
2026-09-17T05:53:13.974Z,etcd,0.91,"57.57MiB / 1.922GiB",2.93
2026-09-17T05:53:21.271Z,lorawan-gateway-evidence-fabric-adapter-1,0.00,"6.906MiB / 192MiB",3.60
2026-09-17T05:53:21.271Z,lorawan-gateway-evidence-ingest-1,0.00,"8.555MiB / 192MiB",4.46
2026-09-17T05:53:21.271Z,lorawan-gateway-evidence-collector-1,0.34,"10.15MiB / 192MiB",5.29
2026-09-17T05:53:21.271Z,seaweedfs,7.02,"175.8MiB / 256MiB",68.67
2026-09-17T05:53:21.271Z,seaweedfs-metadata-etcd,9.74,"63.68MiB / 96MiB",66.33
2026-09-17T05:53:21.271Z,openbao,1.06,"34.84MiB / 512MiB",6.80
2026-09-17T05:53:21.271Z,chirpstack,0.27,"39.71MiB / 1.922GiB",2.02
2026-09-17T05:53:21.271Z,spilo,2.29,"302.3MiB / 1.922GiB",15.36
2026-09-17T05:53:21.271Z,etcd,0.98,"57.57MiB / 1.922GiB",2.93
2026-09-17T05:53:28.556Z,lorawan-gateway-evidence-fabric-adapter-1,0.09,"6.906MiB / 192MiB",3.60
2026-09-17T05:53:28.556Z,lorawan-gateway-evidence-ingest-1,0.00,"8.555MiB / 192MiB",4.46
2026-09-17T05:53:28.556Z,lorawan-gateway-evidence-collector-1,0.44,"10.15MiB / 192MiB",5.29
2026-09-17T05:53:28.556Z,seaweedfs,5.47,"175.8MiB / 256MiB",68.67
2026-09-17T05:53:28.556Z,seaweedfs-metadata-etcd,7.95,"63.68MiB / 96MiB",66.33
2026-09-17T05:53:28.556Z,openbao,2.28,"34.84MiB / 512MiB",6.80
2026-09-17T05:53:28.556Z,chirpstack,0.31,"39.71MiB / 1.922GiB",2.02
2026-09-17T05:53:28.556Z,spilo,5.07,"302.3MiB / 1.922GiB",15.36
2026-09-17T05:53:28.556Z,etcd,1.03,"57.57MiB / 1.922GiB",2.93
2026-09-17T05:53:35.834Z,lorawan-gateway-evidence-fabric-adapter-1,0.00,"6.906MiB / 192MiB",3.60
2026-09-17T05:53:35.834Z,lorawan-gateway-evidence-ingest-1,0.00,"8.555MiB / 192MiB",4.46
2026-09-17T05:53:35.834Z,lorawan-gateway-evidence-collector-1,0.35,"10.15MiB / 192MiB",5.29
2026-09-17T05:53:35.834Z,seaweedfs,4.35,"176.1MiB / 256MiB",68.80
2026-09-17T05:53:35.834Z,seaweedfs-metadata-etcd,7.38,"63.68MiB / 96MiB",66.33
2026-09-17T05:53:35.834Z,openbao,1.26,"34.84MiB / 512MiB",6.80
2026-09-17T05:53:35.834Z,chirpstack,0.33,"39.71MiB / 1.922GiB",2.02
2026-09-17T05:53:35.834Z,spilo,3.18,"302.3MiB / 1.922GiB",15.36
2026-09-17T05:53:35.834Z,etcd,1.47,"57.57MiB / 1.922GiB",2.93
2026-09-17T05:53:43.131Z,lorawan-gateway-evidence-fabric-adapter-1,0.00,"6.906MiB / 192MiB",3.60
2026-09-17T05:53:43.131Z,lorawan-gateway-evidence-ingest-1,0.03,"8.555MiB / 192MiB",4.46
2026-09-17T05:53:43.131Z,lorawan-gateway-evidence-collector-1,0.66,"10.15MiB / 192MiB",5.29
2026-09-17T05:53:43.131Z,seaweedfs,2.03,"169.9MiB / 256MiB",66.35
2026-09-17T05:53:43.131Z,seaweedfs-metadata-etcd,1.81,"63.67MiB / 96MiB",66.32
2026-09-17T05:53:43.131Z,openbao,1.79,"34.84MiB / 512MiB",6.80
2026-09-17T05:53:43.131Z,chirpstack,2.48,"39.71MiB / 1.922GiB",2.02
2026-09-17T05:53:43.131Z,spilo,6.02,"302.4MiB / 1.922GiB",15.36
2026-09-17T05:53:43.131Z,etcd,1.50,"57.57MiB / 1.922GiB",2.93
2026-09-17T05:53:50.370Z,lorawan-gateway-evidence-fabric-adapter-1,0.10,"6.656MiB / 192MiB",3.47
2026-09-17T05:53:50.370Z,lorawan-gateway-evidence-ingest-1,0.00,"8.555MiB / 192MiB",4.46
2026-09-17T05:53:50.370Z,lorawan-gateway-evidence-collector-1,0.35,"10.15MiB / 192MiB",5.29
2026-09-17T05:53:50.370Z,seaweedfs,8.92,"169.9MiB / 256MiB",66.36
2026-09-17T05:53:50.370Z,seaweedfs-metadata-etcd,12.97,"63.68MiB / 96MiB",66.34
2026-09-17T05:53:50.370Z,openbao,1.94,"34.84MiB / 512MiB",6.80
2026-09-17T05:53:50.370Z,chirpstack,0.30,"39.71MiB / 1.922GiB",2.02
2026-09-17T05:53:50.370Z,spilo,5.10,"302.4MiB / 1.922GiB",15.36
2026-09-17T05:53:50.370Z,etcd,1.13,"57.57MiB / 1.922GiB",2.93
2026-09-17T05:53:57.788Z,lorawan-gateway-evidence-fabric-adapter-1,0.00,"6.656MiB / 192MiB",3.47
2026-09-17T05:53:57.788Z,lorawan-gateway-evidence-ingest-1,0.00,"8.555MiB / 192MiB",4.46
2026-09-17T05:53:57.788Z,lorawan-gateway-evidence-collector-1,0.73,"10.15MiB / 192MiB",5.29
2026-09-17T05:53:57.788Z,seaweedfs,3.63,"169.9MiB / 256MiB",66.36
2026-09-17T05:53:57.788Z,seaweedfs-metadata-etcd,5.00,"63.68MiB / 96MiB",66.33
2026-09-17T05:53:57.788Z,openbao,1.69,"34.84MiB / 512MiB",6.80
2026-09-17T05:53:57.788Z,chirpstack,0.80,"39.71MiB / 1.922GiB",2.02
2026-09-17T05:53:57.788Z,spilo,6.05,"302.4MiB / 1.922GiB",15.36
2026-09-17T05:53:57.788Z,etcd,1.09,"57.57MiB / 1.922GiB",2.93
2026-09-17T05:54:05.199Z,lorawan-gateway-evidence-fabric-adapter-1,0.00,"6.656MiB / 192MiB",3.47
2026-09-17T05:54:05.199Z,lorawan-gateway-evidence-ingest-1,0.00,"9.09MiB / 192MiB",4.73
2026-09-17T05:54:05.199Z,lorawan-gateway-evidence-collector-1,0.36,"10.15MiB / 192MiB",5.29
2026-09-17T05:54:05.199Z,seaweedfs,10.33,"171.3MiB / 256MiB",66.91
2026-09-17T05:54:05.199Z,seaweedfs-metadata-etcd,14.83,"63.68MiB / 96MiB",66.34
2026-09-17T05:54:05.199Z,openbao,1.74,"34.84MiB / 512MiB",6.80
2026-09-17T05:54:05.199Z,chirpstack,0.35,"39.71MiB / 1.922GiB",2.02
2026-09-17T05:54:05.199Z,spilo,3.18,"302.4MiB / 1.922GiB",15.36
2026-09-17T05:54:05.199Z,etcd,1.14,"57.57MiB / 1.922GiB",2.93
2026-09-17T05:54:12.520Z,lorawan-gateway-evidence-fabric-adapter-1,1.23,"6.828MiB / 192MiB",3.56
2026-09-17T05:54:12.520Z,lorawan-gateway-evidence-ingest-1,0.21,"9.117MiB / 192MiB",4.75
2026-09-17T05:54:12.520Z,lorawan-gateway-evidence-collector-1,1.20,"10.15MiB / 192MiB",5.29
2026-09-17T05:54:12.520Z,seaweedfs,15.31,"175.2MiB / 256MiB",68.43
2026-09-17T05:54:12.520Z,seaweedfs-metadata-etcd,13.19,"63.68MiB / 96MiB",66.33
2026-09-17T05:54:12.520Z,openbao,1.63,"34.84MiB / 512MiB",6.80
2026-09-17T05:54:12.520Z,chirpstack,0.33,"39.71MiB / 1.922GiB",2.02
2026-09-17T05:54:12.520Z,spilo,8.02,"302.4MiB / 1.922GiB",15.37
2026-09-17T05:54:12.520Z,etcd,1.00,"57.57MiB / 1.922GiB",2.93
2026-09-17T05:54:19.878Z,lorawan-gateway-evidence-fabric-adapter-1,0.00,"7.555MiB / 192MiB",3.93
2026-09-17T05:54:19.878Z,lorawan-gateway-evidence-ingest-1,0.00,"9.117MiB / 192MiB",4.75
2026-09-17T05:54:19.878Z,lorawan-gateway-evidence-collector-1,0.31,"10.15MiB / 192MiB",5.29
2026-09-17T05:54:19.878Z,seaweedfs,8.33,"175.2MiB / 256MiB",68.44
2026-09-17T05:54:19.878Z,seaweedfs-metadata-etcd,11.70,"63.68MiB / 96MiB",66.33
2026-09-17T05:54:19.878Z,openbao,1.50,"34.84MiB / 512MiB",6.80
2026-09-17T05:54:19.878Z,chirpstack,0.36,"39.71MiB / 1.922GiB",2.02
2026-09-17T05:54:19.878Z,spilo,1.84,"302.4MiB / 1.922GiB",15.37
2026-09-17T05:54:19.878Z,etcd,0.83,"57.57MiB / 1.922GiB",2.93
2026-09-17T05:54:27.185Z,lorawan-gateway-evidence-fabric-adapter-1,0.00,"7.852MiB / 192MiB",4.09
2026-09-17T05:54:27.185Z,lorawan-gateway-evidence-ingest-1,0.00,"9.117MiB / 192MiB",4.75
2026-09-17T05:54:27.185Z,lorawan-gateway-evidence-collector-1,0.64,"10.15MiB / 192MiB",5.29
2026-09-17T05:54:27.185Z,seaweedfs,9.48,"171.2MiB / 256MiB",66.89
2026-09-17T05:54:27.185Z,seaweedfs-metadata-etcd,11.89,"63.68MiB / 96MiB",66.34
2026-09-17T05:54:27.185Z,openbao,1.61,"34.84MiB / 512MiB",6.80
2026-09-17T05:54:27.185Z,chirpstack,0.43,"39.76MiB / 1.922GiB",2.02
2026-09-17T05:54:27.185Z,spilo,3.08,"302.4MiB / 1.922GiB",15.37
2026-09-17T05:54:27.185Z,etcd,1.38,"57.57MiB / 1.922GiB",2.93
2026-09-17T05:54:34.580Z,lorawan-gateway-evidence-fabric-adapter-1,1.08,"7.871MiB / 192MiB",4.10
2026-09-17T05:54:34.580Z,lorawan-gateway-evidence-ingest-1,0.00,"9.117MiB / 192MiB",4.75
2026-09-17T05:54:34.580Z,lorawan-gateway-evidence-collector-1,0.38,"10.15MiB / 192MiB",5.29
2026-09-17T05:54:34.580Z,seaweedfs,7.97,"171.2MiB / 256MiB",66.89
2026-09-17T05:54:34.580Z,seaweedfs-metadata-etcd,11.70,"63.68MiB / 96MiB",66.34
2026-09-17T05:54:34.580Z,openbao,1.54,"34.84MiB / 512MiB",6.80
2026-09-17T05:54:34.580Z,chirpstack,0.38,"39.71MiB / 1.922GiB",2.02
2026-09-17T05:54:34.580Z,spilo,7.11,"302.4MiB / 1.922GiB",15.37
2026-09-17T05:54:34.580Z,etcd,1.24,"57.57MiB / 1.922GiB",2.93
2026-09-17T05:54:41.978Z,lorawan-gateway-evidence-fabric-adapter-1,0.00,"7.902MiB / 192MiB",4.12
2026-09-17T05:54:41.978Z,lorawan-gateway-evidence-ingest-1,0.00,"9.117MiB / 192MiB",4.75
2026-09-17T05:54:41.978Z,lorawan-gateway-evidence-collector-1,0.37,"10.15MiB / 192MiB",5.29
2026-09-17T05:54:41.978Z,seaweedfs,1.09,"171.2MiB / 256MiB",66.89
2026-09-17T05:54:41.978Z,seaweedfs-metadata-etcd,1.02,"63.68MiB / 96MiB",66.33
2026-09-17T05:54:41.978Z,openbao,1.88,"34.84MiB / 512MiB",6.80
2026-09-17T05:54:41.978Z,chirpstack,0.38,"39.71MiB / 1.922GiB",2.02
2026-09-17T05:54:41.978Z,spilo,2.60,"302.4MiB / 1.922GiB",15.37
2026-09-17T05:54:41.978Z,etcd,2.42,"57.57MiB / 1.922GiB",2.93
2026-09-17T05:54:49.227Z,lorawan-gateway-evidence-fabric-adapter-1,1.11,"7.902MiB / 192MiB",4.12
2026-09-17T05:54:49.227Z,lorawan-gateway-evidence-ingest-1,0.00,"9.117MiB / 192MiB",4.75
2026-09-17T05:54:49.227Z,lorawan-gateway-evidence-collector-1,0.40,"10.21MiB / 192MiB",5.32
2026-09-17T05:54:49.227Z,seaweedfs,0.97,"169.9MiB / 256MiB",66.36
2026-09-17T05:54:49.227Z,seaweedfs-metadata-etcd,0.93,"63.68MiB / 96MiB",66.33
2026-09-17T05:54:49.227Z,openbao,2.22,"34.84MiB / 512MiB",6.80
2026-09-17T05:54:49.227Z,chirpstack,0.27,"39.71MiB / 1.922GiB",2.02
2026-09-17T05:54:49.227Z,spilo,4.59,"302.1MiB / 1.922GiB",15.35
2026-09-17T05:54:49.227Z,etcd,1.09,"57.57MiB / 1.922GiB",2.93
2026-09-17T05:54:56.448Z,lorawan-gateway-evidence-fabric-adapter-1,0.08,"7.902MiB / 192MiB",4.12
2026-09-17T05:54:56.448Z,lorawan-gateway-evidence-ingest-1,0.00,"9.117MiB / 192MiB",4.75
2026-09-17T05:54:56.448Z,lorawan-gateway-evidence-collector-1,0.41,"10.21MiB / 192MiB",5.32
2026-09-17T05:54:56.448Z,seaweedfs,0.93,"169.9MiB / 256MiB",66.36
2026-09-17T05:54:56.448Z,seaweedfs-metadata-etcd,1.19,"63.68MiB / 96MiB",66.33
2026-09-17T05:54:56.448Z,openbao,1.83,"34.84MiB / 512MiB",6.80
2026-09-17T05:54:56.448Z,chirpstack,0.32,"39.71MiB / 1.922GiB",2.02
2026-09-17T05:54:56.448Z,spilo,3.25,"302.1MiB / 1.922GiB",15.35
2026-09-17T05:54:56.448Z,etcd,1.03,"57.57MiB / 1.922GiB",2.93
2026-09-17T05:55:03.728Z,lorawan-gateway-evidence-fabric-adapter-1,0.00,"7.902MiB / 192MiB",4.12
2026-09-17T05:55:03.728Z,lorawan-gateway-evidence-ingest-1,0.00,"9.113MiB / 192MiB",4.75
2026-09-17T05:55:03.728Z,lorawan-gateway-evidence-collector-1,0.44,"10.21MiB / 192MiB",5.32
2026-09-17T05:55:03.728Z,seaweedfs,1.70,"169.9MiB / 256MiB",66.36
2026-09-17T05:55:03.728Z,seaweedfs-metadata-etcd,2.90,"63.68MiB / 96MiB",66.34
2026-09-17T05:55:03.728Z,openbao,2.18,"34.84MiB / 512MiB",6.80
2026-09-17T05:55:03.728Z,chirpstack,0.38,"39.71MiB / 1.922GiB",2.02
2026-09-17T05:55:03.728Z,spilo,7.72,"302.5MiB / 1.922GiB",15.37
2026-09-17T05:55:03.728Z,etcd,1.17,"57.68MiB / 1.922GiB",2.93
2026-09-17T05:55:11.083Z,lorawan-gateway-evidence-fabric-adapter-1,0.11,"7.902MiB / 192MiB",4.12
2026-09-17T05:55:11.083Z,lorawan-gateway-evidence-ingest-1,0.00,"9.113MiB / 192MiB",4.75
2026-09-17T05:55:11.083Z,lorawan-gateway-evidence-collector-1,0.46,"10.21MiB / 192MiB",5.32
2026-09-17T05:55:11.083Z,seaweedfs,1.08,"169.9MiB / 256MiB",66.36
2026-09-17T05:55:11.083Z,seaweedfs-metadata-etcd,1.08,"63.68MiB / 96MiB",66.33
2026-09-17T05:55:11.083Z,openbao,1.90,"34.84MiB / 512MiB",6.80
2026-09-17T05:55:11.083Z,chirpstack,0.34,"39.71MiB / 1.922GiB",2.02
2026-09-17T05:55:11.083Z,spilo,3.19,"302.5MiB / 1.922GiB",15.37
2026-09-17T05:55:11.083Z,etcd,1.22,"57.68MiB / 1.922GiB",2.93
2026-09-17T05:55:18.350Z,lorawan-gateway-evidence-fabric-adapter-1,0.08,"7.902MiB / 192MiB",4.12
2026-09-17T05:55:18.350Z,lorawan-gateway-evidence-ingest-1,0.00,"9.113MiB / 192MiB",4.75
2026-09-17T05:55:18.350Z,lorawan-gateway-evidence-collector-1,0.40,"10.21MiB / 192MiB",5.32
2026-09-17T05:55:18.350Z,seaweedfs,4.19,"172MiB / 256MiB",67.20
2026-09-17T05:55:18.350Z,seaweedfs-metadata-etcd,5.96,"63.68MiB / 96MiB",66.33
2026-09-17T05:55:18.350Z,openbao,1.40,"34.84MiB / 512MiB",6.80
2026-09-17T05:55:18.350Z,chirpstack,0.31,"39.71MiB / 1.922GiB",2.02
2026-09-17T05:55:18.350Z,spilo,4.19,"302.5MiB / 1.922GiB",15.37
2026-09-17T05:55:18.350Z,etcd,0.98,"57.68MiB / 1.922GiB",2.93
2026-09-17T05:55:25.633Z,lorawan-gateway-evidence-fabric-adapter-1,0.00,"7.902MiB / 192MiB",4.12
2026-09-17T05:55:25.633Z,lorawan-gateway-evidence-ingest-1,0.00,"9.113MiB / 192MiB",4.75
2026-09-17T05:55:25.633Z,lorawan-gateway-evidence-collector-1,0.42,"10.21MiB / 192MiB",5.32
2026-09-17T05:55:25.633Z,seaweedfs,0.97,"172MiB / 256MiB",67.20
2026-09-17T05:55:25.633Z,seaweedfs-metadata-etcd,0.99,"63.68MiB / 96MiB",66.33
2026-09-17T05:55:25.633Z,openbao,1.33,"34.84MiB / 512MiB",6.80
2026-09-17T05:55:25.633Z,chirpstack,0.27,"39.71MiB / 1.922GiB",2.02
2026-09-17T05:55:25.633Z,spilo,3.69,"302.5MiB / 1.922GiB",15.37
2026-09-17T05:55:25.633Z,etcd,1.43,"57.68MiB / 1.922GiB",2.93
2026-09-17T05:55:32.898Z,lorawan-gateway-evidence-fabric-adapter-1,0.09,"7.902MiB / 192MiB",4.12
2026-09-17T05:55:32.898Z,lorawan-gateway-evidence-ingest-1,0.00,"9.113MiB / 192MiB",4.75
2026-09-17T05:55:32.898Z,lorawan-gateway-evidence-collector-1,0.41,"10.21MiB / 192MiB",5.32
2026-09-17T05:55:32.898Z,seaweedfs,1.08,"172.4MiB / 256MiB",67.35
2026-09-17T05:55:32.898Z,seaweedfs-metadata-etcd,1.15,"63.68MiB / 96MiB",66.33
2026-09-17T05:55:32.898Z,openbao,1.68,"34.84MiB / 512MiB",6.80
2026-09-17T05:55:32.898Z,chirpstack,0.35,"39.71MiB / 1.922GiB",2.02
2026-09-17T05:55:32.898Z,spilo,2.73,"302.5MiB / 1.922GiB",15.37
2026-09-17T05:55:32.898Z,etcd,1.03,"57.68MiB / 1.922GiB",2.93
2026-09-17T05:55:40.190Z,lorawan-gateway-evidence-fabric-adapter-1,0.09,"7.902MiB / 192MiB",4.12
2026-09-17T05:55:40.190Z,lorawan-gateway-evidence-ingest-1,0.00,"9.113MiB / 192MiB",4.75
2026-09-17T05:55:40.190Z,lorawan-gateway-evidence-collector-1,0.40,"10.21MiB / 192MiB",5.32
2026-09-17T05:55:40.190Z,seaweedfs,1.09,"173.1MiB / 256MiB",67.60
2026-09-17T05:55:40.190Z,seaweedfs-metadata-etcd,1.47,"63.68MiB / 96MiB",66.33
2026-09-17T05:55:40.190Z,openbao,1.46,"34.84MiB / 512MiB",6.80
2026-09-17T05:55:40.190Z,chirpstack,0.30,"39.71MiB / 1.922GiB",2.02
2026-09-17T05:55:40.190Z,spilo,3.22,"302.5MiB / 1.922GiB",15.37
2026-09-17T05:55:40.190Z,etcd,0.94,"57.68MiB / 1.922GiB",2.93
2026-09-17T05:55:47.408Z,lorawan-gateway-evidence-fabric-adapter-1,0.00,"7.902MiB / 192MiB",4.12
2026-09-17T05:55:47.408Z,lorawan-gateway-evidence-ingest-1,0.00,"9.113MiB / 192MiB",4.75
2026-09-17T05:55:47.408Z,lorawan-gateway-evidence-collector-1,0.37,"10.21MiB / 192MiB",5.32
2026-09-17T05:55:47.408Z,seaweedfs,2.04,"174.5MiB / 256MiB",68.18
2026-09-17T05:55:47.408Z,seaweedfs-metadata-etcd,3.19,"63.68MiB / 96MiB",66.33
2026-09-17T05:55:47.408Z,openbao,1.84,"34.84MiB / 512MiB",6.80
2026-09-17T05:55:47.408Z,chirpstack,0.31,"39.71MiB / 1.922GiB",2.02
2026-09-17T05:55:47.408Z,spilo,3.10,"302.5MiB / 1.922GiB",15.37
2026-09-17T05:55:47.408Z,etcd,1.37,"57.68MiB / 1.922GiB",2.93
2026-09-17T05:55:54.652Z,lorawan-gateway-evidence-fabric-adapter-1,0.10,"7.898MiB / 192MiB",4.11
2026-09-17T05:55:54.652Z,lorawan-gateway-evidence-ingest-1,0.00,"9.113MiB / 192MiB",4.75
2026-09-17T05:55:54.652Z,lorawan-gateway-evidence-collector-1,0.34,"10.21MiB / 192MiB",5.32
2026-09-17T05:55:54.652Z,seaweedfs,0.87,"176.1MiB / 256MiB",68.77
2026-09-17T05:55:54.652Z,seaweedfs-metadata-etcd,1.05,"63.68MiB / 96MiB",66.33
2026-09-17T05:55:54.652Z,openbao,1.50,"34.84MiB / 512MiB",6.80
2026-09-17T05:55:54.652Z,chirpstack,0.31,"39.71MiB / 1.922GiB",2.02
2026-09-17T05:55:54.652Z,spilo,3.94,"302.5MiB / 1.922GiB",15.37
2026-09-17T05:55:54.652Z,etcd,1.42,"57.68MiB / 1.922GiB",2.93
2026-09-17T05:56:01.887Z,lorawan-gateway-evidence-fabric-adapter-1,0.00,"7.898MiB / 192MiB",4.11
2026-09-17T05:56:01.887Z,lorawan-gateway-evidence-ingest-1,0.00,"9.113MiB / 192MiB",4.75
2026-09-17T05:56:01.887Z,lorawan-gateway-evidence-collector-1,0.50,"10.21MiB / 192MiB",5.32
2026-09-17T05:56:01.887Z,seaweedfs,4.51,"175.7MiB / 256MiB",68.65
2026-09-17T05:56:01.887Z,seaweedfs-metadata-etcd,7.37,"63.68MiB / 96MiB",66.34
2026-09-17T05:56:01.887Z,openbao,1.31,"34.84MiB / 512MiB",6.80
2026-09-17T05:56:01.887Z,chirpstack,0.35,"39.71MiB / 1.922GiB",2.02
2026-09-17T05:56:01.887Z,spilo,4.53,"302.5MiB / 1.922GiB",15.37
2026-09-17T05:56:01.887Z,etcd,1.20,"57.68MiB / 1.922GiB",2.93
2026-09-17T05:56:09.265Z,lorawan-gateway-evidence-fabric-adapter-1,0.00,"7.898MiB / 192MiB",4.11
2026-09-17T05:56:09.265Z,lorawan-gateway-evidence-ingest-1,0.00,"9.113MiB / 192MiB",4.75
2026-09-17T05:56:09.265Z,lorawan-gateway-evidence-collector-1,0.40,"10.21MiB / 192MiB",5.32
2026-09-17T05:56:09.265Z,seaweedfs,4.41,"169.8MiB / 256MiB",66.34
2026-09-17T05:56:09.265Z,seaweedfs-metadata-etcd,5.70,"63.68MiB / 96MiB",66.33
2026-09-17T05:56:09.265Z,openbao,1.77,"34.84MiB / 512MiB",6.80
2026-09-17T05:56:09.265Z,chirpstack,0.41,"39.72MiB / 1.922GiB",2.02
2026-09-17T05:56:09.265Z,spilo,3.80,"302.5MiB / 1.922GiB",15.37
2026-09-17T05:56:09.265Z,etcd,1.14,"57.68MiB / 1.922GiB",2.93
2026-09-17T05:56:16.532Z,lorawan-gateway-evidence-fabric-adapter-1,0.08,"7.898MiB / 192MiB",4.11
2026-09-17T05:56:16.532Z,lorawan-gateway-evidence-ingest-1,0.00,"9.113MiB / 192MiB",4.75
2026-09-17T05:56:16.532Z,lorawan-gateway-evidence-collector-1,0.40,"10.21MiB / 192MiB",5.32
2026-09-17T05:56:16.532Z,seaweedfs,9.95,"170.6MiB / 256MiB",66.64
2026-09-17T05:56:16.532Z,seaweedfs-metadata-etcd,10.25,"63.69MiB / 96MiB",66.34
2026-09-17T05:56:16.532Z,openbao,1.15,"34.84MiB / 512MiB",6.80
2026-09-17T05:56:16.532Z,chirpstack,0.35,"39.71MiB / 1.922GiB",2.02
2026-09-17T05:56:16.532Z,spilo,4.21,"302.6MiB / 1.922GiB",15.37
2026-09-17T05:56:16.532Z,etcd,1.05,"57.68MiB / 1.922GiB",2.93
2026-09-17T05:56:23.780Z,lorawan-gateway-evidence-fabric-adapter-1,0.00,"7.898MiB / 192MiB",4.11
2026-09-17T05:56:23.780Z,lorawan-gateway-evidence-ingest-1,0.00,"9.113MiB / 192MiB",4.75
2026-09-17T05:56:23.780Z,lorawan-gateway-evidence-collector-1,0.35,"10.21MiB / 192MiB",5.32
2026-09-17T05:56:23.780Z,seaweedfs,0.77,"171.3MiB / 256MiB",66.90
2026-09-17T05:56:23.780Z,seaweedfs-metadata-etcd,1.50,"63.68MiB / 96MiB",66.33
2026-09-17T05:56:23.780Z,openbao,1.28,"34.84MiB / 512MiB",6.80
2026-09-17T05:56:23.780Z,chirpstack,0.38,"39.71MiB / 1.922GiB",2.02
2026-09-17T05:56:23.780Z,spilo,3.63,"302.6MiB / 1.922GiB",15.37
2026-09-17T05:56:23.780Z,etcd,0.77,"57.68MiB / 1.922GiB",2.93
2026-09-17T05:56:31.098Z,lorawan-gateway-evidence-fabric-adapter-1,0.00,"7.898MiB / 192MiB",4.11
2026-09-17T05:56:31.098Z,lorawan-gateway-evidence-ingest-1,0.00,"9.113MiB / 192MiB",4.75
2026-09-17T05:56:31.098Z,lorawan-gateway-evidence-collector-1,0.38,"10.21MiB / 192MiB",5.32
2026-09-17T05:56:31.098Z,seaweedfs,0.78,"172.1MiB / 256MiB",67.22
2026-09-17T05:56:31.098Z,seaweedfs-metadata-etcd,1.11,"63.68MiB / 96MiB",66.33
2026-09-17T05:56:31.098Z,openbao,1.66,"34.84MiB / 512MiB",6.80
2026-09-17T05:56:31.098Z,chirpstack,0.29,"39.71MiB / 1.922GiB",2.02
2026-09-17T05:56:31.098Z,spilo,3.71,"302.6MiB / 1.922GiB",15.38
2026-09-17T05:56:31.098Z,etcd,1.30,"57.68MiB / 1.922GiB",2.93
2026-09-17T05:56:38.357Z,lorawan-gateway-evidence-fabric-adapter-1,0.14,"7.898MiB / 192MiB",4.11
2026-09-17T05:56:38.357Z,lorawan-gateway-evidence-ingest-1,0.00,"9.113MiB / 192MiB",4.75
2026-09-17T05:56:38.357Z,lorawan-gateway-evidence-collector-1,0.34,"10.21MiB / 192MiB",5.32
2026-09-17T05:56:38.357Z,seaweedfs,0.76,"173.7MiB / 256MiB",67.87
2026-09-17T05:56:38.357Z,seaweedfs-metadata-etcd,1.03,"63.68MiB / 96MiB",66.33
2026-09-17T05:56:38.357Z,openbao,1.43,"34.84MiB / 512MiB",6.80
2026-09-17T05:56:38.357Z,chirpstack,0.30,"39.71MiB / 1.922GiB",2.02
2026-09-17T05:56:38.357Z,spilo,2.83,"302.6MiB / 1.922GiB",15.38
2026-09-17T05:56:38.357Z,etcd,1.01,"57.68MiB / 1.922GiB",2.93
2026-09-17T05:56:45.557Z,lorawan-gateway-evidence-fabric-adapter-1,0.00,"7.898MiB / 192MiB",4.11
2026-09-17T05:56:45.557Z,lorawan-gateway-evidence-ingest-1,0.00,"8.543MiB / 192MiB",4.45
2026-09-17T05:56:45.557Z,lorawan-gateway-evidence-collector-1,0.34,"10.21MiB / 192MiB",5.32
2026-09-17T05:56:45.557Z,seaweedfs,1.58,"175.4MiB / 256MiB",68.50
2026-09-17T05:56:45.557Z,seaweedfs-metadata-etcd,2.20,"63.68MiB / 96MiB",66.33
2026-09-17T05:56:45.557Z,openbao,1.47,"34.84MiB / 512MiB",6.80
2026-09-17T05:56:45.557Z,chirpstack,0.27,"39.71MiB / 1.922GiB",2.02
2026-09-17T05:56:45.557Z,spilo,5.23,"302.6MiB / 1.922GiB",15.38
2026-09-17T05:56:45.557Z,etcd,1.45,"57.71MiB / 1.922GiB",2.93
2026-09-17T05:56:52.885Z,lorawan-gateway-evidence-fabric-adapter-1,0.54,"7.031MiB / 192MiB",3.66
2026-09-17T05:56:52.885Z,lorawan-gateway-evidence-ingest-1,0.00,"8.543MiB / 192MiB",4.45
2026-09-17T05:56:52.885Z,lorawan-gateway-evidence-collector-1,0.41,"10.21MiB / 192MiB",5.32
2026-09-17T05:56:52.885Z,seaweedfs,6.08,"176MiB / 256MiB",68.76
2026-09-17T05:56:52.885Z,seaweedfs-metadata-etcd,7.24,"63.68MiB / 96MiB",66.33
2026-09-17T05:56:52.885Z,openbao,1.59,"34.84MiB / 512MiB",6.80
2026-09-17T05:56:52.885Z,chirpstack,0.39,"39.71MiB / 1.922GiB",2.02
2026-09-17T05:56:52.885Z,spilo,3.39,"302.6MiB / 1.922GiB",15.38
2026-09-17T05:56:52.885Z,etcd,1.10,"57.71MiB / 1.922GiB",2.93
2026-09-17T05:57:00.143Z,lorawan-gateway-evidence-fabric-adapter-1,0.10,"7.031MiB / 192MiB",3.66
2026-09-17T05:57:00.143Z,lorawan-gateway-evidence-ingest-1,0.00,"8.543MiB / 192MiB",4.45
2026-09-17T05:57:00.143Z,lorawan-gateway-evidence-collector-1,0.35,"10.21MiB / 192MiB",5.32
2026-09-17T05:57:00.143Z,seaweedfs,6.36,"169.4MiB / 256MiB",66.17
2026-09-17T05:57:00.143Z,seaweedfs-metadata-etcd,10.04,"63.69MiB / 96MiB",66.34
2026-09-17T05:57:00.143Z,openbao,1.44,"34.84MiB / 512MiB",6.80
2026-09-17T05:57:00.143Z,chirpstack,0.29,"39.71MiB / 1.922GiB",2.02
2026-09-17T05:57:00.143Z,spilo,6.32,"302.6MiB / 1.922GiB",15.38
2026-09-17T05:57:00.143Z,etcd,1.03,"57.71MiB / 1.922GiB",2.93
2026-09-17T05:57:07.549Z,lorawan-gateway-evidence-fabric-adapter-1,0.00,"7.031MiB / 192MiB",3.66
2026-09-17T05:57:07.549Z,lorawan-gateway-evidence-ingest-1,0.00,"8.543MiB / 192MiB",4.45
2026-09-17T05:57:07.549Z,lorawan-gateway-evidence-collector-1,0.40,"10.21MiB / 192MiB",5.32
2026-09-17T05:57:07.549Z,seaweedfs,3.85,"169.4MiB / 256MiB",66.18
2026-09-17T05:57:07.549Z,seaweedfs-metadata-etcd,6.64,"63.68MiB / 96MiB",66.33
2026-09-17T05:57:07.549Z,openbao,1.85,"34.84MiB / 512MiB",6.80
2026-09-17T05:57:07.549Z,chirpstack,0.38,"39.71MiB / 1.922GiB",2.02
2026-09-17T05:57:07.549Z,spilo,5.07,"302.6MiB / 1.922GiB",15.38
2026-09-17T05:57:07.549Z,etcd,1.06,"57.71MiB / 1.922GiB",2.93
2026-09-17T05:57:14.845Z,lorawan-gateway-evidence-fabric-adapter-1,0.11,"7.031MiB / 192MiB",3.66
2026-09-17T05:57:14.845Z,lorawan-gateway-evidence-ingest-1,0.00,"8.543MiB / 192MiB",4.45
2026-09-17T05:57:14.845Z,lorawan-gateway-evidence-collector-1,0.37,"10.21MiB / 192MiB",5.32
2026-09-17T05:57:14.845Z,seaweedfs,5.60,"172.5MiB / 256MiB",67.38
2026-09-17T05:57:14.845Z,seaweedfs-metadata-etcd,7.99,"63.68MiB / 96MiB",66.33
2026-09-17T05:57:14.845Z,openbao,1.77,"34.84MiB / 512MiB",6.80
2026-09-17T05:57:14.845Z,chirpstack,0.33,"39.7MiB / 1.922GiB",2.02
2026-09-17T05:57:14.845Z,spilo,3.71,"302.6MiB / 1.922GiB",15.38
2026-09-17T05:57:14.845Z,etcd,1.50,"57.71MiB / 1.922GiB",2.93
2026-09-17T05:57:22.104Z,lorawan-gateway-evidence-fabric-adapter-1,0.09,"7.031MiB / 192MiB",3.66
2026-09-17T05:57:22.104Z,lorawan-gateway-evidence-ingest-1,0.00,"8.543MiB / 192MiB",4.45
2026-09-17T05:57:22.104Z,lorawan-gateway-evidence-collector-1,0.34,"10.21MiB / 192MiB",5.32
2026-09-17T05:57:22.104Z,seaweedfs,5.55,"172.5MiB / 256MiB",67.38
2026-09-17T05:57:22.104Z,seaweedfs-metadata-etcd,7.22,"63.68MiB / 96MiB",66.34
2026-09-17T05:57:22.104Z,openbao,1.75,"34.84MiB / 512MiB",6.80
2026-09-17T05:57:22.104Z,chirpstack,0.32,"39.7MiB / 1.922GiB",2.02
2026-09-17T05:57:22.104Z,spilo,4.52,"302.6MiB / 1.922GiB",15.38
2026-09-17T05:57:22.104Z,etcd,1.06,"57.71MiB / 1.922GiB",2.93
2026-09-17T05:57:29.471Z,lorawan-gateway-evidence-fabric-adapter-1,0.00,"7.031MiB / 192MiB",3.66
2026-09-17T05:57:29.471Z,lorawan-gateway-evidence-ingest-1,0.00,"8.543MiB / 192MiB",4.45
2026-09-17T05:57:29.471Z,lorawan-gateway-evidence-collector-1,0.62,"10.21MiB / 192MiB",5.32
2026-09-17T05:57:29.471Z,seaweedfs,4.08,"174MiB / 256MiB",67.97
2026-09-17T05:57:29.471Z,seaweedfs-metadata-etcd,5.24,"63.68MiB / 96MiB",66.33
2026-09-17T05:57:29.471Z,openbao,3.60,"34.84MiB / 512MiB",6.80
2026-09-17T05:57:29.471Z,chirpstack,0.47,"39.7MiB / 1.922GiB",2.02
2026-09-17T05:57:29.471Z,spilo,3.70,"302.6MiB / 1.922GiB",15.38
2026-09-17T05:57:29.471Z,etcd,1.10,"57.71MiB / 1.922GiB",2.93
2026-09-17T05:57:36.674Z,lorawan-gateway-evidence-fabric-adapter-1,0.10,"7.031MiB / 192MiB",3.66
2026-09-17T05:57:36.674Z,lorawan-gateway-evidence-ingest-1,0.00,"8.543MiB / 192MiB",4.45
2026-09-17T05:57:36.674Z,lorawan-gateway-evidence-collector-1,0.36,"10.21MiB / 192MiB",5.32
2026-09-17T05:57:36.674Z,seaweedfs,6.24,"176.1MiB / 256MiB",68.80
2026-09-17T05:57:36.674Z,seaweedfs-metadata-etcd,8.52,"63.68MiB / 96MiB",66.33
2026-09-17T05:57:36.674Z,openbao,1.80,"34.84MiB / 512MiB",6.80
2026-09-17T05:57:36.674Z,chirpstack,0.28,"39.7MiB / 1.922GiB",2.02
2026-09-17T05:57:36.674Z,spilo,3.10,"302.6MiB / 1.922GiB",15.38
2026-09-17T05:57:36.674Z,etcd,0.92,"57.71MiB / 1.922GiB",2.93
2026-09-17T05:57:43.948Z,lorawan-gateway-evidence-fabric-adapter-1,0.00,"7.031MiB / 192MiB",3.66
2026-09-17T05:57:43.948Z,lorawan-gateway-evidence-ingest-1,0.00,"8.543MiB / 192MiB",4.45
2026-09-17T05:57:43.948Z,lorawan-gateway-evidence-collector-1,0.34,"10.21MiB / 192MiB",5.32
2026-09-17T05:57:43.948Z,seaweedfs,3.29,"176MiB / 256MiB",68.75
2026-09-17T05:57:43.948Z,seaweedfs-metadata-etcd,6.51,"63.68MiB / 96MiB",66.34
2026-09-17T05:57:43.948Z,openbao,2.08,"34.84MiB / 512MiB",6.80
2026-09-17T05:57:43.948Z,chirpstack,0.41,"39.7MiB / 1.922GiB",2.02
2026-09-17T05:57:43.948Z,spilo,6.23,"302.6MiB / 1.922GiB",15.38
2026-09-17T05:57:43.948Z,etcd,0.99,"57.71MiB / 1.922GiB",2.93
2026-09-17T05:57:51.309Z,lorawan-gateway-evidence-fabric-adapter-1,0.00,"7.031MiB / 192MiB",3.66
2026-09-17T05:57:51.309Z,lorawan-gateway-evidence-ingest-1,0.00,"8.543MiB / 192MiB",4.45
2026-09-17T05:57:51.309Z,lorawan-gateway-evidence-collector-1,0.34,"10.21MiB / 192MiB",5.32
2026-09-17T05:57:51.309Z,seaweedfs,6.81,"171.3MiB / 256MiB",66.91
2026-09-17T05:57:51.309Z,seaweedfs-metadata-etcd,8.61,"63.68MiB / 96MiB",66.34
2026-09-17T05:57:51.309Z,openbao,1.47,"34.84MiB / 512MiB",6.80
2026-09-17T05:57:51.309Z,chirpstack,0.68,"39.7MiB / 1.922GiB",2.02
2026-09-17T05:57:51.309Z,spilo,4.08,"302.7MiB / 1.922GiB",15.38
2026-09-17T05:57:51.309Z,etcd,1.23,"57.71MiB / 1.922GiB",2.93
2026-09-17T05:57:58.547Z,lorawan-gateway-evidence-fabric-adapter-1,0.14,"7.031MiB / 192MiB",3.66
2026-09-17T05:57:58.547Z,lorawan-gateway-evidence-ingest-1,0.00,"8.543MiB / 192MiB",4.45
2026-09-17T05:57:58.547Z,lorawan-gateway-evidence-collector-1,0.46,"10.21MiB / 192MiB",5.32
2026-09-17T05:57:58.547Z,seaweedfs,12.99,"171.3MiB / 256MiB",66.91
2026-09-17T05:57:58.547Z,seaweedfs-metadata-etcd,17.06,"63.68MiB / 96MiB",66.34
2026-09-17T05:57:58.547Z,openbao,1.54,"34.84MiB / 512MiB",6.80
2026-09-17T05:57:58.547Z,chirpstack,0.46,"39.7MiB / 1.922GiB",2.02
2026-09-17T05:57:58.547Z,spilo,8.39,"302.6MiB / 1.922GiB",15.38
2026-09-17T05:57:58.547Z,etcd,1.15,"57.71MiB / 1.922GiB",2.93
2026-09-17T05:58:05.807Z,lorawan-gateway-evidence-fabric-adapter-1,0.00,"7.031MiB / 192MiB",3.66
2026-09-17T05:58:05.807Z,lorawan-gateway-evidence-ingest-1,0.00,"8.543MiB / 192MiB",4.45
2026-09-17T05:58:05.807Z,lorawan-gateway-evidence-collector-1,0.39,"10.21MiB / 192MiB",5.32
2026-09-17T05:58:05.807Z,seaweedfs,1.00,"173MiB / 256MiB",67.57
2026-09-17T05:58:05.807Z,seaweedfs-metadata-etcd,1.94,"63.68MiB / 96MiB",66.33
2026-09-17T05:58:05.807Z,openbao,1.57,"34.84MiB / 512MiB",6.80
2026-09-17T05:58:05.807Z,chirpstack,0.24,"39.7MiB / 1.922GiB",2.02
2026-09-17T05:58:05.807Z,spilo,3.93,"302.6MiB / 1.922GiB",15.38
2026-09-17T05:58:05.807Z,etcd,1.35,"57.71MiB / 1.922GiB",2.93
2026-09-17T05:58:13.113Z,lorawan-gateway-evidence-fabric-adapter-1,0.00,"7.031MiB / 192MiB",3.66
2026-09-17T05:58:13.113Z,lorawan-gateway-evidence-ingest-1,0.15,"8.543MiB / 192MiB",4.45
2026-09-17T05:58:13.113Z,lorawan-gateway-evidence-collector-1,0.72,"10.21MiB / 192MiB",5.32
2026-09-17T05:58:13.113Z,seaweedfs,4.95,"172.7MiB / 256MiB",67.45
2026-09-17T05:58:13.113Z,seaweedfs-metadata-etcd,1.67,"63.68MiB / 96MiB",66.33
2026-09-17T05:58:13.113Z,openbao,1.36,"34.84MiB / 512MiB",6.80
2026-09-17T05:58:13.113Z,chirpstack,2.62,"39.7MiB / 1.922GiB",2.02
2026-09-17T05:58:13.113Z,spilo,5.50,"302.6MiB / 1.922GiB",15.38
2026-09-17T05:58:13.113Z,etcd,1.10,"57.71MiB / 1.922GiB",2.93
2026-09-17T05:58:20.371Z,lorawan-gateway-evidence-fabric-adapter-1,0.07,"7.031MiB / 192MiB",3.66
2026-09-17T05:58:20.371Z,lorawan-gateway-evidence-ingest-1,0.00,"8.543MiB / 192MiB",4.45
2026-09-17T05:58:20.371Z,lorawan-gateway-evidence-collector-1,0.33,"10.21MiB / 192MiB",5.32
2026-09-17T05:58:20.371Z,seaweedfs,4.62,"172.7MiB / 256MiB",67.45
2026-09-17T05:58:20.371Z,seaweedfs-metadata-etcd,6.44,"63.68MiB / 96MiB",66.34
2026-09-17T05:58:20.371Z,openbao,1.14,"34.84MiB / 512MiB",6.80
2026-09-17T05:58:20.371Z,chirpstack,0.26,"39.7MiB / 1.922GiB",2.02
2026-09-17T05:58:20.371Z,spilo,3.56,"302.6MiB / 1.922GiB",15.38
2026-09-17T05:58:20.371Z,etcd,0.66,"57.71MiB / 1.922GiB",2.93
2026-09-17T05:58:27.613Z,lorawan-gateway-evidence-fabric-adapter-1,0.00,"7.031MiB / 192MiB",3.66
2026-09-17T05:58:27.613Z,lorawan-gateway-evidence-ingest-1,0.00,"8.543MiB / 192MiB",4.45
2026-09-17T05:58:27.613Z,lorawan-gateway-evidence-collector-1,1.01,"10.21MiB / 192MiB",5.32
2026-09-17T05:58:27.613Z,seaweedfs,2.52,"173.6MiB / 256MiB",67.81
2026-09-17T05:58:27.613Z,seaweedfs-metadata-etcd,3.18,"63.68MiB / 96MiB",66.34
2026-09-17T05:58:27.613Z,openbao,1.51,"34.84MiB / 512MiB",6.80
2026-09-17T05:58:27.613Z,chirpstack,0.26,"39.7MiB / 1.922GiB",2.02
2026-09-17T05:58:27.613Z,spilo,5.03,"302.7MiB / 1.922GiB",15.38
2026-09-17T05:58:27.613Z,etcd,1.02,"57.72MiB / 1.922GiB",2.93
2026-09-17T05:58:34.852Z,lorawan-gateway-evidence-fabric-adapter-1,0.08,"7.031MiB / 192MiB",3.66
2026-09-17T05:58:34.852Z,lorawan-gateway-evidence-ingest-1,0.00,"8.543MiB / 192MiB",4.45
2026-09-17T05:58:34.852Z,lorawan-gateway-evidence-collector-1,0.35,"10.21MiB / 192MiB",5.32
2026-09-17T05:58:34.852Z,seaweedfs,0.89,"177.1MiB / 256MiB",69.18
2026-09-17T05:58:34.852Z,seaweedfs-metadata-etcd,0.94,"63.68MiB / 96MiB",66.33
2026-09-17T05:58:34.852Z,openbao,1.37,"34.84MiB / 512MiB",6.80
2026-09-17T05:58:34.852Z,chirpstack,0.25,"39.7MiB / 1.922GiB",2.02
2026-09-17T05:58:34.852Z,spilo,3.23,"302.7MiB / 1.922GiB",15.38
2026-09-17T05:58:34.852Z,etcd,1.32,"57.72MiB / 1.922GiB",2.93
2026-09-17T05:58:42.081Z,lorawan-gateway-evidence-fabric-adapter-1,0.11,"7.031MiB / 192MiB",3.66
2026-09-17T05:58:42.081Z,lorawan-gateway-evidence-ingest-1,0.00,"8.543MiB / 192MiB",4.45
2026-09-17T05:58:42.081Z,lorawan-gateway-evidence-collector-1,0.38,"10.21MiB / 192MiB",5.32
2026-09-17T05:58:42.081Z,seaweedfs,7.30,"171.2MiB / 256MiB",66.88
2026-09-17T05:58:42.081Z,seaweedfs-metadata-etcd,10.03,"63.69MiB / 96MiB",66.34
2026-09-17T05:58:42.081Z,openbao,1.57,"34.84MiB / 512MiB",6.80
2026-09-17T05:58:42.081Z,chirpstack,0.27,"39.7MiB / 1.922GiB",2.02
2026-09-17T05:58:42.081Z,spilo,5.05,"302.7MiB / 1.922GiB",15.38
2026-09-17T05:58:42.081Z,etcd,0.87,"57.71MiB / 1.922GiB",2.93
2026-09-17T05:58:49.432Z,lorawan-gateway-evidence-fabric-adapter-1,0.00,"7.031MiB / 192MiB",3.66
2026-09-17T05:58:49.432Z,lorawan-gateway-evidence-ingest-1,0.00,"8.457MiB / 192MiB",4.40
2026-09-17T05:58:49.432Z,lorawan-gateway-evidence-collector-1,0.31,"10.21MiB / 192MiB",5.32
2026-09-17T05:58:49.432Z,seaweedfs,3.46,"171.3MiB / 256MiB",66.92
2026-09-17T05:58:49.432Z,seaweedfs-metadata-etcd,5.78,"63.68MiB / 96MiB",66.33
2026-09-17T05:58:49.432Z,openbao,1.56,"34.84MiB / 512MiB",6.80
2026-09-17T05:58:49.432Z,chirpstack,0.29,"39.7MiB / 1.922GiB",2.02
2026-09-17T05:58:49.432Z,spilo,3.01,"302.7MiB / 1.922GiB",15.38
2026-09-17T05:58:49.432Z,etcd,0.94,"57.71MiB / 1.922GiB",2.93
2026-09-17T05:58:56.681Z,lorawan-gateway-evidence-fabric-adapter-1,0.07,"6.719MiB / 192MiB",3.50
2026-09-17T05:58:56.681Z,lorawan-gateway-evidence-ingest-1,0.00,"8.457MiB / 192MiB",4.40
2026-09-17T05:58:56.681Z,lorawan-gateway-evidence-collector-1,0.32,"10.21MiB / 192MiB",5.32
2026-09-17T05:58:56.681Z,seaweedfs,5.32,"171.3MiB / 256MiB",66.92
2026-09-17T05:58:56.681Z,seaweedfs-metadata-etcd,7.52,"63.68MiB / 96MiB",66.33
2026-09-17T05:58:56.681Z,openbao,1.40,"34.84MiB / 512MiB",6.80
2026-09-17T05:58:56.681Z,chirpstack,0.27,"39.7MiB / 1.922GiB",2.02
2026-09-17T05:58:56.681Z,spilo,2.45,"302.7MiB / 1.922GiB",15.38
2026-09-17T05:58:56.681Z,etcd,0.97,"57.71MiB / 1.922GiB",2.93
2026-09-17T05:59:04.011Z,lorawan-gateway-evidence-fabric-adapter-1,0.10,"6.719MiB / 192MiB",3.50
2026-09-17T05:59:04.011Z,lorawan-gateway-evidence-ingest-1,0.00,"8.457MiB / 192MiB",4.40
2026-09-17T05:59:04.011Z,lorawan-gateway-evidence-collector-1,0.35,"10.21MiB / 192MiB",5.32
2026-09-17T05:59:04.011Z,seaweedfs,6.58,"171.3MiB / 256MiB",66.92
2026-09-17T05:59:04.011Z,seaweedfs-metadata-etcd,6.16,"63.68MiB / 96MiB",66.33
2026-09-17T05:59:04.011Z,openbao,1.91,"34.84MiB / 512MiB",6.80
2026-09-17T05:59:04.011Z,chirpstack,0.32,"39.7MiB / 1.922GiB",2.02
2026-09-17T05:59:04.011Z,spilo,5.26,"302.7MiB / 1.922GiB",15.38
2026-09-17T05:59:04.011Z,etcd,1.17,"57.72MiB / 1.922GiB",2.93
2026-09-17T05:59:11.455Z,lorawan-gateway-evidence-fabric-adapter-1,0.00,"6.719MiB / 192MiB",3.50
2026-09-17T05:59:11.455Z,lorawan-gateway-evidence-ingest-1,0.00,"8.457MiB / 192MiB",4.40
2026-09-17T05:59:11.455Z,lorawan-gateway-evidence-collector-1,0.36,"10.21MiB / 192MiB",5.32
2026-09-17T05:59:11.455Z,seaweedfs,0.96,"171.3MiB / 256MiB",66.92
2026-09-17T05:59:11.455Z,seaweedfs-metadata-etcd,1.42,"63.68MiB / 96MiB",66.33
2026-09-17T05:59:11.455Z,openbao,1.42,"34.84MiB / 512MiB",6.80
2026-09-17T05:59:11.455Z,chirpstack,0.28,"39.7MiB / 1.922GiB",2.02
2026-09-17T05:59:11.455Z,spilo,1.74,"302.7MiB / 1.922GiB",15.38
2026-09-17T05:59:11.455Z,etcd,1.35,"57.72MiB / 1.922GiB",2.93
2026-09-17T05:59:18.722Z,lorawan-gateway-evidence-fabric-adapter-1,0.08,"6.719MiB / 192MiB",3.50
2026-09-17T05:59:18.722Z,lorawan-gateway-evidence-ingest-1,0.97,"8.473MiB / 192MiB",4.41
2026-09-17T05:59:18.722Z,lorawan-gateway-evidence-collector-1,0.32,"10.21MiB / 192MiB",5.32
2026-09-17T05:59:18.722Z,seaweedfs,5.46,"171.3MiB / 256MiB",66.92
2026-09-17T05:59:18.722Z,seaweedfs-metadata-etcd,7.62,"63.68MiB / 96MiB",66.34
2026-09-17T05:59:18.722Z,openbao,1.67,"34.84MiB / 512MiB",6.80
2026-09-17T05:59:18.722Z,chirpstack,0.28,"39.7MiB / 1.922GiB",2.02
2026-09-17T05:59:18.722Z,spilo,2.62,"302.7MiB / 1.922GiB",15.38
2026-09-17T05:59:18.722Z,etcd,1.18,"57.72MiB / 1.922GiB",2.93
2026-09-17T05:59:26.009Z,lorawan-gateway-evidence-fabric-adapter-1,0.00,"6.723MiB / 192MiB",3.50
2026-09-17T05:59:26.009Z,lorawan-gateway-evidence-ingest-1,0.00,"9.234MiB / 192MiB",4.81
2026-09-17T05:59:26.009Z,lorawan-gateway-evidence-collector-1,0.31,"10.21MiB / 192MiB",5.32
2026-09-17T05:59:26.009Z,seaweedfs,5.23,"173.4MiB / 256MiB",67.73
2026-09-17T05:59:26.009Z,seaweedfs-metadata-etcd,8.80,"63.68MiB / 96MiB",66.34
2026-09-17T05:59:26.009Z,openbao,2.04,"34.84MiB / 512MiB",6.80
2026-09-17T05:59:26.009Z,chirpstack,0.29,"39.7MiB / 1.922GiB",2.02
2026-09-17T05:59:26.009Z,spilo,3.11,"302.7MiB / 1.922GiB",15.38
2026-09-17T05:59:26.009Z,etcd,1.27,"57.72MiB / 1.922GiB",2.93
2026-09-17T05:59:33.309Z,lorawan-gateway-evidence-fabric-adapter-1,0.85,"7.305MiB / 192MiB",3.80
2026-09-17T05:59:33.309Z,lorawan-gateway-evidence-ingest-1,0.00,"9.234MiB / 192MiB",4.81
2026-09-17T05:59:33.309Z,lorawan-gateway-evidence-collector-1,0.31,"10.21MiB / 192MiB",5.32
2026-09-17T05:59:33.309Z,seaweedfs,10.62,"171.3MiB / 256MiB",66.90
2026-09-17T05:59:33.309Z,seaweedfs-metadata-etcd,11.01,"63.68MiB / 96MiB",66.34
2026-09-17T05:59:33.309Z,openbao,1.44,"34.89MiB / 512MiB",6.81
2026-09-17T05:59:33.309Z,chirpstack,0.29,"39.7MiB / 1.922GiB",2.02
2026-09-17T05:59:33.309Z,spilo,3.29,"302.7MiB / 1.922GiB",15.38
2026-09-17T05:59:33.309Z,etcd,0.76,"57.72MiB / 1.922GiB",2.93
2026-09-17T05:59:40.639Z,lorawan-gateway-evidence-fabric-adapter-1,0.00,"7.82MiB / 192MiB",4.07
2026-09-17T05:59:40.639Z,lorawan-gateway-evidence-ingest-1,0.00,"9.234MiB / 192MiB",4.81
2026-09-17T05:59:40.639Z,lorawan-gateway-evidence-collector-1,0.29,"10.21MiB / 192MiB",5.32
2026-09-17T05:59:40.639Z,seaweedfs,9.01,"171.3MiB / 256MiB",66.92
2026-09-17T05:59:40.639Z,seaweedfs-metadata-etcd,12.60,"63.69MiB / 96MiB",66.34
2026-09-17T05:59:40.639Z,openbao,1.55,"34.89MiB / 512MiB",6.81
2026-09-17T05:59:40.639Z,chirpstack,0.32,"39.7MiB / 1.922GiB",2.02
2026-09-17T05:59:40.639Z,spilo,3.25,"302.7MiB / 1.922GiB",15.38
2026-09-17T05:59:40.639Z,etcd,0.81,"57.72MiB / 1.922GiB",2.93
2026-09-17T05:59:47.891Z,lorawan-gateway-evidence-fabric-adapter-1,1.09,"7.852MiB / 192MiB",4.09
2026-09-17T05:59:47.891Z,lorawan-gateway-evidence-ingest-1,0.00,"9.234MiB / 192MiB",4.81
2026-09-17T05:59:47.891Z,lorawan-gateway-evidence-collector-1,0.29,"10.21MiB / 192MiB",5.32
2026-09-17T05:59:47.891Z,seaweedfs,7.79,"171.3MiB / 256MiB",66.93
2026-09-17T05:59:47.891Z,seaweedfs-metadata-etcd,11.95,"63.68MiB / 96MiB",66.34
2026-09-17T05:59:47.891Z,openbao,1.05,"34.89MiB / 512MiB",6.81
2026-09-17T05:59:47.891Z,chirpstack,0.24,"39.7MiB / 1.922GiB",2.02
2026-09-17T05:59:47.891Z,spilo,3.49,"302.7MiB / 1.922GiB",15.38
2026-09-17T05:59:47.891Z,etcd,0.77,"57.72MiB / 1.922GiB",2.93
2026-09-17T05:59:55.200Z,lorawan-gateway-evidence-fabric-adapter-1,0.00,"7.883MiB / 192MiB",4.11
2026-09-17T05:59:55.200Z,lorawan-gateway-evidence-ingest-1,0.00,"9.234MiB / 192MiB",4.81
2026-09-17T05:59:55.200Z,lorawan-gateway-evidence-collector-1,0.36,"10.21MiB / 192MiB",5.32
2026-09-17T05:59:55.200Z,seaweedfs,0.75,"171.3MiB / 256MiB",66.93
2026-09-17T05:59:55.200Z,seaweedfs-metadata-etcd,1.07,"63.68MiB / 96MiB",66.33
2026-09-17T05:59:55.200Z,openbao,1.06,"34.89MiB / 512MiB",6.81
2026-09-17T05:59:55.200Z,chirpstack,0.30,"39.7MiB / 1.922GiB",2.02
2026-09-17T05:59:55.200Z,spilo,2.55,"302.7MiB / 1.922GiB",15.38
2026-09-17T05:59:55.200Z,etcd,1.14,"57.72MiB / 1.922GiB",2.93
2026-09-17T06:00:02.417Z,lorawan-gateway-evidence-fabric-adapter-1,0.00,"7.883MiB / 192MiB",4.11
2026-09-17T06:00:02.417Z,lorawan-gateway-evidence-ingest-1,0.00,"9.234MiB / 192MiB",4.81
2026-09-17T06:00:02.417Z,lorawan-gateway-evidence-collector-1,0.58,"10.21MiB / 192MiB",5.32
2026-09-17T06:00:02.417Z,seaweedfs,5.05,"173.2MiB / 256MiB",67.67
2026-09-17T06:00:02.417Z,seaweedfs-metadata-etcd,7.25,"63.68MiB / 96MiB",66.33
2026-09-17T06:00:02.417Z,openbao,4.28,"35MiB / 512MiB",6.84
2026-09-17T06:00:02.417Z,chirpstack,0.35,"39.7MiB / 1.922GiB",2.02
2026-09-17T06:00:02.417Z,spilo,6.39,"302.8MiB / 1.922GiB",15.38
2026-09-17T06:00:02.417Z,etcd,3.04,"57.72MiB / 1.922GiB",2.93
2026-09-17T06:00:09.915Z,lorawan-gateway-evidence-fabric-adapter-1,0.38,"7.902MiB / 192MiB",4.12
2026-09-17T06:00:09.915Z,lorawan-gateway-evidence-ingest-1,0.00,"9.234MiB / 192MiB",4.81
2026-09-17T06:00:09.915Z,lorawan-gateway-evidence-collector-1,0.42,"10.21MiB / 192MiB",5.32
2026-09-17T06:00:09.915Z,seaweedfs,1.00,"173.2MiB / 256MiB",67.67
2026-09-17T06:00:09.915Z,seaweedfs-metadata-etcd,1.17,"63.68MiB / 96MiB",66.33
2026-09-17T06:00:09.915Z,openbao,1.49,"35MiB / 512MiB",6.84
2026-09-17T06:00:09.915Z,chirpstack,0.29,"39.7MiB / 1.922GiB",2.02
2026-09-17T06:00:09.915Z,spilo,4.47,"302.7MiB / 1.922GiB",15.38
2026-09-17T06:00:09.915Z,etcd,0.99,"57.72MiB / 1.922GiB",2.93
2026-09-17T06:00:17.210Z,lorawan-gateway-evidence-fabric-adapter-1,0.00,"7.902MiB / 192MiB",4.12
2026-09-17T06:00:17.210Z,lorawan-gateway-evidence-ingest-1,0.00,"9.234MiB / 192MiB",4.81
2026-09-17T06:00:17.210Z,lorawan-gateway-evidence-collector-1,0.41,"10.21MiB / 192MiB",5.32
2026-09-17T06:00:17.210Z,seaweedfs,5.36,"171MiB / 256MiB",66.78
2026-09-17T06:00:17.210Z,seaweedfs-metadata-etcd,8.82,"63.68MiB / 96MiB",66.33
2026-09-17T06:00:17.210Z,openbao,1.19,"35MiB / 512MiB",6.84
2026-09-17T06:00:17.210Z,chirpstack,0.37,"39.7MiB / 1.922GiB",2.02
2026-09-17T06:00:17.210Z,spilo,2.51,"302.8MiB / 1.922GiB",15.38
2026-09-17T06:00:17.210Z,etcd,1.22,"57.75MiB / 1.922GiB",2.93
2026-09-17T06:00:24.475Z,lorawan-gateway-evidence-fabric-adapter-1,0.12,"7.902MiB / 192MiB",4.12
2026-09-17T06:00:24.475Z,lorawan-gateway-evidence-ingest-1,0.00,"9.238MiB / 192MiB",4.81
2026-09-17T06:00:24.475Z,lorawan-gateway-evidence-collector-1,0.44,"10.21MiB / 192MiB",5.32
2026-09-17T06:00:24.475Z,seaweedfs,0.97,"171MiB / 256MiB",66.81
2026-09-17T06:00:24.475Z,seaweedfs-metadata-etcd,1.18,"63.68MiB / 96MiB",66.33
2026-09-17T06:00:24.475Z,openbao,1.49,"35MiB / 512MiB",6.84
2026-09-17T06:00:24.475Z,chirpstack,0.32,"39.7MiB / 1.922GiB",2.02
2026-09-17T06:00:24.475Z,spilo,5.44,"302.8MiB / 1.922GiB",15.38
2026-09-17T06:00:24.475Z,etcd,1.00,"57.75MiB / 1.922GiB",2.93
2026-09-17T06:00:31.763Z,lorawan-gateway-evidence-fabric-adapter-1,0.00,"7.902MiB / 192MiB",4.12
2026-09-17T06:00:31.763Z,lorawan-gateway-evidence-ingest-1,0.00,"9.238MiB / 192MiB",4.81
2026-09-17T06:00:31.763Z,lorawan-gateway-evidence-collector-1,0.38,"10.21MiB / 192MiB",5.32
2026-09-17T06:00:31.763Z,seaweedfs,4.15,"172.2MiB / 256MiB",67.25
2026-09-17T06:00:31.763Z,seaweedfs-metadata-etcd,6.74,"63.68MiB / 96MiB",66.33
2026-09-17T06:00:31.763Z,openbao,1.37,"35MiB / 512MiB",6.84
2026-09-17T06:00:31.763Z,chirpstack,0.29,"39.7MiB / 1.922GiB",2.02
2026-09-17T06:00:31.763Z,spilo,3.76,"302.8MiB / 1.922GiB",15.38
2026-09-17T06:00:31.763Z,etcd,0.84,"57.75MiB / 1.922GiB",2.93
2026-09-17T06:00:39.096Z,lorawan-gateway-evidence-fabric-adapter-1,0.01,"7.902MiB / 192MiB",4.12
2026-09-17T06:00:39.096Z,lorawan-gateway-evidence-ingest-1,0.00,"9.238MiB / 192MiB",4.81
2026-09-17T06:00:39.096Z,lorawan-gateway-evidence-collector-1,0.34,"10.21MiB / 192MiB",5.32
2026-09-17T06:00:39.096Z,seaweedfs,0.85,"172.7MiB / 256MiB",67.47
2026-09-17T06:00:39.096Z,seaweedfs-metadata-etcd,0.78,"63.68MiB / 96MiB",66.33
2026-09-17T06:00:39.096Z,openbao,1.71,"35MiB / 512MiB",6.84
2026-09-17T06:00:39.096Z,chirpstack,0.27,"39.7MiB / 1.922GiB",2.02
2026-09-17T06:00:39.096Z,spilo,1.99,"302.8MiB / 1.922GiB",15.38
2026-09-17T06:00:39.096Z,etcd,1.43,"57.75MiB / 1.922GiB",2.93
2026-09-17T06:00:46.322Z,lorawan-gateway-evidence-fabric-adapter-1,0.08,"7.902MiB / 192MiB",4.12
2026-09-17T06:00:46.322Z,lorawan-gateway-evidence-ingest-1,0.00,"9.238MiB / 192MiB",4.81
2026-09-17T06:00:46.322Z,lorawan-gateway-evidence-collector-1,0.41,"10.21MiB / 192MiB",5.32
2026-09-17T06:00:46.322Z,seaweedfs,4.37,"173.9MiB / 256MiB",67.94
2026-09-17T06:00:46.322Z,seaweedfs-metadata-etcd,6.69,"63.68MiB / 96MiB",66.33
2026-09-17T06:00:46.322Z,openbao,1.58,"35MiB / 512MiB",6.84
2026-09-17T06:00:46.322Z,chirpstack,0.26,"39.7MiB / 1.922GiB",2.02
2026-09-17T06:00:46.322Z,spilo,4.31,"302.8MiB / 1.922GiB",15.38
2026-09-17T06:00:46.322Z,etcd,1.14,"57.75MiB / 1.922GiB",2.93
2026-09-17T06:00:53.600Z,lorawan-gateway-evidence-fabric-adapter-1,0.00,"7.902MiB / 192MiB",4.12
2026-09-17T06:00:53.600Z,lorawan-gateway-evidence-ingest-1,0.00,"9.238MiB / 192MiB",4.81
2026-09-17T06:00:53.600Z,lorawan-gateway-evidence-collector-1,0.41,"10.21MiB / 192MiB",5.32
2026-09-17T06:00:53.600Z,seaweedfs,1.00,"175MiB / 256MiB",68.36
2026-09-17T06:00:53.600Z,seaweedfs-metadata-etcd,1.70,"63.68MiB / 96MiB",66.33
2026-09-17T06:00:53.600Z,openbao,1.56,"35MiB / 512MiB",6.84
2026-09-17T06:00:53.600Z,chirpstack,0.36,"39.7MiB / 1.922GiB",2.02
2026-09-17T06:00:53.600Z,spilo,3.19,"302.8MiB / 1.922GiB",15.38
2026-09-17T06:00:53.600Z,etcd,0.93,"57.75MiB / 1.922GiB",2.93
2026-09-17T06:01:00.831Z,lorawan-gateway-evidence-fabric-adapter-1,0.56,"7.902MiB / 192MiB",4.12
2026-09-17T06:01:00.831Z,lorawan-gateway-evidence-ingest-1,0.00,"9.238MiB / 192MiB",4.81
2026-09-17T06:01:00.831Z,lorawan-gateway-evidence-collector-1,0.41,"10.21MiB / 192MiB",5.32
2026-09-17T06:01:00.831Z,seaweedfs,7.03,"176.2MiB / 256MiB",68.82
2026-09-17T06:01:00.831Z,seaweedfs-metadata-etcd,9.40,"63.68MiB / 96MiB",66.33
2026-09-17T06:01:00.831Z,openbao,1.61,"35MiB / 512MiB",6.84
2026-09-17T06:01:00.831Z,chirpstack,0.35,"39.7MiB / 1.922GiB",2.02
2026-09-17T06:01:00.831Z,spilo,3.44,"302.8MiB / 1.922GiB",15.38
2026-09-17T06:01:00.831Z,etcd,1.22,"57.75MiB / 1.922GiB",2.93
2026-09-17T06:01:08.104Z,lorawan-gateway-evidence-fabric-adapter-1,0.16,"7.898MiB / 192MiB",4.11
2026-09-17T06:01:08.104Z,lorawan-gateway-evidence-ingest-1,0.00,"9.238MiB / 192MiB",4.81
2026-09-17T06:01:08.104Z,lorawan-gateway-evidence-collector-1,0.42,"10.21MiB / 192MiB",5.32
2026-09-17T06:01:08.104Z,seaweedfs,0.87,"176.5MiB / 256MiB",68.96
2026-09-17T06:01:08.104Z,seaweedfs-metadata-etcd,1.79,"63.68MiB / 96MiB",66.33
2026-09-17T06:01:08.104Z,openbao,1.42,"35MiB / 512MiB",6.84
2026-09-17T06:01:08.104Z,chirpstack,0.38,"39.7MiB / 1.922GiB",2.02
2026-09-17T06:01:08.104Z,spilo,4.65,"302.8MiB / 1.922GiB",15.38
2026-09-17T06:01:08.104Z,etcd,1.03,"57.75MiB / 1.922GiB",2.93
2026-09-17T06:01:15.427Z,lorawan-gateway-evidence-fabric-adapter-1,0.00,"7.898MiB / 192MiB",4.11
2026-09-17T06:01:15.427Z,lorawan-gateway-evidence-ingest-1,0.00,"9.238MiB / 192MiB",4.81
2026-09-17T06:01:15.427Z,lorawan-gateway-evidence-collector-1,0.41,"10.21MiB / 192MiB",5.32
2026-09-17T06:01:15.427Z,seaweedfs,2.81,"177MiB / 256MiB",69.14
2026-09-17T06:01:15.427Z,seaweedfs-metadata-etcd,4.10,"63.68MiB / 96MiB",66.33
2026-09-17T06:01:15.427Z,openbao,1.11,"35MiB / 512MiB",6.84
2026-09-17T06:01:15.427Z,chirpstack,0.30,"39.7MiB / 1.922GiB",2.02
2026-09-17T06:01:15.427Z,spilo,2.72,"302.8MiB / 1.922GiB",15.38
2026-09-17T06:01:15.427Z,etcd,1.63,"57.77MiB / 1.922GiB",2.94
2026-09-17T06:01:22.671Z,lorawan-gateway-evidence-fabric-adapter-1,0.09,"7.898MiB / 192MiB",4.11
2026-09-17T06:01:22.671Z,lorawan-gateway-evidence-ingest-1,0.00,"9.238MiB / 192MiB",4.81
2026-09-17T06:01:22.671Z,lorawan-gateway-evidence-collector-1,0.43,"10.21MiB / 192MiB",5.32
2026-09-17T06:01:22.671Z,seaweedfs,0.94,"178.1MiB / 256MiB",69.55
2026-09-17T06:01:22.671Z,seaweedfs-metadata-etcd,1.09,"63.68MiB / 96MiB",66.33
2026-09-17T06:01:22.671Z,openbao,1.51,"35MiB / 512MiB",6.84
2026-09-17T06:01:22.671Z,chirpstack,0.29,"39.7MiB / 1.922GiB",2.02
2026-09-17T06:01:22.671Z,spilo,3.84,"302.8MiB / 1.922GiB",15.38
2026-09-17T06:01:22.671Z,etcd,1.49,"57.77MiB / 1.922GiB",2.94
2026-09-17T06:01:29.941Z,lorawan-gateway-evidence-fabric-adapter-1,0.00,"7.898MiB / 192MiB",4.11
2026-09-17T06:01:29.941Z,lorawan-gateway-evidence-ingest-1,0.00,"9.238MiB / 192MiB",4.81
2026-09-17T06:01:29.941Z,lorawan-gateway-evidence-collector-1,0.67,"10.21MiB / 192MiB",5.32
2026-09-17T06:01:29.941Z,seaweedfs,3.58,"178.6MiB / 256MiB",69.76
2026-09-17T06:01:29.941Z,seaweedfs-metadata-etcd,4.48,"63.68MiB / 96MiB",66.34
2026-09-17T06:01:29.941Z,openbao,1.49,"35MiB / 512MiB",6.84
2026-09-17T06:01:29.941Z,chirpstack,0.46,"39.7MiB / 1.922GiB",2.02
2026-09-17T06:01:29.941Z,spilo,5.31,"302.8MiB / 1.922GiB",15.39
2026-09-17T06:01:29.941Z,etcd,1.34,"57.77MiB / 1.922GiB",2.94
2026-09-17T06:01:37.211Z,lorawan-gateway-evidence-fabric-adapter-1,0.00,"7.898MiB / 192MiB",4.11
2026-09-17T06:01:37.211Z,lorawan-gateway-evidence-ingest-1,0.00,"9.238MiB / 192MiB",4.81
2026-09-17T06:01:37.211Z,lorawan-gateway-evidence-collector-1,0.38,"10.21MiB / 192MiB",5.32
2026-09-17T06:01:37.211Z,seaweedfs,1.08,"178.5MiB / 256MiB",69.74
2026-09-17T06:01:37.211Z,seaweedfs-metadata-etcd,0.85,"63.68MiB / 96MiB",66.33
2026-09-17T06:01:37.211Z,openbao,1.68,"35MiB / 512MiB",6.84
2026-09-17T06:01:37.211Z,chirpstack,0.28,"39.7MiB / 1.922GiB",2.02
2026-09-17T06:01:37.211Z,spilo,2.90,"302.8MiB / 1.922GiB",15.39
2026-09-17T06:01:37.211Z,etcd,1.11,"57.77MiB / 1.922GiB",2.94
2026-09-17T06:01:44.465Z,lorawan-gateway-evidence-fabric-adapter-1,0.12,"7.898MiB / 192MiB",4.11
2026-09-17T06:01:44.465Z,lorawan-gateway-evidence-ingest-1,0.00,"9.238MiB / 192MiB",4.81
2026-09-17T06:01:44.465Z,lorawan-gateway-evidence-collector-1,0.38,"10.21MiB / 192MiB",5.32
2026-09-17T06:01:44.465Z,seaweedfs,5.43,"178MiB / 256MiB",69.53
2026-09-17T06:01:44.465Z,seaweedfs-metadata-etcd,7.59,"63.68MiB / 96MiB",66.34
2026-09-17T06:01:44.465Z,openbao,1.71,"35MiB / 512MiB",6.84
2026-09-17T06:01:44.465Z,chirpstack,0.28,"39.7MiB / 1.922GiB",2.02
2026-09-17T06:01:44.465Z,spilo,5.81,"302.8MiB / 1.922GiB",15.39
2026-09-17T06:01:44.465Z,etcd,1.13,"57.77MiB / 1.922GiB",2.94
2026-09-17T06:01:51.747Z,lorawan-gateway-evidence-fabric-adapter-1,0.00,"7.898MiB / 192MiB",4.11
2026-09-17T06:01:51.747Z,lorawan-gateway-evidence-ingest-1,0.00,"9.238MiB / 192MiB",4.81
2026-09-17T06:01:51.747Z,lorawan-gateway-evidence-collector-1,0.40,"10.21MiB / 192MiB",5.32
2026-09-17T06:01:51.747Z,seaweedfs,1.77,"178.9MiB / 256MiB",69.87
2026-09-17T06:01:51.747Z,seaweedfs-metadata-etcd,3.46,"63.69MiB / 96MiB",66.34
2026-09-17T06:01:51.747Z,openbao,1.39,"35MiB / 512MiB",6.84
2026-09-17T06:01:51.747Z,chirpstack,0.28,"39.7MiB / 1.922GiB",2.02
2026-09-17T06:01:51.747Z,spilo,3.79,"302.8MiB / 1.922GiB",15.39
2026-09-17T06:01:51.747Z,etcd,0.87,"57.77MiB / 1.922GiB",2.94
2026-09-17T06:01:59.027Z,lorawan-gateway-evidence-fabric-adapter-1,0.09,"7.898MiB / 192MiB",4.11
2026-09-17T06:01:59.027Z,lorawan-gateway-evidence-ingest-1,0.00,"9.238MiB / 192MiB",4.81
2026-09-17T06:01:59.027Z,lorawan-gateway-evidence-collector-1,0.83,"10.21MiB / 192MiB",5.32
2026-09-17T06:01:59.027Z,seaweedfs,3.67,"178MiB / 256MiB",69.52
2026-09-17T06:01:59.027Z,seaweedfs-metadata-etcd,1.82,"63.68MiB / 96MiB",66.33
2026-09-17T06:01:59.027Z,openbao,2.25,"35MiB / 512MiB",6.84
2026-09-17T06:01:59.027Z,chirpstack,0.36,"39.7MiB / 1.922GiB",2.02
2026-09-17T06:01:59.027Z,spilo,5.71,"302.8MiB / 1.922GiB",15.39
2026-09-17T06:01:59.027Z,etcd,1.38,"57.77MiB / 1.922GiB",2.94
2026-09-17T06:02:06.297Z,lorawan-gateway-evidence-fabric-adapter-1,0.43,"7.156MiB / 192MiB",3.73
2026-09-17T06:02:06.297Z,lorawan-gateway-evidence-ingest-1,0.00,"9.238MiB / 192MiB",4.81
2026-09-17T06:02:06.297Z,lorawan-gateway-evidence-collector-1,0.39,"10.21MiB / 192MiB",5.32
2026-09-17T06:02:06.297Z,seaweedfs,6.18,"171.1MiB / 256MiB",66.84
2026-09-17T06:02:06.297Z,seaweedfs-metadata-etcd,9.46,"63.68MiB / 96MiB",66.34
2026-09-17T06:02:06.297Z,openbao,1.34,"35MiB / 512MiB",6.84
2026-09-17T06:02:06.297Z,chirpstack,0.39,"39.7MiB / 1.922GiB",2.02
2026-09-17T06:02:06.297Z,spilo,4.66,"302.8MiB / 1.922GiB",15.39
2026-09-17T06:02:06.297Z,etcd,1.15,"57.77MiB / 1.922GiB",2.94
2026-09-17T06:02:13.712Z,lorawan-gateway-evidence-fabric-adapter-1,0.00,"7.156MiB / 192MiB",3.73
2026-09-17T06:02:13.712Z,lorawan-gateway-evidence-ingest-1,0.00,"9.238MiB / 192MiB",4.81
2026-09-17T06:02:13.712Z,lorawan-gateway-evidence-collector-1,0.39,"10.21MiB / 192MiB",5.32
2026-09-17T06:02:13.712Z,seaweedfs,2.07,"171.8MiB / 256MiB",67.11
2026-09-17T06:02:13.712Z,seaweedfs-metadata-etcd,2.56,"63.68MiB / 96MiB",66.33
2026-09-17T06:02:13.712Z,openbao,1.53,"35MiB / 512MiB",6.84
2026-09-17T06:02:13.712Z,chirpstack,0.53,"39.7MiB / 1.922GiB",2.02
2026-09-17T06:02:13.712Z,spilo,6.20,"302.8MiB / 1.922GiB",15.39
2026-09-17T06:02:13.712Z,etcd,0.94,"57.77MiB / 1.922GiB",2.94
2026-09-17T06:02:20.992Z,lorawan-gateway-evidence-fabric-adapter-1,0.09,"7.156MiB / 192MiB",3.73
2026-09-17T06:02:20.992Z,lorawan-gateway-evidence-ingest-1,0.00,"9.238MiB / 192MiB",4.81
2026-09-17T06:02:20.992Z,lorawan-gateway-evidence-collector-1,0.37,"10.21MiB / 192MiB",5.32
2026-09-17T06:02:20.992Z,seaweedfs,5.49,"171.8MiB / 256MiB",67.11
2026-09-17T06:02:20.992Z,seaweedfs-metadata-etcd,6.38,"63.68MiB / 96MiB",66.33
2026-09-17T06:02:20.992Z,openbao,1.46,"35MiB / 512MiB",6.84
2026-09-17T06:02:20.992Z,chirpstack,0.33,"39.7MiB / 1.922GiB",2.02
2026-09-17T06:02:20.992Z,spilo,2.17,"302.8MiB / 1.922GiB",15.39
2026-09-17T06:02:20.992Z,etcd,1.07,"57.77MiB / 1.922GiB",2.94
2026-09-17T06:02:28.268Z,lorawan-gateway-evidence-fabric-adapter-1,0.12,"7.156MiB / 192MiB",3.73
2026-09-17T06:02:28.268Z,lorawan-gateway-evidence-ingest-1,0.00,"9.238MiB / 192MiB",4.81
2026-09-17T06:02:28.268Z,lorawan-gateway-evidence-collector-1,0.61,"10.21MiB / 192MiB",5.32
2026-09-17T06:02:28.268Z,seaweedfs,2.23,"172.8MiB / 256MiB",67.51
2026-09-17T06:02:28.268Z,seaweedfs-metadata-etcd,1.66,"63.68MiB / 96MiB",66.33
2026-09-17T06:02:28.268Z,openbao,1.59,"35MiB / 512MiB",6.84
2026-09-17T06:02:28.268Z,chirpstack,0.27,"39.7MiB / 1.922GiB",2.02
2026-09-17T06:02:28.268Z,spilo,5.56,"302.8MiB / 1.922GiB",15.39
2026-09-17T06:02:28.268Z,etcd,0.97,"57.77MiB / 1.922GiB",2.94
2026-09-17T06:02:35.481Z,lorawan-gateway-evidence-fabric-adapter-1,0.00,"7.156MiB / 192MiB",3.73
2026-09-17T06:02:35.481Z,lorawan-gateway-evidence-ingest-1,0.00,"9.238MiB / 192MiB",4.81
2026-09-17T06:02:35.481Z,lorawan-gateway-evidence-collector-1,0.40,"10.21MiB / 192MiB",5.32
2026-09-17T06:02:35.481Z,seaweedfs,5.04,"174.9MiB / 256MiB",68.33
2026-09-17T06:02:35.481Z,seaweedfs-metadata-etcd,7.40,"63.68MiB / 96MiB",66.33
2026-09-17T06:02:35.481Z,openbao,3.31,"35MiB / 512MiB",6.84
2026-09-17T06:02:35.481Z,chirpstack,0.31,"39.7MiB / 1.922GiB",2.02
2026-09-17T06:02:35.481Z,spilo,3.54,"302.8MiB / 1.922GiB",15.39
2026-09-17T06:02:35.481Z,etcd,1.73,"57.77MiB / 1.922GiB",2.94
2026-09-17T06:02:42.714Z,lorawan-gateway-evidence-fabric-adapter-1,0.09,"7.156MiB / 192MiB",3.73
2026-09-17T06:02:42.714Z,lorawan-gateway-evidence-ingest-1,0.17,"9.246MiB / 192MiB",4.82
2026-09-17T06:02:42.714Z,lorawan-gateway-evidence-collector-1,0.57,"10.21MiB / 192MiB",5.32
2026-09-17T06:02:42.714Z,seaweedfs,6.60,"177.9MiB / 256MiB",69.49
2026-09-17T06:02:42.714Z,seaweedfs-metadata-etcd,8.47,"63.68MiB / 96MiB",66.33
2026-09-17T06:02:42.714Z,openbao,1.35,"35MiB / 512MiB",6.84
2026-09-17T06:02:42.714Z,chirpstack,0.31,"39.7MiB / 1.922GiB",2.02
2026-09-17T06:02:42.714Z,spilo,4.18,"301.1MiB / 1.922GiB",15.30
2026-09-17T06:02:42.714Z,etcd,1.43,"57.78MiB / 1.922GiB",2.94
2026-09-17T06:02:49.960Z,lorawan-gateway-evidence-fabric-adapter-1,0.00,"7.156MiB / 192MiB",3.73
2026-09-17T06:02:49.960Z,lorawan-gateway-evidence-ingest-1,0.00,"9.246MiB / 192MiB",4.82
2026-09-17T06:02:49.960Z,lorawan-gateway-evidence-collector-1,0.40,"10.21MiB / 192MiB",5.32
2026-09-17T06:02:49.960Z,seaweedfs,3.14,"171.4MiB / 256MiB",66.94
2026-09-17T06:02:49.960Z,seaweedfs-metadata-etcd,4.65,"63.69MiB / 96MiB",66.34
2026-09-17T06:02:49.960Z,openbao,1.44,"35MiB / 512MiB",6.84
2026-09-17T06:02:49.960Z,chirpstack,0.25,"39.7MiB / 1.922GiB",2.02
2026-09-17T06:02:49.960Z,spilo,3.85,"301.1MiB / 1.922GiB",15.30
2026-09-17T06:02:49.960Z,etcd,0.83,"57.84MiB / 1.922GiB",2.94
2026-09-17T06:02:57.237Z,lorawan-gateway-evidence-fabric-adapter-1,0.00,"7.156MiB / 192MiB",3.73
2026-09-17T06:02:57.237Z,lorawan-gateway-evidence-ingest-1,0.00,"9.246MiB / 192MiB",4.82
2026-09-17T06:02:57.237Z,lorawan-gateway-evidence-collector-1,0.44,"10.21MiB / 192MiB",5.32
2026-09-17T06:02:57.237Z,seaweedfs,3.01,"171.4MiB / 256MiB",66.96
2026-09-17T06:02:57.237Z,seaweedfs-metadata-etcd,4.13,"63.68MiB / 96MiB",66.33
2026-09-17T06:02:57.237Z,openbao,1.73,"35MiB / 512MiB",6.84
2026-09-17T06:02:57.237Z,chirpstack,0.30,"39.7MiB / 1.922GiB",2.02
2026-09-17T06:02:57.237Z,spilo,1.89,"301.2MiB / 1.922GiB",15.30
2026-09-17T06:02:57.237Z,etcd,1.04,"57.92MiB / 1.922GiB",2.94
2026-09-17T06:03:04.438Z,lorawan-gateway-evidence-fabric-adapter-1,0.10,"7.156MiB / 192MiB",3.73
2026-09-17T06:03:04.438Z,lorawan-gateway-evidence-ingest-1,0.00,"9.246MiB / 192MiB",4.82
2026-09-17T06:03:04.438Z,lorawan-gateway-evidence-collector-1,0.42,"10.21MiB / 192MiB",5.32
2026-09-17T06:03:04.438Z,seaweedfs,0.95,"171.4MiB / 256MiB",66.96
2026-09-17T06:03:04.438Z,seaweedfs-metadata-etcd,1.40,"63.68MiB / 96MiB",66.33
2026-09-17T06:03:04.438Z,openbao,1.71,"35MiB / 512MiB",6.84
2026-09-17T06:03:04.438Z,chirpstack,0.32,"39.7MiB / 1.922GiB",2.02
2026-09-17T06:03:04.438Z,spilo,5.45,"301.3MiB / 1.922GiB",15.31
2026-09-17T06:03:04.438Z,etcd,0.96,"58MiB / 1.922GiB",2.95
2026-09-17T06:03:11.924Z,lorawan-gateway-evidence-fabric-adapter-1,0.00,"7.156MiB / 192MiB",3.73
2026-09-17T06:03:11.924Z,lorawan-gateway-evidence-ingest-1,0.00,"9.246MiB / 192MiB",4.82
2026-09-17T06:03:11.924Z,lorawan-gateway-evidence-collector-1,0.46,"10.21MiB / 192MiB",5.32
2026-09-17T06:03:11.924Z,seaweedfs,2.68,"171.4MiB / 256MiB",66.96
2026-09-17T06:03:11.924Z,seaweedfs-metadata-etcd,4.43,"63.68MiB / 96MiB",66.33
2026-09-17T06:03:11.924Z,openbao,1.18,"35MiB / 512MiB",6.84
2026-09-17T06:03:11.924Z,chirpstack,0.25,"39.7MiB / 1.922GiB",2.02
2026-09-17T06:03:11.924Z,spilo,3.51,"301.2MiB / 1.922GiB",15.30
2026-09-17T06:03:11.924Z,etcd,0.80,"58.14MiB / 1.922GiB",2.95
2026-09-17T06:03:19.163Z,lorawan-gateway-evidence-fabric-adapter-1,0.00,"7.156MiB / 192MiB",3.73
2026-09-17T06:03:19.163Z,lorawan-gateway-evidence-ingest-1,0.00,"8.516MiB / 192MiB",4.44
2026-09-17T06:03:19.163Z,lorawan-gateway-evidence-collector-1,0.35,"10.21MiB / 192MiB",5.32
2026-09-17T06:03:19.163Z,seaweedfs,3.81,"175.8MiB / 256MiB",68.66
2026-09-17T06:03:19.163Z,seaweedfs-metadata-etcd,5.37,"63.68MiB / 96MiB",66.33
2026-09-17T06:03:19.163Z,openbao,1.43,"35MiB / 512MiB",6.84
2026-09-17T06:03:19.163Z,chirpstack,0.40,"39.7MiB / 1.922GiB",2.02
2026-09-17T06:03:19.163Z,spilo,2.55,"301.2MiB / 1.922GiB",15.30
2026-09-17T06:03:19.163Z,etcd,1.30,"58.2MiB / 1.922GiB",2.96
2026-09-17T06:03:26.419Z,lorawan-gateway-evidence-fabric-adapter-1,0.11,"7.156MiB / 192MiB",3.73
2026-09-17T06:03:26.419Z,lorawan-gateway-evidence-ingest-1,0.00,"8.516MiB / 192MiB",4.44
2026-09-17T06:03:26.419Z,lorawan-gateway-evidence-collector-1,0.40,"10.21MiB / 192MiB",5.32
2026-09-17T06:03:26.419Z,seaweedfs,5.23,"175.8MiB / 256MiB",68.67
2026-09-17T06:03:26.419Z,seaweedfs-metadata-etcd,7.03,"63.69MiB / 96MiB",66.34
2026-09-17T06:03:26.419Z,openbao,1.37,"35MiB / 512MiB",6.84
2026-09-17T06:03:26.419Z,chirpstack,0.35,"39.7MiB / 1.922GiB",2.02
2026-09-17T06:03:26.419Z,spilo,4.74,"301.2MiB / 1.922GiB",15.30
2026-09-17T06:03:26.419Z,etcd,1.10,"58.2MiB / 1.922GiB",2.96
2026-09-17T06:03:33.726Z,lorawan-gateway-evidence-fabric-adapter-1,0.00,"7.156MiB / 192MiB",3.73
2026-09-17T06:03:33.726Z,lorawan-gateway-evidence-ingest-1,0.00,"8.516MiB / 192MiB",4.44
2026-09-17T06:03:33.726Z,lorawan-gateway-evidence-collector-1,0.39,"10.21MiB / 192MiB",5.32
2026-09-17T06:03:33.726Z,seaweedfs,1.72,"176.1MiB / 256MiB",68.79
2026-09-17T06:03:33.726Z,seaweedfs-metadata-etcd,2.91,"63.69MiB / 96MiB",66.35
2026-09-17T06:03:33.726Z,openbao,1.46,"35MiB / 512MiB",6.84
2026-09-17T06:03:33.726Z,chirpstack,0.25,"39.7MiB / 1.922GiB",2.02
2026-09-17T06:03:33.726Z,spilo,4.02,"301.2MiB / 1.922GiB",15.30
2026-09-17T06:03:33.726Z,etcd,0.78,"58.2MiB / 1.922GiB",2.96
2026-09-17T06:03:41.007Z,lorawan-gateway-evidence-fabric-adapter-1,0.11,"7.156MiB / 192MiB",3.73
2026-09-17T06:03:41.007Z,lorawan-gateway-evidence-ingest-1,0.00,"8.516MiB / 192MiB",4.44
2026-09-17T06:03:41.007Z,lorawan-gateway-evidence-collector-1,0.39,"10.21MiB / 192MiB",5.32
2026-09-17T06:03:41.007Z,seaweedfs,10.97,"178.3MiB / 256MiB",69.64
2026-09-17T06:03:41.007Z,seaweedfs-metadata-etcd,12.63,"63.69MiB / 96MiB",66.34
2026-09-17T06:03:41.007Z,openbao,1.74,"35MiB / 512MiB",6.84
2026-09-17T06:03:41.007Z,chirpstack,0.29,"39.7MiB / 1.922GiB",2.02
2026-09-17T06:03:41.007Z,spilo,3.10,"301.2MiB / 1.922GiB",15.30
2026-09-17T06:03:41.007Z,etcd,0.93,"58.2MiB / 1.922GiB",2.96
2026-09-17T06:03:48.337Z,lorawan-gateway-evidence-fabric-adapter-1,0.09,"7.156MiB / 192MiB",3.73
2026-09-17T06:03:48.337Z,lorawan-gateway-evidence-ingest-1,0.00,"8.516MiB / 192MiB",4.44
2026-09-17T06:03:48.337Z,lorawan-gateway-evidence-collector-1,0.36,"10.21MiB / 192MiB",5.32
2026-09-17T06:03:48.337Z,seaweedfs,4.93,"172MiB / 256MiB",67.19
2026-09-17T06:03:48.337Z,seaweedfs-metadata-etcd,7.48,"63.68MiB / 96MiB",66.34
2026-09-17T06:03:48.337Z,openbao,1.07,"35MiB / 512MiB",6.84
2026-09-17T06:03:48.337Z,chirpstack,0.35,"39.7MiB / 1.922GiB",2.02
2026-09-17T06:03:48.337Z,spilo,4.43,"301.2MiB / 1.922GiB",15.30
2026-09-17T06:03:48.337Z,etcd,0.76,"58.2MiB / 1.922GiB",2.96
2026-09-17T06:03:55.617Z,lorawan-gateway-evidence-fabric-adapter-1,0.00,"7.156MiB / 192MiB",3.73
2026-09-17T06:03:55.617Z,lorawan-gateway-evidence-ingest-1,0.00,"8.516MiB / 192MiB",4.44
2026-09-17T06:03:55.617Z,lorawan-gateway-evidence-collector-1,0.39,"10.21MiB / 192MiB",5.32
2026-09-17T06:03:55.617Z,seaweedfs,1.50,"172MiB / 256MiB",67.19
2026-09-17T06:03:55.617Z,seaweedfs-metadata-etcd,3.03,"63.69MiB / 96MiB",66.35
2026-09-17T06:03:55.617Z,openbao,1.49,"35MiB / 512MiB",6.84
2026-09-17T06:03:55.617Z,chirpstack,0.28,"39.7MiB / 1.922GiB",2.02
2026-09-17T06:03:55.617Z,spilo,4.31,"301.2MiB / 1.922GiB",15.31
2026-09-17T06:03:55.617Z,etcd,1.65,"58.2MiB / 1.922GiB",2.96
2026-09-17T06:04:02.909Z,lorawan-gateway-evidence-fabric-adapter-1,0.13,"7.156MiB / 192MiB",3.73
2026-09-17T06:04:02.909Z,lorawan-gateway-evidence-ingest-1,0.00,"8.516MiB / 192MiB",4.44
2026-09-17T06:04:02.909Z,lorawan-gateway-evidence-collector-1,0.40,"10.21MiB / 192MiB",5.32
2026-09-17T06:04:02.909Z,seaweedfs,5.70,"173.7MiB / 256MiB",67.86
2026-09-17T06:04:02.909Z,seaweedfs-metadata-etcd,7.65,"63.68MiB / 96MiB",66.34
2026-09-17T06:04:02.909Z,openbao,1.64,"35MiB / 512MiB",6.84
2026-09-17T06:04:02.909Z,chirpstack,0.32,"39.7MiB / 1.922GiB",2.02
2026-09-17T06:04:02.909Z,spilo,3.19,"301.2MiB / 1.922GiB",15.31
2026-09-17T06:04:02.909Z,etcd,1.47,"58.2MiB / 1.922GiB",2.96
2026-09-17T06:04:10.286Z,lorawan-gateway-evidence-fabric-adapter-1,0.08,"6.844MiB / 192MiB",3.56
2026-09-17T06:04:10.286Z,lorawan-gateway-evidence-ingest-1,0.00,"8.516MiB / 192MiB",4.44
2026-09-17T06:04:10.286Z,lorawan-gateway-evidence-collector-1,0.38,"10.21MiB / 192MiB",5.32
2026-09-17T06:04:10.286Z,seaweedfs,0.86,"173.7MiB / 256MiB",67.86
2026-09-17T06:04:10.286Z,seaweedfs-metadata-etcd,1.00,"63.68MiB / 96MiB",66.34
2026-09-17T06:04:10.286Z,openbao,1.14,"35MiB / 512MiB",6.84
2026-09-17T06:04:10.286Z,chirpstack,0.29,"39.7MiB / 1.922GiB",2.02
2026-09-17T06:04:10.286Z,spilo,2.60,"301.2MiB / 1.922GiB",15.31
2026-09-17T06:04:10.286Z,etcd,1.21,"58.2MiB / 1.922GiB",2.96
2026-09-17T06:04:17.531Z,lorawan-gateway-evidence-fabric-adapter-1,0.00,"6.844MiB / 192MiB",3.56
2026-09-17T06:04:17.531Z,lorawan-gateway-evidence-ingest-1,0.00,"8.516MiB / 192MiB",4.44
2026-09-17T06:04:17.531Z,lorawan-gateway-evidence-collector-1,0.33,"10.21MiB / 192MiB",5.32
2026-09-17T06:04:17.531Z,seaweedfs,3.80,"173.1MiB / 256MiB",67.62
2026-09-17T06:04:17.531Z,seaweedfs-metadata-etcd,5.54,"63.68MiB / 96MiB",66.34
2026-09-17T06:04:17.531Z,openbao,1.23,"35MiB / 512MiB",6.84
2026-09-17T06:04:17.531Z,chirpstack,0.34,"39.7MiB / 1.922GiB",2.02
2026-09-17T06:04:17.531Z,spilo,3.31,"301.2MiB / 1.922GiB",15.31
2026-09-17T06:04:17.531Z,etcd,1.06,"58.2MiB / 1.922GiB",2.96
2026-09-17T06:04:24.779Z,lorawan-gateway-evidence-fabric-adapter-1,0.08,"6.844MiB / 192MiB",3.56
2026-09-17T06:04:24.779Z,lorawan-gateway-evidence-ingest-1,0.00,"8.516MiB / 192MiB",4.44
2026-09-17T06:04:24.779Z,lorawan-gateway-evidence-collector-1,0.33,"10.21MiB / 192MiB",5.32
2026-09-17T06:04:24.779Z,seaweedfs,6.10,"174.9MiB / 256MiB",68.33
2026-09-17T06:04:24.779Z,seaweedfs-metadata-etcd,7.81,"63.68MiB / 96MiB",66.34
2026-09-17T06:04:24.779Z,openbao,1.17,"35MiB / 512MiB",6.84
2026-09-17T06:04:24.779Z,chirpstack,0.27,"39.7MiB / 1.922GiB",2.02
2026-09-17T06:04:24.779Z,spilo,4.02,"301.2MiB / 1.922GiB",15.31
2026-09-17T06:04:24.779Z,etcd,1.06,"58.2MiB / 1.922GiB",2.96
2026-09-17T06:04:32.060Z,lorawan-gateway-evidence-fabric-adapter-1,0.09,"6.844MiB / 192MiB",3.56
2026-09-17T06:04:32.060Z,lorawan-gateway-evidence-ingest-1,0.05,"8.52MiB / 192MiB",4.44
2026-09-17T06:04:32.060Z,lorawan-gateway-evidence-collector-1,0.38,"10.21MiB / 192MiB",5.32
2026-09-17T06:04:32.060Z,seaweedfs,6.88,"178.6MiB / 256MiB",69.78
2026-09-17T06:04:32.060Z,seaweedfs-metadata-etcd,9.64,"63.69MiB / 96MiB",66.35
2026-09-17T06:04:32.060Z,openbao,1.10,"35MiB / 512MiB",6.84
2026-09-17T06:04:32.060Z,chirpstack,0.27,"39.7MiB / 1.922GiB",2.02
2026-09-17T06:04:32.060Z,spilo,4.64,"301.2MiB / 1.922GiB",15.31
2026-09-17T06:04:32.060Z,etcd,0.89,"58.2MiB / 1.922GiB",2.96
2026-09-17T06:04:39.431Z,lorawan-gateway-evidence-fabric-adapter-1,0.00,"6.848MiB / 192MiB",3.57
2026-09-17T06:04:39.431Z,lorawan-gateway-evidence-ingest-1,0.00,"9.082MiB / 192MiB",4.73
2026-09-17T06:04:39.431Z,lorawan-gateway-evidence-collector-1,0.41,"10.21MiB / 192MiB",5.32
2026-09-17T06:04:39.431Z,seaweedfs,4.97,"170.3MiB / 256MiB",66.51
2026-09-17T06:04:39.431Z,seaweedfs-metadata-etcd,8.55,"63.69MiB / 96MiB",66.34
2026-09-17T06:04:39.431Z,openbao,1.54,"35MiB / 512MiB",6.84
2026-09-17T06:04:39.431Z,chirpstack,0.28,"39.7MiB / 1.922GiB",2.02
2026-09-17T06:04:39.431Z,spilo,3.22,"302.1MiB / 1.922GiB",15.35
2026-09-17T06:04:39.431Z,etcd,1.26,"58.2MiB / 1.922GiB",2.96
2026-09-17T06:04:46.733Z,lorawan-gateway-evidence-fabric-adapter-1,0.08,"6.852MiB / 192MiB",3.57
2026-09-17T06:04:46.733Z,lorawan-gateway-evidence-ingest-1,0.00,"9.109MiB / 192MiB",4.74
2026-09-17T06:04:46.733Z,lorawan-gateway-evidence-collector-1,0.34,"10.21MiB / 192MiB",5.32
2026-09-17T06:04:46.733Z,seaweedfs,6.04,"170.3MiB / 256MiB",66.51
2026-09-17T06:04:46.733Z,seaweedfs-metadata-etcd,9.73,"63.7MiB / 96MiB",66.35
2026-09-17T06:04:46.733Z,openbao,0.99,"35MiB / 512MiB",6.84
2026-09-17T06:04:46.733Z,chirpstack,0.31,"39.7MiB / 1.922GiB",2.02
2026-09-17T06:04:46.733Z,spilo,2.90,"302.3MiB / 1.922GiB",15.36
2026-09-17T06:04:46.733Z,etcd,1.19,"58.2MiB / 1.922GiB",2.96
2026-09-17T06:04:54.025Z,lorawan-gateway-evidence-fabric-adapter-1,0.00,"7.555MiB / 192MiB",3.93
2026-09-17T06:04:54.025Z,lorawan-gateway-evidence-ingest-1,0.00,"9.109MiB / 192MiB",4.74
2026-09-17T06:04:54.025Z,lorawan-gateway-evidence-collector-1,0.32,"10.21MiB / 192MiB",5.32
2026-09-17T06:04:54.025Z,seaweedfs,5.90,"170.2MiB / 256MiB",66.49
2026-09-17T06:04:54.025Z,seaweedfs-metadata-etcd,9.20,"63.69MiB / 96MiB",66.35
2026-09-17T06:04:54.025Z,openbao,1.52,"35MiB / 512MiB",6.84
2026-09-17T06:04:54.025Z,chirpstack,0.30,"39.7MiB / 1.922GiB",2.02
2026-09-17T06:04:54.025Z,spilo,6.02,"302.4MiB / 1.922GiB",15.36
2026-09-17T06:04:54.025Z,etcd,0.98,"58.2MiB / 1.922GiB",2.96
2026-09-17T06:05:01.346Z,lorawan-gateway-evidence-fabric-adapter-1,2.67,"7.863MiB / 192MiB",4.10
2026-09-17T06:05:01.346Z,lorawan-gateway-evidence-ingest-1,0.00,"9.109MiB / 192MiB",4.74
2026-09-17T06:05:01.346Z,lorawan-gateway-evidence-collector-1,0.49,"10.21MiB / 192MiB",5.32
2026-09-17T06:05:01.346Z,seaweedfs,5.46,"170.2MiB / 256MiB",66.49
2026-09-17T06:05:01.346Z,seaweedfs-metadata-etcd,9.40,"63.7MiB / 96MiB",66.35
2026-09-17T06:05:01.346Z,openbao,2.86,"35MiB / 512MiB",6.84
2026-09-17T06:05:01.346Z,chirpstack,0.48,"39.7MiB / 1.922GiB",2.02
2026-09-17T06:05:01.346Z,spilo,9.17,"302.5MiB / 1.922GiB",15.37
2026-09-17T06:05:01.346Z,etcd,2.01,"58.2MiB / 1.922GiB",2.96
2026-09-17T06:05:08.991Z,lorawan-gateway-evidence-fabric-adapter-1,0.01,"7.867MiB / 192MiB",4.10
2026-09-17T06:05:08.991Z,lorawan-gateway-evidence-ingest-1,0.00,"9.109MiB / 192MiB",4.74
2026-09-17T06:05:08.991Z,lorawan-gateway-evidence-collector-1,0.42,"10.21MiB / 192MiB",5.32
2026-09-17T06:05:08.991Z,seaweedfs,7.23,"170.1MiB / 256MiB",66.46
2026-09-17T06:05:08.991Z,seaweedfs-metadata-etcd,10.22,"63.7MiB / 96MiB",66.35
2026-09-17T06:05:08.991Z,openbao,1.38,"35MiB / 512MiB",6.84
2026-09-17T06:05:08.991Z,chirpstack,0.34,"39.7MiB / 1.922GiB",2.02
2026-09-17T06:05:08.991Z,spilo,2.64,"302.5MiB / 1.922GiB",15.37
2026-09-17T06:05:08.991Z,etcd,1.03,"58.2MiB / 1.922GiB",2.96
2026-09-17T06:05:16.353Z,lorawan-gateway-evidence-fabric-adapter-1,1.01,"7.895MiB / 192MiB",4.11
2026-09-17T06:05:16.353Z,lorawan-gateway-evidence-ingest-1,0.00,"9.109MiB / 192MiB",4.74
2026-09-17T06:05:16.353Z,lorawan-gateway-evidence-collector-1,0.41,"10.21MiB / 192MiB",5.32
2026-09-17T06:05:16.353Z,seaweedfs,7.99,"172MiB / 256MiB",67.20
2026-09-17T06:05:16.353Z,seaweedfs-metadata-etcd,12.45,"63.7MiB / 96MiB",66.35
2026-09-17T06:05:16.353Z,openbao,1.16,"35MiB / 512MiB",6.84
2026-09-17T06:05:16.353Z,chirpstack,0.33,"39.7MiB / 1.922GiB",2.02
2026-09-17T06:05:16.353Z,spilo,3.78,"302.6MiB / 1.922GiB",15.37
2026-09-17T06:05:16.353Z,etcd,0.90,"58.21MiB / 1.922GiB",2.96
2026-09-17T06:05:23.681Z,lorawan-gateway-evidence-fabric-adapter-1,0.90,"7.898MiB / 192MiB",4.11
2026-09-17T06:05:23.681Z,lorawan-gateway-evidence-ingest-1,0.00,"9.109MiB / 192MiB",4.74
2026-09-17T06:05:23.681Z,lorawan-gateway-evidence-collector-1,0.39,"10.21MiB / 192MiB",5.32
2026-09-17T06:05:23.681Z,seaweedfs,0.92,"174.3MiB / 256MiB",68.08
2026-09-17T06:05:23.681Z,seaweedfs-metadata-etcd,1.12,"63.69MiB / 96MiB",66.34
2026-09-17T06:05:23.681Z,openbao,1.47,"35MiB / 512MiB",6.84
2026-09-17T06:05:23.681Z,chirpstack,0.28,"39.7MiB / 1.922GiB",2.02
2026-09-17T06:05:23.681Z,spilo,4.90,"302.6MiB / 1.922GiB",15.37
2026-09-17T06:05:23.681Z,etcd,0.94,"58.21MiB / 1.922GiB",2.96
2026-09-17T06:05:30.975Z,lorawan-gateway-evidence-fabric-adapter-1,0.12,"7.91MiB / 192MiB",4.12
2026-09-17T06:05:30.975Z,lorawan-gateway-evidence-ingest-1,0.00,"9.109MiB / 192MiB",4.74
2026-09-17T06:05:30.975Z,lorawan-gateway-evidence-collector-1,0.34,"10.21MiB / 192MiB",5.32
2026-09-17T06:05:30.975Z,seaweedfs,5.06,"175.5MiB / 256MiB",68.57
2026-09-17T06:05:30.975Z,seaweedfs-metadata-etcd,6.80,"63.85MiB / 96MiB",66.51
2026-09-17T06:05:30.975Z,openbao,1.37,"35MiB / 512MiB",6.84
2026-09-17T06:05:30.975Z,chirpstack,0.30,"39.7MiB / 1.922GiB",2.02
2026-09-17T06:05:30.975Z,spilo,4.08,"302.6MiB / 1.922GiB",15.37
2026-09-17T06:05:30.975Z,etcd,1.47,"58.21MiB / 1.922GiB",2.96
2026-09-17T06:05:38.197Z,lorawan-gateway-evidence-fabric-adapter-1,0.11,"7.91MiB / 192MiB",4.12
2026-09-17T06:05:38.197Z,lorawan-gateway-evidence-ingest-1,0.00,"9.105MiB / 192MiB",4.74
2026-09-17T06:05:38.197Z,lorawan-gateway-evidence-collector-1,0.43,"10.21MiB / 192MiB",5.32
2026-09-17T06:05:38.197Z,seaweedfs,0.77,"175.9MiB / 256MiB",68.72
2026-09-17T06:05:38.197Z,seaweedfs-metadata-etcd,1.11,"63.84MiB / 96MiB",66.50
2026-09-17T06:05:38.197Z,openbao,1.73,"35MiB / 512MiB",6.84
2026-09-17T06:05:38.197Z,chirpstack,0.36,"39.7MiB / 1.922GiB",2.02
2026-09-17T06:05:38.197Z,spilo,4.28,"302.6MiB / 1.922GiB",15.37
2026-09-17T06:05:38.197Z,etcd,1.07,"58.2MiB / 1.922GiB",2.96
2026-09-17T06:05:45.454Z,lorawan-gateway-evidence-fabric-adapter-1,0.00,"7.91MiB / 192MiB",4.12
2026-09-17T06:05:45.454Z,lorawan-gateway-evidence-ingest-1,0.00,"9.105MiB / 192MiB",4.74
2026-09-17T06:05:45.454Z,lorawan-gateway-evidence-collector-1,0.29,"10.21MiB / 192MiB",5.32
2026-09-17T06:05:45.454Z,seaweedfs,2.81,"177.2MiB / 256MiB",69.22
2026-09-17T06:05:45.454Z,seaweedfs-metadata-etcd,4.41,"63.84MiB / 96MiB",66.50
2026-09-17T06:05:45.454Z,openbao,1.50,"35MiB / 512MiB",6.84
2026-09-17T06:05:45.454Z,chirpstack,0.35,"39.7MiB / 1.922GiB",2.02
2026-09-17T06:05:45.454Z,spilo,3.81,"302.6MiB / 1.922GiB",15.37
2026-09-17T06:05:45.454Z,etcd,1.23,"58.21MiB / 1.922GiB",2.96
2026-09-17T06:05:52.726Z,lorawan-gateway-evidence-fabric-adapter-1,0.11,"7.91MiB / 192MiB",4.12
2026-09-17T06:05:52.726Z,lorawan-gateway-evidence-ingest-1,0.00,"9.105MiB / 192MiB",4.74
2026-09-17T06:05:52.726Z,lorawan-gateway-evidence-collector-1,0.35,"10.21MiB / 192MiB",5.32
2026-09-17T06:05:52.726Z,seaweedfs,8.79,"177.1MiB / 256MiB",69.17
2026-09-17T06:05:52.726Z,seaweedfs-metadata-etcd,10.97,"63.86MiB / 96MiB",66.52
2026-09-17T06:05:52.726Z,openbao,1.39,"35MiB / 512MiB",6.84
2026-09-17T06:05:52.726Z,chirpstack,0.27,"39.7MiB / 1.922GiB",2.02
2026-09-17T06:05:52.726Z,spilo,2.51,"302.6MiB / 1.922GiB",15.37
2026-09-17T06:05:52.726Z,etcd,1.16,"58.21MiB / 1.922GiB",2.96
2026-09-17T06:05:59.951Z,lorawan-gateway-evidence-fabric-adapter-1,0.13,"7.91MiB / 192MiB",4.12
2026-09-17T06:05:59.951Z,lorawan-gateway-evidence-ingest-1,0.00,"9.105MiB / 192MiB",4.74
2026-09-17T06:05:59.951Z,lorawan-gateway-evidence-collector-1,0.96,"10.21MiB / 192MiB",5.32
2026-09-17T06:05:59.951Z,seaweedfs,5.89,"171.3MiB / 256MiB",66.90
2026-09-17T06:05:59.951Z,seaweedfs-metadata-etcd,7.95,"63.85MiB / 96MiB",66.51
2026-09-17T06:05:59.951Z,openbao,2.72,"35MiB / 512MiB",6.84
2026-09-17T06:05:59.951Z,chirpstack,0.37,"39.7MiB / 1.922GiB",2.02
2026-09-17T06:05:59.951Z,spilo,12.51,"302.6MiB / 1.922GiB",15.38
2026-09-17T06:05:59.951Z,etcd,1.36,"58.21MiB / 1.922GiB",2.96
2026-09-17T06:06:07.424Z,lorawan-gateway-evidence-fabric-adapter-1,0.00,"7.91MiB / 192MiB",4.12
2026-09-17T06:06:07.424Z,lorawan-gateway-evidence-ingest-1,0.00,"9.105MiB / 192MiB",4.74
2026-09-17T06:06:07.424Z,lorawan-gateway-evidence-collector-1,0.38,"10.21MiB / 192MiB",5.32
2026-09-17T06:06:07.424Z,seaweedfs,0.98,"171.3MiB / 256MiB",66.90
2026-09-17T06:06:07.424Z,seaweedfs-metadata-etcd,1.24,"63.84MiB / 96MiB",66.50
2026-09-17T06:06:07.424Z,openbao,1.82,"35MiB / 512MiB",6.84
2026-09-17T06:06:07.424Z,chirpstack,0.42,"39.7MiB / 1.922GiB",2.02
2026-09-17T06:06:07.424Z,spilo,2.22,"302.6MiB / 1.922GiB",15.38
2026-09-17T06:06:07.424Z,etcd,1.48,"58.21MiB / 1.922GiB",2.96
2026-09-17T06:06:14.647Z,lorawan-gateway-evidence-fabric-adapter-1,0.07,"7.91MiB / 192MiB",4.12
2026-09-17T06:06:14.647Z,lorawan-gateway-evidence-ingest-1,0.00,"9.105MiB / 192MiB",4.74
2026-09-17T06:06:14.647Z,lorawan-gateway-evidence-collector-1,0.37,"10.21MiB / 192MiB",5.32
2026-09-17T06:06:14.647Z,seaweedfs,3.76,"177.1MiB / 256MiB",69.20
2026-09-17T06:06:14.647Z,seaweedfs-metadata-etcd,5.41,"63.85MiB / 96MiB",66.51
2026-09-17T06:06:14.647Z,openbao,1.30,"35MiB / 512MiB",6.84
2026-09-17T06:06:14.647Z,chirpstack,0.36,"39.7MiB / 1.922GiB",2.02
2026-09-17T06:06:14.647Z,spilo,3.81,"302.6MiB / 1.922GiB",15.38
2026-09-17T06:06:14.647Z,etcd,1.44,"58.21MiB / 1.922GiB",2.96
2026-09-17T06:06:21.947Z,lorawan-gateway-evidence-fabric-adapter-1,0.00,"7.91MiB / 192MiB",4.12
2026-09-17T06:06:21.947Z,lorawan-gateway-evidence-ingest-1,0.00,"9.105MiB / 192MiB",4.74
2026-09-17T06:06:21.947Z,lorawan-gateway-evidence-collector-1,0.40,"10.21MiB / 192MiB",5.32
2026-09-17T06:06:21.947Z,seaweedfs,1.53,"177.1MiB / 256MiB",69.19
2026-09-17T06:06:21.947Z,seaweedfs-metadata-etcd,1.08,"63.84MiB / 96MiB",66.50
2026-09-17T06:06:21.947Z,openbao,1.70,"35MiB / 512MiB",6.84
2026-09-17T06:06:21.947Z,chirpstack,0.29,"39.7MiB / 1.922GiB",2.02
2026-09-17T06:06:21.947Z,spilo,4.23,"302.6MiB / 1.922GiB",15.38
2026-09-17T06:06:21.947Z,etcd,0.85,"58.21MiB / 1.922GiB",2.96
2026-09-17T06:06:29.163Z,lorawan-gateway-evidence-fabric-adapter-1,0.00,"7.906MiB / 192MiB",4.12
2026-09-17T06:06:29.163Z,lorawan-gateway-evidence-ingest-1,0.00,"9.105MiB / 192MiB",4.74
2026-09-17T06:06:29.163Z,lorawan-gateway-evidence-collector-1,0.73,"10.21MiB / 192MiB",5.32
2026-09-17T06:06:29.163Z,seaweedfs,5.68,"179.1MiB / 256MiB",69.95
2026-09-17T06:06:29.163Z,seaweedfs-metadata-etcd,1.77,"63.84MiB / 96MiB",66.50
2026-09-17T06:06:29.163Z,openbao,2.83,"35MiB / 512MiB",6.84
2026-09-17T06:06:29.163Z,chirpstack,0.54,"39.7MiB / 1.922GiB",2.02
2026-09-17T06:06:29.163Z,spilo,4.30,"302.6MiB / 1.922GiB",15.38
2026-09-17T06:06:29.163Z,etcd,1.18,"58.21MiB / 1.922GiB",2.96
2026-09-17T06:06:36.410Z,lorawan-gateway-evidence-fabric-adapter-1,0.08,"7.906MiB / 192MiB",4.12
2026-09-17T06:06:36.410Z,lorawan-gateway-evidence-ingest-1,0.00,"9.105MiB / 192MiB",4.74
2026-09-17T06:06:36.410Z,lorawan-gateway-evidence-collector-1,0.37,"10.21MiB / 192MiB",5.32
2026-09-17T06:06:36.410Z,seaweedfs,1.09,"173.6MiB / 256MiB",67.81
2026-09-17T06:06:36.410Z,seaweedfs-metadata-etcd,1.16,"63.84MiB / 96MiB",66.50
2026-09-17T06:06:36.410Z,openbao,1.32,"35MiB / 512MiB",6.84
2026-09-17T06:06:36.410Z,chirpstack,0.32,"39.7MiB / 1.922GiB",2.02
2026-09-17T06:06:36.410Z,spilo,3.60,"302.6MiB / 1.922GiB",15.38
2026-09-17T06:06:36.410Z,etcd,1.16,"58.21MiB / 1.922GiB",2.96
2026-09-17T06:06:43.709Z,lorawan-gateway-evidence-fabric-adapter-1,0.00,"7.906MiB / 192MiB",4.12
2026-09-17T06:06:43.709Z,lorawan-gateway-evidence-ingest-1,0.00,"9.105MiB / 192MiB",4.74
2026-09-17T06:06:43.709Z,lorawan-gateway-evidence-collector-1,0.68,"10.21MiB / 192MiB",5.32
2026-09-17T06:06:43.709Z,seaweedfs,2.22,"173.6MiB / 256MiB",67.81
2026-09-17T06:06:43.709Z,seaweedfs-metadata-etcd,2.83,"63.86MiB / 96MiB",66.52
2026-09-17T06:06:43.709Z,openbao,1.46,"35MiB / 512MiB",6.84
2026-09-17T06:06:43.709Z,chirpstack,0.45,"39.7MiB / 1.922GiB",2.02
2026-09-17T06:06:43.709Z,spilo,7.37,"302.6MiB / 1.922GiB",15.38
2026-09-17T06:06:43.709Z,etcd,0.97,"58.21MiB / 1.922GiB",2.96
2026-09-17T06:06:51.051Z,lorawan-gateway-evidence-fabric-adapter-1,0.14,"7.906MiB / 192MiB",4.12
2026-09-17T06:06:51.051Z,lorawan-gateway-evidence-ingest-1,0.00,"9.105MiB / 192MiB",4.74
2026-09-17T06:06:51.051Z,lorawan-gateway-evidence-collector-1,0.36,"10.21MiB / 192MiB",5.32
2026-09-17T06:06:51.051Z,seaweedfs,4.19,"173.9MiB / 256MiB",67.91
2026-09-17T06:06:51.051Z,seaweedfs-metadata-etcd,5.73,"63.85MiB / 96MiB",66.51
2026-09-17T06:06:51.051Z,openbao,1.06,"35MiB / 512MiB",6.84
2026-09-17T06:06:51.051Z,chirpstack,0.29,"39.7MiB / 1.922GiB",2.02
2026-09-17T06:06:51.051Z,spilo,2.38,"297.8MiB / 1.922GiB",15.13
2026-09-17T06:06:51.051Z,etcd,1.28,"58.21MiB / 1.922GiB",2.96
2026-09-17T06:06:58.343Z,lorawan-gateway-evidence-fabric-adapter-1,0.31,"7.906MiB / 192MiB",4.12
2026-09-17T06:06:58.343Z,lorawan-gateway-evidence-ingest-1,0.00,"9.105MiB / 192MiB",4.74
2026-09-17T06:06:58.343Z,lorawan-gateway-evidence-collector-1,0.93,"10.21MiB / 192MiB",5.32
2026-09-17T06:06:58.343Z,seaweedfs,8.78,"175.4MiB / 256MiB",68.53
2026-09-17T06:06:58.343Z,seaweedfs-metadata-etcd,2.77,"63.85MiB / 96MiB",66.51
2026-09-17T06:06:58.343Z,openbao,2.10,"35MiB / 512MiB",6.84
2026-09-17T06:06:58.343Z,chirpstack,4.61,"39.7MiB / 1.922GiB",2.02
2026-09-17T06:06:58.343Z,spilo,8.50,"297.8MiB / 1.922GiB",15.13
2026-09-17T06:06:58.343Z,etcd,0.96,"58.24MiB / 1.922GiB",2.96
2026-09-17T06:07:05.707Z,lorawan-gateway-evidence-fabric-adapter-1,0.00,"7.906MiB / 192MiB",4.12
2026-09-17T06:07:05.707Z,lorawan-gateway-evidence-ingest-1,0.00,"9.105MiB / 192MiB",4.74
2026-09-17T06:07:05.707Z,lorawan-gateway-evidence-collector-1,0.39,"10.21MiB / 192MiB",5.32
2026-09-17T06:07:05.707Z,seaweedfs,3.20,"175.6MiB / 256MiB",68.61
2026-09-17T06:07:05.707Z,seaweedfs-metadata-etcd,5.46,"63.86MiB / 96MiB",66.52
2026-09-17T06:07:05.707Z,openbao,1.66,"35MiB / 512MiB",6.84
2026-09-17T06:07:05.707Z,chirpstack,0.32,"39.7MiB / 1.922GiB",2.02
2026-09-17T06:07:05.707Z,spilo,4.48,"297.8MiB / 1.922GiB",15.13
2026-09-17T06:07:05.707Z,etcd,1.59,"58.24MiB / 1.922GiB",2.96
2026-09-17T06:07:13.029Z,lorawan-gateway-evidence-fabric-adapter-1,0.09,"7.906MiB / 192MiB",4.12
2026-09-17T06:07:13.029Z,lorawan-gateway-evidence-ingest-1,0.06,"8.527MiB / 192MiB",4.44
2026-09-17T06:07:13.029Z,lorawan-gateway-evidence-collector-1,0.76,"10.21MiB / 192MiB",5.32
2026-09-17T06:07:13.029Z,seaweedfs,6.73,"170MiB / 256MiB",66.42
2026-09-17T06:07:13.029Z,seaweedfs-metadata-etcd,2.18,"63.85MiB / 96MiB",66.51
2026-09-17T06:07:13.029Z,openbao,1.05,"35MiB / 512MiB",6.84
2026-09-17T06:07:13.029Z,chirpstack,0.59,"39.75MiB / 1.922GiB",2.02
2026-09-17T06:07:13.029Z,spilo,3.02,"297.8MiB / 1.922GiB",15.13
2026-09-17T06:07:13.029Z,etcd,1.14,"58.24MiB / 1.922GiB",2.96
2026-09-17T06:07:20.307Z,lorawan-gateway-evidence-fabric-adapter-1,0.10,"7.906MiB / 192MiB",4.12
2026-09-17T06:07:20.307Z,lorawan-gateway-evidence-ingest-1,0.00,"8.527MiB / 192MiB",4.44
2026-09-17T06:07:20.307Z,lorawan-gateway-evidence-collector-1,0.35,"10.21MiB / 192MiB",5.32
2026-09-17T06:07:20.307Z,seaweedfs,4.42,"170MiB / 256MiB",66.42
2026-09-17T06:07:20.307Z,seaweedfs-metadata-etcd,6.13,"63.85MiB / 96MiB",66.51
2026-09-17T06:07:20.307Z,openbao,1.41,"35MiB / 512MiB",6.84
2026-09-17T06:07:20.307Z,chirpstack,0.33,"39.7MiB / 1.922GiB",2.02
2026-09-17T06:07:20.307Z,spilo,4.82,"297.8MiB / 1.922GiB",15.13
2026-09-17T06:07:20.307Z,etcd,0.86,"58.24MiB / 1.922GiB",2.96
