timestamp_utc,container,cpu_percent,memory_usage,memory_percent
2026-09-17T05:43:41.231Z,lorawan-gateway-evidence-ingest-1,0.00,"3.883MiB / 192MiB",2.02
2026-09-17T05:43:41.231Z,lorawan-gateway-evidence-fabric-adapter-1,0.00,"3.957MiB / 192MiB",2.06
2026-09-17T05:43:41.231Z,lorawan-gateway-evidence-verifier-1,11.02,"12.3MiB / 192MiB",6.40
2026-09-17T05:43:41.231Z,seaweedfs,11.75,"145.5MiB / 256MiB",56.83
2026-09-17T05:43:41.231Z,seaweedfs-metadata-etcd,12.53,"64.96MiB / 96MiB",67.66
2026-09-17T05:43:41.231Z,openbao,2.60,"41.83MiB / 512MiB",8.17
2026-09-17T05:43:41.231Z,chirpstack,0.48,"37.5MiB / 1.922GiB",1.91
2026-09-17T05:43:41.231Z,spilo,2.19,"203.9MiB / 1.922GiB",10.36
2026-09-17T05:43:41.231Z,etcd,0.79,"60.44MiB / 1.922GiB",3.07
2026-09-17T05:43:48.919Z,lorawan-gateway-evidence-ingest-1,0.00,"3.883MiB / 192MiB",2.02
2026-09-17T05:43:48.919Z,lorawan-gateway-evidence-fabric-adapter-1,0.00,"3.957MiB / 192MiB",2.06
2026-09-17T05:43:48.919Z,lorawan-gateway-evidence-verifier-1,18.37,"12.38MiB / 192MiB",6.45
2026-09-17T05:43:48.919Z,seaweedfs,16.06,"147.1MiB / 256MiB",57.46
2026-09-17T05:43:48.919Z,seaweedfs-metadata-etcd,13.57,"64.96MiB / 96MiB",67.67
2026-09-17T05:43:48.919Z,openbao,4.69,"41.83MiB / 512MiB",8.17
2026-09-17T05:43:48.919Z,chirpstack,0.35,"37.5MiB / 1.922GiB",1.91
2026-09-17T05:43:48.919Z,spilo,2.19,"203.9MiB / 1.922GiB",10.36
2026-09-17T05:43:48.919Z,etcd,0.92,"60.44MiB / 1.922GiB",3.07
2026-09-17T05:43:56.480Z,lorawan-gateway-evidence-ingest-1,0.00,"3.883MiB / 192MiB",2.02
2026-09-17T05:43:56.480Z,lorawan-gateway-evidence-fabric-adapter-1,0.00,"3.957MiB / 192MiB",2.06
2026-09-17T05:43:56.480Z,lorawan-gateway-evidence-verifier-1,16.82,"12.51MiB / 192MiB",6.52
2026-09-17T05:43:56.480Z,seaweedfs,25.58,"145.6MiB / 256MiB",56.86
2026-09-17T05:43:56.480Z,seaweedfs-metadata-etcd,12.00,"64.96MiB / 96MiB",67.66
2026-09-17T05:43:56.480Z,openbao,2.36,"41.83MiB / 512MiB",8.17
2026-09-17T05:43:56.480Z,chirpstack,0.41,"37.5MiB / 1.922GiB",1.91
2026-09-17T05:43:56.480Z,spilo,1.53,"203.9MiB / 1.922GiB",10.36
2026-09-17T05:43:56.480Z,etcd,0.79,"60.44MiB / 1.922GiB",3.07
2026-09-17T05:44:03.968Z,lorawan-gateway-evidence-ingest-1,0.00,"3.883MiB / 192MiB",2.02
2026-09-17T05:44:03.968Z,lorawan-gateway-evidence-fabric-adapter-1,0.00,"3.957MiB / 192MiB",2.06
2026-09-17T05:44:03.968Z,lorawan-gateway-evidence-verifier-1,15.32,"12.71MiB / 192MiB",6.62
2026-09-17T05:44:03.968Z,seaweedfs,21.90,"145.5MiB / 256MiB",56.84
2026-09-17T05:44:03.968Z,seaweedfs-metadata-etcd,20.97,"64.96MiB / 96MiB",67.67
2026-09-17T05:44:03.968Z,openbao,4.15,"41.89MiB / 512MiB",8.18
2026-09-17T05:44:03.968Z,chirpstack,0.41,"37.5MiB / 1.922GiB",1.91
2026-09-17T05:44:03.968Z,spilo,5.12,"204MiB / 1.922GiB",10.36
2026-09-17T05:44:03.968Z,etcd,1.41,"60.44MiB / 1.922GiB",3.07
2026-09-17T05:44:11.741Z,lorawan-gateway-evidence-ingest-1,0.00,"3.883MiB / 192MiB",2.02
2026-09-17T05:44:11.741Z,lorawan-gateway-evidence-fabric-adapter-1,0.00,"3.957MiB / 192MiB",2.06
2026-09-17T05:44:11.741Z,lorawan-gateway-evidence-verifier-1,0.13,"12.88MiB / 192MiB",6.71
2026-09-17T05:44:11.741Z,seaweedfs,0.65,"147.8MiB / 256MiB",57.72
2026-09-17T05:44:11.741Z,seaweedfs-metadata-etcd,1.74,"65.02MiB / 96MiB",67.73
2026-09-17T05:44:11.741Z,openbao,2.40,"40.88MiB / 512MiB",7.98
2026-09-17T05:44:11.741Z,chirpstack,0.41,"37.52MiB / 1.922GiB",1.91
2026-09-17T05:44:11.741Z,spilo,1.71,"213.6MiB / 1.922GiB",10.85
2026-09-17T05:44:11.741Z,etcd,0.98,"60.5MiB / 1.922GiB",3.07
2026-09-17T05:44:19.011Z,lorawan-gateway-evidence-ingest-1,0.00,"3.883MiB / 192MiB",2.02
2026-09-17T05:44:19.011Z,lorawan-gateway-evidence-fabric-adapter-1,0.00,"3.957MiB / 192MiB",2.06
2026-09-17T05:44:19.011Z,lorawan-gateway-evidence-verifier-1,0.09,"13.22MiB / 192MiB",6.88
2026-09-17T05:44:19.011Z,seaweedfs,0.65,"146.2MiB / 256MiB",57.12
2026-09-17T05:44:19.011Z,seaweedfs-metadata-etcd,2.12,"65.03MiB / 96MiB",67.74
2026-09-17T05:44:19.011Z,openbao,3.55,"40.88MiB / 512MiB",7.98
2026-09-17T05:44:19.011Z,chirpstack,0.52,"37.52MiB / 1.922GiB",1.91
2026-09-17T05:44:19.011Z,spilo,3.18,"213.6MiB / 1.922GiB",10.85
2026-09-17T05:44:19.011Z,etcd,1.35,"60.51MiB / 1.922GiB",3.07
2026-09-17T05:44:25.257Z,lorawan-gateway-evidence-ingest-1,0.00,"3.883MiB / 192MiB",2.02
2026-09-17T05:44:25.257Z,lorawan-gateway-evidence-fabric-adapter-1,0.00,"3.957MiB / 192MiB",2.06
2026-09-17T05:44:25.257Z,lorawan-gateway-evidence-verifier-1,0.00,"13.22MiB / 192MiB",6.88
2026-09-17T05:44:25.257Z,seaweedfs,0.70,"146.2MiB / 256MiB",57.12
2026-09-17T05:44:25.257Z,seaweedfs-metadata-etcd,1.04,"65.03MiB / 96MiB",67.74
2026-09-17T05:44:25.257Z,openbao,2.18,"40.88MiB / 512MiB",7.98
2026-09-17T05:44:25.257Z,chirpstack,0.30,"37.52MiB / 1.922GiB",1.91
2026-09-17T05:44:25.257Z,spilo,1.70,"213.6MiB / 1.922GiB",10.85
2026-09-17T05:44:25.257Z,etcd,2.32,"60.5MiB / 1.922GiB",3.07
2026-09-17T05:44:32.461Z,lorawan-gateway-evidence-ingest-1,0.00,"3.883MiB / 192MiB",2.02
2026-09-17T05:44:32.461Z,lorawan-gateway-evidence-fabric-adapter-1,0.00,"3.957MiB / 192MiB",2.06
2026-09-17T05:44:32.461Z,lorawan-gateway-evidence-verifier-1,0.10,"13.22MiB / 192MiB",6.88
2026-09-17T05:44:32.461Z,seaweedfs,0.54,"148.2MiB / 256MiB",57.90
2026-09-17T05:44:32.461Z,seaweedfs-metadata-etcd,1.97,"65.03MiB / 96MiB",67.74
2026-09-17T05:44:32.461Z,openbao,2.38,"40.88MiB / 512MiB",7.98
2026-09-17T05:44:32.461Z,chirpstack,0.25,"37.52MiB / 1.922GiB",1.91
2026-09-17T05:44:32.461Z,spilo,0.67,"213.6MiB / 1.922GiB",10.85
2026-09-17T05:44:32.461Z,etcd,1.05,"60.5MiB / 1.922GiB",3.07
2026-09-17T05:44:38.950Z,lorawan-gateway-evidence-ingest-1,0.00,"3.883MiB / 192MiB",2.02
2026-09-17T05:44:38.950Z,lorawan-gateway-evidence-fabric-adapter-1,0.00,"3.957MiB / 192MiB",2.06
2026-09-17T05:44:38.950Z,lorawan-gateway-evidence-verifier-1,0.00,"13.22MiB / 192MiB",6.88
2026-09-17T05:44:38.950Z,seaweedfs,0.71,"148.2MiB / 256MiB",57.89
2026-09-17T05:44:38.950Z,seaweedfs-metadata-etcd,1.46,"65.03MiB / 96MiB",67.74
2026-09-17T05:44:38.950Z,openbao,2.99,"40.88MiB / 512MiB",7.98
2026-09-17T05:44:38.950Z,chirpstack,0.37,"37.52MiB / 1.922GiB",1.91
2026-09-17T05:44:38.950Z,spilo,1.16,"213.6MiB / 1.922GiB",10.85
2026-09-17T05:44:38.950Z,etcd,0.98,"60.51MiB / 1.922GiB",3.07
2026-09-17T05:44:46.196Z,lorawan-gateway-evidence-ingest-1,0.00,"3.883MiB / 192MiB",2.02
2026-09-17T05:44:46.196Z,lorawan-gateway-evidence-fabric-adapter-1,0.01,"3.957MiB / 192MiB",2.06
2026-09-17T05:44:46.196Z,lorawan-gateway-evidence-verifier-1,13.59,"13.22MiB / 192MiB",6.88
2026-09-17T05:44:46.196Z,seaweedfs,19.57,"154.1MiB / 256MiB",60.20
2026-09-17T05:44:46.196Z,seaweedfs-metadata-etcd,9.70,"65.04MiB / 96MiB",67.75
2026-09-17T05:44:46.196Z,openbao,2.54,"40.88MiB / 512MiB",7.98
2026-09-17T05:44:46.196Z,chirpstack,0.49,"37.52MiB / 1.922GiB",1.91
2026-09-17T05:44:46.196Z,spilo,2.75,"213.7MiB / 1.922GiB",10.86
2026-09-17T05:44:46.196Z,etcd,1.10,"60.51MiB / 1.922GiB",3.07
2026-09-17T05:44:53.709Z,lorawan-gateway-evidence-ingest-1,0.00,"3.883MiB / 192MiB",2.02
2026-09-17T05:44:53.709Z,lorawan-gateway-evidence-fabric-adapter-1,0.00,"3.957MiB / 192MiB",2.06
2026-09-17T05:44:53.709Z,lorawan-gateway-evidence-verifier-1,0.14,"13.03MiB / 192MiB",6.79
2026-09-17T05:44:53.709Z,seaweedfs,0.67,"154.6MiB / 256MiB",60.40
2026-09-17T05:44:53.709Z,seaweedfs-metadata-etcd,1.34,"65.03MiB / 96MiB",67.74
2026-09-17T05:44:53.709Z,openbao,3.58,"40.88MiB / 512MiB",7.98
2026-09-17T05:44:53.709Z,chirpstack,0.32,"37.52MiB / 1.922GiB",1.91
2026-09-17T05:44:53.709Z,spilo,0.85,"213.7MiB / 1.922GiB",10.86
2026-09-17T05:44:53.709Z,etcd,0.94,"60.5MiB / 1.922GiB",3.07
2026-09-17T05:45:00.933Z,lorawan-gateway-evidence-ingest-1,0.00,"3.883MiB / 192MiB",2.02
2026-09-17T05:45:00.933Z,lorawan-gateway-evidence-fabric-adapter-1,0.00,"3.957MiB / 192MiB",2.06
2026-09-17T05:45:00.933Z,lorawan-gateway-evidence-verifier-1,11.13,"13.33MiB / 192MiB",6.94
2026-09-17T05:45:00.933Z,seaweedfs,23.89,"147.1MiB / 256MiB",57.44
2026-09-17T05:45:00.933Z,seaweedfs-metadata-etcd,14.30,"65.03MiB / 96MiB",67.74
2026-09-17T05:45:00.933Z,openbao,5.35,"40.88MiB / 512MiB",7.98
2026-09-17T05:45:00.933Z,chirpstack,0.43,"37.52MiB / 1.922GiB",1.91
2026-09-17T05:45:00.933Z,spilo,2.47,"213.7MiB / 1.922GiB",10.86
2026-09-17T05:45:00.933Z,etcd,1.60,"60.5MiB / 1.922GiB",3.07
2026-09-17T05:45:08.548Z,lorawan-gateway-evidence-ingest-1,0.00,"3.883MiB / 192MiB",2.02
2026-09-17T05:45:08.548Z,lorawan-gateway-evidence-fabric-adapter-1,0.00,"3.957MiB / 192MiB",2.06
2026-09-17T05:45:08.548Z,lorawan-gateway-evidence-verifier-1,0.26,"12.95MiB / 192MiB",6.74
2026-09-17T05:45:08.548Z,seaweedfs,0.55,"147MiB / 256MiB",57.44
2026-09-17T05:45:08.548Z,seaweedfs-metadata-etcd,2.58,"65.03MiB / 96MiB",67.74
2026-09-17T05:45:08.548Z,openbao,5.13,"40.88MiB / 512MiB",7.98
2026-09-17T05:45:08.548Z,chirpstack,0.61,"37.52MiB / 1.922GiB",1.91
2026-09-17T05:45:08.548Z,spilo,1.14,"213.7MiB / 1.922GiB",10.86
2026-09-17T05:45:08.548Z,etcd,1.04,"60.51MiB / 1.922GiB",3.07
2026-09-17T05:45:15.780Z,lorawan-gateway-evidence-ingest-1,0.00,"3.883MiB / 192MiB",2.02
2026-09-17T05:45:15.780Z,lorawan-gateway-evidence-fabric-adapter-1,0.00,"3.957MiB / 192MiB",2.06
2026-09-17T05:45:15.780Z,lorawan-gateway-evidence-verifier-1,9.12,"13.14MiB / 192MiB",6.85
2026-09-17T05:45:15.780Z,seaweedfs,16.54,"146.5MiB / 256MiB",57.23
2026-09-17T05:45:15.780Z,seaweedfs-metadata-etcd,7.73,"65.04MiB / 96MiB",67.74
2026-09-17T05:45:15.780Z,openbao,3.15,"40.88MiB / 512MiB",7.98
2026-09-17T05:45:15.780Z,chirpstack,0.40,"37.52MiB / 1.922GiB",1.91
2026-09-17T05:45:15.780Z,spilo,2.20,"213.7MiB / 1.922GiB",10.86
2026-09-17T05:45:15.780Z,etcd,3.39,"60.51MiB / 1.922GiB",3.07
2026-09-17T05:45:23.320Z,lorawan-gateway-evidence-ingest-1,0.00,"3.883MiB / 192MiB",2.02
2026-09-17T05:45:23.320Z,lorawan-gateway-evidence-fabric-adapter-1,0.00,"3.957MiB / 192MiB",2.06
2026-09-17T05:45:23.320Z,lorawan-gateway-evidence-verifier-1,0.00,"13.2MiB / 192MiB",6.88
2026-09-17T05:45:23.320Z,seaweedfs,0.78,"146.5MiB / 256MiB",57.23
2026-09-17T05:45:23.320Z,seaweedfs-metadata-etcd,2.02,"65.03MiB / 96MiB",67.74
2026-09-17T05:45:23.320Z,openbao,3.50,"40.88MiB / 512MiB",7.98
2026-09-17T05:45:23.320Z,chirpstack,0.54,"37.52MiB / 1.922GiB",1.91
2026-09-17T05:45:23.320Z,spilo,1.56,"213.7MiB / 1.922GiB",10.86
2026-09-17T05:45:23.320Z,etcd,1.40,"60.51MiB / 1.922GiB",3.07
2026-09-17T05:45:30.573Z,lorawan-gateway-evidence-ingest-1,0.00,"3.883MiB / 192MiB",2.02
2026-09-17T05:45:30.573Z,lorawan-gateway-evidence-fabric-adapter-1,0.00,"3.957MiB / 192MiB",2.06
2026-09-17T05:45:30.573Z,lorawan-gateway-evidence-verifier-1,15.12,"13.17MiB / 192MiB",6.86
2026-09-17T05:45:30.573Z,seaweedfs,22.76,"154.9MiB / 256MiB",60.51
2026-09-17T05:45:30.573Z,seaweedfs-metadata-etcd,12.34,"65.05MiB / 96MiB",67.76
2026-09-17T05:45:30.573Z,openbao,2.84,"40.62MiB / 512MiB",7.93
2026-09-17T05:45:30.573Z,chirpstack,0.36,"37.52MiB / 1.922GiB",1.91
2026-09-17T05:45:30.573Z,spilo,1.17,"213.7MiB / 1.922GiB",10.86
2026-09-17T05:45:30.573Z,etcd,1.53,"60.51MiB / 1.922GiB",3.07
2026-09-17T05:45:38.035Z,lorawan-gateway-evidence-ingest-1,0.00,"3.883MiB / 192MiB",2.02
2026-09-17T05:45:38.035Z,lorawan-gateway-evidence-fabric-adapter-1,0.00,"3.957MiB / 192MiB",2.06
2026-09-17T05:45:38.035Z,lorawan-gateway-evidence-verifier-1,0.16,"13.12MiB / 192MiB",6.83
2026-09-17T05:45:38.035Z,seaweedfs,0.81,"146.6MiB / 256MiB",57.27
2026-09-17T05:45:38.035Z,seaweedfs-metadata-etcd,1.54,"65.04MiB / 96MiB",67.74
2026-09-17T05:45:38.035Z,openbao,2.90,"40.62MiB / 512MiB",7.93
2026-09-17T05:45:38.035Z,chirpstack,0.40,"37.52MiB / 1.922GiB",1.91
2026-09-17T05:45:38.035Z,spilo,0.43,"213.7MiB / 1.922GiB",10.86
2026-09-17T05:45:38.035Z,etcd,1.10,"60.51MiB / 1.922GiB",3.07
2026-09-17T05:45:45.238Z,lorawan-gateway-evidence-ingest-1,0.00,"3.883MiB / 192MiB",2.02
2026-09-17T05:45:45.238Z,lorawan-gateway-evidence-fabric-adapter-1,0.00,"3.957MiB / 192MiB",2.06
2026-09-17T05:45:45.238Z,lorawan-gateway-evidence-verifier-1,6.78,"12.89MiB / 192MiB",6.71
2026-09-17T05:45:45.238Z,seaweedfs,8.98,"148MiB / 256MiB",57.82
2026-09-17T05:45:45.238Z,seaweedfs-metadata-etcd,4.58,"65.04MiB / 96MiB",67.74
2026-09-17T05:45:45.238Z,openbao,2.21,"40.62MiB / 512MiB",7.93
2026-09-17T05:45:45.238Z,chirpstack,0.35,"37.52MiB / 1.922GiB",1.91
2026-09-17T05:45:45.238Z,spilo,1.78,"213.7MiB / 1.922GiB",10.86
2026-09-17T05:45:45.238Z,etcd,1.51,"60.52MiB / 1.922GiB",3.08
2026-09-17T05:45:52.539Z,lorawan-gateway-evidence-ingest-1,0.00,"3.883MiB / 192MiB",2.02
2026-09-17T05:45:52.539Z,lorawan-gateway-evidence-fabric-adapter-1,0.00,"3.957MiB / 192MiB",2.06
2026-09-17T05:45:52.539Z,lorawan-gateway-evidence-verifier-1,14.30,"13.22MiB / 192MiB",6.88
2026-09-17T05:45:52.539Z,seaweedfs,18.15,"146.7MiB / 256MiB",57.29
2026-09-17T05:45:52.539Z,seaweedfs-metadata-etcd,10.48,"65.04MiB / 96MiB",67.74
2026-09-17T05:45:52.539Z,openbao,2.44,"40.62MiB / 512MiB",7.93
2026-09-17T05:45:52.539Z,chirpstack,0.39,"37.52MiB / 1.922GiB",1.91
2026-09-17T05:45:52.539Z,spilo,0.92,"213.7MiB / 1.922GiB",10.86
2026-09-17T05:45:52.539Z,etcd,1.00,"60.51MiB / 1.922GiB",3.07
2026-09-17T05:46:00.035Z,lorawan-gateway-evidence-ingest-1,0.00,"3.883MiB / 192MiB",2.02
2026-09-17T05:46:00.035Z,lorawan-gateway-evidence-fabric-adapter-1,0.00,"3.957MiB / 192MiB",2.06
2026-09-17T05:46:00.035Z,lorawan-gateway-evidence-verifier-1,7.64,"12.59MiB / 192MiB",6.56
2026-09-17T05:46:00.035Z,seaweedfs,15.13,"154.8MiB / 256MiB",60.48
2026-09-17T05:46:00.035Z,seaweedfs-metadata-etcd,8.62,"65.04MiB / 96MiB",67.75
2026-09-17T05:46:00.035Z,openbao,2.84,"40.63MiB / 512MiB",7.94
2026-09-17T05:46:00.035Z,chirpstack,0.76,"37.52MiB / 1.922GiB",1.91
2026-09-17T05:46:00.035Z,spilo,1.85,"213.7MiB / 1.922GiB",10.86
2026-09-17T05:46:00.035Z,etcd,2.52,"60.51MiB / 1.922GiB",3.07
2026-09-17T05:46:07.484Z,lorawan-gateway-evidence-ingest-1,0.00,"3.883MiB / 192MiB",2.02
2026-09-17T05:46:07.484Z,lorawan-gateway-evidence-fabric-adapter-1,0.00,"3.957MiB / 192MiB",2.06
2026-09-17T05:46:07.484Z,lorawan-gateway-evidence-verifier-1,7.67,"12.78MiB / 192MiB",6.66
2026-09-17T05:46:07.484Z,seaweedfs,11.30,"147.2MiB / 256MiB",57.51
2026-09-17T05:46:07.484Z,seaweedfs-metadata-etcd,11.73,"65.04MiB / 96MiB",67.74
2026-09-17T05:46:07.484Z,openbao,2.67,"40.62MiB / 512MiB",7.93
2026-09-17T05:46:07.484Z,chirpstack,0.45,"37.52MiB / 1.922GiB",1.91
2026-09-17T05:46:07.484Z,spilo,1.36,"213.7MiB / 1.922GiB",10.86
2026-09-17T05:46:07.484Z,etcd,1.11,"60.51MiB / 1.922GiB",3.07
2026-09-17T05:46:14.811Z,lorawan-gateway-evidence-ingest-1,0.00,"3.883MiB / 192MiB",2.02
2026-09-17T05:46:14.811Z,lorawan-gateway-evidence-fabric-adapter-1,0.00,"3.957MiB / 192MiB",2.06
2026-09-17T05:46:14.811Z,lorawan-gateway-evidence-verifier-1,14.45,"12.81MiB / 192MiB",6.67
2026-09-17T05:46:14.811Z,seaweedfs,19.75,"146.1MiB / 256MiB",57.07
2026-09-17T05:46:14.811Z,seaweedfs-metadata-etcd,9.63,"65.23MiB / 96MiB",67.95
2026-09-17T05:46:14.811Z,openbao,2.66,"40.62MiB / 512MiB",7.93
2026-09-17T05:46:14.811Z,chirpstack,0.34,"37.52MiB / 1.922GiB",1.91
2026-09-17T05:46:14.811Z,spilo,2.06,"213.7MiB / 1.922GiB",10.86
2026-09-17T05:46:14.811Z,etcd,1.54,"60.51MiB / 1.922GiB",3.07
2026-09-17T05:46:22.065Z,lorawan-gateway-evidence-ingest-1,0.00,"3.883MiB / 192MiB",2.02
2026-09-17T05:46:22.065Z,lorawan-gateway-evidence-fabric-adapter-1,0.00,"3.957MiB / 192MiB",2.06
2026-09-17T05:46:22.065Z,lorawan-gateway-evidence-verifier-1,10.22,"12.68MiB / 192MiB",6.60
2026-09-17T05:46:22.065Z,seaweedfs,14.89,"148MiB / 256MiB",57.79
2026-09-17T05:46:22.065Z,seaweedfs-metadata-etcd,7.73,"65.23MiB / 96MiB",67.95
2026-09-17T05:46:22.065Z,openbao,2.30,"40.62MiB / 512MiB",7.93
2026-09-17T05:46:22.065Z,chirpstack,0.32,"37.52MiB / 1.922GiB",1.91
2026-09-17T05:46:22.065Z,spilo,1.01,"213.7MiB / 1.922GiB",10.86
2026-09-17T05:46:22.065Z,etcd,1.01,"60.51MiB / 1.922GiB",3.07
2026-09-17T05:46:29.464Z,lorawan-gateway-evidence-ingest-1,0.00,"3.883MiB / 192MiB",2.02
2026-09-17T05:46:29.464Z,lorawan-gateway-evidence-fabric-adapter-1,0.00,"3.957MiB / 192MiB",2.06
2026-09-17T05:46:29.464Z,lorawan-gateway-evidence-verifier-1,5.97,"12.59MiB / 192MiB",6.56
2026-09-17T05:46:29.464Z,seaweedfs,8.42,"147.9MiB / 256MiB",57.79
2026-09-17T05:46:29.464Z,seaweedfs-metadata-etcd,5.86,"65.23MiB / 96MiB",67.95
2026-09-17T05:46:29.464Z,openbao,2.77,"40.62MiB / 512MiB",7.93
2026-09-17T05:46:29.464Z,chirpstack,0.61,"37.52MiB / 1.922GiB",1.91
2026-09-17T05:46:29.464Z,spilo,1.84,"213.7MiB / 1.922GiB",10.86
2026-09-17T05:46:29.464Z,etcd,1.17,"60.51MiB / 1.922GiB",3.07
2026-09-17T05:46:36.770Z,lorawan-gateway-evidence-ingest-1,0.00,"3.883MiB / 192MiB",2.02
2026-09-17T05:46:36.770Z,lorawan-gateway-evidence-fabric-adapter-1,0.00,"3.957MiB / 192MiB",2.06
2026-09-17T05:46:36.770Z,lorawan-gateway-evidence-verifier-1,0.00,"12.78MiB / 192MiB",6.66
2026-09-17T05:46:36.770Z,seaweedfs,0.62,"149.1MiB / 256MiB",58.24
2026-09-17T05:46:36.770Z,seaweedfs-metadata-etcd,1.28,"65.23MiB / 96MiB",67.95
2026-09-17T05:46:36.770Z,openbao,4.03,"40.62MiB / 512MiB",7.93
2026-09-17T05:46:36.770Z,chirpstack,0.35,"37.52MiB / 1.922GiB",1.91
2026-09-17T05:46:36.770Z,spilo,0.88,"213.7MiB / 1.922GiB",10.86
2026-09-17T05:46:36.770Z,etcd,0.98,"60.51MiB / 1.922GiB",3.07
2026-09-17T05:46:43.977Z,lorawan-gateway-evidence-ingest-1,0.00,"3.883MiB / 192MiB",2.02
2026-09-17T05:46:43.977Z,lorawan-gateway-evidence-fabric-adapter-1,0.00,"3.957MiB / 192MiB",2.06
2026-09-17T05:46:43.977Z,lorawan-gateway-evidence-verifier-1,5.45,"12.77MiB / 192MiB",6.65
2026-09-17T05:46:43.977Z,seaweedfs,9.06,"155.1MiB / 256MiB",60.60
2026-09-17T05:46:43.977Z,seaweedfs-metadata-etcd,5.36,"65.23MiB / 96MiB",67.95
2026-09-17T05:46:43.977Z,openbao,2.67,"40.62MiB / 512MiB",7.93
2026-09-17T05:46:43.977Z,chirpstack,0.35,"37.52MiB / 1.922GiB",1.91
2026-09-17T05:46:43.977Z,spilo,1.33,"213.7MiB / 1.922GiB",10.86
2026-09-17T05:46:43.977Z,etcd,1.04,"60.51MiB / 1.922GiB",3.07
2026-09-17T05:46:51.187Z,lorawan-gateway-evidence-ingest-1,0.02,"3.883MiB / 192MiB",2.02
2026-09-17T05:46:51.187Z,lorawan-gateway-evidence-fabric-adapter-1,0.00,"3.957MiB / 192MiB",2.06
2026-09-17T05:46:51.187Z,lorawan-gateway-evidence-verifier-1,6.67,"13.07MiB / 192MiB",6.81
2026-09-17T05:46:51.187Z,seaweedfs,8.76,"144.3MiB / 256MiB",56.38
2026-09-17T05:46:51.187Z,seaweedfs-metadata-etcd,5.04,"65.23MiB / 96MiB",67.95
2026-09-17T05:46:51.187Z,openbao,2.43,"40.62MiB / 512MiB",7.93
2026-09-17T05:46:51.187Z,chirpstack,0.34,"37.52MiB / 1.922GiB",1.91
2026-09-17T05:46:51.187Z,spilo,1.47,"213.7MiB / 1.922GiB",10.86
2026-09-17T05:46:51.187Z,etcd,1.13,"60.51MiB / 1.922GiB",3.07
2026-09-17T05:46:58.421Z,lorawan-gateway-evidence-ingest-1,0.00,"3.883MiB / 192MiB",2.02
2026-09-17T05:46:58.421Z,lorawan-gateway-evidence-fabric-adapter-1,0.00,"3.957MiB / 192MiB",2.06
2026-09-17T05:46:58.421Z,lorawan-gateway-evidence-verifier-1,15.28,"12.56MiB / 192MiB",6.54
2026-09-17T05:46:58.421Z,seaweedfs,20.77,"144.2MiB / 256MiB",56.32
2026-09-17T05:46:58.421Z,seaweedfs-metadata-etcd,10.74,"65.24MiB / 96MiB",67.96
2026-09-17T05:46:58.421Z,openbao,2.36,"40.62MiB / 512MiB",7.93
2026-09-17T05:46:58.421Z,chirpstack,0.59,"37.52MiB / 1.922GiB",1.91
2026-09-17T05:46:58.421Z,spilo,1.32,"213.7MiB / 1.922GiB",10.86
2026-09-17T05:46:58.421Z,etcd,1.31,"60.51MiB / 1.922GiB",3.07
2026-09-17T05:47:05.955Z,lorawan-gateway-evidence-ingest-1,0.00,"3.883MiB / 192MiB",2.02
2026-09-17T05:47:05.955Z,lorawan-gateway-evidence-fabric-adapter-1,0.00,"3.957MiB / 192MiB",2.06
2026-09-17T05:47:05.955Z,lorawan-gateway-evidence-verifier-1,8.69,"12.57MiB / 192MiB",6.55
2026-09-17T05:47:05.955Z,seaweedfs,13.30,"147.9MiB / 256MiB",57.76
2026-09-17T05:47:05.955Z,seaweedfs-metadata-etcd,7.71,"65.24MiB / 96MiB",67.96
2026-09-17T05:47:05.955Z,openbao,2.32,"40.62MiB / 512MiB",7.93
2026-09-17T05:47:05.955Z,chirpstack,0.37,"37.52MiB / 1.922GiB",1.91
2026-09-17T05:47:05.955Z,spilo,1.56,"213.7MiB / 1.922GiB",10.86
2026-09-17T05:47:05.955Z,etcd,2.86,"60.51MiB / 1.922GiB",3.07
2026-09-17T05:47:13.413Z,lorawan-gateway-evidence-ingest-1,0.00,"3.883MiB / 192MiB",2.02
2026-09-17T05:47:13.413Z,lorawan-gateway-evidence-fabric-adapter-1,0.00,"3.957MiB / 192MiB",2.06
2026-09-17T05:47:13.413Z,lorawan-gateway-evidence-verifier-1,0.00,"12.93MiB / 192MiB",6.73
2026-09-17T05:47:13.413Z,seaweedfs,0.63,"147.9MiB / 256MiB",57.76
2026-09-17T05:47:13.413Z,seaweedfs-metadata-etcd,1.44,"65.23MiB / 96MiB",67.95
2026-09-17T05:47:13.413Z,openbao,2.99,"40.62MiB / 512MiB",7.93
2026-09-17T05:47:13.413Z,chirpstack,0.45,"37.52MiB / 1.922GiB",1.91
2026-09-17T05:47:13.413Z,spilo,1.64,"213.7MiB / 1.922GiB",10.86
2026-09-17T05:47:13.413Z,etcd,1.08,"60.51MiB / 1.922GiB",3.07
2026-09-17T05:47:20.620Z,lorawan-gateway-evidence-ingest-1,0.17,"3.883MiB / 192MiB",2.02
2026-09-17T05:47:20.620Z,lorawan-gateway-evidence-fabric-adapter-1,0.00,"3.957MiB / 192MiB",2.06
2026-09-17T05:47:20.620Z,lorawan-gateway-evidence-verifier-1,14.15,"13.16MiB / 192MiB",6.85
2026-09-17T05:47:20.620Z,seaweedfs,21.25,"147.9MiB / 256MiB",57.76
2026-09-17T05:47:20.620Z,seaweedfs-metadata-etcd,9.47,"65.23MiB / 96MiB",67.95
2026-09-17T05:47:20.620Z,openbao,4.80,"41.06MiB / 512MiB",8.02
2026-09-17T05:47:20.620Z,chirpstack,0.36,"37.52MiB / 1.922GiB",1.91
2026-09-17T05:47:20.620Z,spilo,0.99,"213.7MiB / 1.922GiB",10.86
2026-09-17T05:47:20.620Z,etcd,1.14,"60.51MiB / 1.922GiB",3.07
2026-09-17T05:47:28.161Z,lorawan-gateway-evidence-ingest-1,0.00,"3.883MiB / 192MiB",2.02
2026-09-17T05:47:28.161Z,lorawan-gateway-evidence-fabric-adapter-1,0.00,"3.957MiB / 192MiB",2.06
2026-09-17T05:47:28.161Z,lorawan-gateway-evidence-verifier-1,10.83,"12.94MiB / 192MiB",6.74
2026-09-17T05:47:28.161Z,seaweedfs,22.96,"147.4MiB / 256MiB",57.60
2026-09-17T05:47:28.161Z,seaweedfs-metadata-etcd,15.60,"65.24MiB / 96MiB",67.96
2026-09-17T05:47:28.161Z,openbao,2.59,"41.12MiB / 512MiB",8.03
2026-09-17T05:47:28.161Z,chirpstack,0.38,"37.52MiB / 1.922GiB",1.91
2026-09-17T05:47:28.161Z,spilo,2.38,"213.7MiB / 1.922GiB",10.86
2026-09-17T05:47:28.161Z,etcd,1.08,"60.51MiB / 1.922GiB",3.07
2026-09-17T05:47:35.751Z,lorawan-gateway-evidence-ingest-1,0.00,"3.883MiB / 192MiB",2.02
2026-09-17T05:47:35.751Z,lorawan-gateway-evidence-fabric-adapter-1,0.00,"3.957MiB / 192MiB",2.06
2026-09-17T05:47:35.751Z,lorawan-gateway-evidence-verifier-1,4.87,"12.79MiB / 192MiB",6.66
2026-09-17T05:47:35.751Z,seaweedfs,8.25,"147.1MiB / 256MiB",57.48
2026-09-17T05:47:35.751Z,seaweedfs-metadata-etcd,4.80,"65.24MiB / 96MiB",67.96
2026-09-17T05:47:35.751Z,openbao,2.54,"41.18MiB / 512MiB",8.04
2026-09-17T05:47:35.751Z,chirpstack,0.32,"37.52MiB / 1.922GiB",1.91
2026-09-17T05:47:35.751Z,spilo,1.32,"213.7MiB / 1.922GiB",10.86
2026-09-17T05:47:35.751Z,etcd,2.43,"60.51MiB / 1.922GiB",3.07
2026-09-17T05:47:43.154Z,lorawan-gateway-evidence-ingest-1,0.00,"3.883MiB / 192MiB",2.02
2026-09-17T05:47:43.154Z,lorawan-gateway-evidence-fabric-adapter-1,0.00,"3.957MiB / 192MiB",2.06
2026-09-17T05:47:43.154Z,lorawan-gateway-evidence-verifier-1,12.23,"13.14MiB / 192MiB",6.84
2026-09-17T05:47:43.154Z,seaweedfs,18.88,"151.5MiB / 256MiB",59.19
2026-09-17T05:47:43.154Z,seaweedfs-metadata-etcd,13.95,"65.23MiB / 96MiB",67.95
2026-09-17T05:47:43.154Z,openbao,3.25,"41.18MiB / 512MiB",8.04
2026-09-17T05:47:43.154Z,chirpstack,0.38,"37.52MiB / 1.922GiB",1.91
2026-09-17T05:47:43.154Z,spilo,1.85,"213.7MiB / 1.922GiB",10.86
2026-09-17T05:47:43.154Z,etcd,1.29,"60.51MiB / 1.922GiB",3.07
2026-09-17T05:47:50.418Z,lorawan-gateway-evidence-ingest-1,0.00,"3.883MiB / 192MiB",2.02
2026-09-17T05:47:50.418Z,lorawan-gateway-evidence-fabric-adapter-1,0.00,"3.957MiB / 192MiB",2.06
2026-09-17T05:47:50.418Z,lorawan-gateway-evidence-verifier-1,14.36,"12.8MiB / 192MiB",6.67
2026-09-17T05:47:50.418Z,seaweedfs,18.53,"146.9MiB / 256MiB",57.40
2026-09-17T05:47:50.418Z,seaweedfs-metadata-etcd,9.15,"65.23MiB / 96MiB",67.95
2026-09-17T05:47:50.418Z,openbao,1.94,"41.18MiB / 512MiB",8.04
2026-09-17T05:47:50.418Z,chirpstack,0.36,"37.52MiB / 1.922GiB",1.91
2026-09-17T05:47:50.418Z,spilo,0.99,"213.7MiB / 1.922GiB",10.86
2026-09-17T05:47:50.418Z,etcd,1.25,"60.51MiB / 1.922GiB",3.07
2026-09-17T05:47:57.787Z,lorawan-gateway-evidence-ingest-1,0.00,"3.883MiB / 192MiB",2.02
2026-09-17T05:47:57.787Z,lorawan-gateway-evidence-fabric-adapter-1,0.00,"3.957MiB / 192MiB",2.06
2026-09-17T05:47:57.787Z,lorawan-gateway-evidence-verifier-1,5.14,"12.78MiB / 192MiB",6.65
2026-09-17T05:47:57.787Z,seaweedfs,9.91,"146.9MiB / 256MiB",57.38
2026-09-17T05:47:57.787Z,seaweedfs-metadata-etcd,7.51,"65.24MiB / 96MiB",67.96
2026-09-17T05:47:57.787Z,openbao,2.60,"41.18MiB / 512MiB",8.04
2026-09-17T05:47:57.787Z,chirpstack,2.50,"37.52MiB / 1.922GiB",1.91
2026-09-17T05:47:57.787Z,spilo,2.21,"213.7MiB / 1.922GiB",10.86
2026-09-17T05:47:57.787Z,etcd,0.90,"60.51MiB / 1.922GiB",3.07
2026-09-17T05:48:05.298Z,lorawan-gateway-evidence-ingest-1,0.00,"3.883MiB / 192MiB",2.02
2026-09-17T05:48:05.298Z,lorawan-gateway-evidence-fabric-adapter-1,0.00,"3.957MiB / 192MiB",2.06
2026-09-17T05:48:05.298Z,lorawan-gateway-evidence-verifier-1,6.18,"13.2MiB / 192MiB",6.88
2026-09-17T05:48:05.298Z,seaweedfs,7.60,"146.7MiB / 256MiB",57.32
2026-09-17T05:48:05.298Z,seaweedfs-metadata-etcd,4.51,"65.23MiB / 96MiB",67.95
2026-09-17T05:48:05.298Z,openbao,3.97,"41.18MiB / 512MiB",8.04
2026-09-17T05:48:05.298Z,chirpstack,0.30,"37.52MiB / 1.922GiB",1.91
2026-09-17T05:48:05.298Z,spilo,1.47,"213.7MiB / 1.922GiB",10.86
2026-09-17T05:48:05.298Z,etcd,1.75,"60.51MiB / 1.922GiB",3.07
2026-09-17T05:48:12.573Z,lorawan-gateway-evidence-ingest-1,0.00,"3.883MiB / 192MiB",2.02
2026-09-17T05:48:12.573Z,lorawan-gateway-evidence-fabric-adapter-1,0.00,"3.957MiB / 192MiB",2.06
2026-09-17T05:48:12.573Z,lorawan-gateway-evidence-verifier-1,0.15,"13.27MiB / 192MiB",6.91
2026-09-17T05:48:12.573Z,seaweedfs,0.70,"146.8MiB / 256MiB",57.34
2026-09-17T05:48:12.573Z,seaweedfs-metadata-etcd,1.76,"65.23MiB / 96MiB",67.95
2026-09-17T05:48:12.573Z,openbao,2.40,"41.18MiB / 512MiB",8.04
2026-09-17T05:48:12.573Z,chirpstack,1.87,"37.52MiB / 1.922GiB",1.91
2026-09-17T05:48:12.573Z,spilo,1.52,"213.7MiB / 1.922GiB",10.86
2026-09-17T05:48:12.573Z,etcd,1.27,"60.51MiB / 1.922GiB",3.07
2026-09-17T05:48:19.816Z,lorawan-gateway-evidence-ingest-1,0.00,"3.883MiB / 192MiB",2.02
2026-09-17T05:48:19.816Z,lorawan-gateway-evidence-fabric-adapter-1,0.00,"3.957MiB / 192MiB",2.06
2026-09-17T05:48:19.816Z,lorawan-gateway-evidence-verifier-1,6.58,"13.11MiB / 192MiB",6.83
2026-09-17T05:48:19.816Z,seaweedfs,10.94,"146.6MiB / 256MiB",57.28
2026-09-17T05:48:19.816Z,seaweedfs-metadata-etcd,6.06,"65.23MiB / 96MiB",67.95
2026-09-17T05:48:19.816Z,openbao,2.55,"41.18MiB / 512MiB",8.04
2026-09-17T05:48:19.816Z,chirpstack,0.33,"37.52MiB / 1.922GiB",1.91
2026-09-17T05:48:19.816Z,spilo,1.00,"213.7MiB / 1.922GiB",10.86
2026-09-17T05:48:19.816Z,etcd,1.00,"60.51MiB / 1.922GiB",3.07
2026-09-17T05:48:27.341Z,lorawan-gateway-evidence-ingest-1,0.00,"3.883MiB / 192MiB",2.02
2026-09-17T05:48:27.341Z,lorawan-gateway-evidence-fabric-adapter-1,0.00,"3.957MiB / 192MiB",2.06
2026-09-17T05:48:27.341Z,lorawan-gateway-evidence-verifier-1,4.77,"12.78MiB / 192MiB",6.66
2026-09-17T05:48:27.341Z,seaweedfs,6.37,"146.9MiB / 256MiB",57.38
2026-09-17T05:48:27.341Z,seaweedfs-metadata-etcd,4.95,"65.23MiB / 96MiB",67.95
2026-09-17T05:48:27.341Z,openbao,3.24,"41.18MiB / 512MiB",8.04
2026-09-17T05:48:27.341Z,chirpstack,0.48,"37.52MiB / 1.922GiB",1.91
2026-09-17T05:48:27.341Z,spilo,1.74,"213.7MiB / 1.922GiB",10.86
2026-09-17T05:48:27.341Z,etcd,1.18,"60.51MiB / 1.922GiB",3.07
2026-09-17T05:48:34.596Z,lorawan-gateway-evidence-ingest-1,0.00,"3.883MiB / 192MiB",2.02
2026-09-17T05:48:34.596Z,lorawan-gateway-evidence-fabric-adapter-1,0.00,"3.957MiB / 192MiB",2.06
2026-09-17T05:48:34.596Z,lorawan-gateway-evidence-verifier-1,17.85,"13.21MiB / 192MiB",6.88
2026-09-17T05:48:34.596Z,seaweedfs,26.21,"148MiB / 256MiB",57.83
2026-09-17T05:48:34.596Z,seaweedfs-metadata-etcd,12.84,"65.23MiB / 96MiB",67.95
2026-09-17T05:48:34.596Z,openbao,2.96,"41.18MiB / 512MiB",8.04
2026-09-17T05:48:34.596Z,chirpstack,0.51,"37.52MiB / 1.922GiB",1.91
2026-09-17T05:48:34.596Z,spilo,3.19,"213.7MiB / 1.922GiB",10.86
2026-09-17T05:48:34.596Z,etcd,1.61,"60.51MiB / 1.922GiB",3.07
2026-09-17T05:48:42.193Z,lorawan-gateway-evidence-ingest-1,0.00,"3.883MiB / 192MiB",2.02
2026-09-17T05:48:42.193Z,lorawan-gateway-evidence-fabric-adapter-1,0.00,"3.957MiB / 192MiB",2.06
2026-09-17T05:48:42.193Z,lorawan-gateway-evidence-verifier-1,13.09,"13.2MiB / 192MiB",6.88
2026-09-17T05:48:42.193Z,seaweedfs,19.88,"146.7MiB / 256MiB",57.32
2026-09-17T05:48:42.193Z,seaweedfs-metadata-etcd,10.42,"65.23MiB / 96MiB",67.95
2026-09-17T05:48:42.193Z,openbao,2.85,"41.18MiB / 512MiB",8.04
2026-09-17T05:48:42.193Z,chirpstack,0.33,"37.52MiB / 1.922GiB",1.91
2026-09-17T05:48:42.193Z,spilo,2.05,"213.7MiB / 1.922GiB",10.86
2026-09-17T05:48:42.193Z,etcd,1.41,"60.51MiB / 1.922GiB",3.07
2026-09-17T05:48:49.737Z,lorawan-gateway-evidence-ingest-1,0.00,"3.883MiB / 192MiB",2.02
2026-09-17T05:48:49.737Z,lorawan-gateway-evidence-fabric-adapter-1,0.00,"3.957MiB / 192MiB",2.06
2026-09-17T05:48:49.737Z,lorawan-gateway-evidence-verifier-1,8.10,"13.22MiB / 192MiB",6.88
2026-09-17T05:48:49.737Z,seaweedfs,15.10,"146.1MiB / 256MiB",57.09
2026-09-17T05:48:49.737Z,seaweedfs-metadata-etcd,16.42,"65.24MiB / 96MiB",67.96
2026-09-17T05:48:49.737Z,openbao,5.02,"41.19MiB / 512MiB",8.04
2026-09-17T05:48:49.737Z,chirpstack,0.38,"37.52MiB / 1.922GiB",1.91
2026-09-17T05:48:49.737Z,spilo,1.77,"213.8MiB / 1.922GiB",10.86
2026-09-17T05:48:49.737Z,etcd,1.27,"60.51MiB / 1.922GiB",3.07
2026-09-17T05:48:57.476Z,lorawan-gateway-evidence-ingest-1,0.00,"3.883MiB / 192MiB",2.02
2026-09-17T05:48:57.476Z,lorawan-gateway-evidence-fabric-adapter-1,0.00,"3.957MiB / 192MiB",2.06
2026-09-17T05:48:57.476Z,lorawan-gateway-evidence-verifier-1,19.51,"12.72MiB / 192MiB",6.62
2026-09-17T05:48:57.476Z,seaweedfs,17.77,"148.9MiB / 256MiB",58.18
2026-09-17T05:48:57.476Z,seaweedfs-metadata-etcd,9.76,"65.24MiB / 96MiB",67.96
2026-09-17T05:48:57.476Z,openbao,2.70,"41.24MiB / 512MiB",8.06
2026-09-17T05:48:57.476Z,chirpstack,3.29,"37.52MiB / 1.922GiB",1.91
2026-09-17T05:48:57.476Z,spilo,2.62,"213.8MiB / 1.922GiB",10.86
2026-09-17T05:48:57.476Z,etcd,0.97,"60.51MiB / 1.922GiB",3.07
2026-09-17T05:49:05.149Z,lorawan-gateway-evidence-ingest-1,0.00,"3.883MiB / 192MiB",2.02
2026-09-17T05:49:05.149Z,lorawan-gateway-evidence-fabric-adapter-1,0.00,"3.957MiB / 192MiB",2.06
2026-09-17T05:49:05.149Z,lorawan-gateway-evidence-verifier-1,22.68,"12.97MiB / 192MiB",6.75
2026-09-17T05:49:05.149Z,seaweedfs,19.45,"146.8MiB / 256MiB",57.33
2026-09-17T05:49:05.149Z,seaweedfs-metadata-etcd,17.98,"65.24MiB / 96MiB",67.96
2026-09-17T05:49:05.149Z,openbao,3.19,"41.24MiB / 512MiB",8.06
2026-09-17T05:49:05.149Z,chirpstack,0.46,"37.52MiB / 1.922GiB",1.91
2026-09-17T05:49:05.149Z,spilo,2.26,"213.8MiB / 1.922GiB",10.86
2026-09-17T05:49:05.149Z,etcd,5.59,"60.51MiB / 1.922GiB",3.07
2026-09-17T05:49:12.826Z,lorawan-gateway-evidence-ingest-1,0.00,"3.883MiB / 192MiB",2.02
2026-09-17T05:49:12.826Z,lorawan-gateway-evidence-fabric-adapter-1,0.00,"3.957MiB / 192MiB",2.06
2026-09-17T05:49:12.826Z,lorawan-gateway-evidence-verifier-1,18.69,"12.8MiB / 192MiB",6.67
2026-09-17T05:49:12.826Z,seaweedfs,21.82,"148.1MiB / 256MiB",57.84
2026-09-17T05:49:12.826Z,seaweedfs-metadata-etcd,15.14,"65.24MiB / 96MiB",67.96
2026-09-17T05:49:12.826Z,openbao,4.17,"41.24MiB / 512MiB",8.06
2026-09-17T05:49:12.826Z,chirpstack,3.01,"37.52MiB / 1.922GiB",1.91
2026-09-17T05:49:12.826Z,spilo,3.00,"213.8MiB / 1.922GiB",10.86
2026-09-17T05:49:12.826Z,etcd,0.97,"60.51MiB / 1.922GiB",3.07
2026-09-17T05:49:20.440Z,lorawan-gateway-evidence-ingest-1,0.11,"3.883MiB / 192MiB",2.02
2026-09-17T05:49:20.440Z,lorawan-gateway-evidence-fabric-adapter-1,0.00,"3.957MiB / 192MiB",2.06
2026-09-17T05:49:20.440Z,lorawan-gateway-evidence-verifier-1,20.42,"12.59MiB / 192MiB",6.56
2026-09-17T05:49:20.440Z,seaweedfs,20.00,"148.1MiB / 256MiB",57.86
2026-09-17T05:49:20.440Z,seaweedfs-metadata-etcd,16.83,"65.25MiB / 96MiB",67.96
2026-09-17T05:49:20.440Z,openbao,2.31,"41.25MiB / 512MiB",8.06
2026-09-17T05:49:20.440Z,chirpstack,0.45,"37.52MiB / 1.922GiB",1.91
2026-09-17T05:49:20.440Z,spilo,0.85,"213.8MiB / 1.922GiB",10.86
2026-09-17T05:49:20.440Z,etcd,1.14,"60.51MiB / 1.922GiB",3.07
2026-09-17T05:49:28.234Z,lorawan-gateway-evidence-ingest-1,0.00,"3.883MiB / 192MiB",2.02
2026-09-17T05:49:28.234Z,lorawan-gateway-evidence-fabric-adapter-1,0.00,"3.957MiB / 192MiB",2.06
2026-09-17T05:49:28.234Z,lorawan-gateway-evidence-verifier-1,16.26,"13.18MiB / 192MiB",6.86
2026-09-17T05:49:28.234Z,seaweedfs,27.12,"148.1MiB / 256MiB",57.84
2026-09-17T05:49:28.234Z,seaweedfs-metadata-etcd,21.31,"65.24MiB / 96MiB",67.96
2026-09-17T05:49:28.234Z,openbao,6.52,"41.25MiB / 512MiB",8.06
2026-09-17T05:49:28.234Z,chirpstack,0.58,"37.52MiB / 1.922GiB",1.91
2026-09-17T05:49:28.234Z,spilo,3.36,"213.8MiB / 1.922GiB",10.86
2026-09-17T05:49:28.234Z,etcd,1.19,"60.51MiB / 1.922GiB",3.07
2026-09-17T05:49:35.892Z,lorawan-gateway-evidence-ingest-1,0.00,"3.883MiB / 192MiB",2.02
2026-09-17T05:49:35.892Z,lorawan-gateway-evidence-fabric-adapter-1,0.00,"3.957MiB / 192MiB",2.06
2026-09-17T05:49:35.892Z,lorawan-gateway-evidence-verifier-1,0.13,"13.23MiB / 192MiB",6.89
2026-09-17T05:49:35.892Z,seaweedfs,0.68,"148MiB / 256MiB",57.81
2026-09-17T05:49:35.892Z,seaweedfs-metadata-etcd,1.28,"65.23MiB / 96MiB",67.95
2026-09-17T05:49:35.892Z,openbao,2.54,"41.54MiB / 512MiB",8.11
2026-09-17T05:49:35.892Z,chirpstack,0.36,"37.52MiB / 1.922GiB",1.91
2026-09-17T05:49:35.892Z,spilo,0.85,"213.8MiB / 1.922GiB",10.86
2026-09-17T05:49:35.892Z,etcd,3.22,"60.51MiB / 1.922GiB",3.07
2026-09-17T05:49:43.134Z,lorawan-gateway-evidence-ingest-1,0.00,"3.883MiB / 192MiB",2.02
2026-09-17T05:49:43.134Z,lorawan-gateway-evidence-fabric-adapter-1,0.00,"3.957MiB / 192MiB",2.06
2026-09-17T05:49:43.134Z,lorawan-gateway-evidence-verifier-1,0.00,"13.23MiB / 192MiB",6.89
2026-09-17T05:49:43.134Z,seaweedfs,2.58,"155.2MiB / 256MiB",60.62
2026-09-17T05:49:43.134Z,seaweedfs-metadata-etcd,2.45,"65.23MiB / 96MiB",67.95
2026-09-17T05:49:43.134Z,openbao,3.19,"41.66MiB / 512MiB",8.14
2026-09-17T05:49:43.134Z,chirpstack,0.43,"37.52MiB / 1.922GiB",1.91
2026-09-17T05:49:43.134Z,spilo,1.77,"213.8MiB / 1.922GiB",10.86
2026-09-17T05:49:43.134Z,etcd,1.48,"60.51MiB / 1.922GiB",3.07
2026-09-17T05:49:50.363Z,lorawan-gateway-evidence-ingest-1,0.00,"3.301MiB / 192MiB",1.72
2026-09-17T05:49:50.363Z,lorawan-gateway-evidence-fabric-adapter-1,0.00,"3.75MiB / 192MiB",1.95
2026-09-17T05:49:50.363Z,lorawan-gateway-evidence-verifier-1,0.07,"12.97MiB / 192MiB",6.75
2026-09-17T05:49:50.363Z,seaweedfs,4.69,"143.4MiB / 256MiB",56.01
2026-09-17T05:49:50.363Z,seaweedfs-metadata-etcd,9.55,"65.21MiB / 96MiB",67.93
2026-09-17T05:49:50.363Z,openbao,2.89,"43.7MiB / 512MiB",8.53
2026-09-17T05:49:50.363Z,chirpstack,1.61,"36.26MiB / 1.922GiB",1.84
2026-09-17T05:49:50.363Z,spilo,0.67,"220.2MiB / 1.922GiB",11.19
2026-09-17T05:49:50.363Z,etcd,1.94,"60.51MiB / 1.922GiB",3.07
2026-09-17T05:50:06.854Z,lorawan-gateway-evidence-ingest-1,0.00,"3.301MiB / 192MiB",1.72
2026-09-17T05:50:06.854Z,lorawan-gateway-evidence-fabric-adapter-1,0.00,"3.75MiB / 192MiB",1.95
2026-09-17T05:50:06.854Z,lorawan-gateway-evidence-verifier-1,9.61,"12.64MiB / 192MiB",6.59
2026-09-17T05:50:06.854Z,seaweedfs,15.67,"145MiB / 256MiB",56.65
2026-09-17T05:50:06.854Z,seaweedfs-metadata-etcd,13.79,"63.84MiB / 96MiB",66.50
2026-09-17T05:50:06.854Z,openbao,3.52,"43.7MiB / 512MiB",8.53
2026-09-17T05:50:06.854Z,chirpstack,0.38,"36.26MiB / 1.922GiB",1.84
2026-09-17T05:50:06.854Z,spilo,2.39,"192.3MiB / 1.922GiB",9.77
2026-09-17T05:50:06.854Z,etcd,1.32,"60.51MiB / 1.922GiB",3.07
2026-09-17T05:50:24.452Z,lorawan-gateway-evidence-ingest-1,0.00,"3.301MiB / 192MiB",1.72
2026-09-17T05:50:24.452Z,lorawan-gateway-evidence-fabric-adapter-1,0.00,"3.75MiB / 192MiB",1.95
2026-09-17T05:50:24.452Z,lorawan-gateway-evidence-verifier-1,0.09,"12.66MiB / 192MiB",6.59
2026-09-17T05:50:24.452Z,seaweedfs,0.63,"143.7MiB / 256MiB",56.14
2026-09-17T05:50:24.452Z,seaweedfs-metadata-etcd,1.11,"63.83MiB / 96MiB",66.49
2026-09-17T05:50:24.452Z,openbao,2.55,"43.7MiB / 512MiB",8.53
2026-09-17T05:50:24.452Z,chirpstack,0.26,"36.26MiB / 1.922GiB",1.84
2026-09-17T05:50:24.452Z,spilo,1.83,"192.3MiB / 1.922GiB",9.77
2026-09-17T05:50:24.452Z,etcd,1.95,"60.51MiB / 1.922GiB",3.07
2026-09-17T05:50:42.187Z,lorawan-gateway-evidence-ingest-1,0.01,"3.301MiB / 192MiB",1.72
2026-09-17T05:50:42.187Z,lorawan-gateway-evidence-fabric-adapter-1,0.00,"3.75MiB / 192MiB",1.95
2026-09-17T05:50:42.187Z,lorawan-gateway-evidence-verifier-1,0.07,"13.22MiB / 192MiB",6.88
2026-09-17T05:50:42.187Z,seaweedfs,0.52,"143.5MiB / 256MiB",56.06
2026-09-17T05:50:42.187Z,seaweedfs-metadata-etcd,1.60,"63.83MiB / 96MiB",66.49
2026-09-17T05:50:42.187Z,openbao,2.77,"43.7MiB / 512MiB",8.53
2026-09-17T05:50:42.187Z,chirpstack,0.36,"36.26MiB / 1.922GiB",1.84
2026-09-17T05:50:42.187Z,spilo,0.91,"192.3MiB / 1.922GiB",9.77
2026-09-17T05:50:42.187Z,etcd,1.39,"60.51MiB / 1.922GiB",3.07
2026-09-17T05:50:59.743Z,lorawan-gateway-evidence-ingest-1,0.00,"3.301MiB / 192MiB",1.72
2026-09-17T05:50:59.743Z,lorawan-gateway-evidence-fabric-adapter-1,0.00,"3.75MiB / 192MiB",1.95
2026-09-17T05:50:59.743Z,lorawan-gateway-evidence-verifier-1,0.16,"13.22MiB / 192MiB",6.88
2026-09-17T05:50:59.743Z,seaweedfs,0.59,"144MiB / 256MiB",56.23
2026-09-17T05:50:59.743Z,seaweedfs-metadata-etcd,2.74,"63.83MiB / 96MiB",66.49
2026-09-17T05:50:59.743Z,openbao,4.12,"43.7MiB / 512MiB",8.53
2026-09-17T05:50:59.743Z,chirpstack,0.56,"36.26MiB / 1.922GiB",1.84
2026-09-17T05:50:59.743Z,spilo,3.42,"192.3MiB / 1.922GiB",9.77
2026-09-17T05:50:59.743Z,etcd,1.35,"60.51MiB / 1.922GiB",3.07
2026-09-17T05:51:11.631Z,lorawan-gateway-evidence-ingest-1,0.00,"3.301MiB / 192MiB",1.72
2026-09-17T05:51:11.631Z,lorawan-gateway-evidence-fabric-adapter-1,0.00,"3.75MiB / 192MiB",1.95
2026-09-17T05:51:11.631Z,lorawan-gateway-evidence-verifier-1,4.30,"13.22MiB / 192MiB",6.89
2026-09-17T05:51:11.631Z,seaweedfs,7.32,"143.2MiB / 256MiB",55.92
2026-09-17T05:51:11.631Z,seaweedfs-metadata-etcd,6.98,"63.83MiB / 96MiB",66.49
2026-09-17T05:51:11.631Z,openbao,2.67,"43.7MiB / 512MiB",8.53
2026-09-17T05:51:11.631Z,chirpstack,0.59,"36.26MiB / 1.922GiB",1.84
2026-09-17T05:51:11.631Z,spilo,1.83,"192.3MiB / 1.922GiB",9.77
2026-09-17T05:51:11.631Z,etcd,0.90,"60.52MiB / 1.922GiB",3.08
2026-09-17T05:51:18.926Z,lorawan-gateway-evidence-ingest-1,0.00,"3.301MiB / 192MiB",1.72
2026-09-17T05:51:18.926Z,lorawan-gateway-evidence-fabric-adapter-1,0.00,"3.75MiB / 192MiB",1.95
2026-09-17T05:51:18.926Z,lorawan-gateway-evidence-verifier-1,0.00,"13.22MiB / 192MiB",6.89
2026-09-17T05:51:18.926Z,seaweedfs,1.51,"145MiB / 256MiB",56.65
2026-09-17T05:51:18.926Z,seaweedfs-metadata-etcd,4.21,"63.83MiB / 96MiB",66.49
2026-09-17T05:51:18.926Z,openbao,5.85,"43.81MiB / 512MiB",8.56
2026-09-17T05:51:18.926Z,chirpstack,0.64,"36.26MiB / 1.922GiB",1.84
2026-09-17T05:51:18.926Z,spilo,1.15,"192.3MiB / 1.922GiB",9.77
2026-09-17T05:51:18.926Z,etcd,1.82,"60.77MiB / 1.922GiB",3.09
2026-09-17T05:51:26.309Z,lorawan-gateway-evidence-ingest-1,0.00,"3.301MiB / 192MiB",1.72
2026-09-17T05:51:26.309Z,lorawan-gateway-evidence-fabric-adapter-1,0.00,"3.75MiB / 192MiB",1.95
2026-09-17T05:51:26.309Z,lorawan-gateway-evidence-verifier-1,0.13,"13.18MiB / 192MiB",6.87
2026-09-17T05:51:26.309Z,seaweedfs,0.59,"143.5MiB / 256MiB",56.06
2026-09-17T05:51:26.309Z,seaweedfs-metadata-etcd,1.30,"63.83MiB / 96MiB",66.49
2026-09-17T05:51:26.309Z,openbao,3.04,"43.81MiB / 512MiB",8.56
2026-09-17T05:51:26.309Z,chirpstack,0.48,"36.26MiB / 1.922GiB",1.84
2026-09-17T05:51:26.309Z,spilo,1.06,"192.3MiB / 1.922GiB",9.77
2026-09-17T05:51:26.309Z,etcd,1.46,"60.77MiB / 1.922GiB",3.09
2026-09-17T05:51:33.649Z,lorawan-gateway-evidence-ingest-1,0.00,"3.301MiB / 192MiB",1.72
2026-09-17T05:51:33.649Z,lorawan-gateway-evidence-fabric-adapter-1,0.00,"3.75MiB / 192MiB",1.95
2026-09-17T05:51:33.649Z,lorawan-gateway-evidence-verifier-1,14.39,"13.17MiB / 192MiB",6.86
2026-09-17T05:51:33.649Z,seaweedfs,19.05,"145MiB / 256MiB",56.65
2026-09-17T05:51:33.649Z,seaweedfs-metadata-etcd,11.13,"63.83MiB / 96MiB",66.49
2026-09-17T05:51:33.649Z,openbao,4.31,"43.81MiB / 512MiB",8.56
2026-09-17T05:51:33.649Z,chirpstack,0.57,"36.26MiB / 1.922GiB",1.84
2026-09-17T05:51:33.649Z,spilo,1.15,"192.3MiB / 1.922GiB",9.77
2026-09-17T05:51:33.649Z,etcd,1.33,"60.77MiB / 1.922GiB",3.09
2026-09-17T05:51:40.978Z,lorawan-gateway-evidence-ingest-1,0.00,"3.301MiB / 192MiB",1.72
2026-09-17T05:51:40.978Z,lorawan-gateway-evidence-fabric-adapter-1,0.00,"3.75MiB / 192MiB",1.95
2026-09-17T05:51:40.978Z,lorawan-gateway-evidence-verifier-1,0.00,"13.22MiB / 192MiB",6.89
2026-09-17T05:51:40.978Z,seaweedfs,1.10,"145MiB / 256MiB",56.65
2026-09-17T05:51:40.978Z,seaweedfs-metadata-etcd,1.26,"63.83MiB / 96MiB",66.49
2026-09-17T05:51:40.978Z,openbao,6.39,"43.81MiB / 512MiB",8.56
2026-09-17T05:51:40.978Z,chirpstack,0.40,"36.26MiB / 1.922GiB",1.84
2026-09-17T05:51:40.978Z,spilo,1.40,"192.3MiB / 1.922GiB",9.77
2026-09-17T05:51:40.978Z,etcd,1.41,"60.77MiB / 1.922GiB",3.09
2026-09-17T05:51:48.238Z,lorawan-gateway-evidence-ingest-1,0.00,"3.301MiB / 192MiB",1.72
2026-09-17T05:51:48.238Z,lorawan-gateway-evidence-fabric-adapter-1,0.00,"3.75MiB / 192MiB",1.95
2026-09-17T05:51:48.238Z,lorawan-gateway-evidence-verifier-1,16.51,"12.99MiB / 192MiB",6.77
2026-09-17T05:51:48.238Z,seaweedfs,23.77,"144.3MiB / 256MiB",56.38
2026-09-17T05:51:48.238Z,seaweedfs-metadata-etcd,12.17,"63.84MiB / 96MiB",66.50
2026-09-17T05:51:48.238Z,openbao,3.72,"43.81MiB / 512MiB",8.56
2026-09-17T05:51:48.238Z,chirpstack,0.60,"36.26MiB / 1.922GiB",1.84
2026-09-17T05:51:48.238Z,spilo,1.09,"192.3MiB / 1.922GiB",9.77
2026-09-17T05:51:48.238Z,etcd,1.13,"60.77MiB / 1.922GiB",3.09
2026-09-17T05:51:55.907Z,lorawan-gateway-evidence-ingest-1,0.00,"3.301MiB / 192MiB",1.72
2026-09-17T05:51:55.907Z,lorawan-gateway-evidence-fabric-adapter-1,0.00,"3.75MiB / 192MiB",1.95
2026-09-17T05:51:55.907Z,lorawan-gateway-evidence-verifier-1,7.52,"13.16MiB / 192MiB",6.86
2026-09-17T05:51:55.907Z,seaweedfs,12.54,"144.1MiB / 256MiB",56.29
2026-09-17T05:51:55.907Z,seaweedfs-metadata-etcd,7.69,"63.84MiB / 96MiB",66.50
2026-09-17T05:51:55.907Z,openbao,2.77,"43.81MiB / 512MiB",8.56
2026-09-17T05:51:55.907Z,chirpstack,0.28,"36.26MiB / 1.922GiB",1.84
2026-09-17T05:51:55.907Z,spilo,1.10,"192.3MiB / 1.922GiB",9.77
2026-09-17T05:51:55.907Z,etcd,3.30,"60.77MiB / 1.922GiB",3.09
2026-09-17T05:52:03.410Z,lorawan-gateway-evidence-ingest-1,0.00,"3.301MiB / 192MiB",1.72
2026-09-17T05:52:03.410Z,lorawan-gateway-evidence-fabric-adapter-1,0.00,"3.75MiB / 192MiB",1.95
2026-09-17T05:52:03.410Z,lorawan-gateway-evidence-verifier-1,4.59,"12.54MiB / 192MiB",6.53
2026-09-17T05:52:03.410Z,seaweedfs,7.52,"149MiB / 256MiB",58.19
2026-09-17T05:52:03.410Z,seaweedfs-metadata-etcd,10.08,"63.84MiB / 96MiB",66.50
2026-09-17T05:52:03.410Z,openbao,4.50,"43.81MiB / 512MiB",8.56
2026-09-17T05:52:03.410Z,chirpstack,0.53,"36.26MiB / 1.922GiB",1.84
2026-09-17T05:52:03.410Z,spilo,0.94,"192.3MiB / 1.922GiB",9.77
2026-09-17T05:52:03.410Z,etcd,1.02,"60.77MiB / 1.922GiB",3.09
2026-09-17T05:52:11.134Z,lorawan-gateway-evidence-ingest-1,0.00,"3.301MiB / 192MiB",1.72
2026-09-17T05:52:11.134Z,lorawan-gateway-evidence-fabric-adapter-1,0.00,"3.75MiB / 192MiB",1.95
2026-09-17T05:52:11.134Z,lorawan-gateway-evidence-verifier-1,0.15,"13.19MiB / 192MiB",6.87
2026-09-17T05:52:11.134Z,seaweedfs,0.70,"144.2MiB / 256MiB",56.33
2026-09-17T05:52:11.134Z,seaweedfs-metadata-etcd,1.97,"63.83MiB / 96MiB",66.49
2026-09-17T05:52:11.134Z,openbao,3.47,"43.84MiB / 512MiB",8.56
2026-09-17T05:52:11.134Z,chirpstack,0.44,"36.26MiB / 1.922GiB",1.84
2026-09-17T05:52:11.134Z,spilo,1.66,"192.3MiB / 1.922GiB",9.77
2026-09-17T05:52:11.134Z,etcd,1.73,"60.77MiB / 1.922GiB",3.09
2026-09-17T05:52:18.852Z,lorawan-gateway-evidence-ingest-1,0.00,"3.301MiB / 192MiB",1.72
2026-09-17T05:52:18.852Z,lorawan-gateway-evidence-fabric-adapter-1,0.00,"3.75MiB / 192MiB",1.95
2026-09-17T05:52:18.852Z,lorawan-gateway-evidence-verifier-1,17.61,"13.22MiB / 192MiB",6.89
2026-09-17T05:52:18.852Z,seaweedfs,27.82,"143.9MiB / 256MiB",56.20
2026-09-17T05:52:18.852Z,seaweedfs-metadata-etcd,12.81,"63.83MiB / 96MiB",66.49
2026-09-17T05:52:18.852Z,openbao,4.32,"43.84MiB / 512MiB",8.56
2026-09-17T05:52:18.852Z,chirpstack,0.73,"36.27MiB / 1.922GiB",1.84
2026-09-17T05:52:18.852Z,spilo,1.77,"192.3MiB / 1.922GiB",9.77
2026-09-17T05:52:18.852Z,etcd,1.50,"60.77MiB / 1.922GiB",3.09
2026-09-17T05:52:26.491Z,lorawan-gateway-evidence-ingest-1,0.00,"3.301MiB / 192MiB",1.72
2026-09-17T05:52:26.491Z,lorawan-gateway-evidence-fabric-adapter-1,0.00,"3.75MiB / 192MiB",1.95
2026-09-17T05:52:26.491Z,lorawan-gateway-evidence-verifier-1,15.48,"12.96MiB / 192MiB",6.75
2026-09-17T05:52:26.491Z,seaweedfs,27.06,"143.7MiB / 256MiB",56.12
2026-09-17T05:52:26.491Z,seaweedfs-metadata-etcd,14.13,"63.83MiB / 96MiB",66.49
2026-09-17T05:52:26.491Z,openbao,7.11,"43.84MiB / 512MiB",8.56
2026-09-17T05:52:26.491Z,chirpstack,0.74,"36.26MiB / 1.922GiB",1.84
2026-09-17T05:52:26.491Z,spilo,2.37,"192.3MiB / 1.922GiB",9.77
2026-09-17T05:52:26.491Z,etcd,1.96,"60.77MiB / 1.922GiB",3.09
2026-09-17T05:52:34.072Z,lorawan-gateway-evidence-ingest-1,0.00,"3.301MiB / 192MiB",1.72
2026-09-17T05:52:34.072Z,lorawan-gateway-evidence-fabric-adapter-1,0.00,"3.75MiB / 192MiB",1.95
2026-09-17T05:52:34.072Z,lorawan-gateway-evidence-verifier-1,5.91,"13.26MiB / 192MiB",6.91
2026-09-17T05:52:34.072Z,seaweedfs,13.42,"143.8MiB / 256MiB",56.18
2026-09-17T05:52:34.072Z,seaweedfs-metadata-etcd,9.92,"63.84MiB / 96MiB",66.50
2026-09-17T05:52:34.072Z,openbao,3.72,"43.84MiB / 512MiB",8.56
2026-09-17T05:52:34.072Z,chirpstack,0.39,"36.26MiB / 1.922GiB",1.84
2026-09-17T05:52:34.072Z,spilo,0.86,"192.3MiB / 1.922GiB",9.77
2026-09-17T05:52:34.072Z,etcd,1.76,"60.77MiB / 1.922GiB",3.09
2026-09-17T05:52:41.365Z,lorawan-gateway-evidence-ingest-1,0.00,"3.301MiB / 192MiB",1.72
2026-09-17T05:52:41.365Z,lorawan-gateway-evidence-fabric-adapter-1,0.00,"3.75MiB / 192MiB",1.95
2026-09-17T05:52:41.365Z,lorawan-gateway-evidence-verifier-1,10.30,"12.99MiB / 192MiB",6.77
2026-09-17T05:52:41.365Z,seaweedfs,11.81,"141.6MiB / 256MiB",55.32
2026-09-17T05:52:41.365Z,seaweedfs-metadata-etcd,7.08,"63.83MiB / 96MiB",66.49
2026-09-17T05:52:41.365Z,openbao,3.17,"43.84MiB / 512MiB",8.56
2026-09-17T05:52:41.365Z,chirpstack,0.36,"36.26MiB / 1.922GiB",1.84
2026-09-17T05:52:41.365Z,spilo,1.98,"192.3MiB / 1.922GiB",9.77
2026-09-17T05:52:41.365Z,etcd,1.42,"60.77MiB / 1.922GiB",3.09
2026-09-17T05:52:48.662Z,lorawan-gateway-evidence-ingest-1,0.00,"3.301MiB / 192MiB",1.72
2026-09-17T05:52:48.662Z,lorawan-gateway-evidence-fabric-adapter-1,0.00,"3.75MiB / 192MiB",1.95
2026-09-17T05:52:48.662Z,lorawan-gateway-evidence-verifier-1,14.87,"12.86MiB / 192MiB",6.70
2026-09-17T05:52:48.662Z,seaweedfs,21.45,"145.3MiB / 256MiB",56.74
2026-09-17T05:52:48.662Z,seaweedfs-metadata-etcd,16.86,"63.83MiB / 96MiB",66.49
2026-09-17T05:52:48.662Z,openbao,2.96,"43.84MiB / 512MiB",8.56
2026-09-17T05:52:48.662Z,chirpstack,0.29,"36.26MiB / 1.922GiB",1.84
2026-09-17T05:52:48.662Z,spilo,1.31,"192.3MiB / 1.922GiB",9.77
2026-09-17T05:52:48.662Z,etcd,1.14,"60.77MiB / 1.922GiB",3.09
2026-09-17T05:52:56.254Z,lorawan-gateway-evidence-ingest-1,0.00,"3.301MiB / 192MiB",1.72
2026-09-17T05:52:56.254Z,lorawan-gateway-evidence-fabric-adapter-1,0.00,"3.75MiB / 192MiB",1.95
2026-09-17T05:52:56.254Z,lorawan-gateway-evidence-verifier-1,0.13,"13.27MiB / 192MiB",6.91
2026-09-17T05:52:56.254Z,seaweedfs,0.74,"145.3MiB / 256MiB",56.74
2026-09-17T05:52:56.254Z,seaweedfs-metadata-etcd,1.33,"63.83MiB / 96MiB",66.49
2026-09-17T05:52:56.254Z,openbao,3.22,"43.84MiB / 512MiB",8.56
2026-09-17T05:52:56.254Z,chirpstack,0.32,"36.26MiB / 1.922GiB",1.84
2026-09-17T05:52:56.254Z,spilo,1.19,"192.3MiB / 1.922GiB",9.77
2026-09-17T05:52:56.254Z,etcd,1.76,"60.77MiB / 1.922GiB",3.09
2026-09-17T05:53:03.557Z,lorawan-gateway-evidence-ingest-1,0.00,"3.301MiB / 192MiB",1.72
2026-09-17T05:53:03.557Z,lorawan-gateway-evidence-fabric-adapter-1,0.00,"3.75MiB / 192MiB",1.95
2026-09-17T05:53:03.557Z,lorawan-gateway-evidence-verifier-1,0.15,"13.16MiB / 192MiB",6.85
2026-09-17T05:53:03.557Z,seaweedfs,0.86,"145.3MiB / 256MiB",56.74
2026-09-17T05:53:03.557Z,seaweedfs-metadata-etcd,3.47,"63.83MiB / 96MiB",66.49
2026-09-17T05:53:03.557Z,openbao,3.59,"43.84MiB / 512MiB",8.56
2026-09-17T05:53:03.557Z,chirpstack,0.68,"36.26MiB / 1.922GiB",1.84
2026-09-17T05:53:03.557Z,spilo,0.95,"192.3MiB / 1.922GiB",9.77
2026-09-17T05:53:03.557Z,etcd,1.18,"60.77MiB / 1.922GiB",3.09
2026-09-17T05:53:11.350Z,lorawan-gateway-evidence-ingest-1,0.00,"3.301MiB / 192MiB",1.72
2026-09-17T05:53:11.350Z,lorawan-gateway-evidence-fabric-adapter-1,0.00,"3.75MiB / 192MiB",1.95
2026-09-17T05:53:11.350Z,lorawan-gateway-evidence-verifier-1,0.00,"13.31MiB / 192MiB",6.93
2026-09-17T05:53:11.350Z,seaweedfs,0.59,"144.3MiB / 256MiB",56.36
2026-09-17T05:53:11.350Z,seaweedfs-metadata-etcd,1.53,"63.83MiB / 96MiB",66.49
2026-09-17T05:53:11.350Z,openbao,3.20,"43.84MiB / 512MiB",8.56
2026-09-17T05:53:11.350Z,chirpstack,0.36,"36.26MiB / 1.922GiB",1.84
2026-09-17T05:53:11.350Z,spilo,1.38,"192.3MiB / 1.922GiB",9.77
2026-09-17T05:53:11.350Z,etcd,1.45,"60.77MiB / 1.922GiB",3.09
2026-09-17T05:53:18.559Z,lorawan-gateway-evidence-ingest-1,0.00,"3.301MiB / 192MiB",1.72
2026-09-17T05:53:18.559Z,lorawan-gateway-evidence-fabric-adapter-1,0.00,"3.75MiB / 192MiB",1.95
2026-09-17T05:53:18.559Z,lorawan-gateway-evidence-verifier-1,12.43,"13.23MiB / 192MiB",6.89
2026-09-17T05:53:18.559Z,seaweedfs,23.14,"145.3MiB / 256MiB",56.74
2026-09-17T05:53:18.559Z,seaweedfs-metadata-etcd,17.93,"63.84MiB / 96MiB",66.50
2026-09-17T05:53:18.559Z,openbao,3.55,"43.84MiB / 512MiB",8.56
2026-09-17T05:53:18.559Z,chirpstack,0.37,"36.26MiB / 1.922GiB",1.84
2026-09-17T05:53:18.559Z,spilo,2.41,"192.3MiB / 1.922GiB",9.77
2026-09-17T05:53:18.559Z,etcd,2.05,"60.77MiB / 1.922GiB",3.09
2026-09-17T05:53:26.130Z,lorawan-gateway-evidence-ingest-1,0.00,"3.301MiB / 192MiB",1.72
2026-09-17T05:53:26.130Z,lorawan-gateway-evidence-fabric-adapter-1,0.00,"3.75MiB / 192MiB",1.95
2026-09-17T05:53:26.130Z,lorawan-gateway-evidence-verifier-1,0.10,"12.64MiB / 192MiB",6.59
2026-09-17T05:53:26.130Z,seaweedfs,0.52,"145.2MiB / 256MiB",56.74
2026-09-17T05:53:26.130Z,seaweedfs-metadata-etcd,1.62,"63.83MiB / 96MiB",66.49
2026-09-17T05:53:26.130Z,openbao,2.76,"43.84MiB / 512MiB",8.56
2026-09-17T05:53:26.130Z,chirpstack,0.36,"36.26MiB / 1.922GiB",1.84
2026-09-17T05:53:26.130Z,spilo,1.61,"192.4MiB / 1.922GiB",9.77
2026-09-17T05:53:26.130Z,etcd,1.37,"60.77MiB / 1.922GiB",3.09
2026-09-17T05:53:33.742Z,lorawan-gateway-evidence-ingest-1,0.00,"3.301MiB / 192MiB",1.72
2026-09-17T05:53:33.742Z,lorawan-gateway-evidence-fabric-adapter-1,0.00,"3.75MiB / 192MiB",1.95
2026-09-17T05:53:33.742Z,lorawan-gateway-evidence-verifier-1,12.95,"12.82MiB / 192MiB",6.68
2026-09-17T05:53:33.742Z,seaweedfs,19.89,"144.3MiB / 256MiB",56.38
2026-09-17T05:53:33.742Z,seaweedfs-metadata-etcd,14.27,"63.85MiB / 96MiB",66.51
2026-09-17T05:53:33.742Z,openbao,3.66,"43.84MiB / 512MiB",8.56
2026-09-17T05:53:33.742Z,chirpstack,0.45,"36.26MiB / 1.922GiB",1.84
2026-09-17T05:53:33.742Z,spilo,1.34,"192.4MiB / 1.922GiB",9.77
2026-09-17T05:53:33.742Z,etcd,1.71,"60.77MiB / 1.922GiB",3.09
2026-09-17T05:53:41.311Z,lorawan-gateway-evidence-ingest-1,0.00,"3.301MiB / 192MiB",1.72
2026-09-17T05:53:41.311Z,lorawan-gateway-evidence-fabric-adapter-1,0.00,"3.75MiB / 192MiB",1.95
2026-09-17T05:53:41.311Z,lorawan-gateway-evidence-verifier-1,2.58,"13.22MiB / 192MiB",6.89
2026-09-17T05:53:41.311Z,seaweedfs,4.96,"151.6MiB / 256MiB",59.22
2026-09-17T05:53:41.311Z,seaweedfs-metadata-etcd,3.05,"63.83MiB / 96MiB",66.49
2026-09-17T05:53:41.311Z,openbao,2.96,"43.84MiB / 512MiB",8.56
2026-09-17T05:53:41.311Z,chirpstack,0.32,"36.26MiB / 1.922GiB",1.84
2026-09-17T05:53:41.311Z,spilo,1.69,"192.4MiB / 1.922GiB",9.77
2026-09-17T05:53:41.311Z,etcd,0.91,"60.77MiB / 1.922GiB",3.09
2026-09-17T05:53:48.746Z,lorawan-gateway-evidence-ingest-1,0.00,"3.301MiB / 192MiB",1.72
2026-09-17T05:53:48.746Z,lorawan-gateway-evidence-fabric-adapter-1,0.00,"3.75MiB / 192MiB",1.95
2026-09-17T05:53:48.746Z,lorawan-gateway-evidence-verifier-1,13.32,"13.18MiB / 192MiB",6.87
2026-09-17T05:53:48.746Z,seaweedfs,17.95,"143.4MiB / 256MiB",56.02
2026-09-17T05:53:48.746Z,seaweedfs-metadata-etcd,9.26,"63.83MiB / 96MiB",66.49
2026-09-17T05:53:48.746Z,openbao,2.42,"43.84MiB / 512MiB",8.56
2026-09-17T05:53:48.746Z,chirpstack,0.31,"36.26MiB / 1.922GiB",1.84
2026-09-17T05:53:48.746Z,spilo,1.52,"192.4MiB / 1.922GiB",9.77
2026-09-17T05:53:48.746Z,etcd,1.79,"60.77MiB / 1.922GiB",3.09
2026-09-17T05:53:56.238Z,lorawan-gateway-evidence-ingest-1,0.00,"3.301MiB / 192MiB",1.72
2026-09-17T05:53:56.238Z,lorawan-gateway-evidence-fabric-adapter-1,0.00,"3.75MiB / 192MiB",1.95
2026-09-17T05:53:56.238Z,lorawan-gateway-evidence-verifier-1,14.47,"13.06MiB / 192MiB",6.80
2026-09-17T05:53:56.238Z,seaweedfs,22.85,"143.3MiB / 256MiB",55.98
2026-09-17T05:53:56.238Z,seaweedfs-metadata-etcd,9.85,"63.84MiB / 96MiB",66.50
2026-09-17T05:53:56.238Z,openbao,2.19,"43.84MiB / 512MiB",8.56
2026-09-17T05:53:56.238Z,chirpstack,0.29,"36.26MiB / 1.922GiB",1.84
2026-09-17T05:53:56.238Z,spilo,1.02,"192.4MiB / 1.922GiB",9.77
2026-09-17T05:53:56.238Z,etcd,0.93,"60.77MiB / 1.922GiB",3.09
2026-09-17T05:54:03.753Z,lorawan-gateway-evidence-ingest-1,0.00,"3.301MiB / 192MiB",1.72
2026-09-17T05:54:03.753Z,lorawan-gateway-evidence-fabric-adapter-1,0.00,"3.75MiB / 192MiB",1.95
2026-09-17T05:54:03.753Z,lorawan-gateway-evidence-verifier-1,2.52,"13.27MiB / 192MiB",6.91
2026-09-17T05:54:03.753Z,seaweedfs,4.64,"143.4MiB / 256MiB",56.03
2026-09-17T05:54:03.753Z,seaweedfs-metadata-etcd,4.03,"63.84MiB / 96MiB",66.50
2026-09-17T05:54:03.753Z,openbao,3.06,"43.84MiB / 512MiB",8.56
2026-09-17T05:54:03.753Z,chirpstack,0.37,"36.26MiB / 1.922GiB",1.84
2026-09-17T05:54:03.753Z,spilo,1.90,"192.4MiB / 1.922GiB",9.78
2026-09-17T05:54:03.753Z,etcd,0.88,"60.77MiB / 1.922GiB",3.09
2026-09-17T05:54:11.025Z,lorawan-gateway-evidence-ingest-1,0.00,"3.301MiB / 192MiB",1.72
2026-09-17T05:54:11.025Z,lorawan-gateway-evidence-fabric-adapter-1,0.00,"3.75MiB / 192MiB",1.95
2026-09-17T05:54:11.025Z,lorawan-gateway-evidence-verifier-1,14.28,"13.14MiB / 192MiB",6.84
2026-09-17T05:54:11.025Z,seaweedfs,25.64,"145.2MiB / 256MiB",56.72
2026-09-17T05:54:11.025Z,seaweedfs-metadata-etcd,16.52,"63.84MiB / 96MiB",66.50
2026-09-17T05:54:11.025Z,openbao,2.59,"43.84MiB / 512MiB",8.56
2026-09-17T05:54:11.025Z,chirpstack,0.36,"36.26MiB / 1.922GiB",1.84
2026-09-17T05:54:11.025Z,spilo,2.05,"192.4MiB / 1.922GiB",9.78
2026-09-17T05:54:11.025Z,etcd,1.23,"60.77MiB / 1.922GiB",3.09
2026-09-17T05:54:18.608Z,lorawan-gateway-evidence-ingest-1,0.00,"3.301MiB / 192MiB",1.72
2026-09-17T05:54:18.608Z,lorawan-gateway-evidence-fabric-adapter-1,0.00,"3.75MiB / 192MiB",1.95
2026-09-17T05:54:18.608Z,lorawan-gateway-evidence-verifier-1,15.13,"13.04MiB / 192MiB",6.79
2026-09-17T05:54:18.608Z,seaweedfs,25.07,"145.2MiB / 256MiB",56.73
2026-09-17T05:54:18.608Z,seaweedfs-metadata-etcd,19.22,"63.84MiB / 96MiB",66.50
2026-09-17T05:54:18.608Z,openbao,3.72,"43.89MiB / 512MiB",8.57
2026-09-17T05:54:18.608Z,chirpstack,0.37,"36.26MiB / 1.922GiB",1.84
2026-09-17T05:54:18.608Z,spilo,2.10,"192.4MiB / 1.922GiB",9.78
2026-09-17T05:54:18.608Z,etcd,1.29,"60.77MiB / 1.922GiB",3.09
2026-09-17T05:54:26.189Z,lorawan-gateway-evidence-ingest-1,0.00,"3.301MiB / 192MiB",1.72
2026-09-17T05:54:26.189Z,lorawan-gateway-evidence-fabric-adapter-1,0.00,"3.75MiB / 192MiB",1.95
2026-09-17T05:54:26.189Z,lorawan-gateway-evidence-verifier-1,17.33,"12.91MiB / 192MiB",6.72
2026-09-17T05:54:26.189Z,seaweedfs,26.03,"143.7MiB / 256MiB",56.15
2026-09-17T05:54:26.189Z,seaweedfs-metadata-etcd,18.11,"63.84MiB / 96MiB",66.50
2026-09-17T05:54:26.189Z,openbao,2.83,"43.89MiB / 512MiB",8.57
2026-09-17T05:54:26.189Z,chirpstack,0.45,"36.26MiB / 1.922GiB",1.84
2026-09-17T05:54:26.189Z,spilo,1.74,"192.4MiB / 1.922GiB",9.78
2026-09-17T05:54:26.189Z,etcd,1.28,"60.77MiB / 1.922GiB",3.09
2026-09-17T05:54:34.021Z,lorawan-gateway-evidence-ingest-1,0.00,"3.301MiB / 192MiB",1.72
2026-09-17T05:54:34.021Z,lorawan-gateway-evidence-fabric-adapter-1,0.00,"3.75MiB / 192MiB",1.95
2026-09-17T05:54:34.021Z,lorawan-gateway-evidence-verifier-1,20.94,"12.8MiB / 192MiB",6.67
2026-09-17T05:54:34.021Z,seaweedfs,15.86,"144.1MiB / 256MiB",56.27
2026-09-17T05:54:34.021Z,seaweedfs-metadata-etcd,15.18,"63.85MiB / 96MiB",66.51
2026-09-17T05:54:34.021Z,openbao,3.52,"43.89MiB / 512MiB",8.57
2026-09-17T05:54:34.021Z,chirpstack,0.50,"36.26MiB / 1.922GiB",1.84
2026-09-17T05:54:34.021Z,spilo,2.07,"192.4MiB / 1.922GiB",9.78
2026-09-17T05:54:34.021Z,etcd,1.10,"60.77MiB / 1.922GiB",3.09
2026-09-17T05:54:41.544Z,lorawan-gateway-evidence-ingest-1,0.00,"3.301MiB / 192MiB",1.72
2026-09-17T05:54:41.544Z,lorawan-gateway-evidence-fabric-adapter-1,0.00,"3.75MiB / 192MiB",1.95
2026-09-17T05:54:41.544Z,lorawan-gateway-evidence-verifier-1,0.00,"12.91MiB / 192MiB",6.72
2026-09-17T05:54:41.544Z,seaweedfs,0.69,"151.9MiB / 256MiB",59.32
2026-09-17T05:54:41.544Z,seaweedfs-metadata-etcd,1.24,"63.84MiB / 96MiB",66.50
2026-09-17T05:54:41.544Z,openbao,2.74,"43.89MiB / 512MiB",8.57
2026-09-17T05:54:41.544Z,chirpstack,0.31,"36.26MiB / 1.922GiB",1.84
2026-09-17T05:54:41.544Z,spilo,1.68,"192.4MiB / 1.922GiB",9.78
2026-09-17T05:54:41.544Z,etcd,1.03,"60.84MiB / 1.922GiB",3.09
2026-09-17T05:54:48.754Z,lorawan-gateway-evidence-ingest-1,0.00,"3.301MiB / 192MiB",1.72
2026-09-17T05:54:48.754Z,lorawan-gateway-evidence-fabric-adapter-1,0.00,"3.75MiB / 192MiB",1.95
2026-09-17T05:54:48.754Z,lorawan-gateway-evidence-verifier-1,0.00,"13.12MiB / 192MiB",6.83
2026-09-17T05:54:48.754Z,seaweedfs,0.69,"152.7MiB / 256MiB",59.64
2026-09-17T05:54:48.754Z,seaweedfs-metadata-etcd,1.23,"63.84MiB / 96MiB",66.50
2026-09-17T05:54:48.754Z,openbao,2.92,"43.93MiB / 512MiB",8.58
2026-09-17T05:54:48.754Z,chirpstack,0.34,"36.26MiB / 1.922GiB",1.84
2026-09-17T05:54:48.754Z,spilo,1.20,"192.4MiB / 1.922GiB",9.78
2026-09-17T05:54:48.754Z,etcd,1.22,"60.84MiB / 1.922GiB",3.09
2026-09-17T05:54:55.982Z,lorawan-gateway-evidence-ingest-1,0.00,"3.301MiB / 192MiB",1.72
2026-09-17T05:54:55.982Z,lorawan-gateway-evidence-fabric-adapter-1,0.00,"3.75MiB / 192MiB",1.95
2026-09-17T05:54:55.982Z,lorawan-gateway-evidence-verifier-1,0.11,"13.12MiB / 192MiB",6.83
2026-09-17T05:54:55.982Z,seaweedfs,0.47,"152.7MiB / 256MiB",59.64
2026-09-17T05:54:55.982Z,seaweedfs-metadata-etcd,1.42,"63.84MiB / 96MiB",66.50
2026-09-17T05:54:55.982Z,openbao,2.69,"43.93MiB / 512MiB",8.58
2026-09-17T05:54:55.982Z,chirpstack,0.30,"36.26MiB / 1.922GiB",1.84
2026-09-17T05:54:55.982Z,spilo,1.09,"192.4MiB / 1.922GiB",9.78
2026-09-17T05:54:55.982Z,etcd,2.55,"60.84MiB / 1.922GiB",3.09
2026-09-17T05:55:03.189Z,lorawan-gateway-evidence-ingest-1,0.00,"3.301MiB / 192MiB",1.72
2026-09-17T05:55:03.189Z,lorawan-gateway-evidence-fabric-adapter-1,0.00,"3.75MiB / 192MiB",1.95
2026-09-17T05:55:03.189Z,lorawan-gateway-evidence-verifier-1,0.00,"13.21MiB / 192MiB",6.88
2026-09-17T05:55:03.189Z,seaweedfs,0.90,"141.7MiB / 256MiB",55.34
2026-09-17T05:55:03.189Z,seaweedfs-metadata-etcd,2.75,"63.84MiB / 96MiB",66.50
2026-09-17T05:55:03.189Z,openbao,4.08,"43.93MiB / 512MiB",8.58
2026-09-17T05:55:03.189Z,chirpstack,0.67,"36.26MiB / 1.922GiB",1.84
2026-09-17T05:55:03.189Z,spilo,1.53,"192.4MiB / 1.922GiB",9.78
2026-09-17T05:55:03.189Z,etcd,3.46,"60.85MiB / 1.922GiB",3.09
2026-09-17T05:55:10.444Z,lorawan-gateway-evidence-ingest-1,0.00,"3.301MiB / 192MiB",1.72
2026-09-17T05:55:10.444Z,lorawan-gateway-evidence-fabric-adapter-1,0.00,"3.75MiB / 192MiB",1.95
2026-09-17T05:55:10.444Z,lorawan-gateway-evidence-verifier-1,0.11,"12.97MiB / 192MiB",6.76
2026-09-17T05:55:10.444Z,seaweedfs,0.58,"141.8MiB / 256MiB",55.39
2026-09-17T05:55:10.444Z,seaweedfs-metadata-etcd,1.01,"63.85MiB / 96MiB",66.51
2026-09-17T05:55:10.444Z,openbao,2.61,"43.93MiB / 512MiB",8.58
2026-09-17T05:55:10.444Z,chirpstack,0.29,"36.26MiB / 1.922GiB",1.84
2026-09-17T05:55:10.444Z,spilo,0.50,"192.4MiB / 1.922GiB",9.78
2026-09-17T05:55:10.444Z,etcd,1.46,"60.84MiB / 1.922GiB",3.09
2026-09-17T05:55:17.781Z,lorawan-gateway-evidence-ingest-1,0.00,"3.301MiB / 192MiB",1.72
2026-09-17T05:55:17.781Z,lorawan-gateway-evidence-fabric-adapter-1,0.00,"3.75MiB / 192MiB",1.95
2026-09-17T05:55:17.781Z,lorawan-gateway-evidence-verifier-1,6.96,"12.78MiB / 192MiB",6.65
2026-09-17T05:55:17.781Z,seaweedfs,17.92,"141.7MiB / 256MiB",55.35
2026-09-17T05:55:17.781Z,seaweedfs-metadata-etcd,9.45,"63.84MiB / 96MiB",66.50
2026-09-17T05:55:17.781Z,openbao,3.70,"43.93MiB / 512MiB",8.58
2026-09-17T05:55:17.781Z,chirpstack,0.37,"36.26MiB / 1.922GiB",1.84
2026-09-17T05:55:17.781Z,spilo,2.57,"192.4MiB / 1.922GiB",9.78
2026-09-17T05:55:17.781Z,etcd,0.96,"60.84MiB / 1.922GiB",3.09
2026-09-17T05:55:25.420Z,lorawan-gateway-evidence-ingest-1,0.00,"3.301MiB / 192MiB",1.72
2026-09-17T05:55:25.420Z,lorawan-gateway-evidence-fabric-adapter-1,0.00,"3.75MiB / 192MiB",1.95
2026-09-17T05:55:25.420Z,lorawan-gateway-evidence-verifier-1,0.00,"13.1MiB / 192MiB",6.82
2026-09-17T05:55:25.420Z,seaweedfs,0.50,"141.7MiB / 256MiB",55.35
2026-09-17T05:55:25.420Z,seaweedfs-metadata-etcd,1.14,"63.84MiB / 96MiB",66.50
2026-09-17T05:55:25.420Z,openbao,2.33,"43.93MiB / 512MiB",8.58
2026-09-17T05:55:25.420Z,chirpstack,0.31,"36.26MiB / 1.922GiB",1.84
2026-09-17T05:55:25.420Z,spilo,0.75,"192.4MiB / 1.922GiB",9.78
2026-09-17T05:55:25.420Z,etcd,2.64,"60.84MiB / 1.922GiB",3.09
2026-09-17T05:55:32.687Z,lorawan-gateway-evidence-ingest-1,0.00,"3.301MiB / 192MiB",1.72
2026-09-17T05:55:32.687Z,lorawan-gateway-evidence-fabric-adapter-1,0.00,"3.75MiB / 192MiB",1.95
2026-09-17T05:55:32.687Z,lorawan-gateway-evidence-verifier-1,0.00,"13.01MiB / 192MiB",6.78
2026-09-17T05:55:32.687Z,seaweedfs,0.74,"141.7MiB / 256MiB",55.34
2026-09-17T05:55:32.687Z,seaweedfs-metadata-etcd,1.50,"63.84MiB / 96MiB",66.50
2026-09-17T05:55:32.687Z,openbao,2.45,"43.93MiB / 512MiB",8.58
2026-09-17T05:55:32.687Z,chirpstack,0.30,"36.26MiB / 1.922GiB",1.84
2026-09-17T05:55:32.687Z,spilo,1.39,"192.4MiB / 1.922GiB",9.78
2026-09-17T05:55:32.687Z,etcd,1.10,"60.84MiB / 1.922GiB",3.09
2026-09-17T05:55:40.135Z,lorawan-gateway-evidence-ingest-1,0.00,"3.301MiB / 192MiB",1.72
2026-09-17T05:55:40.135Z,lorawan-gateway-evidence-fabric-adapter-1,0.00,"3.75MiB / 192MiB",1.95
2026-09-17T05:55:40.135Z,lorawan-gateway-evidence-verifier-1,0.11,"12.96MiB / 192MiB",6.75
2026-09-17T05:55:40.135Z,seaweedfs,0.53,"144.3MiB / 256MiB",56.35
2026-09-17T05:55:40.135Z,seaweedfs-metadata-etcd,1.41,"63.84MiB / 96MiB",66.50
2026-09-17T05:55:40.135Z,openbao,2.68,"43.93MiB / 512MiB",8.58
2026-09-17T05:55:40.135Z,chirpstack,0.33,"36.26MiB / 1.922GiB",1.84
2026-09-17T05:55:40.135Z,spilo,1.04,"192.4MiB / 1.922GiB",9.78
2026-09-17T05:55:40.135Z,etcd,1.16,"60.84MiB / 1.922GiB",3.09
2026-09-17T05:55:47.348Z,lorawan-gateway-evidence-ingest-1,0.00,"3.301MiB / 192MiB",1.72
2026-09-17T05:55:47.348Z,lorawan-gateway-evidence-fabric-adapter-1,0.00,"3.75MiB / 192MiB",1.95
2026-09-17T05:55:47.348Z,lorawan-gateway-evidence-verifier-1,4.69,"12.97MiB / 192MiB",6.76
2026-09-17T05:55:47.348Z,seaweedfs,9.08,"145.9MiB / 256MiB",56.98
2026-09-17T05:55:47.348Z,seaweedfs-metadata-etcd,4.14,"63.84MiB / 96MiB",66.50
2026-09-17T05:55:47.348Z,openbao,2.59,"43.93MiB / 512MiB",8.58
2026-09-17T05:55:47.348Z,chirpstack,0.28,"36.26MiB / 1.922GiB",1.84
2026-09-17T05:55:47.348Z,spilo,2.76,"192.4MiB / 1.922GiB",9.78
2026-09-17T05:55:47.348Z,etcd,1.25,"60.84MiB / 1.922GiB",3.09
2026-09-17T05:55:54.589Z,lorawan-gateway-evidence-ingest-1,0.00,"3.301MiB / 192MiB",1.72
2026-09-17T05:55:54.589Z,lorawan-gateway-evidence-fabric-adapter-1,0.00,"3.75MiB / 192MiB",1.95
2026-09-17T05:55:54.589Z,lorawan-gateway-evidence-verifier-1,0.11,"13.21MiB / 192MiB",6.88
2026-09-17T05:55:54.589Z,seaweedfs,0.59,"146MiB / 256MiB",57.02
2026-09-17T05:55:54.589Z,seaweedfs-metadata-etcd,1.23,"63.84MiB / 96MiB",66.50
2026-09-17T05:55:54.589Z,openbao,3.55,"43.93MiB / 512MiB",8.58
2026-09-17T05:55:54.589Z,chirpstack,0.38,"36.26MiB / 1.922GiB",1.84
2026-09-17T05:55:54.589Z,spilo,2.19,"192.4MiB / 1.922GiB",9.78
2026-09-17T05:55:54.589Z,etcd,1.61,"60.84MiB / 1.922GiB",3.09
2026-09-17T05:56:01.775Z,lorawan-gateway-evidence-ingest-1,0.00,"3.301MiB / 192MiB",1.72
2026-09-17T05:56:01.775Z,lorawan-gateway-evidence-fabric-adapter-1,0.00,"3.75MiB / 192MiB",1.95
2026-09-17T05:56:01.775Z,lorawan-gateway-evidence-verifier-1,5.01,"12.9MiB / 192MiB",6.72
2026-09-17T05:56:01.775Z,seaweedfs,9.24,"146MiB / 256MiB",57.02
2026-09-17T05:56:01.775Z,seaweedfs-metadata-etcd,6.96,"63.85MiB / 96MiB",66.51
2026-09-17T05:56:01.775Z,openbao,2.78,"43.93MiB / 512MiB",8.58
2026-09-17T05:56:01.775Z,chirpstack,0.34,"36.26MiB / 1.922GiB",1.84
2026-09-17T05:56:01.775Z,spilo,1.08,"192.4MiB / 1.922GiB",9.78
2026-09-17T05:56:01.775Z,etcd,0.85,"60.84MiB / 1.922GiB",3.09
2026-09-17T05:56:09.228Z,lorawan-gateway-evidence-ingest-1,0.00,"3.301MiB / 192MiB",1.72
2026-09-17T05:56:09.228Z,lorawan-gateway-evidence-fabric-adapter-1,0.00,"3.75MiB / 192MiB",1.95
2026-09-17T05:56:09.228Z,lorawan-gateway-evidence-verifier-1,12.73,"12.6MiB / 192MiB",6.56
2026-09-17T05:56:09.228Z,seaweedfs,16.45,"146MiB / 256MiB",57.02
2026-09-17T05:56:09.228Z,seaweedfs-metadata-etcd,8.46,"63.84MiB / 96MiB",66.50
2026-09-17T05:56:09.228Z,openbao,3.12,"43.93MiB / 512MiB",8.58
2026-09-17T05:56:09.228Z,chirpstack,0.60,"36.26MiB / 1.922GiB",1.84
2026-09-17T05:56:09.228Z,spilo,1.27,"192.4MiB / 1.922GiB",9.78
2026-09-17T05:56:09.228Z,etcd,1.27,"60.84MiB / 1.922GiB",3.09
2026-09-17T05:56:16.553Z,lorawan-gateway-evidence-ingest-1,0.00,"3.301MiB / 192MiB",1.72
2026-09-17T05:56:16.553Z,lorawan-gateway-evidence-fabric-adapter-1,0.00,"3.75MiB / 192MiB",1.95
2026-09-17T05:56:16.553Z,lorawan-gateway-evidence-verifier-1,12.03,"13.09MiB / 192MiB",6.82
2026-09-17T05:56:16.553Z,seaweedfs,16.10,"146MiB / 256MiB",57.01
2026-09-17T05:56:16.553Z,seaweedfs-metadata-etcd,8.36,"63.84MiB / 96MiB",66.50
2026-09-17T05:56:16.553Z,openbao,2.49,"43.93MiB / 512MiB",8.58
2026-09-17T05:56:16.553Z,chirpstack,0.40,"36.27MiB / 1.922GiB",1.84
2026-09-17T05:56:16.553Z,spilo,0.69,"192.4MiB / 1.922GiB",9.78
2026-09-17T05:56:16.553Z,etcd,0.90,"60.84MiB / 1.922GiB",3.09
2026-09-17T05:56:24.135Z,lorawan-gateway-evidence-ingest-1,0.00,"3.301MiB / 192MiB",1.72
2026-09-17T05:56:24.135Z,lorawan-gateway-evidence-fabric-adapter-1,0.00,"3.75MiB / 192MiB",1.95
2026-09-17T05:56:24.135Z,lorawan-gateway-evidence-verifier-1,0.10,"13.22MiB / 192MiB",6.88
2026-09-17T05:56:24.135Z,seaweedfs,0.54,"146MiB / 256MiB",57.01
2026-09-17T05:56:24.135Z,seaweedfs-metadata-etcd,1.68,"63.84MiB / 96MiB",66.50
2026-09-17T05:56:24.135Z,openbao,2.86,"43.93MiB / 512MiB",8.58
2026-09-17T05:56:24.135Z,chirpstack,0.32,"36.26MiB / 1.922GiB",1.84
2026-09-17T05:56:24.135Z,spilo,1.87,"192.4MiB / 1.922GiB",9.78
2026-09-17T05:56:24.135Z,etcd,0.99,"60.84MiB / 1.922GiB",3.09
2026-09-17T05:56:31.465Z,lorawan-gateway-evidence-ingest-1,0.00,"3.301MiB / 192MiB",1.72
2026-09-17T05:56:31.465Z,lorawan-gateway-evidence-fabric-adapter-1,0.00,"3.75MiB / 192MiB",1.95
2026-09-17T05:56:31.465Z,lorawan-gateway-evidence-verifier-1,0.00,"12.68MiB / 192MiB",6.60
2026-09-17T05:56:31.465Z,seaweedfs,0.61,"146MiB / 256MiB",57.02
2026-09-17T05:56:31.465Z,seaweedfs-metadata-etcd,1.65,"63.84MiB / 96MiB",66.50
2026-09-17T05:56:31.465Z,openbao,2.99,"43.93MiB / 512MiB",8.58
2026-09-17T05:56:31.465Z,chirpstack,0.42,"36.27MiB / 1.922GiB",1.84
2026-09-17T05:56:31.465Z,spilo,0.88,"192.4MiB / 1.922GiB",9.78
2026-09-17T05:56:31.465Z,etcd,1.58,"60.84MiB / 1.922GiB",3.09
2026-09-17T05:56:38.711Z,lorawan-gateway-evidence-ingest-1,0.00,"3.301MiB / 192MiB",1.72
2026-09-17T05:56:38.711Z,lorawan-gateway-evidence-fabric-adapter-1,0.00,"3.75MiB / 192MiB",1.95
2026-09-17T05:56:38.711Z,lorawan-gateway-evidence-verifier-1,0.00,"13.14MiB / 192MiB",6.85
2026-09-17T05:56:38.711Z,seaweedfs,0.68,"146MiB / 256MiB",57.02
2026-09-17T05:56:38.711Z,seaweedfs-metadata-etcd,1.24,"63.84MiB / 96MiB",66.50
2026-09-17T05:56:38.711Z,openbao,3.59,"43.93MiB / 512MiB",8.58
2026-09-17T05:56:38.711Z,chirpstack,0.30,"36.26MiB / 1.922GiB",1.84
2026-09-17T05:56:38.711Z,spilo,0.94,"192.4MiB / 1.922GiB",9.78
2026-09-17T05:56:38.711Z,etcd,1.50,"60.84MiB / 1.922GiB",3.09
2026-09-17T05:56:45.915Z,lorawan-gateway-evidence-ingest-1,0.00,"3.301MiB / 192MiB",1.72
2026-09-17T05:56:45.915Z,lorawan-gateway-evidence-fabric-adapter-1,0.00,"3.75MiB / 192MiB",1.95
2026-09-17T05:56:45.915Z,lorawan-gateway-evidence-verifier-1,7.04,"13.08MiB / 192MiB",6.81
2026-09-17T05:56:45.915Z,seaweedfs,11.01,"151MiB / 256MiB",59.00
2026-09-17T05:56:45.915Z,seaweedfs-metadata-etcd,6.19,"63.84MiB / 96MiB",66.50
2026-09-17T05:56:45.915Z,openbao,2.47,"43.93MiB / 512MiB",8.58
2026-09-17T05:56:45.915Z,chirpstack,0.27,"36.26MiB / 1.922GiB",1.84
2026-09-17T05:56:45.915Z,spilo,1.65,"192.4MiB / 1.922GiB",9.78
2026-09-17T05:56:45.915Z,etcd,2.41,"60.84MiB / 1.922GiB",3.09
2026-09-17T05:56:53.301Z,lorawan-gateway-evidence-ingest-1,0.00,"3.301MiB / 192MiB",1.72
2026-09-17T05:56:53.301Z,lorawan-gateway-evidence-fabric-adapter-1,0.00,"3.75MiB / 192MiB",1.95
2026-09-17T05:56:53.301Z,lorawan-gateway-evidence-verifier-1,5.37,"12.71MiB / 192MiB",6.62
2026-09-17T05:56:53.301Z,seaweedfs,7.37,"145.4MiB / 256MiB",56.81
2026-09-17T05:56:53.301Z,seaweedfs-metadata-etcd,5.19,"63.84MiB / 96MiB",66.50
2026-09-17T05:56:53.301Z,openbao,3.24,"43.93MiB / 512MiB",8.58
2026-09-17T05:56:53.301Z,chirpstack,0.29,"36.26MiB / 1.922GiB",1.84
2026-09-17T05:56:53.301Z,spilo,0.94,"192.4MiB / 1.922GiB",9.78
2026-09-17T05:56:53.301Z,etcd,0.75,"60.84MiB / 1.922GiB",3.09
2026-09-17T05:57:00.534Z,lorawan-gateway-evidence-ingest-1,0.00,"3.301MiB / 192MiB",1.72
2026-09-17T05:57:00.534Z,lorawan-gateway-evidence-fabric-adapter-1,0.00,"3.75MiB / 192MiB",1.95
2026-09-17T05:57:00.534Z,lorawan-gateway-evidence-verifier-1,11.97,"13.12MiB / 192MiB",6.83
2026-09-17T05:57:00.534Z,seaweedfs,22.06,"145.4MiB / 256MiB",56.80
2026-09-17T05:57:00.534Z,seaweedfs-metadata-etcd,16.27,"63.85MiB / 96MiB",66.51
2026-09-17T05:57:00.534Z,openbao,2.74,"43.93MiB / 512MiB",8.58
2026-09-17T05:57:00.534Z,chirpstack,0.37,"36.26MiB / 1.922GiB",1.84
2026-09-17T05:57:00.534Z,spilo,2.03,"192.4MiB / 1.922GiB",9.78
2026-09-17T05:57:00.534Z,etcd,1.01,"60.84MiB / 1.922GiB",3.09
2026-09-17T05:57:07.847Z,lorawan-gateway-evidence-ingest-1,0.00,"3.301MiB / 192MiB",1.72
2026-09-17T05:57:07.847Z,lorawan-gateway-evidence-fabric-adapter-1,0.00,"3.75MiB / 192MiB",1.95
2026-09-17T05:57:07.847Z,lorawan-gateway-evidence-verifier-1,0.10,"12.58MiB / 192MiB",6.55
2026-09-17T05:57:07.847Z,seaweedfs,0.47,"143.8MiB / 256MiB",56.18
2026-09-17T05:57:07.847Z,seaweedfs-metadata-etcd,2.03,"63.84MiB / 96MiB",66.50
2026-09-17T05:57:07.847Z,openbao,3.20,"43.93MiB / 512MiB",8.58
2026-09-17T05:57:07.847Z,chirpstack,0.42,"36.26MiB / 1.922GiB",1.84
2026-09-17T05:57:07.847Z,spilo,1.14,"192.4MiB / 1.922GiB",9.78
2026-09-17T05:57:07.847Z,etcd,0.85,"60.84MiB / 1.922GiB",3.09
2026-09-17T05:57:15.213Z,lorawan-gateway-evidence-ingest-1,0.00,"3.301MiB / 192MiB",1.72
2026-09-17T05:57:15.213Z,lorawan-gateway-evidence-fabric-adapter-1,0.00,"3.75MiB / 192MiB",1.95
2026-09-17T05:57:15.213Z,lorawan-gateway-evidence-verifier-1,5.50,"12.6MiB / 192MiB",6.56
2026-09-17T05:57:15.213Z,seaweedfs,7.17,"145.3MiB / 256MiB",56.77
2026-09-17T05:57:15.213Z,seaweedfs-metadata-etcd,4.16,"63.84MiB / 96MiB",66.50
2026-09-17T05:57:15.213Z,openbao,2.38,"43.93MiB / 512MiB",8.58
2026-09-17T05:57:15.213Z,chirpstack,0.31,"36.26MiB / 1.922GiB",1.84
2026-09-17T05:57:15.213Z,spilo,2.12,"192.4MiB / 1.922GiB",9.78
2026-09-17T05:57:15.213Z,etcd,2.26,"60.85MiB / 1.922GiB",3.09
2026-09-17T05:57:22.473Z,lorawan-gateway-evidence-ingest-1,0.00,"3.301MiB / 192MiB",1.72
2026-09-17T05:57:22.473Z,lorawan-gateway-evidence-fabric-adapter-1,0.00,"3.75MiB / 192MiB",1.95
2026-09-17T05:57:22.473Z,lorawan-gateway-evidence-verifier-1,16.90,"12.99MiB / 192MiB",6.77
2026-09-17T05:57:22.473Z,seaweedfs,22.69,"145.3MiB / 256MiB",56.77
2026-09-17T05:57:22.473Z,seaweedfs-metadata-etcd,10.82,"63.84MiB / 96MiB",66.50
2026-09-17T05:57:22.473Z,openbao,2.04,"43.93MiB / 512MiB",8.58
2026-09-17T05:57:22.473Z,chirpstack,0.40,"36.26MiB / 1.922GiB",1.84
2026-09-17T05:57:22.473Z,spilo,1.28,"192.4MiB / 1.922GiB",9.78
2026-09-17T05:57:22.473Z,etcd,1.31,"60.84MiB / 1.922GiB",3.09
2026-09-17T05:57:29.797Z,lorawan-gateway-evidence-ingest-1,0.00,"3.301MiB / 192MiB",1.72
2026-09-17T05:57:29.797Z,lorawan-gateway-evidence-fabric-adapter-1,0.00,"3.75MiB / 192MiB",1.95
2026-09-17T05:57:29.797Z,lorawan-gateway-evidence-verifier-1,0.12,"13.18MiB / 192MiB",6.87
2026-09-17T05:57:29.797Z,seaweedfs,1.26,"145.3MiB / 256MiB",56.77
2026-09-17T05:57:29.797Z,seaweedfs-metadata-etcd,2.57,"63.84MiB / 96MiB",66.50
2026-09-17T05:57:29.797Z,openbao,2.96,"43.93MiB / 512MiB",8.58
2026-09-17T05:57:29.797Z,chirpstack,0.44,"36.26MiB / 1.922GiB",1.84
2026-09-17T05:57:29.797Z,spilo,1.00,"192.4MiB / 1.922GiB",9.78
2026-09-17T05:57:29.797Z,etcd,1.08,"60.84MiB / 1.922GiB",3.09
2026-09-17T05:57:37.342Z,lorawan-gateway-evidence-ingest-1,0.00,"3.301MiB / 192MiB",1.72
2026-09-17T05:57:37.342Z,lorawan-gateway-evidence-fabric-adapter-1,0.00,"3.75MiB / 192MiB",1.95
2026-09-17T05:57:37.342Z,lorawan-gateway-evidence-verifier-1,3.80,"13.22MiB / 192MiB",6.89
2026-09-17T05:57:37.342Z,seaweedfs,5.59,"145.3MiB / 256MiB",56.77
2026-09-17T05:57:37.342Z,seaweedfs-metadata-etcd,3.40,"63.84MiB / 96MiB",66.50
2026-09-17T05:57:37.342Z,openbao,2.08,"43.93MiB / 512MiB",8.58
2026-09-17T05:57:37.342Z,chirpstack,0.32,"36.26MiB / 1.922GiB",1.84
2026-09-17T05:57:37.342Z,spilo,0.90,"192.4MiB / 1.922GiB",9.78
2026-09-17T05:57:37.342Z,etcd,0.87,"60.84MiB / 1.922GiB",3.09
2026-09-17T05:57:44.555Z,lorawan-gateway-evidence-ingest-1,0.00,"3.301MiB / 192MiB",1.72
2026-09-17T05:57:44.555Z,lorawan-gateway-evidence-fabric-adapter-1,0.00,"3.75MiB / 192MiB",1.95
2026-09-17T05:57:44.555Z,lorawan-gateway-evidence-verifier-1,12.94,"13.02MiB / 192MiB",6.78
2026-09-17T05:57:44.555Z,seaweedfs,25.13,"144.4MiB / 256MiB",56.41
2026-09-17T05:57:44.555Z,seaweedfs-metadata-etcd,16.22,"63.85MiB / 96MiB",66.51
2026-09-17T05:57:44.555Z,openbao,2.09,"43.93MiB / 512MiB",8.58
2026-09-17T05:57:44.555Z,chirpstack,0.37,"36.26MiB / 1.922GiB",1.84
2026-09-17T05:57:44.555Z,spilo,3.12,"192.4MiB / 1.922GiB",9.78
2026-09-17T05:57:44.555Z,etcd,1.22,"60.84MiB / 1.922GiB",3.09
2026-09-17T05:57:51.855Z,lorawan-gateway-evidence-ingest-1,0.00,"3.301MiB / 192MiB",1.72
2026-09-17T05:57:51.855Z,lorawan-gateway-evidence-fabric-adapter-1,0.00,"3.75MiB / 192MiB",1.95
2026-09-17T05:57:51.855Z,lorawan-gateway-evidence-verifier-1,13.01,"12.98MiB / 192MiB",6.76
2026-09-17T05:57:51.855Z,seaweedfs,19.74,"144.4MiB / 256MiB",56.41
2026-09-17T05:57:51.855Z,seaweedfs-metadata-etcd,8.68,"63.84MiB / 96MiB",66.50
2026-09-17T05:57:51.855Z,openbao,2.12,"43.93MiB / 512MiB",8.58
2026-09-17T05:57:51.855Z,chirpstack,0.28,"36.26MiB / 1.922GiB",1.84
2026-09-17T05:57:51.855Z,spilo,1.38,"192.4MiB / 1.922GiB",9.78
2026-09-17T05:57:51.855Z,etcd,0.82,"60.84MiB / 1.922GiB",3.09
2026-09-17T05:57:59.411Z,lorawan-gateway-evidence-ingest-1,0.00,"3.301MiB / 192MiB",1.72
2026-09-17T05:57:59.411Z,lorawan-gateway-evidence-fabric-adapter-1,0.00,"3.75MiB / 192MiB",1.95
2026-09-17T05:57:59.411Z,lorawan-gateway-evidence-verifier-1,8.40,"13.17MiB / 192MiB",6.86
2026-09-17T05:57:59.411Z,seaweedfs,12.58,"144.4MiB / 256MiB",56.42
2026-09-17T05:57:59.411Z,seaweedfs-metadata-etcd,10.64,"63.84MiB / 96MiB",66.50
2026-09-17T05:57:59.411Z,openbao,4.10,"43.93MiB / 512MiB",8.58
2026-09-17T05:57:59.411Z,chirpstack,0.59,"36.26MiB / 1.922GiB",1.84
2026-09-17T05:57:59.411Z,spilo,2.07,"192.4MiB / 1.922GiB",9.78
2026-09-17T05:57:59.411Z,etcd,1.28,"60.88MiB / 1.922GiB",3.09
2026-09-17T05:58:06.719Z,lorawan-gateway-evidence-ingest-1,0.00,"3.301MiB / 192MiB",1.72
2026-09-17T05:58:06.719Z,lorawan-gateway-evidence-fabric-adapter-1,0.00,"3.75MiB / 192MiB",1.95
2026-09-17T05:58:06.719Z,lorawan-gateway-evidence-verifier-1,0.00,"12.98MiB / 192MiB",6.76
2026-09-17T05:58:06.719Z,seaweedfs,0.84,"144.3MiB / 256MiB",56.35
2026-09-17T05:58:06.719Z,seaweedfs-metadata-etcd,1.76,"63.84MiB / 96MiB",66.50
2026-09-17T05:58:06.719Z,openbao,2.44,"43.93MiB / 512MiB",8.58
2026-09-17T05:58:06.719Z,chirpstack,0.40,"36.26MiB / 1.922GiB",1.84
2026-09-17T05:58:06.719Z,spilo,1.39,"192.4MiB / 1.922GiB",9.78
2026-09-17T05:58:06.719Z,etcd,1.24,"61.14MiB / 1.922GiB",3.11
2026-09-17T05:58:14.080Z,lorawan-gateway-evidence-ingest-1,0.00,"3.301MiB / 192MiB",1.72
2026-09-17T05:58:14.080Z,lorawan-gateway-evidence-fabric-adapter-1,0.00,"3.75MiB / 192MiB",1.95
2026-09-17T05:58:14.080Z,lorawan-gateway-evidence-verifier-1,8.45,"12.75MiB / 192MiB",6.64
2026-09-17T05:58:14.080Z,seaweedfs,13.61,"144.3MiB / 256MiB",56.35
2026-09-17T05:58:14.080Z,seaweedfs-metadata-etcd,6.65,"63.85MiB / 96MiB",66.51
2026-09-17T05:58:14.080Z,openbao,4.18,"43.93MiB / 512MiB",8.58
2026-09-17T05:58:14.080Z,chirpstack,0.40,"36.26MiB / 1.922GiB",1.84
2026-09-17T05:58:14.080Z,spilo,1.98,"192.4MiB / 1.922GiB",9.78
2026-09-17T05:58:14.080Z,etcd,1.78,"61.14MiB / 1.922GiB",3.11
2026-09-17T05:58:21.363Z,lorawan-gateway-evidence-ingest-1,0.02,"3.301MiB / 192MiB",1.72
2026-09-17T05:58:21.363Z,lorawan-gateway-evidence-fabric-adapter-1,0.00,"3.75MiB / 192MiB",1.95
2026-09-17T05:58:21.363Z,lorawan-gateway-evidence-verifier-1,5.52,"12.79MiB / 192MiB",6.66
2026-09-17T05:58:21.363Z,seaweedfs,9.62,"144.2MiB / 256MiB",56.33
2026-09-17T05:58:21.363Z,seaweedfs-metadata-etcd,4.84,"63.84MiB / 96MiB",66.50
2026-09-17T05:58:21.363Z,openbao,2.91,"43.93MiB / 512MiB",8.58
2026-09-17T05:58:21.363Z,chirpstack,0.58,"36.26MiB / 1.922GiB",1.84
2026-09-17T05:58:21.363Z,spilo,1.59,"192.4MiB / 1.922GiB",9.78
2026-09-17T05:58:21.363Z,etcd,1.06,"61.29MiB / 1.922GiB",3.11
2026-09-17T05:58:28.656Z,lorawan-gateway-evidence-ingest-1,0.00,"3.301MiB / 192MiB",1.72
2026-09-17T05:58:28.656Z,lorawan-gateway-evidence-fabric-adapter-1,0.00,"3.75MiB / 192MiB",1.95
2026-09-17T05:58:28.656Z,lorawan-gateway-evidence-verifier-1,14.12,"13.18MiB / 192MiB",6.86
2026-09-17T05:58:28.656Z,seaweedfs,22.73,"144.4MiB / 256MiB",56.39
2026-09-17T05:58:28.656Z,seaweedfs-metadata-etcd,15.81,"63.84MiB / 96MiB",66.50
2026-09-17T05:58:28.656Z,openbao,2.44,"43.93MiB / 512MiB",8.58
2026-09-17T05:58:28.656Z,chirpstack,0.42,"36.26MiB / 1.922GiB",1.84
2026-09-17T05:58:28.656Z,spilo,1.25,"192.5MiB / 1.922GiB",9.78
2026-09-17T05:58:28.656Z,etcd,1.04,"61.3MiB / 1.922GiB",3.11
2026-09-17T05:58:36.133Z,lorawan-gateway-evidence-ingest-1,0.00,"3.301MiB / 192MiB",1.72
2026-09-17T05:58:36.133Z,lorawan-gateway-evidence-fabric-adapter-1,0.00,"3.75MiB / 192MiB",1.95
2026-09-17T05:58:36.133Z,lorawan-gateway-evidence-verifier-1,6.52,"13.12MiB / 192MiB",6.83
2026-09-17T05:58:36.133Z,seaweedfs,15.04,"144.7MiB / 256MiB",56.51
2026-09-17T05:58:36.133Z,seaweedfs-metadata-etcd,8.62,"63.85MiB / 96MiB",66.51
2026-09-17T05:58:36.133Z,openbao,2.69,"43.93MiB / 512MiB",8.58
2026-09-17T05:58:36.133Z,chirpstack,0.27,"36.26MiB / 1.922GiB",1.84
2026-09-17T05:58:36.133Z,spilo,1.41,"192.5MiB / 1.922GiB",9.78
2026-09-17T05:58:36.133Z,etcd,2.21,"61.31MiB / 1.922GiB",3.12
2026-09-17T05:58:43.382Z,lorawan-gateway-evidence-ingest-1,0.00,"3.301MiB / 192MiB",1.72
2026-09-17T05:58:43.382Z,lorawan-gateway-evidence-fabric-adapter-1,0.00,"3.75MiB / 192MiB",1.95
2026-09-17T05:58:43.382Z,lorawan-gateway-evidence-verifier-1,4.34,"12.63MiB / 192MiB",6.58
2026-09-17T05:58:43.382Z,seaweedfs,10.97,"144MiB / 256MiB",56.25
2026-09-17T05:58:43.382Z,seaweedfs-metadata-etcd,6.30,"63.84MiB / 96MiB",66.50
2026-09-17T05:58:43.382Z,openbao,4.46,"43.93MiB / 512MiB",8.58
2026-09-17T05:58:43.382Z,chirpstack,2.27,"36.26MiB / 1.922GiB",1.84
2026-09-17T05:58:43.382Z,spilo,1.83,"192.4MiB / 1.922GiB",9.78
2026-09-17T05:58:43.382Z,etcd,0.96,"61.31MiB / 1.922GiB",3.12
2026-09-17T05:58:50.670Z,lorawan-gateway-evidence-ingest-1,0.00,"3.301MiB / 192MiB",1.72
2026-09-17T05:58:50.670Z,lorawan-gateway-evidence-fabric-adapter-1,0.00,"3.75MiB / 192MiB",1.95
2026-09-17T05:58:50.670Z,lorawan-gateway-evidence-verifier-1,11.19,"12.63MiB / 192MiB",6.58
2026-09-17T05:58:50.670Z,seaweedfs,14.72,"144.4MiB / 256MiB",56.41
2026-09-17T05:58:50.670Z,seaweedfs-metadata-etcd,7.58,"63.84MiB / 96MiB",66.50
2026-09-17T05:58:50.670Z,openbao,2.14,"43.93MiB / 512MiB",8.58
2026-09-17T05:58:50.670Z,chirpstack,0.37,"36.26MiB / 1.922GiB",1.84
2026-09-17T05:58:50.670Z,spilo,1.26,"192.5MiB / 1.922GiB",9.78
2026-09-17T05:58:50.670Z,etcd,0.75,"61.31MiB / 1.922GiB",3.12
2026-09-17T05:58:58.088Z,lorawan-gateway-evidence-ingest-1,0.00,"3.301MiB / 192MiB",1.72
2026-09-17T05:58:58.088Z,lorawan-gateway-evidence-fabric-adapter-1,0.00,"3.75MiB / 192MiB",1.95
2026-09-17T05:58:58.088Z,lorawan-gateway-evidence-verifier-1,7.41,"12.88MiB / 192MiB",6.71
2026-09-17T05:58:58.088Z,seaweedfs,14.08,"144.2MiB / 256MiB",56.32
2026-09-17T05:58:58.088Z,seaweedfs-metadata-etcd,13.80,"63.85MiB / 96MiB",66.51
2026-09-17T05:58:58.088Z,openbao,3.07,"43.93MiB / 512MiB",8.58
2026-09-17T05:58:58.088Z,chirpstack,0.46,"36.26MiB / 1.922GiB",1.84
2026-09-17T05:58:58.088Z,spilo,2.61,"192.5MiB / 1.922GiB",9.78
2026-09-17T05:58:58.088Z,etcd,0.88,"61.31MiB / 1.922GiB",3.12
2026-09-17T05:59:05.509Z,lorawan-gateway-evidence-ingest-1,0.00,"3.301MiB / 192MiB",1.72
2026-09-17T05:59:05.509Z,lorawan-gateway-evidence-fabric-adapter-1,0.00,"3.75MiB / 192MiB",1.95
2026-09-17T05:59:05.509Z,lorawan-gateway-evidence-verifier-1,5.08,"13.22MiB / 192MiB",6.88
2026-09-17T05:59:05.509Z,seaweedfs,6.92,"144.4MiB / 256MiB",56.41
2026-09-17T05:59:05.509Z,seaweedfs-metadata-etcd,4.18,"63.84MiB / 96MiB",66.50
2026-09-17T05:59:05.509Z,openbao,2.71,"43.93MiB / 512MiB",8.58
2026-09-17T05:59:05.509Z,chirpstack,0.39,"36.26MiB / 1.922GiB",1.84
2026-09-17T05:59:05.509Z,spilo,1.62,"192.5MiB / 1.922GiB",9.78
2026-09-17T05:59:05.509Z,etcd,2.97,"61.31MiB / 1.922GiB",3.12
2026-09-17T05:59:12.787Z,lorawan-gateway-evidence-ingest-1,0.00,"3.301MiB / 192MiB",1.72
2026-09-17T05:59:12.787Z,lorawan-gateway-evidence-fabric-adapter-1,0.00,"3.75MiB / 192MiB",1.95
2026-09-17T05:59:12.787Z,lorawan-gateway-evidence-verifier-1,11.00,"13.04MiB / 192MiB",6.79
2026-09-17T05:59:12.787Z,seaweedfs,15.18,"144.7MiB / 256MiB",56.52
2026-09-17T05:59:12.787Z,seaweedfs-metadata-etcd,8.07,"63.84MiB / 96MiB",66.50
2026-09-17T05:59:12.787Z,openbao,2.27,"43.93MiB / 512MiB",8.58
2026-09-17T05:59:12.787Z,chirpstack,0.42,"36.26MiB / 1.922GiB",1.84
2026-09-17T05:59:12.787Z,spilo,1.40,"192.5MiB / 1.922GiB",9.78
2026-09-17T05:59:12.787Z,etcd,1.02,"61.31MiB / 1.922GiB",3.12
2026-09-17T05:59:20.184Z,lorawan-gateway-evidence-ingest-1,0.00,"3.301MiB / 192MiB",1.72
2026-09-17T05:59:20.184Z,lorawan-gateway-evidence-fabric-adapter-1,0.00,"3.75MiB / 192MiB",1.95
2026-09-17T05:59:20.184Z,lorawan-gateway-evidence-verifier-1,9.72,"13.14MiB / 192MiB",6.85
2026-09-17T05:59:20.184Z,seaweedfs,16.60,"145MiB / 256MiB",56.62
2026-09-17T05:59:20.184Z,seaweedfs-metadata-etcd,11.37,"63.85MiB / 96MiB",66.51
2026-09-17T05:59:20.184Z,openbao,2.25,"43.93MiB / 512MiB",8.58
2026-09-17T05:59:20.184Z,chirpstack,0.25,"36.26MiB / 1.922GiB",1.84
2026-09-17T05:59:20.184Z,spilo,1.13,"192.5MiB / 1.922GiB",9.78
2026-09-17T05:59:20.184Z,etcd,0.85,"61.31MiB / 1.922GiB",3.12
2026-09-17T05:59:27.595Z,lorawan-gateway-evidence-ingest-1,0.00,"3.301MiB / 192MiB",1.72
2026-09-17T05:59:27.595Z,lorawan-gateway-evidence-fabric-adapter-1,0.00,"3.75MiB / 192MiB",1.95
2026-09-17T05:59:27.595Z,lorawan-gateway-evidence-verifier-1,2.36,"12.78MiB / 192MiB",6.66
2026-09-17T05:59:27.595Z,seaweedfs,7.59,"144.7MiB / 256MiB",56.52
2026-09-17T05:59:27.595Z,seaweedfs-metadata-etcd,11.95,"63.86MiB / 96MiB",66.52
2026-09-17T05:59:27.595Z,openbao,2.28,"43.93MiB / 512MiB",8.58
2026-09-17T05:59:27.595Z,chirpstack,2.30,"36.26MiB / 1.922GiB",1.84
2026-09-17T05:59:27.595Z,spilo,1.62,"192.5MiB / 1.922GiB",9.78
2026-09-17T05:59:27.595Z,etcd,1.14,"61.31MiB / 1.922GiB",3.12
2026-09-17T05:59:35.004Z,lorawan-gateway-evidence-ingest-1,0.00,"3.301MiB / 192MiB",1.72
2026-09-17T05:59:35.004Z,lorawan-gateway-evidence-fabric-adapter-1,0.00,"3.75MiB / 192MiB",1.95
2026-09-17T05:59:35.004Z,lorawan-gateway-evidence-verifier-1,15.45,"13.08MiB / 192MiB",6.81
2026-09-17T05:59:35.004Z,seaweedfs,22.67,"153.2MiB / 256MiB",59.84
2026-09-17T05:59:35.004Z,seaweedfs-metadata-etcd,15.02,"63.85MiB / 96MiB",66.51
2026-09-17T05:59:35.004Z,openbao,2.59,"43.93MiB / 512MiB",8.58
2026-09-17T05:59:35.004Z,chirpstack,0.55,"36.26MiB / 1.922GiB",1.84
2026-09-17T05:59:35.004Z,spilo,2.40,"192.5MiB / 1.922GiB",9.78
2026-09-17T05:59:35.004Z,etcd,1.35,"61.32MiB / 1.922GiB",3.12
2026-09-17T05:59:42.559Z,lorawan-gateway-evidence-ingest-1,0.00,"3.301MiB / 192MiB",1.72
2026-09-17T05:59:42.559Z,lorawan-gateway-evidence-fabric-adapter-1,0.00,"3.75MiB / 192MiB",1.95
2026-09-17T05:59:42.559Z,lorawan-gateway-evidence-verifier-1,11.22,"12.75MiB / 192MiB",6.64
2026-09-17T05:59:42.559Z,seaweedfs,9.41,"152.1MiB / 256MiB",59.43
2026-09-17T05:59:42.559Z,seaweedfs-metadata-etcd,4.20,"63.84MiB / 96MiB",66.50
2026-09-17T05:59:42.559Z,openbao,2.22,"43.93MiB / 512MiB",8.58
2026-09-17T05:59:42.559Z,chirpstack,2.33,"36.26MiB / 1.922GiB",1.84
2026-09-17T05:59:42.559Z,spilo,1.27,"192.5MiB / 1.922GiB",9.78
2026-09-17T05:59:42.559Z,etcd,1.43,"61.32MiB / 1.922GiB",3.12
2026-09-17T05:59:49.928Z,lorawan-gateway-evidence-ingest-1,0.00,"3.301MiB / 192MiB",1.72
2026-09-17T05:59:49.928Z,lorawan-gateway-evidence-fabric-adapter-1,0.00,"3.75MiB / 192MiB",1.95
2026-09-17T05:59:49.928Z,lorawan-gateway-evidence-verifier-1,15.84,"13.11MiB / 192MiB",6.83
2026-09-17T05:59:49.928Z,seaweedfs,21.08,"145MiB / 256MiB",56.64
2026-09-17T05:59:49.928Z,seaweedfs-metadata-etcd,15.80,"63.84MiB / 96MiB",66.50
2026-09-17T05:59:49.928Z,openbao,3.20,"43.94MiB / 512MiB",8.58
2026-09-17T05:59:49.928Z,chirpstack,0.38,"36.26MiB / 1.922GiB",1.84
2026-09-17T05:59:49.928Z,spilo,2.11,"192.5MiB / 1.922GiB",9.78
2026-09-17T05:59:49.928Z,etcd,1.00,"61.32MiB / 1.922GiB",3.12
2026-09-17T05:59:57.519Z,lorawan-gateway-evidence-ingest-1,0.00,"3.301MiB / 192MiB",1.72
2026-09-17T05:59:57.519Z,lorawan-gateway-evidence-fabric-adapter-1,0.00,"3.75MiB / 192MiB",1.95
2026-09-17T05:59:57.519Z,lorawan-gateway-evidence-verifier-1,0.00,"13.04MiB / 192MiB",6.79
2026-09-17T05:59:57.519Z,seaweedfs,0.62,"144.9MiB / 256MiB",56.61
2026-09-17T05:59:57.519Z,seaweedfs-metadata-etcd,1.65,"63.84MiB / 96MiB",66.50
2026-09-17T05:59:57.519Z,openbao,2.37,"43.94MiB / 512MiB",8.58
2026-09-17T05:59:57.519Z,chirpstack,0.41,"36.26MiB / 1.922GiB",1.84
2026-09-17T05:59:57.519Z,spilo,1.28,"192.5MiB / 1.922GiB",9.78
2026-09-17T05:59:57.519Z,etcd,1.13,"61.32MiB / 1.922GiB",3.12
2026-09-17T06:00:04.730Z,lorawan-gateway-evidence-ingest-1,0.00,"3.301MiB / 192MiB",1.72
2026-09-17T06:00:04.730Z,lorawan-gateway-evidence-fabric-adapter-1,0.00,"3.75MiB / 192MiB",1.95
2026-09-17T06:00:04.730Z,lorawan-gateway-evidence-verifier-1,0.00,"13.21MiB / 192MiB",6.88
2026-09-17T06:00:04.730Z,seaweedfs,1.08,"152.9MiB / 256MiB",59.74
2026-09-17T06:00:04.730Z,seaweedfs-metadata-etcd,3.48,"63.84MiB / 96MiB",66.50
2026-09-17T06:00:04.730Z,openbao,6.10,"43.95MiB / 512MiB",8.58
2026-09-17T06:00:04.730Z,chirpstack,0.83,"36.26MiB / 1.922GiB",1.84
2026-09-17T06:00:04.730Z,spilo,4.15,"192.5MiB / 1.922GiB",9.78
2026-09-17T06:00:04.730Z,etcd,2.04,"61.32MiB / 1.922GiB",3.12
2026-09-17T06:00:12.219Z,lorawan-gateway-evidence-ingest-1,0.00,"3.301MiB / 192MiB",1.72
2026-09-17T06:00:12.219Z,lorawan-gateway-evidence-fabric-adapter-1,0.00,"3.75MiB / 192MiB",1.95
2026-09-17T06:00:12.219Z,lorawan-gateway-evidence-verifier-1,0.17,"13.21MiB / 192MiB",6.88
2026-09-17T06:00:12.219Z,seaweedfs,0.69,"152.9MiB / 256MiB",59.74
2026-09-17T06:00:12.219Z,seaweedfs-metadata-etcd,2.16,"63.84MiB / 96MiB",66.50
2026-09-17T06:00:12.219Z,openbao,4.64,"43.95MiB / 512MiB",8.58
2026-09-17T06:00:12.219Z,chirpstack,0.34,"36.26MiB / 1.922GiB",1.84
2026-09-17T06:00:12.219Z,spilo,1.60,"192.5MiB / 1.922GiB",9.78
2026-09-17T06:00:12.219Z,etcd,2.23,"61.32MiB / 1.922GiB",3.12
2026-09-17T06:00:19.494Z,lorawan-gateway-evidence-ingest-1,0.00,"3.301MiB / 192MiB",1.72
2026-09-17T06:00:19.494Z,lorawan-gateway-evidence-fabric-adapter-1,0.00,"3.75MiB / 192MiB",1.95
2026-09-17T06:00:19.494Z,lorawan-gateway-evidence-verifier-1,0.00,"12.64MiB / 192MiB",6.59
2026-09-17T06:00:19.494Z,seaweedfs,1.05,"144.2MiB / 256MiB",56.33
2026-09-17T06:00:19.494Z,seaweedfs-metadata-etcd,1.95,"63.84MiB / 96MiB",66.50
2026-09-17T06:00:19.494Z,openbao,3.85,"43.95MiB / 512MiB",8.58
2026-09-17T06:00:19.494Z,chirpstack,1.05,"36.26MiB / 1.922GiB",1.84
2026-09-17T06:00:19.494Z,spilo,1.88,"192.5MiB / 1.922GiB",9.78
2026-09-17T06:00:19.494Z,etcd,3.02,"61.32MiB / 1.922GiB",3.12
2026-09-17T06:00:26.754Z,lorawan-gateway-evidence-ingest-1,0.00,"3.301MiB / 192MiB",1.72
2026-09-17T06:00:26.754Z,lorawan-gateway-evidence-fabric-adapter-1,0.00,"3.75MiB / 192MiB",1.95
2026-09-17T06:00:26.754Z,lorawan-gateway-evidence-verifier-1,0.00,"12.64MiB / 192MiB",6.59
2026-09-17T06:00:26.754Z,seaweedfs,0.69,"144.2MiB / 256MiB",56.34
2026-09-17T06:00:26.754Z,seaweedfs-metadata-etcd,4.04,"64.3MiB / 96MiB",66.98
2026-09-17T06:00:26.754Z,openbao,3.83,"43.95MiB / 512MiB",8.58
2026-09-17T06:00:26.754Z,chirpstack,0.30,"36.26MiB / 1.922GiB",1.84
2026-09-17T06:00:26.754Z,spilo,1.38,"192.5MiB / 1.922GiB",9.78
2026-09-17T06:00:26.754Z,etcd,2.56,"61.32MiB / 1.922GiB",3.12
2026-09-17T06:00:34.082Z,lorawan-gateway-evidence-ingest-1,0.00,"3.301MiB / 192MiB",1.72
2026-09-17T06:00:34.082Z,lorawan-gateway-evidence-fabric-adapter-1,0.00,"3.75MiB / 192MiB",1.95
2026-09-17T06:00:34.082Z,lorawan-gateway-evidence-verifier-1,8.37,"13.22MiB / 192MiB",6.89
2026-09-17T06:00:34.082Z,seaweedfs,13.70,"144.3MiB / 256MiB",56.36
2026-09-17T06:00:34.082Z,seaweedfs-metadata-etcd,7.97,"64.31MiB / 96MiB",66.99
2026-09-17T06:00:34.082Z,openbao,4.40,"43.95MiB / 512MiB",8.58
2026-09-17T06:00:34.082Z,chirpstack,0.53,"36.27MiB / 1.922GiB",1.84
2026-09-17T06:00:34.082Z,spilo,1.80,"192.5MiB / 1.922GiB",9.78
2026-09-17T06:00:34.082Z,etcd,1.52,"61.32MiB / 1.922GiB",3.12
2026-09-17T06:00:41.418Z,lorawan-gateway-evidence-ingest-1,0.00,"3.301MiB / 192MiB",1.72
2026-09-17T06:00:41.418Z,lorawan-gateway-evidence-fabric-adapter-1,0.00,"3.75MiB / 192MiB",1.95
2026-09-17T06:00:41.418Z,lorawan-gateway-evidence-verifier-1,0.00,"12.58MiB / 192MiB",6.55
2026-09-17T06:00:41.418Z,seaweedfs,0.82,"145.9MiB / 256MiB",57.00
2026-09-17T06:00:41.418Z,seaweedfs-metadata-etcd,1.31,"64.31MiB / 96MiB",66.99
2026-09-17T06:00:41.418Z,openbao,3.16,"43.95MiB / 512MiB",8.58
2026-09-17T06:00:41.418Z,chirpstack,0.46,"36.26MiB / 1.922GiB",1.84
2026-09-17T06:00:41.418Z,spilo,1.01,"192.5MiB / 1.922GiB",9.78
2026-09-17T06:00:41.418Z,etcd,1.03,"61.32MiB / 1.922GiB",3.12
2026-09-17T06:00:48.678Z,lorawan-gateway-evidence-ingest-1,0.00,"3.301MiB / 192MiB",1.72
2026-09-17T06:00:48.678Z,lorawan-gateway-evidence-fabric-adapter-1,0.00,"3.75MiB / 192MiB",1.95
2026-09-17T06:00:48.678Z,lorawan-gateway-evidence-verifier-1,17.00,"13.22MiB / 192MiB",6.88
2026-09-17T06:00:48.678Z,seaweedfs,28.96,"144.7MiB / 256MiB",56.54
2026-09-17T06:00:48.678Z,seaweedfs-metadata-etcd,12.21,"64.32MiB / 96MiB",67.00
2026-09-17T06:00:48.678Z,openbao,3.14,"43.95MiB / 512MiB",8.58
2026-09-17T06:00:48.678Z,chirpstack,0.42,"36.26MiB / 1.922GiB",1.84
2026-09-17T06:00:48.678Z,spilo,2.16,"192.5MiB / 1.922GiB",9.78
2026-09-17T06:00:48.678Z,etcd,1.15,"61.32MiB / 1.922GiB",3.12
2026-09-17T06:00:56.213Z,lorawan-gateway-evidence-ingest-1,0.00,"3.301MiB / 192MiB",1.72
2026-09-17T06:00:56.213Z,lorawan-gateway-evidence-fabric-adapter-1,0.00,"3.75MiB / 192MiB",1.95
2026-09-17T06:00:56.213Z,lorawan-gateway-evidence-verifier-1,0.20,"13.22MiB / 192MiB",6.88
2026-09-17T06:00:56.213Z,seaweedfs,0.52,"144.7MiB / 256MiB",56.54
2026-09-17T06:00:56.213Z,seaweedfs-metadata-etcd,1.27,"64.31MiB / 96MiB",66.99
2026-09-17T06:00:56.213Z,openbao,3.01,"43.95MiB / 512MiB",8.58
2026-09-17T06:00:56.213Z,chirpstack,0.31,"36.26MiB / 1.922GiB",1.84
2026-09-17T06:00:56.213Z,spilo,1.44,"192.5MiB / 1.922GiB",9.78
2026-09-17T06:00:56.213Z,etcd,1.10,"61.32MiB / 1.922GiB",3.12
2026-09-17T06:01:03.499Z,lorawan-gateway-evidence-ingest-1,0.00,"3.301MiB / 192MiB",1.72
2026-09-17T06:01:03.499Z,lorawan-gateway-evidence-fabric-adapter-1,0.00,"3.75MiB / 192MiB",1.95
2026-09-17T06:01:03.499Z,lorawan-gateway-evidence-verifier-1,14.26,"13.22MiB / 192MiB",6.88
2026-09-17T06:01:03.499Z,seaweedfs,20.38,"144.4MiB / 256MiB",56.42
2026-09-17T06:01:03.499Z,seaweedfs-metadata-etcd,15.34,"64.31MiB / 96MiB",66.99
2026-09-17T06:01:03.499Z,openbao,3.06,"43.95MiB / 512MiB",8.58
2026-09-17T06:01:03.499Z,chirpstack,0.76,"36.26MiB / 1.922GiB",1.84
2026-09-17T06:01:03.499Z,spilo,1.70,"192.5MiB / 1.922GiB",9.78
2026-09-17T06:01:03.499Z,etcd,1.40,"61.32MiB / 1.922GiB",3.12
2026-09-17T06:01:10.835Z,lorawan-gateway-evidence-ingest-1,0.00,"3.301MiB / 192MiB",1.72
2026-09-17T06:01:10.835Z,lorawan-gateway-evidence-fabric-adapter-1,0.00,"3.75MiB / 192MiB",1.95
2026-09-17T06:01:10.835Z,lorawan-gateway-evidence-verifier-1,0.00,"13.17MiB / 192MiB",6.86
2026-09-17T06:01:10.835Z,seaweedfs,0.88,"145MiB / 256MiB",56.63
2026-09-17T06:01:10.835Z,seaweedfs-metadata-etcd,1.36,"64.31MiB / 96MiB",66.99
2026-09-17T06:01:10.835Z,openbao,2.73,"43.95MiB / 512MiB",8.58
2026-09-17T06:01:10.835Z,chirpstack,0.33,"36.26MiB / 1.922GiB",1.84
2026-09-17T06:01:10.835Z,spilo,0.56,"192.5MiB / 1.922GiB",9.78
2026-09-17T06:01:10.835Z,etcd,1.64,"61.32MiB / 1.922GiB",3.12
2026-09-17T06:01:18.067Z,lorawan-gateway-evidence-ingest-1,0.00,"3.301MiB / 192MiB",1.72
2026-09-17T06:01:18.067Z,lorawan-gateway-evidence-fabric-adapter-1,0.00,"3.75MiB / 192MiB",1.95
2026-09-17T06:01:18.067Z,lorawan-gateway-evidence-verifier-1,11.34,"12.95MiB / 192MiB",6.74
2026-09-17T06:01:18.067Z,seaweedfs,17.24,"145.9MiB / 256MiB",56.99
2026-09-17T06:01:18.067Z,seaweedfs-metadata-etcd,9.38,"64.31MiB / 96MiB",66.99
2026-09-17T06:01:18.067Z,openbao,2.56,"43.95MiB / 512MiB",8.58
2026-09-17T06:01:18.067Z,chirpstack,0.33,"36.26MiB / 1.922GiB",1.84
2026-09-17T06:01:18.067Z,spilo,3.01,"192.5MiB / 1.922GiB",9.78
2026-09-17T06:01:18.067Z,etcd,0.99,"61.32MiB / 1.922GiB",3.12
2026-09-17T06:01:25.602Z,lorawan-gateway-evidence-ingest-1,0.00,"3.301MiB / 192MiB",1.72
2026-09-17T06:01:25.602Z,lorawan-gateway-evidence-fabric-adapter-1,0.00,"3.75MiB / 192MiB",1.95
2026-09-17T06:01:25.602Z,lorawan-gateway-evidence-verifier-1,0.12,"13.22MiB / 192MiB",6.89
2026-09-17T06:01:25.602Z,seaweedfs,0.69,"145.9MiB / 256MiB",56.99
2026-09-17T06:01:25.602Z,seaweedfs-metadata-etcd,1.05,"64.31MiB / 96MiB",66.99
2026-09-17T06:01:25.602Z,openbao,2.96,"43.95MiB / 512MiB",8.58
2026-09-17T06:01:25.602Z,chirpstack,0.45,"36.26MiB / 1.922GiB",1.84
2026-09-17T06:01:25.602Z,spilo,0.93,"192.5MiB / 1.922GiB",9.78
2026-09-17T06:01:25.602Z,etcd,2.84,"61.32MiB / 1.922GiB",3.12
2026-09-17T06:01:32.824Z,lorawan-gateway-evidence-ingest-1,0.00,"3.301MiB / 192MiB",1.72
2026-09-17T06:01:32.824Z,lorawan-gateway-evidence-fabric-adapter-1,0.00,"3.75MiB / 192MiB",1.95
2026-09-17T06:01:32.824Z,lorawan-gateway-evidence-verifier-1,15.50,"13.22MiB / 192MiB",6.89
2026-09-17T06:01:32.824Z,seaweedfs,23.99,"145.9MiB / 256MiB",56.99
2026-09-17T06:01:32.824Z,seaweedfs-metadata-etcd,9.52,"64.31MiB / 96MiB",66.99
2026-09-17T06:01:32.824Z,openbao,3.20,"43.95MiB / 512MiB",8.58
2026-09-17T06:01:32.824Z,chirpstack,0.53,"36.26MiB / 1.922GiB",1.84
2026-09-17T06:01:32.824Z,spilo,1.67,"192.5MiB / 1.922GiB",9.78
2026-09-17T06:01:32.824Z,etcd,1.04,"61.32MiB / 1.922GiB",3.12
2026-09-17T06:01:40.246Z,lorawan-gateway-evidence-ingest-1,0.00,"3.301MiB / 192MiB",1.72
2026-09-17T06:01:40.246Z,lorawan-gateway-evidence-fabric-adapter-1,0.00,"3.75MiB / 192MiB",1.95
2026-09-17T06:01:40.246Z,lorawan-gateway-evidence-verifier-1,0.13,"12.55MiB / 192MiB",6.54
2026-09-17T06:01:40.246Z,seaweedfs,1.07,"148.2MiB / 256MiB",57.90
2026-09-17T06:01:40.246Z,seaweedfs-metadata-etcd,2.25,"64.31MiB / 96MiB",66.99
2026-09-17T06:01:40.246Z,openbao,3.64,"43.95MiB / 512MiB",8.58
2026-09-17T06:01:40.246Z,chirpstack,0.46,"36.26MiB / 1.922GiB",1.84
2026-09-17T06:01:40.246Z,spilo,1.54,"192.5MiB / 1.922GiB",9.78
2026-09-17T06:01:40.246Z,etcd,1.06,"61.32MiB / 1.922GiB",3.12
2026-09-17T06:01:47.706Z,lorawan-gateway-evidence-ingest-1,0.00,"3.301MiB / 192MiB",1.72
2026-09-17T06:01:47.706Z,lorawan-gateway-evidence-fabric-adapter-1,0.00,"3.75MiB / 192MiB",1.95
2026-09-17T06:01:47.706Z,lorawan-gateway-evidence-verifier-1,5.71,"12.65MiB / 192MiB",6.59
2026-09-17T06:01:47.706Z,seaweedfs,10.30,"144.5MiB / 256MiB",56.46
2026-09-17T06:01:47.706Z,seaweedfs-metadata-etcd,5.76,"64.32MiB / 96MiB",67.00
2026-09-17T06:01:47.706Z,openbao,3.06,"43.95MiB / 512MiB",8.58
2026-09-17T06:01:47.706Z,chirpstack,0.53,"36.27MiB / 1.922GiB",1.84
2026-09-17T06:01:47.706Z,spilo,2.18,"192.5MiB / 1.922GiB",9.78
2026-09-17T06:01:47.706Z,etcd,1.01,"61.32MiB / 1.922GiB",3.12
2026-09-17T06:01:55.143Z,lorawan-gateway-evidence-ingest-1,0.00,"3.301MiB / 192MiB",1.72
2026-09-17T06:01:55.143Z,lorawan-gateway-evidence-fabric-adapter-1,0.00,"3.75MiB / 192MiB",1.95
2026-09-17T06:01:55.143Z,lorawan-gateway-evidence-verifier-1,0.00,"13.04MiB / 192MiB",6.79
2026-09-17T06:01:55.143Z,seaweedfs,0.61,"146MiB / 256MiB",57.03
2026-09-17T06:01:55.143Z,seaweedfs-metadata-etcd,1.63,"64.31MiB / 96MiB",66.99
2026-09-17T06:01:55.143Z,openbao,3.46,"43.95MiB / 512MiB",8.58
2026-09-17T06:01:55.143Z,chirpstack,0.43,"36.26MiB / 1.922GiB",1.84
2026-09-17T06:01:55.143Z,spilo,2.54,"192.5MiB / 1.922GiB",9.78
2026-09-17T06:01:55.143Z,etcd,1.58,"61.32MiB / 1.922GiB",3.12
2026-09-17T06:02:02.416Z,lorawan-gateway-evidence-ingest-1,0.00,"3.301MiB / 192MiB",1.72
2026-09-17T06:02:02.416Z,lorawan-gateway-evidence-fabric-adapter-1,0.00,"3.75MiB / 192MiB",1.95
2026-09-17T06:02:02.416Z,lorawan-gateway-evidence-verifier-1,7.39,"13.02MiB / 192MiB",6.78
2026-09-17T06:02:02.416Z,seaweedfs,20.03,"145.9MiB / 256MiB",57.01
2026-09-17T06:02:02.416Z,seaweedfs-metadata-etcd,22.14,"64.31MiB / 96MiB",66.99
2026-09-17T06:02:02.416Z,openbao,4.28,"43.95MiB / 512MiB",8.58
2026-09-17T06:02:02.416Z,chirpstack,0.46,"36.26MiB / 1.922GiB",1.84
2026-09-17T06:02:02.416Z,spilo,1.57,"192.5MiB / 1.922GiB",9.78
2026-09-17T06:02:02.416Z,etcd,3.25,"61.32MiB / 1.922GiB",3.12
2026-09-17T06:02:10.217Z,lorawan-gateway-evidence-ingest-1,0.00,"3.301MiB / 192MiB",1.72
2026-09-17T06:02:10.217Z,lorawan-gateway-evidence-fabric-adapter-1,0.00,"3.75MiB / 192MiB",1.95
2026-09-17T06:02:10.217Z,lorawan-gateway-evidence-verifier-1,10.56,"12.73MiB / 192MiB",6.63
2026-09-17T06:02:10.217Z,seaweedfs,16.80,"145.9MiB / 256MiB",57.00
2026-09-17T06:02:10.217Z,seaweedfs-metadata-etcd,8.96,"64.32MiB / 96MiB",67.00
2026-09-17T06:02:10.217Z,openbao,2.98,"43.95MiB / 512MiB",8.58
2026-09-17T06:02:10.217Z,chirpstack,0.37,"36.26MiB / 1.922GiB",1.84
2026-09-17T06:02:10.217Z,spilo,1.14,"192.5MiB / 1.922GiB",9.78
2026-09-17T06:02:10.217Z,etcd,1.17,"61.35MiB / 1.922GiB",3.12
2026-09-17T06:02:17.523Z,lorawan-gateway-evidence-ingest-1,0.00,"3.301MiB / 192MiB",1.72
2026-09-17T06:02:17.523Z,lorawan-gateway-evidence-fabric-adapter-1,0.00,"3.75MiB / 192MiB",1.95
2026-09-17T06:02:17.523Z,lorawan-gateway-evidence-verifier-1,6.86,"13MiB / 192MiB",6.77
2026-09-17T06:02:17.523Z,seaweedfs,8.39,"144.7MiB / 256MiB",56.53
2026-09-17T06:02:17.523Z,seaweedfs-metadata-etcd,4.69,"64.31MiB / 96MiB",66.99
2026-09-17T06:02:17.523Z,openbao,3.20,"43.95MiB / 512MiB",8.58
2026-09-17T06:02:17.523Z,chirpstack,0.53,"36.26MiB / 1.922GiB",1.84
2026-09-17T06:02:17.523Z,spilo,1.41,"192.5MiB / 1.922GiB",9.78
2026-09-17T06:02:17.523Z,etcd,1.65,"61.35MiB / 1.922GiB",3.12
2026-09-17T06:02:24.842Z,lorawan-gateway-evidence-ingest-1,0.00,"3.301MiB / 192MiB",1.72
2026-09-17T06:02:24.842Z,lorawan-gateway-evidence-fabric-adapter-1,0.00,"3.75MiB / 192MiB",1.95
2026-09-17T06:02:24.842Z,lorawan-gateway-evidence-verifier-1,11.49,"12.85MiB / 192MiB",6.69
2026-09-17T06:02:24.842Z,seaweedfs,18.49,"145.6MiB / 256MiB",56.88
2026-09-17T06:02:24.842Z,seaweedfs-metadata-etcd,7.60,"64.31MiB / 96MiB",66.99
2026-09-17T06:02:24.842Z,openbao,3.24,"43.95MiB / 512MiB",8.58
2026-09-17T06:02:24.842Z,chirpstack,0.39,"36.26MiB / 1.922GiB",1.84
2026-09-17T06:02:24.842Z,spilo,3.26,"192.5MiB / 1.922GiB",9.78
2026-09-17T06:02:24.842Z,etcd,1.16,"61.35MiB / 1.922GiB",3.12
2026-09-17T06:02:32.438Z,lorawan-gateway-evidence-ingest-1,0.00,"3.301MiB / 192MiB",1.72
2026-09-17T06:02:32.438Z,lorawan-gateway-evidence-fabric-adapter-1,0.00,"3.75MiB / 192MiB",1.95
2026-09-17T06:02:32.438Z,lorawan-gateway-evidence-verifier-1,0.00,"13.04MiB / 192MiB",6.79
2026-09-17T06:02:32.438Z,seaweedfs,0.74,"145.9MiB / 256MiB",57.00
2026-09-17T06:02:32.438Z,seaweedfs-metadata-etcd,1.36,"64.31MiB / 96MiB",66.99
2026-09-17T06:02:32.438Z,openbao,3.25,"43.95MiB / 512MiB",8.58
2026-09-17T06:02:32.438Z,chirpstack,0.26,"36.26MiB / 1.922GiB",1.84
2026-09-17T06:02:32.438Z,spilo,1.07,"192.5MiB / 1.922GiB",9.78
2026-09-17T06:02:32.438Z,etcd,0.95,"61.35MiB / 1.922GiB",3.12
2026-09-17T06:02:39.890Z,lorawan-gateway-evidence-ingest-1,0.00,"3.301MiB / 192MiB",1.72
2026-09-17T06:02:39.890Z,lorawan-gateway-evidence-fabric-adapter-1,0.00,"3.75MiB / 192MiB",1.95
2026-09-17T06:02:39.890Z,lorawan-gateway-evidence-verifier-1,0.09,"13.03MiB / 192MiB",6.79
2026-09-17T06:02:39.890Z,seaweedfs,0.60,"148.5MiB / 256MiB",58.03
2026-09-17T06:02:39.890Z,seaweedfs-metadata-etcd,2.27,"64.31MiB / 96MiB",66.99
2026-09-17T06:02:39.890Z,openbao,2.88,"43.95MiB / 512MiB",8.58
2026-09-17T06:02:39.890Z,chirpstack,0.42,"36.26MiB / 1.922GiB",1.84
2026-09-17T06:02:39.890Z,spilo,1.33,"192.5MiB / 1.922GiB",9.78
2026-09-17T06:02:39.890Z,etcd,0.81,"61.35MiB / 1.922GiB",3.12
2026-09-17T06:02:47.343Z,lorawan-gateway-evidence-ingest-1,0.00,"3.301MiB / 192MiB",1.72
2026-09-17T06:02:47.343Z,lorawan-gateway-evidence-fabric-adapter-1,0.00,"3.75MiB / 192MiB",1.95
2026-09-17T06:02:47.343Z,lorawan-gateway-evidence-verifier-1,7.05,"13.22MiB / 192MiB",6.89
2026-09-17T06:02:47.343Z,seaweedfs,8.82,"142.2MiB / 256MiB",55.55
2026-09-17T06:02:47.343Z,seaweedfs-metadata-etcd,5.33,"64.31MiB / 96MiB",66.99
2026-09-17T06:02:47.343Z,openbao,2.82,"43.95MiB / 512MiB",8.58
2026-09-17T06:02:47.343Z,chirpstack,0.36,"36.26MiB / 1.922GiB",1.84
2026-09-17T06:02:47.343Z,spilo,4.14,"192.5MiB / 1.922GiB",9.78
2026-09-17T06:02:47.343Z,etcd,1.37,"61.35MiB / 1.922GiB",3.12
2026-09-17T06:02:54.619Z,lorawan-gateway-evidence-ingest-1,0.00,"3.301MiB / 192MiB",1.72
2026-09-17T06:02:54.619Z,lorawan-gateway-evidence-fabric-adapter-1,0.00,"3.75MiB / 192MiB",1.95
2026-09-17T06:02:54.619Z,lorawan-gateway-evidence-verifier-1,14.78,"12.71MiB / 192MiB",6.62
2026-09-17T06:02:54.619Z,seaweedfs,22.94,"142.5MiB / 256MiB",55.66
2026-09-17T06:02:54.619Z,seaweedfs-metadata-etcd,9.67,"64.31MiB / 96MiB",66.99
2026-09-17T06:02:54.619Z,openbao,2.22,"43.95MiB / 512MiB",8.58
2026-09-17T06:02:54.619Z,chirpstack,0.30,"36.26MiB / 1.922GiB",1.84
2026-09-17T06:02:54.619Z,spilo,2.98,"192.5MiB / 1.922GiB",9.78
2026-09-17T06:02:54.619Z,etcd,1.53,"61.35MiB / 1.922GiB",3.12
2026-09-17T06:03:01.969Z,lorawan-gateway-evidence-ingest-1,0.00,"3.301MiB / 192MiB",1.72
2026-09-17T06:03:01.969Z,lorawan-gateway-evidence-fabric-adapter-1,0.00,"3.75MiB / 192MiB",1.95
2026-09-17T06:03:01.969Z,lorawan-gateway-evidence-verifier-1,8.20,"12.82MiB / 192MiB",6.68
2026-09-17T06:03:01.969Z,seaweedfs,13.70,"145.1MiB / 256MiB",56.67
2026-09-17T06:03:01.969Z,seaweedfs-metadata-etcd,7.26,"64.32MiB / 96MiB",67.00
2026-09-17T06:03:01.969Z,openbao,3.55,"43.95MiB / 512MiB",8.58
2026-09-17T06:03:01.969Z,chirpstack,0.44,"36.26MiB / 1.922GiB",1.84
2026-09-17T06:03:01.969Z,spilo,1.04,"192.5MiB / 1.922GiB",9.78
2026-09-17T06:03:01.969Z,etcd,0.97,"61.35MiB / 1.922GiB",3.12
2026-09-17T06:03:09.454Z,lorawan-gateway-evidence-ingest-1,0.00,"3.301MiB / 192MiB",1.72
2026-09-17T06:03:09.454Z,lorawan-gateway-evidence-fabric-adapter-1,0.00,"3.75MiB / 192MiB",1.95
2026-09-17T06:03:09.454Z,lorawan-gateway-evidence-verifier-1,2.14,"12.89MiB / 192MiB",6.72
2026-09-17T06:03:09.454Z,seaweedfs,9.15,"146.1MiB / 256MiB",57.05
2026-09-17T06:03:09.454Z,seaweedfs-metadata-etcd,14.51,"64.32MiB / 96MiB",67.00
2026-09-17T06:03:09.454Z,openbao,3.92,"43.95MiB / 512MiB",8.58
2026-09-17T06:03:09.454Z,chirpstack,0.41,"36.26MiB / 1.922GiB",1.84
2026-09-17T06:03:09.454Z,spilo,1.51,"192.5MiB / 1.922GiB",9.78
2026-09-17T06:03:09.454Z,etcd,1.14,"61.35MiB / 1.922GiB",3.12
2026-09-17T06:03:17.002Z,lorawan-gateway-evidence-ingest-1,0.00,"3.301MiB / 192MiB",1.72
2026-09-17T06:03:17.002Z,lorawan-gateway-evidence-fabric-adapter-1,0.00,"3.75MiB / 192MiB",1.95
2026-09-17T06:03:17.002Z,lorawan-gateway-evidence-verifier-1,9.99,"13.09MiB / 192MiB",6.82
2026-09-17T06:03:17.002Z,seaweedfs,12.11,"146MiB / 256MiB",57.04
2026-09-17T06:03:17.002Z,seaweedfs-metadata-etcd,6.46,"64.31MiB / 96MiB",66.99
2026-09-17T06:03:17.002Z,openbao,3.32,"43.95MiB / 512MiB",8.58
2026-09-17T06:03:17.002Z,chirpstack,0.31,"36.26MiB / 1.922GiB",1.84
2026-09-17T06:03:17.002Z,spilo,1.66,"192.6MiB / 1.922GiB",9.78
2026-09-17T06:03:17.002Z,etcd,0.95,"61.35MiB / 1.922GiB",3.12
2026-09-17T06:03:24.366Z,lorawan-gateway-evidence-ingest-1,0.00,"3.301MiB / 192MiB",1.72
2026-09-17T06:03:24.366Z,lorawan-gateway-evidence-fabric-adapter-1,0.00,"3.75MiB / 192MiB",1.95
2026-09-17T06:03:24.366Z,lorawan-gateway-evidence-verifier-1,15.18,"13.06MiB / 192MiB",6.80
2026-09-17T06:03:24.366Z,seaweedfs,21.75,"144.5MiB / 256MiB",56.44
2026-09-17T06:03:24.366Z,seaweedfs-metadata-etcd,11.32,"64.32MiB / 96MiB",67.00
2026-09-17T06:03:24.366Z,openbao,2.56,"43.95MiB / 512MiB",8.58
2026-09-17T06:03:24.366Z,chirpstack,0.23,"36.26MiB / 1.922GiB",1.84
2026-09-17T06:03:24.366Z,spilo,2.29,"192.6MiB / 1.922GiB",9.78
2026-09-17T06:03:24.366Z,etcd,1.00,"61.35MiB / 1.922GiB",3.12
2026-09-17T06:03:31.805Z,lorawan-gateway-evidence-ingest-1,0.00,"3.301MiB / 192MiB",1.72
2026-09-17T06:03:31.805Z,lorawan-gateway-evidence-fabric-adapter-1,0.00,"3.75MiB / 192MiB",1.95
2026-09-17T06:03:31.805Z,lorawan-gateway-evidence-verifier-1,6.62,"12.91MiB / 192MiB",6.73
2026-09-17T06:03:31.805Z,seaweedfs,10.29,"144.5MiB / 256MiB",56.46
2026-09-17T06:03:31.805Z,seaweedfs-metadata-etcd,6.05,"64.31MiB / 96MiB",66.99
2026-09-17T06:03:31.805Z,openbao,2.37,"43.95MiB / 512MiB",8.58
2026-09-17T06:03:31.805Z,chirpstack,0.36,"36.26MiB / 1.922GiB",1.84
2026-09-17T06:03:31.805Z,spilo,1.33,"192.6MiB / 1.922GiB",9.78
2026-09-17T06:03:31.805Z,etcd,0.96,"61.35MiB / 1.922GiB",3.12
2026-09-17T06:03:39.261Z,lorawan-gateway-evidence-ingest-1,0.00,"3.301MiB / 192MiB",1.72
2026-09-17T06:03:39.261Z,lorawan-gateway-evidence-fabric-adapter-1,0.00,"3.75MiB / 192MiB",1.95
2026-09-17T06:03:39.261Z,lorawan-gateway-evidence-verifier-1,0.00,"12.64MiB / 192MiB",6.59
2026-09-17T06:03:39.261Z,seaweedfs,0.75,"150.4MiB / 256MiB",58.77
2026-09-17T06:03:39.261Z,seaweedfs-metadata-etcd,1.74,"64.31MiB / 96MiB",66.99
2026-09-17T06:03:39.261Z,openbao,3.46,"43.95MiB / 512MiB",8.58
2026-09-17T06:03:39.261Z,chirpstack,0.33,"36.26MiB / 1.922GiB",1.84
2026-09-17T06:03:39.261Z,spilo,1.27,"192.6MiB / 1.922GiB",9.79
2026-09-17T06:03:39.261Z,etcd,1.55,"61.35MiB / 1.922GiB",3.12
2026-09-17T06:03:46.491Z,lorawan-gateway-evidence-ingest-1,0.00,"3.301MiB / 192MiB",1.72
2026-09-17T06:03:46.491Z,lorawan-gateway-evidence-fabric-adapter-1,0.16,"3.75MiB / 192MiB",1.95
2026-09-17T06:03:46.491Z,lorawan-gateway-evidence-verifier-1,14.22,"13.03MiB / 192MiB",6.79
2026-09-17T06:03:46.491Z,seaweedfs,27.80,"144.6MiB / 256MiB",56.47
2026-09-17T06:03:46.491Z,seaweedfs-metadata-etcd,17.31,"64.32MiB / 96MiB",67.00
2026-09-17T06:03:46.491Z,openbao,2.50,"43.95MiB / 512MiB",8.58
2026-09-17T06:03:46.491Z,chirpstack,0.27,"36.26MiB / 1.922GiB",1.84
2026-09-17T06:03:46.491Z,spilo,1.05,"192.6MiB / 1.922GiB",9.78
2026-09-17T06:03:46.491Z,etcd,1.40,"61.35MiB / 1.922GiB",3.12
2026-09-17T06:03:54.022Z,lorawan-gateway-evidence-ingest-1,0.00,"3.301MiB / 192MiB",1.72
2026-09-17T06:03:54.022Z,lorawan-gateway-evidence-fabric-adapter-1,0.00,"3.75MiB / 192MiB",1.95
2026-09-17T06:03:54.022Z,lorawan-gateway-evidence-verifier-1,8.38,"12.85MiB / 192MiB",6.69
2026-09-17T06:03:54.022Z,seaweedfs,12.82,"145.2MiB / 256MiB",56.71
2026-09-17T06:03:54.022Z,seaweedfs-metadata-etcd,6.79,"64.32MiB / 96MiB",67.00
2026-09-17T06:03:54.022Z,openbao,2.22,"43.95MiB / 512MiB",8.58
2026-09-17T06:03:54.022Z,chirpstack,0.35,"36.26MiB / 1.922GiB",1.84
2026-09-17T06:03:54.022Z,spilo,1.30,"192.6MiB / 1.922GiB",9.78
2026-09-17T06:03:54.022Z,etcd,1.05,"61.35MiB / 1.922GiB",3.12
2026-09-17T06:04:01.430Z,lorawan-gateway-evidence-ingest-1,0.00,"3.301MiB / 192MiB",1.72
2026-09-17T06:04:01.430Z,lorawan-gateway-evidence-fabric-adapter-1,0.00,"3.75MiB / 192MiB",1.95
2026-09-17T06:04:01.430Z,lorawan-gateway-evidence-verifier-1,14.36,"12.71MiB / 192MiB",6.62
2026-09-17T06:04:01.430Z,seaweedfs,21.74,"144.7MiB / 256MiB",56.52
2026-09-17T06:04:01.430Z,seaweedfs-metadata-etcd,16.35,"64.31MiB / 96MiB",66.99
2026-09-17T06:04:01.430Z,openbao,2.74,"43.95MiB / 512MiB",8.58
2026-09-17T06:04:01.430Z,chirpstack,0.49,"36.26MiB / 1.922GiB",1.84
2026-09-17T06:04:01.430Z,spilo,1.96,"192.6MiB / 1.922GiB",9.78
2026-09-17T06:04:01.430Z,etcd,1.20,"61.35MiB / 1.922GiB",3.12
2026-09-17T06:04:08.709Z,lorawan-gateway-evidence-ingest-1,0.00,"3.301MiB / 192MiB",1.72
2026-09-17T06:04:08.709Z,lorawan-gateway-evidence-fabric-adapter-1,0.00,"3.75MiB / 192MiB",1.95
2026-09-17T06:04:08.709Z,lorawan-gateway-evidence-verifier-1,0.00,"12.61MiB / 192MiB",6.57
2026-09-17T06:04:08.709Z,seaweedfs,0.55,"145.4MiB / 256MiB",56.78
2026-09-17T06:04:08.709Z,seaweedfs-metadata-etcd,1.24,"64.31MiB / 96MiB",66.99
2026-09-17T06:04:08.709Z,openbao,2.85,"43.95MiB / 512MiB",8.58
2026-09-17T06:04:08.709Z,chirpstack,0.30,"36.26MiB / 1.922GiB",1.84
2026-09-17T06:04:08.709Z,spilo,0.92,"192.6MiB / 1.922GiB",9.78
2026-09-17T06:04:08.709Z,etcd,1.11,"61.35MiB / 1.922GiB",3.12
2026-09-17T06:04:16.115Z,lorawan-gateway-evidence-ingest-1,0.00,"3.301MiB / 192MiB",1.72
2026-09-17T06:04:16.115Z,lorawan-gateway-evidence-fabric-adapter-1,0.00,"3.75MiB / 192MiB",1.95
2026-09-17T06:04:16.115Z,lorawan-gateway-evidence-verifier-1,10.69,"13.16MiB / 192MiB",6.85
2026-09-17T06:04:16.115Z,seaweedfs,17.43,"144.6MiB / 256MiB",56.48
2026-09-17T06:04:16.115Z,seaweedfs-metadata-etcd,12.47,"64.32MiB / 96MiB",67.00
2026-09-17T06:04:16.115Z,openbao,2.06,"43.95MiB / 512MiB",8.58
2026-09-17T06:04:16.115Z,chirpstack,0.36,"36.26MiB / 1.922GiB",1.84
2026-09-17T06:04:16.115Z,spilo,1.45,"192.6MiB / 1.922GiB",9.78
2026-09-17T06:04:16.115Z,etcd,1.63,"61.35MiB / 1.922GiB",3.12
2026-09-17T06:04:23.580Z,lorawan-gateway-evidence-ingest-1,0.00,"3.301MiB / 192MiB",1.72
2026-09-17T06:04:23.580Z,lorawan-gateway-evidence-fabric-adapter-1,0.00,"3.75MiB / 192MiB",1.95
2026-09-17T06:04:23.580Z,lorawan-gateway-evidence-verifier-1,4.48,"12.6MiB / 192MiB",6.56
2026-09-17T06:04:23.580Z,seaweedfs,5.86,"145.2MiB / 256MiB",56.71
2026-09-17T06:04:23.580Z,seaweedfs-metadata-etcd,4.32,"64.32MiB / 96MiB",67.00
2026-09-17T06:04:23.580Z,openbao,2.80,"43.95MiB / 512MiB",8.58
2026-09-17T06:04:23.580Z,chirpstack,0.47,"36.26MiB / 1.922GiB",1.84
2026-09-17T06:04:23.580Z,spilo,1.65,"192.6MiB / 1.922GiB",9.78
2026-09-17T06:04:23.580Z,etcd,0.99,"61.35MiB / 1.922GiB",3.12
2026-09-17T06:04:30.928Z,lorawan-gateway-evidence-ingest-1,0.00,"3.301MiB / 192MiB",1.72
2026-09-17T06:04:30.928Z,lorawan-gateway-evidence-fabric-adapter-1,0.00,"3.75MiB / 192MiB",1.95
2026-09-17T06:04:30.928Z,lorawan-gateway-evidence-verifier-1,14.59,"13.34MiB / 192MiB",6.95
2026-09-17T06:04:30.928Z,seaweedfs,24.52,"145MiB / 256MiB",56.63
2026-09-17T06:04:30.928Z,seaweedfs-metadata-etcd,18.23,"64.31MiB / 96MiB",66.99
2026-09-17T06:04:30.928Z,openbao,4.20,"44.04MiB / 512MiB",8.60
2026-09-17T06:04:30.928Z,chirpstack,0.48,"36.26MiB / 1.922GiB",1.84
2026-09-17T06:04:30.928Z,spilo,2.73,"192.6MiB / 1.922GiB",9.78
2026-09-17T06:04:30.928Z,etcd,1.66,"61.35MiB / 1.922GiB",3.12
2026-09-17T06:04:38.573Z,lorawan-gateway-evidence-ingest-1,0.00,"3.301MiB / 192MiB",1.72
2026-09-17T06:04:38.573Z,lorawan-gateway-evidence-fabric-adapter-1,0.00,"3.75MiB / 192MiB",1.95
2026-09-17T06:04:38.573Z,lorawan-gateway-evidence-verifier-1,15.88,"13MiB / 192MiB",6.77
2026-09-17T06:04:38.573Z,seaweedfs,27.52,"144.8MiB / 256MiB",56.58
2026-09-17T06:04:38.573Z,seaweedfs-metadata-etcd,13.40,"64.32MiB / 96MiB",67.00
2026-09-17T06:04:38.573Z,openbao,4.50,"44.04MiB / 512MiB",8.60
2026-09-17T06:04:38.573Z,chirpstack,0.46,"36.26MiB / 1.922GiB",1.84
2026-09-17T06:04:38.573Z,spilo,2.04,"192.6MiB / 1.922GiB",9.78
2026-09-17T06:04:38.573Z,etcd,1.29,"61.35MiB / 1.922GiB",3.12
2026-09-17T06:04:46.209Z,lorawan-gateway-evidence-ingest-1,0.00,"3.301MiB / 192MiB",1.72
2026-09-17T06:04:46.209Z,lorawan-gateway-evidence-fabric-adapter-1,0.01,"3.75MiB / 192MiB",1.95
2026-09-17T06:04:46.209Z,lorawan-gateway-evidence-verifier-1,19.20,"12.79MiB / 192MiB",6.66
2026-09-17T06:04:46.209Z,seaweedfs,19.78,"145.1MiB / 256MiB",56.66
2026-09-17T06:04:46.209Z,seaweedfs-metadata-etcd,13.35,"64.32MiB / 96MiB",67.00
2026-09-17T06:04:46.209Z,openbao,2.28,"44.04MiB / 512MiB",8.60
2026-09-17T06:04:46.209Z,chirpstack,0.32,"36.26MiB / 1.922GiB",1.84
2026-09-17T06:04:46.209Z,spilo,1.26,"192.6MiB / 1.922GiB",9.78
2026-09-17T06:04:46.209Z,etcd,1.11,"61.35MiB / 1.922GiB",3.12
2026-09-17T06:04:53.809Z,lorawan-gateway-evidence-ingest-1,0.00,"3.301MiB / 192MiB",1.72
2026-09-17T06:04:53.809Z,lorawan-gateway-evidence-fabric-adapter-1,0.00,"3.75MiB / 192MiB",1.95
2026-09-17T06:04:53.809Z,lorawan-gateway-evidence-verifier-1,20.44,"13.1MiB / 192MiB",6.82
2026-09-17T06:04:53.809Z,seaweedfs,19.06,"144.8MiB / 256MiB",56.57
2026-09-17T06:04:53.809Z,seaweedfs-metadata-etcd,17.10,"64.32MiB / 96MiB",67.00
2026-09-17T06:04:53.809Z,openbao,3.16,"44.04MiB / 512MiB",8.60
2026-09-17T06:04:53.809Z,chirpstack,0.42,"36.26MiB / 1.922GiB",1.84
2026-09-17T06:04:53.809Z,spilo,1.93,"192.6MiB / 1.922GiB",9.79
2026-09-17T06:04:53.809Z,etcd,1.23,"61.35MiB / 1.922GiB",3.12
2026-09-17T06:05:01.383Z,lorawan-gateway-evidence-ingest-1,0.00,"3.301MiB / 192MiB",1.72
2026-09-17T06:05:01.383Z,lorawan-gateway-evidence-fabric-adapter-1,0.00,"3.75MiB / 192MiB",1.95
2026-09-17T06:05:01.383Z,lorawan-gateway-evidence-verifier-1,17.15,"12.81MiB / 192MiB",6.67
2026-09-17T06:05:01.383Z,seaweedfs,21.81,"144.7MiB / 256MiB",56.50
2026-09-17T06:05:01.383Z,seaweedfs-metadata-etcd,29.70,"64.33MiB / 96MiB",67.01
2026-09-17T06:05:01.383Z,openbao,13.61,"44.04MiB / 512MiB",8.60
2026-09-17T06:05:01.383Z,chirpstack,0.94,"36.26MiB / 1.922GiB",1.84
2026-09-17T06:05:01.383Z,spilo,12.47,"192.6MiB / 1.922GiB",9.79
2026-09-17T06:05:01.383Z,etcd,4.92,"61.35MiB / 1.922GiB",3.12
2026-09-17T06:05:09.302Z,lorawan-gateway-evidence-ingest-1,0.00,"3.301MiB / 192MiB",1.72
2026-09-17T06:05:09.302Z,lorawan-gateway-evidence-fabric-adapter-1,0.00,"3.75MiB / 192MiB",1.95
2026-09-17T06:05:09.302Z,lorawan-gateway-evidence-verifier-1,17.25,"13.15MiB / 192MiB",6.85
2026-09-17T06:05:09.302Z,seaweedfs,23.98,"145.3MiB / 256MiB",56.75
2026-09-17T06:05:09.302Z,seaweedfs-metadata-etcd,18.73,"64.32MiB / 96MiB",67.00
2026-09-17T06:05:09.302Z,openbao,3.41,"44.14MiB / 512MiB",8.62
2026-09-17T06:05:09.302Z,chirpstack,0.42,"36.26MiB / 1.922GiB",1.84
2026-09-17T06:05:09.302Z,spilo,1.57,"192.6MiB / 1.922GiB",9.79
2026-09-17T06:05:09.302Z,etcd,1.27,"61.39MiB / 1.922GiB",3.12
2026-09-17T06:05:16.845Z,lorawan-gateway-evidence-ingest-1,0.00,"3.301MiB / 192MiB",1.72
2026-09-17T06:05:16.845Z,lorawan-gateway-evidence-fabric-adapter-1,0.00,"3.75MiB / 192MiB",1.95
2026-09-17T06:05:16.845Z,lorawan-gateway-evidence-verifier-1,21.38,"12.96MiB / 192MiB",6.75
2026-09-17T06:05:16.845Z,seaweedfs,20.99,"146.1MiB / 256MiB",57.05
2026-09-17T06:05:16.845Z,seaweedfs-metadata-etcd,16.22,"64.32MiB / 96MiB",67.00
2026-09-17T06:05:16.845Z,openbao,3.94,"44.43MiB / 512MiB",8.68
2026-09-17T06:05:16.845Z,chirpstack,0.37,"36.26MiB / 1.922GiB",1.84
2026-09-17T06:05:16.845Z,spilo,1.79,"192.6MiB / 1.922GiB",9.79
2026-09-17T06:05:16.845Z,etcd,0.96,"61.39MiB / 1.922GiB",3.12
2026-09-17T06:05:24.419Z,lorawan-gateway-evidence-ingest-1,0.00,"3.301MiB / 192MiB",1.72
2026-09-17T06:05:24.419Z,lorawan-gateway-evidence-fabric-adapter-1,0.00,"3.75MiB / 192MiB",1.95
2026-09-17T06:05:24.419Z,lorawan-gateway-evidence-verifier-1,0.26,"12.95MiB / 192MiB",6.75
2026-09-17T06:05:24.419Z,seaweedfs,0.65,"146MiB / 256MiB",57.02
2026-09-17T06:05:24.419Z,seaweedfs-metadata-etcd,2.10,"64.31MiB / 96MiB",66.99
2026-09-17T06:05:24.419Z,openbao,3.90,"44.43MiB / 512MiB",8.68
2026-09-17T06:05:24.419Z,chirpstack,0.86,"36.26MiB / 1.922GiB",1.84
2026-09-17T06:05:24.419Z,spilo,3.25,"192.6MiB / 1.922GiB",9.79
2026-09-17T06:05:24.419Z,etcd,1.86,"61.39MiB / 1.922GiB",3.12
2026-09-17T06:05:31.734Z,lorawan-gateway-evidence-ingest-1,0.00,"3.301MiB / 192MiB",1.72
2026-09-17T06:05:31.734Z,lorawan-gateway-evidence-fabric-adapter-1,0.00,"3.75MiB / 192MiB",1.95
2026-09-17T06:05:31.734Z,lorawan-gateway-evidence-verifier-1,2.47,"12.99MiB / 192MiB",6.77
2026-09-17T06:05:31.734Z,seaweedfs,3.14,"146MiB / 256MiB",57.02
2026-09-17T06:05:31.734Z,seaweedfs-metadata-etcd,3.38,"64.32MiB / 96MiB",67.00
2026-09-17T06:05:31.734Z,openbao,2.95,"44.43MiB / 512MiB",8.68
2026-09-17T06:05:31.734Z,chirpstack,0.40,"36.26MiB / 1.922GiB",1.84
2026-09-17T06:05:31.734Z,spilo,1.26,"192.6MiB / 1.922GiB",9.79
2026-09-17T06:05:31.734Z,etcd,1.03,"61.39MiB / 1.922GiB",3.12
2026-09-17T06:05:39.233Z,lorawan-gateway-evidence-ingest-1,0.00,"3.301MiB / 192MiB",1.72
2026-09-17T06:05:39.233Z,lorawan-gateway-evidence-fabric-adapter-1,0.00,"3.75MiB / 192MiB",1.95
2026-09-17T06:05:39.233Z,lorawan-gateway-evidence-verifier-1,0.00,"12.99MiB / 192MiB",6.77
2026-09-17T06:05:39.233Z,seaweedfs,0.77,"146MiB / 256MiB",57.02
2026-09-17T06:05:39.233Z,seaweedfs-metadata-etcd,2.13,"64.32MiB / 96MiB",67.00
2026-09-17T06:05:39.233Z,openbao,3.72,"44.43MiB / 512MiB",8.68
2026-09-17T06:05:39.233Z,chirpstack,0.39,"36.26MiB / 1.922GiB",1.84
2026-09-17T06:05:39.233Z,spilo,0.26,"192.6MiB / 1.922GiB",9.79
2026-09-17T06:05:39.233Z,etcd,1.94,"61.39MiB / 1.922GiB",3.12
2026-09-17T06:05:46.457Z,lorawan-gateway-evidence-ingest-1,0.00,"3.301MiB / 192MiB",1.72
2026-09-17T06:05:46.457Z,lorawan-gateway-evidence-fabric-adapter-1,0.12,"3.75MiB / 192MiB",1.95
2026-09-17T06:05:46.457Z,lorawan-gateway-evidence-verifier-1,18.00,"13.09MiB / 192MiB",6.82
2026-09-17T06:05:46.457Z,seaweedfs,24.12,"146.6MiB / 256MiB",57.26
2026-09-17T06:05:46.457Z,seaweedfs-metadata-etcd,11.29,"64.31MiB / 96MiB",66.99
2026-09-17T06:05:46.457Z,openbao,2.43,"44.43MiB / 512MiB",8.68
2026-09-17T06:05:46.457Z,chirpstack,0.30,"36.26MiB / 1.922GiB",1.84
2026-09-17T06:05:46.457Z,spilo,1.30,"192.6MiB / 1.922GiB",9.79
2026-09-17T06:05:46.457Z,etcd,1.26,"61.39MiB / 1.922GiB",3.12
2026-09-17T06:05:53.913Z,lorawan-gateway-evidence-ingest-1,0.00,"3.301MiB / 192MiB",1.72
2026-09-17T06:05:53.913Z,lorawan-gateway-evidence-fabric-adapter-1,0.00,"3.75MiB / 192MiB",1.95
2026-09-17T06:05:53.913Z,lorawan-gateway-evidence-verifier-1,3.06,"13.21MiB / 192MiB",6.88
2026-09-17T06:05:53.913Z,seaweedfs,7.73,"145.1MiB / 256MiB",56.69
2026-09-17T06:05:53.913Z,seaweedfs-metadata-etcd,4.71,"64.31MiB / 96MiB",66.99
2026-09-17T06:05:53.913Z,openbao,3.92,"44.43MiB / 512MiB",8.68
2026-09-17T06:05:53.913Z,chirpstack,0.65,"36.26MiB / 1.922GiB",1.84
2026-09-17T06:05:53.913Z,spilo,3.84,"192.6MiB / 1.922GiB",9.79
2026-09-17T06:05:53.913Z,etcd,1.56,"61.39MiB / 1.922GiB",3.12
2026-09-17T06:06:01.462Z,lorawan-gateway-evidence-ingest-1,0.00,"3.301MiB / 192MiB",1.72
2026-09-17T06:06:01.462Z,lorawan-gateway-evidence-fabric-adapter-1,0.00,"3.75MiB / 192MiB",1.95
2026-09-17T06:06:01.462Z,lorawan-gateway-evidence-verifier-1,10.50,"12.74MiB / 192MiB",6.64
2026-09-17T06:06:01.462Z,seaweedfs,12.58,"145.3MiB / 256MiB",56.75
2026-09-17T06:06:01.462Z,seaweedfs-metadata-etcd,7.03,"64.31MiB / 96MiB",66.99
2026-09-17T06:06:01.462Z,openbao,3.18,"44.43MiB / 512MiB",8.68
2026-09-17T06:06:01.462Z,chirpstack,0.70,"36.26MiB / 1.922GiB",1.84
2026-09-17T06:06:01.462Z,spilo,1.88,"192.6MiB / 1.922GiB",9.79
2026-09-17T06:06:01.462Z,etcd,1.17,"61.39MiB / 1.922GiB",3.12
2026-09-17T06:06:08.863Z,lorawan-gateway-evidence-ingest-1,0.00,"3.301MiB / 192MiB",1.72
2026-09-17T06:06:08.863Z,lorawan-gateway-evidence-fabric-adapter-1,0.00,"3.75MiB / 192MiB",1.95
2026-09-17T06:06:08.863Z,lorawan-gateway-evidence-verifier-1,0.00,"12.77MiB / 192MiB",6.65
2026-09-17T06:06:08.863Z,seaweedfs,0.94,"145.3MiB / 256MiB",56.76
2026-09-17T06:06:08.863Z,seaweedfs-metadata-etcd,1.86,"64.32MiB / 96MiB",67.00
2026-09-17T06:06:08.863Z,openbao,4.01,"44.43MiB / 512MiB",8.68
2026-09-17T06:06:08.863Z,chirpstack,0.62,"36.26MiB / 1.922GiB",1.84
2026-09-17T06:06:08.863Z,spilo,1.41,"192.6MiB / 1.922GiB",9.79
2026-09-17T06:06:08.863Z,etcd,1.81,"61.39MiB / 1.922GiB",3.12
2026-09-17T06:06:16.131Z,lorawan-gateway-evidence-ingest-1,0.00,"3.301MiB / 192MiB",1.72
2026-09-17T06:06:16.131Z,lorawan-gateway-evidence-fabric-adapter-1,0.00,"3.75MiB / 192MiB",1.95
2026-09-17T06:06:16.131Z,lorawan-gateway-evidence-verifier-1,16.02,"13.32MiB / 192MiB",6.94
2026-09-17T06:06:16.131Z,seaweedfs,25.01,"145.1MiB / 256MiB",56.69
2026-09-17T06:06:16.131Z,seaweedfs-metadata-etcd,12.62,"64.32MiB / 96MiB",67.00
2026-09-17T06:06:16.131Z,openbao,3.16,"44.43MiB / 512MiB",8.68
2026-09-17T06:06:16.131Z,chirpstack,0.47,"36.26MiB / 1.922GiB",1.84
2026-09-17T06:06:16.131Z,spilo,1.89,"192.6MiB / 1.922GiB",9.79
2026-09-17T06:06:16.131Z,etcd,0.87,"61.39MiB / 1.922GiB",3.12
2026-09-17T06:06:23.898Z,lorawan-gateway-evidence-ingest-1,0.00,"3.301MiB / 192MiB",1.72
2026-09-17T06:06:23.898Z,lorawan-gateway-evidence-fabric-adapter-1,0.00,"3.75MiB / 192MiB",1.95
2026-09-17T06:06:23.898Z,lorawan-gateway-evidence-verifier-1,6.09,"13.11MiB / 192MiB",6.83
2026-09-17T06:06:23.898Z,seaweedfs,10.14,"145.1MiB / 256MiB",56.69
2026-09-17T06:06:23.898Z,seaweedfs-metadata-etcd,9.33,"64.32MiB / 96MiB",67.00
2026-09-17T06:06:23.898Z,openbao,5.33,"44.43MiB / 512MiB",8.68
2026-09-17T06:06:23.898Z,chirpstack,0.85,"36.26MiB / 1.922GiB",1.84
2026-09-17T06:06:23.898Z,spilo,2.00,"192.6MiB / 1.922GiB",9.79
2026-09-17T06:06:23.898Z,etcd,1.42,"61.39MiB / 1.922GiB",3.12
2026-09-17T06:06:31.254Z,lorawan-gateway-evidence-ingest-1,0.00,"3.301MiB / 192MiB",1.72
2026-09-17T06:06:31.254Z,lorawan-gateway-evidence-fabric-adapter-1,0.00,"3.75MiB / 192MiB",1.95
2026-09-17T06:06:31.254Z,lorawan-gateway-evidence-verifier-1,12.03,"13.24MiB / 192MiB",6.89
2026-09-17T06:06:31.254Z,seaweedfs,16.78,"145.2MiB / 256MiB",56.72
2026-09-17T06:06:31.254Z,seaweedfs-metadata-etcd,8.59,"64.32MiB / 96MiB",67.00
2026-09-17T06:06:31.254Z,openbao,3.15,"44.43MiB / 512MiB",8.68
2026-09-17T06:06:31.254Z,chirpstack,0.25,"36.26MiB / 1.922GiB",1.84
2026-09-17T06:06:31.254Z,spilo,1.02,"192.6MiB / 1.922GiB",9.79
2026-09-17T06:06:31.254Z,etcd,2.29,"61.39MiB / 1.922GiB",3.12
2026-09-17T06:06:38.569Z,lorawan-gateway-evidence-ingest-1,0.00,"3.301MiB / 192MiB",1.72
2026-09-17T06:06:38.569Z,lorawan-gateway-evidence-fabric-adapter-1,0.00,"3.75MiB / 192MiB",1.95
2026-09-17T06:06:38.569Z,lorawan-gateway-evidence-verifier-1,0.14,"13.18MiB / 192MiB",6.86
2026-09-17T06:06:38.569Z,seaweedfs,0.64,"144.9MiB / 256MiB",56.60
2026-09-17T06:06:38.569Z,seaweedfs-metadata-etcd,2.00,"64.31MiB / 96MiB",66.99
2026-09-17T06:06:38.569Z,openbao,3.79,"44.43MiB / 512MiB",8.68
2026-09-17T06:06:38.569Z,chirpstack,0.44,"36.26MiB / 1.922GiB",1.84
2026-09-17T06:06:38.569Z,spilo,2.88,"192.6MiB / 1.922GiB",9.79
2026-09-17T06:06:38.569Z,etcd,1.19,"61.39MiB / 1.922GiB",3.12
2026-09-17T06:06:45.776Z,lorawan-gateway-evidence-ingest-1,0.00,"3.301MiB / 192MiB",1.72
2026-09-17T06:06:45.776Z,lorawan-gateway-evidence-fabric-adapter-1,0.00,"3.75MiB / 192MiB",1.95
2026-09-17T06:06:45.776Z,lorawan-gateway-evidence-verifier-1,8.32,"12.65MiB / 192MiB",6.59
2026-09-17T06:06:45.776Z,seaweedfs,12.23,"144.9MiB / 256MiB",56.60
2026-09-17T06:06:45.776Z,seaweedfs-metadata-etcd,6.72,"64.33MiB / 96MiB",67.01
2026-09-17T06:06:45.776Z,openbao,2.99,"44.43MiB / 512MiB",8.68
2026-09-17T06:06:45.776Z,chirpstack,0.57,"36.26MiB / 1.922GiB",1.84
2026-09-17T06:06:45.776Z,spilo,1.69,"192.6MiB / 1.922GiB",9.79
2026-09-17T06:06:45.776Z,etcd,3.06,"61.39MiB / 1.922GiB",3.12
2026-09-17T06:06:53.441Z,lorawan-gateway-evidence-ingest-1,0.00,"3.301MiB / 192MiB",1.72
2026-09-17T06:06:53.441Z,lorawan-gateway-evidence-fabric-adapter-1,0.00,"3.75MiB / 192MiB",1.95
2026-09-17T06:06:53.441Z,lorawan-gateway-evidence-verifier-1,0.00,"12.77MiB / 192MiB",6.65
2026-09-17T06:06:53.441Z,seaweedfs,1.05,"144.8MiB / 256MiB",56.55
2026-09-17T06:06:53.441Z,seaweedfs-metadata-etcd,2.92,"64.31MiB / 96MiB",66.99
2026-09-17T06:06:53.441Z,openbao,2.91,"44.43MiB / 512MiB",8.68
2026-09-17T06:06:53.441Z,chirpstack,0.30,"36.26MiB / 1.922GiB",1.84
2026-09-17T06:06:53.441Z,spilo,1.47,"192.6MiB / 1.922GiB",9.79
2026-09-17T06:06:53.441Z,etcd,0.99,"61.39MiB / 1.922GiB",3.12
2026-09-17T06:07:00.654Z,lorawan-gateway-evidence-ingest-1,0.00,"3.301MiB / 192MiB",1.72
2026-09-17T06:07:00.654Z,lorawan-gateway-evidence-fabric-adapter-1,0.00,"3.75MiB / 192MiB",1.95
2026-09-17T06:07:00.654Z,lorawan-gateway-evidence-verifier-1,14.32,"13.34MiB / 192MiB",6.95
2026-09-17T06:07:00.654Z,seaweedfs,26.64,"144.8MiB / 256MiB",56.55
2026-09-17T06:07:00.654Z,seaweedfs-metadata-etcd,13.01,"64.32MiB / 96MiB",67.00
2026-09-17T06:07:00.654Z,openbao,3.12,"44.43MiB / 512MiB",8.68
2026-09-17T06:07:00.654Z,chirpstack,0.51,"36.26MiB / 1.922GiB",1.84
2026-09-17T06:07:00.654Z,spilo,1.53,"192.6MiB / 1.922GiB",9.79
2026-09-17T06:07:00.654Z,etcd,1.45,"61.39MiB / 1.922GiB",3.12
2026-09-17T06:07:08.007Z,lorawan-gateway-evidence-ingest-1,0.00,"3.301MiB / 192MiB",1.72
2026-09-17T06:07:08.007Z,lorawan-gateway-evidence-fabric-adapter-1,0.00,"3.75MiB / 192MiB",1.95
2026-09-17T06:07:08.007Z,lorawan-gateway-evidence-verifier-1,0.20,"12.72MiB / 192MiB",6.63
2026-09-17T06:07:08.007Z,seaweedfs,0.79,"144.8MiB / 256MiB",56.57
2026-09-17T06:07:08.007Z,seaweedfs-metadata-etcd,2.85,"64.32MiB / 96MiB",67.00
2026-09-17T06:07:08.007Z,openbao,4.18,"44.5MiB / 512MiB",8.69
2026-09-17T06:07:08.007Z,chirpstack,0.61,"36.26MiB / 1.922GiB",1.84
2026-09-17T06:07:08.007Z,spilo,2.14,"192.6MiB / 1.922GiB",9.79
2026-09-17T06:07:08.007Z,etcd,1.14,"61.39MiB / 1.922GiB",3.12
2026-09-17T06:07:15.501Z,lorawan-gateway-evidence-ingest-1,0.00,"3.301MiB / 192MiB",1.72
2026-09-17T06:07:15.501Z,lorawan-gateway-evidence-fabric-adapter-1,0.00,"3.75MiB / 192MiB",1.95
2026-09-17T06:07:15.501Z,lorawan-gateway-evidence-verifier-1,7.09,"13.32MiB / 192MiB",6.94
2026-09-17T06:07:15.501Z,seaweedfs,8.94,"144.9MiB / 256MiB",56.59
2026-09-17T06:07:15.501Z,seaweedfs-metadata-etcd,5.69,"64.32MiB / 96MiB",67.00
2026-09-17T06:07:15.501Z,openbao,2.13,"44.5MiB / 512MiB",8.69
2026-09-17T06:07:15.501Z,chirpstack,0.30,"36.26MiB / 1.922GiB",1.84
2026-09-17T06:07:15.501Z,spilo,0.81,"192.6MiB / 1.922GiB",9.79
2026-09-17T06:07:15.501Z,etcd,3.18,"61.39MiB / 1.922GiB",3.12
