timestamp_utc,container,cpu_percent,memory_usage,memory_percent
2026-09-17T05:43:41.113Z,grafana,0.88,"230.9MiB / 512MiB",45.10
2026-09-17T05:43:41.113Z,lorawan-gateway-evidence-verifier-1,16.89,"11.01MiB / 192MiB",5.74
2026-09-17T05:43:41.113Z,node-red-node-red-1,0.00,"73.43MiB / 1.922GiB",3.73
2026-09-17T05:43:41.113Z,lorawan-gateway-evidence-collector-1,0.25,"11.55MiB / 192MiB",6.02
2026-09-17T05:43:41.113Z,seaweedfs,18.98,"141.2MiB / 256MiB",55.17
2026-09-17T05:43:41.113Z,seaweedfs-metadata-etcd,8.99,"63.3MiB / 96MiB",65.93
2026-09-17T05:43:41.113Z,openbao,1.18,"36.66MiB / 512MiB",7.16
2026-09-17T05:43:41.113Z,spilo,1.31,"193.6MiB / 1.922GiB",9.84
2026-09-17T05:43:41.113Z,etcd,0.77,"63.26MiB / 1.922GiB",3.21
2026-09-17T05:43:48.426Z,grafana,1.13,"233.8MiB / 512MiB",45.66
2026-09-17T05:43:48.426Z,lorawan-gateway-evidence-verifier-1,16.57,"11.84MiB / 192MiB",6.17
2026-09-17T05:43:48.426Z,node-red-node-red-1,0.00,"73.49MiB / 1.922GiB",3.73
2026-09-17T05:43:48.426Z,lorawan-gateway-evidence-collector-1,0.24,"11.55MiB / 192MiB",6.02
2026-09-17T05:43:48.426Z,seaweedfs,15.18,"141.7MiB / 256MiB",55.35
2026-09-17T05:43:48.426Z,seaweedfs-metadata-etcd,8.66,"63.3MiB / 96MiB",65.94
2026-09-17T05:43:48.426Z,openbao,1.30,"36.29MiB / 512MiB",7.09
2026-09-17T05:43:48.426Z,spilo,10.53,"193.5MiB / 1.922GiB",9.83
2026-09-17T05:43:48.426Z,etcd,0.62,"63.26MiB / 1.922GiB",3.21
2026-09-17T05:43:55.757Z,grafana,0.85,"233.8MiB / 512MiB",45.66
2026-09-17T05:43:55.757Z,lorawan-gateway-evidence-verifier-1,18.92,"11.44MiB / 192MiB",5.96
2026-09-17T05:43:55.757Z,node-red-node-red-1,0.00,"73.48MiB / 1.922GiB",3.73
2026-09-17T05:43:55.757Z,lorawan-gateway-evidence-collector-1,0.28,"11.55MiB / 192MiB",6.02
2026-09-17T05:43:55.757Z,seaweedfs,18.44,"141.3MiB / 256MiB",55.20
2026-09-17T05:43:55.757Z,seaweedfs-metadata-etcd,9.47,"63.3MiB / 96MiB",65.94
2026-09-17T05:43:55.757Z,openbao,1.16,"36.29MiB / 512MiB",7.09
2026-09-17T05:43:55.757Z,spilo,1.02,"193.5MiB / 1.922GiB",9.83
2026-09-17T05:43:55.757Z,etcd,1.66,"62.44MiB / 1.922GiB",3.17
2026-09-17T05:44:03.108Z,grafana,0.87,"233.8MiB / 512MiB",45.66
2026-09-17T05:44:03.108Z,lorawan-gateway-evidence-verifier-1,13.98,"11.73MiB / 192MiB",6.11
2026-09-17T05:44:03.108Z,node-red-node-red-1,0.00,"73.53MiB / 1.922GiB",3.74
2026-09-17T05:44:03.108Z,lorawan-gateway-evidence-collector-1,0.26,"11.71MiB / 192MiB",6.10
2026-09-17T05:44:03.108Z,seaweedfs,18.04,"142.5MiB / 256MiB",55.66
2026-09-17T05:44:03.108Z,seaweedfs-metadata-etcd,8.03,"63.3MiB / 96MiB",65.93
2026-09-17T05:44:03.108Z,openbao,1.14,"36.3MiB / 512MiB",7.09
2026-09-17T05:44:03.108Z,spilo,1.98,"193.5MiB / 1.922GiB",9.83
2026-09-17T05:44:03.108Z,etcd,1.12,"62.44MiB / 1.922GiB",3.17
2026-09-17T05:44:10.405Z,grafana,1.05,"233.8MiB / 512MiB",45.66
2026-09-17T05:44:10.405Z,lorawan-gateway-evidence-verifier-1,0.08,"11.4MiB / 192MiB",5.94
2026-09-17T05:44:10.405Z,node-red-node-red-1,0.00,"73.52MiB / 1.922GiB",3.74
2026-09-17T05:44:10.405Z,lorawan-gateway-evidence-collector-1,0.31,"11.71MiB / 192MiB",6.10
2026-09-17T05:44:10.405Z,seaweedfs,0.56,"143.1MiB / 256MiB",55.90
2026-09-17T05:44:10.405Z,seaweedfs-metadata-etcd,0.86,"63.29MiB / 96MiB",65.93
2026-09-17T05:44:10.405Z,openbao,1.04,"36.29MiB / 512MiB",7.09
2026-09-17T05:44:10.405Z,spilo,0.77,"193.5MiB / 1.922GiB",9.83
2026-09-17T05:44:10.405Z,etcd,0.94,"62.44MiB / 1.922GiB",3.17
2026-09-17T05:44:17.591Z,grafana,10.22,"231.7MiB / 512MiB",45.25
2026-09-17T05:44:17.591Z,lorawan-gateway-evidence-verifier-1,0.00,"11.4MiB / 192MiB",5.94
2026-09-17T05:44:17.591Z,node-red-node-red-1,0.02,"73.58MiB / 1.922GiB",3.74
2026-09-17T05:44:17.591Z,lorawan-gateway-evidence-collector-1,0.32,"11.71MiB / 192MiB",6.10
2026-09-17T05:44:17.591Z,seaweedfs,1.21,"150.9MiB / 256MiB",58.95
2026-09-17T05:44:17.591Z,seaweedfs-metadata-etcd,2.31,"63.29MiB / 96MiB",65.93
2026-09-17T05:44:17.591Z,openbao,1.03,"36.29MiB / 512MiB",7.09
2026-09-17T05:44:17.591Z,spilo,1.23,"193.9MiB / 1.922GiB",9.85
2026-09-17T05:44:17.591Z,etcd,1.03,"62.44MiB / 1.922GiB",3.17
2026-09-17T05:44:24.812Z,grafana,1.12,"231.7MiB / 512MiB",45.25
2026-09-17T05:44:24.812Z,lorawan-gateway-evidence-verifier-1,0.00,"11.4MiB / 192MiB",5.94
2026-09-17T05:44:24.812Z,node-red-node-red-1,0.00,"73.57MiB / 1.922GiB",3.74
2026-09-17T05:44:24.812Z,lorawan-gateway-evidence-collector-1,0.30,"11.71MiB / 192MiB",6.10
2026-09-17T05:44:24.812Z,seaweedfs,0.49,"150.9MiB / 256MiB",58.95
2026-09-17T05:44:24.812Z,seaweedfs-metadata-etcd,0.88,"63.3MiB / 96MiB",65.93
2026-09-17T05:44:24.812Z,openbao,1.25,"36.29MiB / 512MiB",7.09
2026-09-17T05:44:24.812Z,spilo,1.69,"193.9MiB / 1.922GiB",9.85
2026-09-17T05:44:24.812Z,etcd,0.95,"62.44MiB / 1.922GiB",3.17
2026-09-17T05:44:31.970Z,grafana,2.28,"231.7MiB / 512MiB",45.25
2026-09-17T05:44:31.970Z,lorawan-gateway-evidence-verifier-1,0.08,"12.11MiB / 192MiB",6.31
2026-09-17T05:44:31.970Z,node-red-node-red-1,0.00,"73.62MiB / 1.922GiB",3.74
2026-09-17T05:44:31.970Z,lorawan-gateway-evidence-collector-1,0.30,"11.74MiB / 192MiB",6.11
2026-09-17T05:44:31.970Z,seaweedfs,0.51,"150.9MiB / 256MiB",58.95
2026-09-17T05:44:31.970Z,seaweedfs-metadata-etcd,1.46,"63.3MiB / 96MiB",65.93
2026-09-17T05:44:31.970Z,openbao,1.30,"36.29MiB / 512MiB",7.09
2026-09-17T05:44:31.970Z,spilo,0.47,"193.9MiB / 1.922GiB",9.85
2026-09-17T05:44:31.970Z,etcd,0.76,"62.44MiB / 1.922GiB",3.17
2026-09-17T05:44:39.213Z,grafana,1.20,"231.7MiB / 512MiB",45.25
2026-09-17T05:44:39.213Z,lorawan-gateway-evidence-verifier-1,0.00,"12.11MiB / 192MiB",6.31
2026-09-17T05:44:39.213Z,node-red-node-red-1,0.00,"73.62MiB / 1.922GiB",3.74
2026-09-17T05:44:39.213Z,lorawan-gateway-evidence-collector-1,0.31,"11.74MiB / 192MiB",6.11
2026-09-17T05:44:39.213Z,seaweedfs,0.43,"150.9MiB / 256MiB",58.94
2026-09-17T05:44:39.213Z,seaweedfs-metadata-etcd,0.85,"63.29MiB / 96MiB",65.93
2026-09-17T05:44:39.213Z,openbao,1.22,"36.29MiB / 512MiB",7.09
2026-09-17T05:44:39.213Z,spilo,0.77,"193.9MiB / 1.922GiB",9.85
2026-09-17T05:44:39.213Z,etcd,0.86,"62.44MiB / 1.922GiB",3.17
2026-09-17T05:44:46.381Z,grafana,1.63,"231.7MiB / 512MiB",45.25
2026-09-17T05:44:46.381Z,lorawan-gateway-evidence-verifier-1,0.12,"12.11MiB / 192MiB",6.31
2026-09-17T05:44:46.381Z,node-red-node-red-1,14.61,"73.66MiB / 1.922GiB",3.74
2026-09-17T05:44:46.381Z,lorawan-gateway-evidence-collector-1,0.29,"11.76MiB / 192MiB",6.12
2026-09-17T05:44:46.381Z,seaweedfs,5.54,"142MiB / 256MiB",55.47
2026-09-17T05:44:46.381Z,seaweedfs-metadata-etcd,5.72,"63.3MiB / 96MiB",65.94
2026-09-17T05:44:46.381Z,openbao,1.28,"36.29MiB / 512MiB",7.09
2026-09-17T05:44:46.381Z,spilo,0.77,"193.9MiB / 1.922GiB",9.85
2026-09-17T05:44:46.381Z,etcd,1.39,"62.44MiB / 1.922GiB",3.17
2026-09-17T05:44:53.597Z,grafana,1.11,"231.7MiB / 512MiB",45.25
2026-09-17T05:44:53.597Z,lorawan-gateway-evidence-verifier-1,0.00,"12.11MiB / 192MiB",6.31
2026-09-17T05:44:53.597Z,node-red-node-red-1,0.00,"73.66MiB / 1.922GiB",3.74
2026-09-17T05:44:53.597Z,lorawan-gateway-evidence-collector-1,0.32,"11.76MiB / 192MiB",6.12
2026-09-17T05:44:53.597Z,seaweedfs,0.48,"142MiB / 256MiB",55.47
2026-09-17T05:44:53.597Z,seaweedfs-metadata-etcd,1.21,"63.29MiB / 96MiB",65.93
2026-09-17T05:44:53.597Z,openbao,1.35,"36.29MiB / 512MiB",7.09
2026-09-17T05:44:53.597Z,spilo,1.03,"193.9MiB / 1.922GiB",9.85
2026-09-17T05:44:53.597Z,etcd,0.95,"62.44MiB / 1.922GiB",3.17
2026-09-17T05:45:00.766Z,grafana,1.83,"231.7MiB / 512MiB",45.25
2026-09-17T05:45:00.766Z,lorawan-gateway-evidence-verifier-1,0.00,"12.11MiB / 192MiB",6.31
2026-09-17T05:45:00.766Z,node-red-node-red-1,0.00,"73.7MiB / 1.922GiB",3.75
2026-09-17T05:45:00.766Z,lorawan-gateway-evidence-collector-1,0.43,"11.78MiB / 192MiB",6.14
2026-09-17T05:45:00.766Z,seaweedfs,10.53,"142MiB / 256MiB",55.47
2026-09-17T05:45:00.766Z,seaweedfs-metadata-etcd,11.37,"63.3MiB / 96MiB",65.94
2026-09-17T05:45:00.766Z,openbao,2.34,"36.29MiB / 512MiB",7.09
2026-09-17T05:45:00.766Z,spilo,2.56,"193.9MiB / 1.922GiB",9.85
2026-09-17T05:45:00.766Z,etcd,1.66,"62.44MiB / 1.922GiB",3.17
2026-09-17T05:45:08.136Z,grafana,1.65,"231.7MiB / 512MiB",45.25
2026-09-17T05:45:08.136Z,lorawan-gateway-evidence-verifier-1,0.12,"11.84MiB / 192MiB",6.17
2026-09-17T05:45:08.136Z,node-red-node-red-1,0.14,"73.7MiB / 1.922GiB",3.74
2026-09-17T05:45:08.136Z,lorawan-gateway-evidence-collector-1,0.42,"11.78MiB / 192MiB",6.14
2026-09-17T05:45:08.136Z,seaweedfs,0.82,"142MiB / 256MiB",55.49
2026-09-17T05:45:08.136Z,seaweedfs-metadata-etcd,1.30,"63.3MiB / 96MiB",65.93
2026-09-17T05:45:08.136Z,openbao,1.32,"36.29MiB / 512MiB",7.09
2026-09-17T05:45:08.136Z,spilo,0.63,"193.9MiB / 1.922GiB",9.85
2026-09-17T05:45:08.136Z,etcd,1.17,"62.44MiB / 1.922GiB",3.17
2026-09-17T05:45:15.327Z,grafana,1.03,"231.7MiB / 512MiB",45.25
2026-09-17T05:45:15.327Z,lorawan-gateway-evidence-verifier-1,0.00,"11.84MiB / 192MiB",6.17
2026-09-17T05:45:15.327Z,node-red-node-red-1,0.00,"73.75MiB / 1.922GiB",3.75
2026-09-17T05:45:15.327Z,lorawan-gateway-evidence-collector-1,0.33,"11.79MiB / 192MiB",6.14
2026-09-17T05:45:15.327Z,seaweedfs,4.24,"150MiB / 256MiB",58.61
2026-09-17T05:45:15.327Z,seaweedfs-metadata-etcd,5.10,"63.3MiB / 96MiB",65.93
2026-09-17T05:45:15.327Z,openbao,1.15,"36.29MiB / 512MiB",7.09
2026-09-17T05:45:15.327Z,spilo,1.61,"193.9MiB / 1.922GiB",9.85
2026-09-17T05:45:15.327Z,etcd,1.57,"62.44MiB / 1.922GiB",3.17
2026-09-17T05:45:22.491Z,grafana,1.18,"231.7MiB / 512MiB",45.25
2026-09-17T05:45:22.491Z,lorawan-gateway-evidence-verifier-1,0.14,"11.84MiB / 192MiB",6.17
2026-09-17T05:45:22.491Z,node-red-node-red-1,1.31,"73.92MiB / 1.922GiB",3.76
2026-09-17T05:45:22.491Z,lorawan-gateway-evidence-collector-1,0.36,"11.79MiB / 192MiB",6.14
2026-09-17T05:45:22.491Z,seaweedfs,0.75,"150.1MiB / 256MiB",58.63
2026-09-17T05:45:22.491Z,seaweedfs-metadata-etcd,0.95,"63.3MiB / 96MiB",65.93
2026-09-17T05:45:22.491Z,openbao,1.23,"36.29MiB / 512MiB",7.09
2026-09-17T05:45:22.491Z,spilo,0.74,"193.9MiB / 1.922GiB",9.85
2026-09-17T05:45:22.491Z,etcd,1.21,"62.44MiB / 1.922GiB",3.17
2026-09-17T05:45:29.713Z,grafana,1.14,"231.7MiB / 512MiB",45.25
2026-09-17T05:45:29.713Z,lorawan-gateway-evidence-verifier-1,0.10,"11.84MiB / 192MiB",6.17
2026-09-17T05:45:29.713Z,node-red-node-red-1,0.00,"73.81MiB / 1.922GiB",3.75
2026-09-17T05:45:29.713Z,lorawan-gateway-evidence-collector-1,0.46,"11.79MiB / 192MiB",6.14
2026-09-17T05:45:29.713Z,seaweedfs,3.72,"150.1MiB / 256MiB",58.64
2026-09-17T05:45:29.713Z,seaweedfs-metadata-etcd,4.75,"63.43MiB / 96MiB",66.08
2026-09-17T05:45:29.713Z,openbao,1.47,"36.29MiB / 512MiB",7.09
2026-09-17T05:45:29.713Z,spilo,1.35,"193.9MiB / 1.922GiB",9.85
2026-09-17T05:45:29.713Z,etcd,1.21,"62.44MiB / 1.922GiB",3.17
2026-09-17T05:45:37.020Z,grafana,1.10,"231.7MiB / 512MiB",45.25
2026-09-17T05:45:37.020Z,lorawan-gateway-evidence-verifier-1,0.00,"12.02MiB / 192MiB",6.26
2026-09-17T05:45:37.020Z,node-red-node-red-1,0.05,"73.81MiB / 1.922GiB",3.75
2026-09-17T05:45:37.020Z,lorawan-gateway-evidence-collector-1,0.36,"11.79MiB / 192MiB",6.14
2026-09-17T05:45:37.020Z,seaweedfs,0.53,"143.2MiB / 256MiB",55.95
2026-09-17T05:45:37.020Z,seaweedfs-metadata-etcd,0.97,"63.43MiB / 96MiB",66.07
2026-09-17T05:45:37.020Z,openbao,1.37,"36.29MiB / 512MiB",7.09
2026-09-17T05:45:37.020Z,spilo,1.06,"193.9MiB / 1.922GiB",9.85
2026-09-17T05:45:37.020Z,etcd,1.05,"62.44MiB / 1.922GiB",3.17
2026-09-17T05:45:44.278Z,grafana,0.97,"231.7MiB / 512MiB",45.25
2026-09-17T05:45:44.278Z,lorawan-gateway-evidence-verifier-1,0.09,"12.02MiB / 192MiB",6.26
2026-09-17T05:45:44.278Z,node-red-node-red-1,0.03,"73.86MiB / 1.922GiB",3.75
2026-09-17T05:45:44.278Z,lorawan-gateway-evidence-collector-1,0.32,"11.79MiB / 192MiB",6.14
2026-09-17T05:45:44.278Z,seaweedfs,5.01,"143.2MiB / 256MiB",55.95
2026-09-17T05:45:44.278Z,seaweedfs-metadata-etcd,5.19,"63.43MiB / 96MiB",66.07
2026-09-17T05:45:44.278Z,openbao,1.33,"36.29MiB / 512MiB",7.09
2026-09-17T05:45:44.278Z,spilo,1.81,"193.9MiB / 1.922GiB",9.85
2026-09-17T05:45:44.278Z,etcd,1.03,"62.44MiB / 1.922GiB",3.17
2026-09-17T05:45:51.499Z,grafana,1.13,"231.7MiB / 512MiB",45.25
2026-09-17T05:45:51.499Z,lorawan-gateway-evidence-verifier-1,0.00,"12.02MiB / 192MiB",6.26
2026-09-17T05:45:51.499Z,node-red-node-red-1,0.00,"73.87MiB / 1.922GiB",3.75
2026-09-17T05:45:51.499Z,lorawan-gateway-evidence-collector-1,0.34,"11.79MiB / 192MiB",6.14
2026-09-17T05:45:51.499Z,seaweedfs,1.66,"143.2MiB / 256MiB",55.95
2026-09-17T05:45:51.499Z,seaweedfs-metadata-etcd,3.01,"63.43MiB / 96MiB",66.07
2026-09-17T05:45:51.499Z,openbao,1.29,"36.29MiB / 512MiB",7.09
2026-09-17T05:45:51.499Z,spilo,1.27,"193.9MiB / 1.922GiB",9.85
2026-09-17T05:45:51.499Z,etcd,1.13,"62.44MiB / 1.922GiB",3.17
2026-09-17T05:45:58.677Z,grafana,1.68,"231.7MiB / 512MiB",45.25
2026-09-17T05:45:58.677Z,lorawan-gateway-evidence-verifier-1,0.15,"12.02MiB / 192MiB",6.26
2026-09-17T05:45:58.677Z,node-red-node-red-1,0.03,"73.91MiB / 1.922GiB",3.76
2026-09-17T05:45:58.677Z,lorawan-gateway-evidence-collector-1,0.33,"11.79MiB / 192MiB",6.14
2026-09-17T05:45:58.677Z,seaweedfs,6.75,"143.2MiB / 256MiB",55.95
2026-09-17T05:45:58.677Z,seaweedfs-metadata-etcd,7.19,"63.43MiB / 96MiB",66.07
2026-09-17T05:45:58.677Z,openbao,1.75,"36.29MiB / 512MiB",7.09
2026-09-17T05:45:58.677Z,spilo,1.33,"193.9MiB / 1.922GiB",9.85
2026-09-17T05:45:58.677Z,etcd,1.26,"62.44MiB / 1.922GiB",3.17
2026-09-17T05:46:05.900Z,grafana,1.14,"231.7MiB / 512MiB",45.25
2026-09-17T05:46:05.900Z,lorawan-gateway-evidence-verifier-1,2.59,"11.71MiB / 192MiB",6.10
2026-09-17T05:46:05.900Z,node-red-node-red-1,0.00,"73.91MiB / 1.922GiB",3.76
2026-09-17T05:46:05.900Z,lorawan-gateway-evidence-collector-1,0.32,"11.79MiB / 192MiB",6.14
2026-09-17T05:46:05.900Z,seaweedfs,6.09,"143.2MiB / 256MiB",55.96
2026-09-17T05:46:05.900Z,seaweedfs-metadata-etcd,3.52,"63.43MiB / 96MiB",66.08
2026-09-17T05:46:05.900Z,openbao,1.22,"36.29MiB / 512MiB",7.09
2026-09-17T05:46:05.900Z,spilo,0.93,"193.9MiB / 1.922GiB",9.85
2026-09-17T05:46:05.900Z,etcd,2.32,"62.44MiB / 1.922GiB",3.17
2026-09-17T05:46:13.186Z,grafana,1.20,"231.7MiB / 512MiB",45.25
2026-09-17T05:46:13.186Z,lorawan-gateway-evidence-verifier-1,0.00,"11.86MiB / 192MiB",6.18
2026-09-17T05:46:13.186Z,node-red-node-red-1,1.57,"73.97MiB / 1.922GiB",3.76
2026-09-17T05:46:13.186Z,lorawan-gateway-evidence-collector-1,0.35,"11.79MiB / 192MiB",6.14
2026-09-17T05:46:13.186Z,seaweedfs,0.91,"144.9MiB / 256MiB",56.61
2026-09-17T05:46:13.186Z,seaweedfs-metadata-etcd,1.04,"63.43MiB / 96MiB",66.07
2026-09-17T05:46:13.186Z,openbao,1.20,"36.29MiB / 512MiB",7.09
2026-09-17T05:46:13.186Z,spilo,1.45,"193.9MiB / 1.922GiB",9.85
2026-09-17T05:46:13.186Z,etcd,0.96,"62.44MiB / 1.922GiB",3.17
2026-09-17T05:46:20.357Z,grafana,0.98,"231.7MiB / 512MiB",45.25
2026-09-17T05:46:20.357Z,lorawan-gateway-evidence-verifier-1,0.14,"11.86MiB / 192MiB",6.18
2026-09-17T05:46:20.357Z,node-red-node-red-1,0.00,"73.97MiB / 1.922GiB",3.76
2026-09-17T05:46:20.357Z,lorawan-gateway-evidence-collector-1,0.32,"11.79MiB / 192MiB",6.14
2026-09-17T05:46:20.357Z,seaweedfs,5.71,"145MiB / 256MiB",56.66
2026-09-17T05:46:20.357Z,seaweedfs-metadata-etcd,6.11,"63.43MiB / 96MiB",66.07
2026-09-17T05:46:20.357Z,openbao,1.00,"36.29MiB / 512MiB",7.09
2026-09-17T05:46:20.357Z,spilo,0.88,"193.9MiB / 1.922GiB",9.85
2026-09-17T05:46:20.357Z,etcd,0.99,"62.44MiB / 1.922GiB",3.17
2026-09-17T05:46:27.615Z,grafana,1.33,"231.7MiB / 512MiB",45.25
2026-09-17T05:46:27.615Z,lorawan-gateway-evidence-verifier-1,0.04,"11.86MiB / 192MiB",6.18
2026-09-17T05:46:27.615Z,node-red-node-red-1,1.30,"74.01MiB / 1.922GiB",3.76
2026-09-17T05:46:27.615Z,lorawan-gateway-evidence-collector-1,0.51,"11.79MiB / 192MiB",6.14
2026-09-17T05:46:27.615Z,seaweedfs,1.78,"145.4MiB / 256MiB",56.79
2026-09-17T05:46:27.615Z,seaweedfs-metadata-etcd,2.33,"63.43MiB / 96MiB",66.07
2026-09-17T05:46:27.615Z,openbao,1.18,"36.29MiB / 512MiB",7.09
2026-09-17T05:46:27.615Z,spilo,1.46,"193.9MiB / 1.922GiB",9.85
2026-09-17T05:46:27.615Z,etcd,1.30,"62.44MiB / 1.922GiB",3.17
2026-09-17T05:46:34.858Z,grafana,1.08,"231.7MiB / 512MiB",45.25
2026-09-17T05:46:34.858Z,lorawan-gateway-evidence-verifier-1,0.00,"11.86MiB / 192MiB",6.18
2026-09-17T05:46:34.858Z,node-red-node-red-1,0.00,"74.01MiB / 1.922GiB",3.76
2026-09-17T05:46:34.858Z,lorawan-gateway-evidence-collector-1,0.32,"11.79MiB / 192MiB",6.14
2026-09-17T05:46:34.858Z,seaweedfs,6.17,"149.1MiB / 256MiB",58.22
2026-09-17T05:46:34.858Z,seaweedfs-metadata-etcd,7.07,"63.43MiB / 96MiB",66.07
2026-09-17T05:46:34.858Z,openbao,1.04,"36.29MiB / 512MiB",7.09
2026-09-17T05:46:34.858Z,spilo,1.65,"193.9MiB / 1.922GiB",9.85
2026-09-17T05:46:34.858Z,etcd,1.50,"62.44MiB / 1.922GiB",3.17
2026-09-17T05:46:42.019Z,grafana,1.04,"231.7MiB / 512MiB",45.25
2026-09-17T05:46:42.019Z,lorawan-gateway-evidence-verifier-1,0.09,"11.81MiB / 192MiB",6.15
2026-09-17T05:46:42.019Z,node-red-node-red-1,0.00,"74MiB / 1.922GiB",3.76
2026-09-17T05:46:42.019Z,lorawan-gateway-evidence-collector-1,0.34,"11.79MiB / 192MiB",6.14
2026-09-17T05:46:42.019Z,seaweedfs,0.51,"143.1MiB / 256MiB",55.89
2026-09-17T05:46:42.019Z,seaweedfs-metadata-etcd,0.88,"63.43MiB / 96MiB",66.07
2026-09-17T05:46:42.019Z,openbao,1.16,"36.29MiB / 512MiB",7.09
2026-09-17T05:46:42.019Z,spilo,0.88,"193.9MiB / 1.922GiB",9.85
2026-09-17T05:46:42.019Z,etcd,0.90,"62.44MiB / 1.922GiB",3.17
2026-09-17T05:46:49.158Z,grafana,1.09,"231.7MiB / 512MiB",45.25
2026-09-17T05:46:49.158Z,lorawan-gateway-evidence-verifier-1,0.00,"11.81MiB / 192MiB",6.15
2026-09-17T05:46:49.158Z,node-red-node-red-1,0.00,"74.06MiB / 1.922GiB",3.76
2026-09-17T05:46:49.158Z,lorawan-gateway-evidence-collector-1,0.32,"11.79MiB / 192MiB",6.14
2026-09-17T05:46:49.158Z,seaweedfs,4.01,"143.1MiB / 256MiB",55.88
2026-09-17T05:46:49.158Z,seaweedfs-metadata-etcd,4.66,"63.43MiB / 96MiB",66.07
2026-09-17T05:46:49.158Z,openbao,1.24,"36.29MiB / 512MiB",7.09
2026-09-17T05:46:49.158Z,spilo,0.84,"193.9MiB / 1.922GiB",9.85
2026-09-17T05:46:49.158Z,etcd,0.93,"62.47MiB / 1.922GiB",3.17
2026-09-17T05:46:56.342Z,grafana,1.02,"231.7MiB / 512MiB",45.25
2026-09-17T05:46:56.342Z,lorawan-gateway-evidence-verifier-1,0.15,"11.81MiB / 192MiB",6.15
2026-09-17T05:46:56.342Z,node-red-node-red-1,0.00,"74.05MiB / 1.922GiB",3.76
2026-09-17T05:46:56.342Z,lorawan-gateway-evidence-collector-1,0.27,"11.79MiB / 192MiB",6.14
2026-09-17T05:46:56.342Z,seaweedfs,5.35,"143.1MiB / 256MiB",55.89
2026-09-17T05:46:56.342Z,seaweedfs-metadata-etcd,5.61,"63.43MiB / 96MiB",66.07
2026-09-17T05:46:56.342Z,openbao,1.31,"36.29MiB / 512MiB",7.09
2026-09-17T05:46:56.342Z,spilo,0.80,"193.9MiB / 1.922GiB",9.85
2026-09-17T05:46:56.342Z,etcd,1.06,"62.47MiB / 1.922GiB",3.17
2026-09-17T05:47:03.588Z,grafana,1.16,"231.7MiB / 512MiB",45.25
2026-09-17T05:47:03.588Z,lorawan-gateway-evidence-verifier-1,0.00,"11.81MiB / 192MiB",6.15
2026-09-17T05:47:03.588Z,node-red-node-red-1,0.00,"74.05MiB / 1.922GiB",3.76
2026-09-17T05:47:03.588Z,lorawan-gateway-evidence-collector-1,0.35,"11.79MiB / 192MiB",6.14
2026-09-17T05:47:03.588Z,seaweedfs,1.24,"142.8MiB / 256MiB",55.77
2026-09-17T05:47:03.588Z,seaweedfs-metadata-etcd,4.18,"63.43MiB / 96MiB",66.07
2026-09-17T05:47:03.588Z,openbao,1.27,"36.29MiB / 512MiB",7.09
2026-09-17T05:47:03.588Z,spilo,1.51,"193.9MiB / 1.922GiB",9.85
2026-09-17T05:47:03.588Z,etcd,1.14,"62.47MiB / 1.922GiB",3.17
2026-09-17T05:47:10.767Z,grafana,0.82,"231.7MiB / 512MiB",45.25
2026-09-17T05:47:10.767Z,lorawan-gateway-evidence-verifier-1,12.83,"11.96MiB / 192MiB",6.23
2026-09-17T05:47:10.767Z,node-red-node-red-1,0.00,"74.04MiB / 1.922GiB",3.76
2026-09-17T05:47:10.767Z,lorawan-gateway-evidence-collector-1,0.26,"11.79MiB / 192MiB",6.14
2026-09-17T05:47:10.767Z,seaweedfs,24.08,"143.2MiB / 256MiB",55.93
2026-09-17T05:47:10.767Z,seaweedfs-metadata-etcd,10.80,"63.43MiB / 96MiB",66.07
2026-09-17T05:47:10.767Z,openbao,0.81,"36.29MiB / 512MiB",7.09
2026-09-17T05:47:10.767Z,spilo,0.94,"193.9MiB / 1.922GiB",9.85
2026-09-17T05:47:10.767Z,etcd,1.30,"62.47MiB / 1.922GiB",3.17
2026-09-17T05:47:17.993Z,grafana,1.44,"231.7MiB / 512MiB",45.25
2026-09-17T05:47:17.993Z,lorawan-gateway-evidence-verifier-1,0.13,"11.96MiB / 192MiB",6.23
2026-09-17T05:47:17.993Z,node-red-node-red-1,16.46,"74.13MiB / 1.922GiB",3.77
2026-09-17T05:47:17.993Z,lorawan-gateway-evidence-collector-1,0.31,"11.79MiB / 192MiB",6.14
2026-09-17T05:47:17.993Z,seaweedfs,2.18,"150.9MiB / 256MiB",58.94
2026-09-17T05:47:17.993Z,seaweedfs-metadata-etcd,2.86,"63.43MiB / 96MiB",66.07
2026-09-17T05:47:17.993Z,openbao,1.11,"36.29MiB / 512MiB",7.09
2026-09-17T05:47:17.993Z,spilo,0.95,"193.9MiB / 1.922GiB",9.85
2026-09-17T05:47:17.993Z,etcd,1.00,"62.47MiB / 1.922GiB",3.17
2026-09-17T05:47:25.219Z,grafana,1.04,"231.7MiB / 512MiB",45.25
2026-09-17T05:47:25.219Z,lorawan-gateway-evidence-verifier-1,0.00,"11.96MiB / 192MiB",6.23
2026-09-17T05:47:25.219Z,node-red-node-red-1,0.00,"74.12MiB / 1.922GiB",3.77
2026-09-17T05:47:25.219Z,lorawan-gateway-evidence-collector-1,0.30,"11.79MiB / 192MiB",6.14
2026-09-17T05:47:25.219Z,seaweedfs,3.90,"150.9MiB / 256MiB",58.94
2026-09-17T05:47:25.219Z,seaweedfs-metadata-etcd,4.71,"63.43MiB / 96MiB",66.07
2026-09-17T05:47:25.219Z,openbao,1.20,"36.29MiB / 512MiB",7.09
2026-09-17T05:47:25.219Z,spilo,2.41,"193.9MiB / 1.922GiB",9.85
2026-09-17T05:47:25.219Z,etcd,0.90,"62.47MiB / 1.922GiB",3.17
2026-09-17T05:47:32.384Z,grafana,1.14,"231.7MiB / 512MiB",45.25
2026-09-17T05:47:32.384Z,lorawan-gateway-evidence-verifier-1,0.17,"11.36MiB / 192MiB",5.92
2026-09-17T05:47:32.384Z,node-red-node-red-1,0.00,"74.17MiB / 1.922GiB",3.77
2026-09-17T05:47:32.384Z,lorawan-gateway-evidence-collector-1,0.31,"11.79MiB / 192MiB",6.14
2026-09-17T05:47:32.384Z,seaweedfs,6.43,"150.7MiB / 256MiB",58.88
2026-09-17T05:47:32.384Z,seaweedfs-metadata-etcd,6.59,"63.44MiB / 96MiB",66.08
2026-09-17T05:47:32.384Z,openbao,1.33,"36.29MiB / 512MiB",7.09
2026-09-17T05:47:32.384Z,spilo,0.98,"193.9MiB / 1.922GiB",9.85
2026-09-17T05:47:32.384Z,etcd,1.18,"62.47MiB / 1.922GiB",3.17
2026-09-17T05:47:39.603Z,grafana,1.39,"231.7MiB / 512MiB",45.25
2026-09-17T05:47:39.603Z,lorawan-gateway-evidence-verifier-1,0.00,"11.36MiB / 192MiB",5.92
2026-09-17T05:47:39.603Z,node-red-node-red-1,0.00,"74.16MiB / 1.922GiB",3.77
2026-09-17T05:47:39.603Z,lorawan-gateway-evidence-collector-1,0.31,"11.79MiB / 192MiB",6.14
2026-09-17T05:47:39.603Z,seaweedfs,1.33,"141.1MiB / 256MiB",55.13
2026-09-17T05:47:39.603Z,seaweedfs-metadata-etcd,2.45,"63.43MiB / 96MiB",66.07
2026-09-17T05:47:39.603Z,openbao,1.43,"36.29MiB / 512MiB",7.09
2026-09-17T05:47:39.603Z,spilo,1.40,"193.9MiB / 1.922GiB",9.85
2026-09-17T05:47:39.603Z,etcd,1.05,"62.47MiB / 1.922GiB",3.17
2026-09-17T05:47:46.843Z,grafana,1.87,"231.7MiB / 512MiB",45.25
2026-09-17T05:47:46.843Z,lorawan-gateway-evidence-verifier-1,0.00,"11.93MiB / 192MiB",6.21
2026-09-17T05:47:46.843Z,node-red-node-red-1,0.00,"74.22MiB / 1.922GiB",3.77
2026-09-17T05:47:46.843Z,lorawan-gateway-evidence-collector-1,0.28,"11.79MiB / 192MiB",6.14
2026-09-17T05:47:46.843Z,seaweedfs,5.44,"149.4MiB / 256MiB",58.35
2026-09-17T05:47:46.843Z,seaweedfs-metadata-etcd,6.21,"63.43MiB / 96MiB",66.07
2026-09-17T05:47:46.843Z,openbao,1.40,"36.29MiB / 512MiB",7.09
2026-09-17T05:47:46.843Z,spilo,0.66,"193.9MiB / 1.922GiB",9.85
2026-09-17T05:47:46.843Z,etcd,1.28,"62.47MiB / 1.922GiB",3.17
2026-09-17T05:47:54.007Z,grafana,1.13,"231.7MiB / 512MiB",45.25
2026-09-17T05:47:54.007Z,lorawan-gateway-evidence-verifier-1,0.12,"11.93MiB / 192MiB",6.21
2026-09-17T05:47:54.007Z,node-red-node-red-1,0.01,"74.23MiB / 1.922GiB",3.77
2026-09-17T05:47:54.007Z,lorawan-gateway-evidence-collector-1,0.30,"11.79MiB / 192MiB",6.14
2026-09-17T05:47:54.007Z,seaweedfs,4.26,"142MiB / 256MiB",55.48
2026-09-17T05:47:54.007Z,seaweedfs-metadata-etcd,4.84,"63.44MiB / 96MiB",66.08
2026-09-17T05:47:54.007Z,openbao,1.39,"36.29MiB / 512MiB",7.09
2026-09-17T05:47:54.007Z,spilo,1.23,"193.9MiB / 1.922GiB",9.85
2026-09-17T05:47:54.007Z,etcd,1.01,"62.47MiB / 1.922GiB",3.17
2026-09-17T05:48:01.265Z,grafana,2.75,"231.7MiB / 512MiB",45.25
2026-09-17T05:48:01.265Z,lorawan-gateway-evidence-verifier-1,13.17,"11.98MiB / 192MiB",6.24
2026-09-17T05:48:01.265Z,node-red-node-red-1,0.00,"74.27MiB / 1.922GiB",3.77
2026-09-17T05:48:01.265Z,lorawan-gateway-evidence-collector-1,0.27,"11.79MiB / 192MiB",6.14
2026-09-17T05:48:01.265Z,seaweedfs,22.08,"143.6MiB / 256MiB",56.10
2026-09-17T05:48:01.265Z,seaweedfs-metadata-etcd,10.99,"63.43MiB / 96MiB",66.07
2026-09-17T05:48:01.265Z,openbao,1.47,"36.29MiB / 512MiB",7.09
2026-09-17T05:48:01.265Z,spilo,3.25,"193.9MiB / 1.922GiB",9.85
2026-09-17T05:48:01.265Z,etcd,1.23,"62.47MiB / 1.922GiB",3.17
2026-09-17T05:48:08.509Z,grafana,1.37,"231.7MiB / 512MiB",45.25
2026-09-17T05:48:08.509Z,lorawan-gateway-evidence-verifier-1,0.12,"11.98MiB / 192MiB",6.24
2026-09-17T05:48:08.509Z,node-red-node-red-1,0.00,"74.27MiB / 1.922GiB",3.77
2026-09-17T05:48:08.509Z,lorawan-gateway-evidence-collector-1,0.31,"11.79MiB / 192MiB",6.14
2026-09-17T05:48:08.509Z,seaweedfs,6.05,"143.6MiB / 256MiB",56.10
2026-09-17T05:48:08.509Z,seaweedfs-metadata-etcd,6.27,"63.43MiB / 96MiB",66.07
2026-09-17T05:48:08.509Z,openbao,1.32,"36.29MiB / 512MiB",7.09
2026-09-17T05:48:08.509Z,spilo,0.93,"193.9MiB / 1.922GiB",9.85
2026-09-17T05:48:08.509Z,etcd,0.86,"62.47MiB / 1.922GiB",3.17
2026-09-17T05:48:15.716Z,grafana,1.03,"231.7MiB / 512MiB",45.25
2026-09-17T05:48:15.716Z,lorawan-gateway-evidence-verifier-1,4.34,"11.51MiB / 192MiB",5.99
2026-09-17T05:48:15.716Z,node-red-node-red-1,0.00,"74.32MiB / 1.922GiB",3.78
2026-09-17T05:48:15.716Z,lorawan-gateway-evidence-collector-1,0.34,"11.79MiB / 192MiB",6.14
2026-09-17T05:48:15.716Z,seaweedfs,8.18,"147.9MiB / 256MiB",57.77
2026-09-17T05:48:15.716Z,seaweedfs-metadata-etcd,6.82,"63.44MiB / 96MiB",66.08
2026-09-17T05:48:15.716Z,openbao,1.43,"36.29MiB / 512MiB",7.09
2026-09-17T05:48:15.716Z,spilo,1.44,"193.9MiB / 1.922GiB",9.85
2026-09-17T05:48:15.716Z,etcd,1.55,"62.47MiB / 1.922GiB",3.17
2026-09-17T05:48:23.142Z,grafana,1.11,"231.7MiB / 512MiB",45.25
2026-09-17T05:48:23.142Z,lorawan-gateway-evidence-verifier-1,0.00,"12.05MiB / 192MiB",6.27
2026-09-17T05:48:23.142Z,node-red-node-red-1,0.14,"74.32MiB / 1.922GiB",3.78
2026-09-17T05:48:23.142Z,lorawan-gateway-evidence-collector-1,0.29,"11.79MiB / 192MiB",6.14
2026-09-17T05:48:23.142Z,seaweedfs,3.79,"149.5MiB / 256MiB",58.40
2026-09-17T05:48:23.142Z,seaweedfs-metadata-etcd,4.78,"63.43MiB / 96MiB",66.07
2026-09-17T05:48:23.142Z,openbao,1.16,"36.29MiB / 512MiB",7.09
2026-09-17T05:48:23.142Z,spilo,0.86,"193.9MiB / 1.922GiB",9.85
2026-09-17T05:48:23.142Z,etcd,1.31,"62.47MiB / 1.922GiB",3.17
2026-09-17T05:48:30.310Z,grafana,1.05,"231.7MiB / 512MiB",45.25
2026-09-17T05:48:30.310Z,lorawan-gateway-evidence-verifier-1,5.06,"12.02MiB / 192MiB",6.26
2026-09-17T05:48:30.310Z,node-red-node-red-1,0.00,"74.37MiB / 1.922GiB",3.78
2026-09-17T05:48:30.310Z,lorawan-gateway-evidence-collector-1,0.27,"11.79MiB / 192MiB",6.14
2026-09-17T05:48:30.310Z,seaweedfs,12.38,"149.3MiB / 256MiB",58.32
2026-09-17T05:48:30.310Z,seaweedfs-metadata-etcd,6.71,"63.44MiB / 96MiB",66.08
2026-09-17T05:48:30.310Z,openbao,1.27,"36.29MiB / 512MiB",7.09
2026-09-17T05:48:30.310Z,spilo,1.28,"193.9MiB / 1.922GiB",9.85
2026-09-17T05:48:30.310Z,etcd,0.97,"62.47MiB / 1.922GiB",3.17
2026-09-17T05:48:37.693Z,grafana,1.10,"231.7MiB / 512MiB",45.25
2026-09-17T05:48:37.693Z,lorawan-gateway-evidence-verifier-1,0.10,"11.67MiB / 192MiB",6.08
2026-09-17T05:48:37.693Z,node-red-node-red-1,0.27,"74.36MiB / 1.922GiB",3.78
2026-09-17T05:48:37.693Z,lorawan-gateway-evidence-collector-1,0.27,"11.79MiB / 192MiB",6.14
2026-09-17T05:48:37.693Z,seaweedfs,1.95,"142.9MiB / 256MiB",55.82
2026-09-17T05:48:37.693Z,seaweedfs-metadata-etcd,2.42,"63.43MiB / 96MiB",66.08
2026-09-17T05:48:37.693Z,openbao,1.48,"36.29MiB / 512MiB",7.09
2026-09-17T05:48:37.693Z,spilo,0.98,"193.9MiB / 1.922GiB",9.85
2026-09-17T05:48:37.693Z,etcd,1.25,"62.47MiB / 1.922GiB",3.17
2026-09-17T05:48:44.910Z,grafana,0.79,"241.1MiB / 512MiB",47.08
2026-09-17T05:48:44.910Z,lorawan-gateway-evidence-verifier-1,0.00,"9.75MiB / 192MiB",5.08
2026-09-17T05:48:44.910Z,node-red-node-red-1,0.00,"73.43MiB / 1.922GiB",3.73
2026-09-17T05:48:44.910Z,lorawan-gateway-evidence-collector-1,0.26,"10.48MiB / 192MiB",5.46
2026-09-17T05:48:44.910Z,seaweedfs,3.80,"143.6MiB / 256MiB",56.10
2026-09-17T05:48:44.910Z,seaweedfs-metadata-etcd,4.86,"61.38MiB / 96MiB",63.93
2026-09-17T05:48:44.910Z,openbao,1.45,"36.87MiB / 512MiB",7.20
2026-09-17T05:48:44.910Z,spilo,2.21,"175.5MiB / 1.922GiB",8.92
2026-09-17T05:48:44.910Z,etcd,0.63,"62.46MiB / 1.922GiB",3.17
2026-09-17T05:48:52.305Z,grafana,1.00,"241.1MiB / 512MiB",47.08
2026-09-17T05:48:52.305Z,lorawan-gateway-evidence-verifier-1,0.13,"10.04MiB / 192MiB",5.23
2026-09-17T05:48:52.305Z,node-red-node-red-1,0.02,"74.35MiB / 1.922GiB",3.78
2026-09-17T05:48:52.305Z,lorawan-gateway-evidence-collector-1,0.32,"10.48MiB / 192MiB",5.46
2026-09-17T05:48:52.305Z,seaweedfs,7.42,"143.2MiB / 256MiB",55.95
2026-09-17T05:48:52.305Z,seaweedfs-metadata-etcd,5.79,"61.38MiB / 96MiB",63.94
2026-09-17T05:48:52.305Z,openbao,1.30,"36.87MiB / 512MiB",7.20
2026-09-17T05:48:52.305Z,spilo,0.96,"175.6MiB / 1.922GiB",8.92
2026-09-17T05:48:52.305Z,etcd,0.90,"62.45MiB / 1.922GiB",3.17
2026-09-17T05:48:59.563Z,grafana,1.01,"241.1MiB / 512MiB",47.08
2026-09-17T05:48:59.563Z,lorawan-gateway-evidence-verifier-1,9.45,"9.73MiB / 192MiB",5.07
2026-09-17T05:48:59.563Z,node-red-node-red-1,0.02,"74.43MiB / 1.922GiB",3.78
2026-09-17T05:48:59.563Z,lorawan-gateway-evidence-collector-1,0.47,"10.48MiB / 192MiB",5.46
2026-09-17T05:48:59.563Z,seaweedfs,15.45,"143.7MiB / 256MiB",56.13
2026-09-17T05:48:59.563Z,seaweedfs-metadata-etcd,8.21,"61.38MiB / 96MiB",63.94
2026-09-17T05:48:59.563Z,openbao,1.53,"36.87MiB / 512MiB",7.20
2026-09-17T05:48:59.563Z,spilo,1.72,"175.6MiB / 1.922GiB",8.92
2026-09-17T05:48:59.563Z,etcd,1.10,"62.45MiB / 1.922GiB",3.17
2026-09-17T05:49:06.851Z,grafana,0.86,"241.1MiB / 512MiB",47.08
2026-09-17T05:49:06.851Z,lorawan-gateway-evidence-verifier-1,11.50,"9.574MiB / 192MiB",4.99
2026-09-17T05:49:06.851Z,node-red-node-red-1,0.09,"74.43MiB / 1.922GiB",3.78
2026-09-17T05:49:06.851Z,lorawan-gateway-evidence-collector-1,0.30,"10.48MiB / 192MiB",5.46
2026-09-17T05:49:06.851Z,seaweedfs,21.53,"144MiB / 256MiB",56.25
2026-09-17T05:49:06.851Z,seaweedfs-metadata-etcd,9.75,"61.39MiB / 96MiB",63.95
2026-09-17T05:49:06.851Z,openbao,1.47,"36.87MiB / 512MiB",7.20
2026-09-17T05:49:06.851Z,spilo,1.60,"175.8MiB / 1.922GiB",8.94
2026-09-17T05:49:06.851Z,etcd,1.06,"62.45MiB / 1.922GiB",3.17
2026-09-17T05:49:14.204Z,grafana,0.84,"241.1MiB / 512MiB",47.08
2026-09-17T05:49:14.204Z,lorawan-gateway-evidence-verifier-1,15.32,"10.02MiB / 192MiB",5.22
2026-09-17T05:49:14.204Z,node-red-node-red-1,0.02,"74.51MiB / 1.922GiB",3.79
2026-09-17T05:49:14.204Z,lorawan-gateway-evidence-collector-1,0.23,"10.48MiB / 192MiB",5.46
2026-09-17T05:49:14.204Z,seaweedfs,17.15,"149.4MiB / 256MiB",58.36
2026-09-17T05:49:14.204Z,seaweedfs-metadata-etcd,8.44,"61.38MiB / 96MiB",63.94
2026-09-17T05:49:14.204Z,openbao,1.48,"36.87MiB / 512MiB",7.20
2026-09-17T05:49:14.204Z,spilo,1.74,"175.8MiB / 1.922GiB",8.93
2026-09-17T05:49:14.204Z,etcd,0.90,"62.45MiB / 1.922GiB",3.17
2026-09-17T05:49:21.629Z,grafana,0.97,"241.1MiB / 512MiB",47.08
2026-09-17T05:49:21.629Z,lorawan-gateway-evidence-verifier-1,4.39,"9.859MiB / 192MiB",5.14
2026-09-17T05:49:21.629Z,node-red-node-red-1,0.00,"74.58MiB / 1.922GiB",3.79
2026-09-17T05:49:21.629Z,lorawan-gateway-evidence-collector-1,0.27,"10.48MiB / 192MiB",5.46
2026-09-17T05:49:21.629Z,seaweedfs,11.73,"143.4MiB / 256MiB",56.00
2026-09-17T05:49:21.629Z,seaweedfs-metadata-etcd,8.12,"61.39MiB / 96MiB",63.94
2026-09-17T05:49:21.629Z,openbao,1.14,"36.87MiB / 512MiB",7.20
2026-09-17T05:49:21.629Z,spilo,1.67,"175.8MiB / 1.922GiB",8.93
2026-09-17T05:49:21.629Z,etcd,0.76,"62.45MiB / 1.922GiB",3.17
2026-09-17T05:49:29.033Z,grafana,0.90,"241.1MiB / 512MiB",47.08
2026-09-17T05:49:29.033Z,lorawan-gateway-evidence-verifier-1,8.27,"10.14MiB / 192MiB",5.28
2026-09-17T05:49:29.033Z,node-red-node-red-1,0.02,"74.62MiB / 1.922GiB",3.79
2026-09-17T05:49:29.033Z,lorawan-gateway-evidence-collector-1,0.38,"10.48MiB / 192MiB",5.46
2026-09-17T05:49:29.033Z,seaweedfs,16.83,"143.9MiB / 256MiB",56.19
2026-09-17T05:49:29.033Z,seaweedfs-metadata-etcd,7.34,"61.38MiB / 96MiB",63.94
2026-09-17T05:49:29.033Z,openbao,1.48,"36.88MiB / 512MiB",7.20
2026-09-17T05:49:29.033Z,spilo,0.67,"175.8MiB / 1.922GiB",8.94
2026-09-17T05:49:29.033Z,etcd,0.98,"62.45MiB / 1.922GiB",3.17
2026-09-17T05:49:36.378Z,grafana,1.05,"241.1MiB / 512MiB",47.08
2026-09-17T05:49:36.378Z,lorawan-gateway-evidence-verifier-1,0.10,"10.14MiB / 192MiB",5.28
2026-09-17T05:49:36.378Z,node-red-node-red-1,0.00,"74.62MiB / 1.922GiB",3.79
2026-09-17T05:49:36.378Z,lorawan-gateway-evidence-collector-1,0.28,"10.48MiB / 192MiB",5.46
2026-09-17T05:49:36.378Z,seaweedfs,0.63,"143.2MiB / 256MiB",55.95
2026-09-17T05:49:36.378Z,seaweedfs-metadata-etcd,1.08,"61.38MiB / 96MiB",63.93
2026-09-17T05:49:36.378Z,openbao,1.62,"36.87MiB / 512MiB",7.20
2026-09-17T05:49:36.378Z,spilo,1.06,"175.8MiB / 1.922GiB",8.94
2026-09-17T05:49:36.378Z,etcd,1.41,"62.45MiB / 1.922GiB",3.17
2026-09-17T05:49:43.538Z,grafana,0.99,"241.1MiB / 512MiB",47.08
2026-09-17T05:49:43.538Z,lorawan-gateway-evidence-verifier-1,0.00,"10.14MiB / 192MiB",5.28
2026-09-17T05:49:43.538Z,node-red-node-red-1,1.06,"74.68MiB / 1.922GiB",3.79
2026-09-17T05:49:43.538Z,lorawan-gateway-evidence-collector-1,0.28,"10.48MiB / 192MiB",5.46
2026-09-17T05:49:43.538Z,seaweedfs,0.52,"143.2MiB / 256MiB",55.95
2026-09-17T05:49:43.538Z,seaweedfs-metadata-etcd,1.05,"61.38MiB / 96MiB",63.93
2026-09-17T05:49:43.538Z,openbao,1.65,"36.87MiB / 512MiB",7.20
2026-09-17T05:49:43.538Z,spilo,1.23,"175.8MiB / 1.922GiB",8.94
2026-09-17T05:49:43.538Z,etcd,1.20,"62.45MiB / 1.922GiB",3.17
2026-09-17T05:49:50.767Z,grafana,1.00,"241.1MiB / 512MiB",47.08
2026-09-17T05:49:50.767Z,lorawan-gateway-evidence-verifier-1,0.00,"10.14MiB / 192MiB",5.28
2026-09-17T05:49:50.767Z,node-red-node-red-1,0.02,"74.68MiB / 1.922GiB",3.79
2026-09-17T05:49:50.767Z,lorawan-gateway-evidence-collector-1,0.28,"10.48MiB / 192MiB",5.46
2026-09-17T05:49:50.767Z,seaweedfs,0.64,"143.2MiB / 256MiB",55.95
2026-09-17T05:49:50.767Z,seaweedfs-metadata-etcd,0.83,"61.38MiB / 96MiB",63.93
2026-09-17T05:49:50.767Z,openbao,2.86,"36.87MiB / 512MiB",7.20
2026-09-17T05:49:50.767Z,spilo,0.77,"175.8MiB / 1.922GiB",8.94
2026-09-17T05:49:50.767Z,etcd,1.53,"62.45MiB / 1.922GiB",3.17
2026-09-17T05:49:57.984Z,grafana,1.85,"241.1MiB / 512MiB",47.08
2026-09-17T05:49:57.984Z,lorawan-gateway-evidence-verifier-1,2.52,"10.14MiB / 192MiB",5.28
2026-09-17T05:49:57.984Z,node-red-node-red-1,1.72,"74.75MiB / 1.922GiB",3.80
2026-09-17T05:49:57.984Z,lorawan-gateway-evidence-collector-1,0.78,"10.52MiB / 192MiB",5.48
2026-09-17T05:49:57.984Z,seaweedfs,6.16,"143.2MiB / 256MiB",55.95
2026-09-17T05:49:57.984Z,seaweedfs-metadata-etcd,3.67,"61.38MiB / 96MiB",63.94
2026-09-17T05:49:57.984Z,openbao,1.30,"36.87MiB / 512MiB",7.20
2026-09-17T05:49:57.984Z,spilo,1.92,"175.8MiB / 1.922GiB",8.94
2026-09-17T05:49:57.984Z,etcd,1.09,"62.45MiB / 1.922GiB",3.17
2026-09-17T05:50:05.188Z,grafana,1.14,"241.1MiB / 512MiB",47.08
2026-09-17T05:50:05.188Z,lorawan-gateway-evidence-verifier-1,0.00,"10.23MiB / 192MiB",5.33
2026-09-17T05:50:05.188Z,node-red-node-red-1,0.00,"74.75MiB / 1.922GiB",3.80
2026-09-17T05:50:05.188Z,lorawan-gateway-evidence-collector-1,0.31,"10.52MiB / 192MiB",5.48
2026-09-17T05:50:05.188Z,seaweedfs,4.26,"143.7MiB / 256MiB",56.15
2026-09-17T05:50:05.188Z,seaweedfs-metadata-etcd,4.24,"61.38MiB / 96MiB",63.94
2026-09-17T05:50:05.188Z,openbao,1.42,"36.87MiB / 512MiB",7.20
2026-09-17T05:50:05.188Z,spilo,1.26,"175.8MiB / 1.922GiB",8.94
2026-09-17T05:50:05.188Z,etcd,1.07,"62.45MiB / 1.922GiB",3.17
2026-09-17T05:50:12.463Z,grafana,1.46,"241.1MiB / 512MiB",47.08
2026-09-17T05:50:12.463Z,lorawan-gateway-evidence-verifier-1,0.13,"10.23MiB / 192MiB",5.33
2026-09-17T05:50:12.463Z,node-red-node-red-1,1.81,"74.79MiB / 1.922GiB",3.80
2026-09-17T05:50:12.463Z,lorawan-gateway-evidence-collector-1,0.54,"10.52MiB / 192MiB",5.48
2026-09-17T05:50:12.463Z,seaweedfs,5.42,"143.2MiB / 256MiB",55.92
2026-09-17T05:50:12.463Z,seaweedfs-metadata-etcd,1.67,"61.38MiB / 96MiB",63.94
2026-09-17T05:50:12.463Z,openbao,1.58,"36.87MiB / 512MiB",7.20
2026-09-17T05:50:12.463Z,spilo,1.58,"175.9MiB / 1.922GiB",8.94
2026-09-17T05:50:12.463Z,etcd,1.23,"62.45MiB / 1.922GiB",3.17
2026-09-17T05:50:19.686Z,grafana,1.43,"241.1MiB / 512MiB",47.08
2026-09-17T05:50:19.686Z,lorawan-gateway-evidence-verifier-1,0.01,"10.14MiB / 192MiB",5.28
2026-09-17T05:50:19.686Z,node-red-node-red-1,6.79,"79.43MiB / 1.922GiB",4.04
2026-09-17T05:50:19.686Z,lorawan-gateway-evidence-collector-1,0.37,"10.52MiB / 192MiB",5.48
2026-09-17T05:50:19.686Z,seaweedfs,0.91,"143.2MiB / 256MiB",55.92
2026-09-17T05:50:19.686Z,seaweedfs-metadata-etcd,1.24,"61.38MiB / 96MiB",63.94
2026-09-17T05:50:19.686Z,openbao,1.59,"36.87MiB / 512MiB",7.20
2026-09-17T05:50:19.686Z,spilo,1.11,"175.9MiB / 1.922GiB",8.94
2026-09-17T05:50:19.686Z,etcd,1.22,"62.52MiB / 1.922GiB",3.18
2026-09-17T05:50:26.914Z,grafana,1.20,"241.1MiB / 512MiB",47.08
2026-09-17T05:50:26.914Z,lorawan-gateway-evidence-verifier-1,0.00,"10.14MiB / 192MiB",5.28
2026-09-17T05:50:26.914Z,node-red-node-red-1,0.00,"70MiB / 1.922GiB",3.56
2026-09-17T05:50:26.914Z,lorawan-gateway-evidence-collector-1,0.34,"10.52MiB / 192MiB",5.48
2026-09-17T05:50:26.914Z,seaweedfs,0.81,"143.2MiB / 256MiB",55.92
2026-09-17T05:50:26.914Z,seaweedfs-metadata-etcd,5.51,"61.62MiB / 96MiB",64.19
2026-09-17T05:50:26.914Z,openbao,1.83,"36.87MiB / 512MiB",7.20
2026-09-17T05:50:26.914Z,spilo,0.75,"175.9MiB / 1.922GiB",8.94
2026-09-17T05:50:26.914Z,etcd,1.35,"62.52MiB / 1.922GiB",3.18
2026-09-17T05:50:34.207Z,grafana,1.20,"241.1MiB / 512MiB",47.08
2026-09-17T05:50:34.207Z,lorawan-gateway-evidence-verifier-1,0.16,"10.23MiB / 192MiB",5.33
2026-09-17T05:50:34.207Z,node-red-node-red-1,0.00,"70.03MiB / 1.922GiB",3.56
2026-09-17T05:50:34.207Z,lorawan-gateway-evidence-collector-1,0.34,"10.52MiB / 192MiB",5.48
2026-09-17T05:50:34.207Z,seaweedfs,0.77,"143.2MiB / 256MiB",55.92
2026-09-17T05:50:34.207Z,seaweedfs-metadata-etcd,0.95,"61.59MiB / 96MiB",64.16
2026-09-17T05:50:34.207Z,openbao,1.75,"36.87MiB / 512MiB",7.20
2026-09-17T05:50:34.207Z,spilo,1.96,"175.9MiB / 1.922GiB",8.94
2026-09-17T05:50:34.207Z,etcd,1.17,"62.52MiB / 1.922GiB",3.18
2026-09-17T05:50:41.444Z,grafana,1.07,"241.1MiB / 512MiB",47.08
2026-09-17T05:50:41.444Z,lorawan-gateway-evidence-verifier-1,0.00,"10.14MiB / 192MiB",5.28
2026-09-17T05:50:41.444Z,node-red-node-red-1,0.00,"70.03MiB / 1.922GiB",3.56
2026-09-17T05:50:41.444Z,lorawan-gateway-evidence-collector-1,0.30,"10.52MiB / 192MiB",5.48
2026-09-17T05:50:41.444Z,seaweedfs,0.66,"143.8MiB / 256MiB",56.15
2026-09-17T05:50:41.444Z,seaweedfs-metadata-etcd,1.01,"61.59MiB / 96MiB",64.16
2026-09-17T05:50:41.444Z,openbao,1.35,"36.87MiB / 512MiB",7.20
2026-09-17T05:50:41.444Z,spilo,0.67,"175.9MiB / 1.922GiB",8.94
2026-09-17T05:50:41.444Z,etcd,1.07,"62.52MiB / 1.922GiB",3.18
2026-09-17T05:50:48.614Z,grafana,1.27,"241.2MiB / 512MiB",47.10
2026-09-17T05:50:48.614Z,lorawan-gateway-evidence-verifier-1,2.70,"9.953MiB / 192MiB",5.18
2026-09-17T05:50:48.614Z,node-red-node-red-1,0.00,"70.07MiB / 1.922GiB",3.56
2026-09-17T05:50:48.614Z,lorawan-gateway-evidence-collector-1,0.31,"10.52MiB / 192MiB",5.48
2026-09-17T05:50:48.614Z,seaweedfs,8.42,"143.9MiB / 256MiB",56.20
2026-09-17T05:50:48.614Z,seaweedfs-metadata-etcd,6.16,"61.6MiB / 96MiB",64.17
2026-09-17T05:50:48.614Z,openbao,1.13,"36.87MiB / 512MiB",7.20
2026-09-17T05:50:48.614Z,spilo,0.91,"175.9MiB / 1.922GiB",8.94
2026-09-17T05:50:48.614Z,etcd,0.83,"62.52MiB / 1.922GiB",3.18
2026-09-17T05:50:55.827Z,grafana,1.04,"241.2MiB / 512MiB",47.10
2026-09-17T05:50:55.827Z,lorawan-gateway-evidence-verifier-1,0.12,"9.406MiB / 192MiB",4.90
2026-09-17T05:50:55.827Z,node-red-node-red-1,0.00,"70.07MiB / 1.922GiB",3.56
2026-09-17T05:50:55.827Z,lorawan-gateway-evidence-collector-1,0.31,"10.52MiB / 192MiB",5.48
2026-09-17T05:50:55.827Z,seaweedfs,0.60,"143.9MiB / 256MiB",56.20
2026-09-17T05:50:55.827Z,seaweedfs-metadata-etcd,1.11,"61.59MiB / 96MiB",64.16
2026-09-17T05:50:55.827Z,openbao,1.72,"36.87MiB / 512MiB",7.20
2026-09-17T05:50:55.827Z,spilo,0.94,"175.9MiB / 1.922GiB",8.94
2026-09-17T05:50:55.827Z,etcd,2.11,"62.52MiB / 1.922GiB",3.18
2026-09-17T05:51:03.000Z,grafana,1.09,"241.2MiB / 512MiB",47.10
2026-09-17T05:51:03.000Z,lorawan-gateway-evidence-verifier-1,11.85,"10.27MiB / 192MiB",5.35
2026-09-17T05:51:03.000Z,node-red-node-red-1,0.00,"70.1MiB / 1.922GiB",3.56
2026-09-17T05:51:03.000Z,lorawan-gateway-evidence-collector-1,0.30,"10.52MiB / 192MiB",5.48
2026-09-17T05:51:03.000Z,seaweedfs,18.63,"143.5MiB / 256MiB",56.05
2026-09-17T05:51:03.000Z,seaweedfs-metadata-etcd,7.57,"61.6MiB / 96MiB",64.16
2026-09-17T05:51:03.000Z,openbao,1.32,"36.87MiB / 512MiB",7.20
2026-09-17T05:51:03.000Z,spilo,1.56,"175.9MiB / 1.922GiB",8.94
2026-09-17T05:51:03.000Z,etcd,1.37,"62.52MiB / 1.922GiB",3.18
2026-09-17T05:51:10.285Z,grafana,1.01,"241.2MiB / 512MiB",47.10
2026-09-17T05:51:10.285Z,lorawan-gateway-evidence-verifier-1,6.77,"9.934MiB / 192MiB",5.17
2026-09-17T05:51:10.285Z,node-red-node-red-1,0.00,"70.09MiB / 1.922GiB",3.56
2026-09-17T05:51:10.285Z,lorawan-gateway-evidence-collector-1,0.25,"10.52MiB / 192MiB",5.48
2026-09-17T05:51:10.285Z,seaweedfs,16.80,"143.5MiB / 256MiB",56.07
2026-09-17T05:51:10.285Z,seaweedfs-metadata-etcd,7.86,"61.6MiB / 96MiB",64.17
2026-09-17T05:51:10.285Z,openbao,1.40,"36.87MiB / 512MiB",7.20
2026-09-17T05:51:10.285Z,spilo,1.61,"175.9MiB / 1.922GiB",8.94
2026-09-17T05:51:10.285Z,etcd,1.10,"62.52MiB / 1.922GiB",3.18
2026-09-17T05:51:17.525Z,grafana,1.00,"241.2MiB / 512MiB",47.10
2026-09-17T05:51:17.525Z,lorawan-gateway-evidence-verifier-1,0.00,"10.16MiB / 192MiB",5.29
2026-09-17T05:51:17.525Z,node-red-node-red-1,0.00,"70.15MiB / 1.922GiB",3.56
2026-09-17T05:51:17.525Z,lorawan-gateway-evidence-collector-1,0.30,"10.52MiB / 192MiB",5.48
2026-09-17T05:51:17.525Z,seaweedfs,2.16,"143.5MiB / 256MiB",56.06
2026-09-17T05:51:17.525Z,seaweedfs-metadata-etcd,2.99,"61.59MiB / 96MiB",64.16
2026-09-17T05:51:17.525Z,openbao,1.40,"36.87MiB / 512MiB",7.20
2026-09-17T05:51:17.525Z,spilo,0.79,"175.9MiB / 1.922GiB",8.94
2026-09-17T05:51:17.525Z,etcd,1.07,"62.52MiB / 1.922GiB",3.18
2026-09-17T05:51:24.718Z,grafana,1.03,"241.2MiB / 512MiB",47.10
2026-09-17T05:51:24.718Z,lorawan-gateway-evidence-verifier-1,0.00,"10.17MiB / 192MiB",5.30
2026-09-17T05:51:24.718Z,node-red-node-red-1,0.00,"70.15MiB / 1.922GiB",3.56
2026-09-17T05:51:24.718Z,lorawan-gateway-evidence-collector-1,0.34,"10.52MiB / 192MiB",5.48
2026-09-17T05:51:24.718Z,seaweedfs,0.70,"147.7MiB / 256MiB",57.71
2026-09-17T05:51:24.718Z,seaweedfs-metadata-etcd,1.25,"61.59MiB / 96MiB",64.16
2026-09-17T05:51:24.718Z,openbao,1.55,"36.87MiB / 512MiB",7.20
2026-09-17T05:51:24.718Z,spilo,1.56,"175.9MiB / 1.922GiB",8.94
2026-09-17T05:51:24.718Z,etcd,0.93,"62.52MiB / 1.922GiB",3.18
2026-09-17T05:51:31.940Z,grafana,2.54,"241.2MiB / 512MiB",47.10
2026-09-17T05:51:31.940Z,lorawan-gateway-evidence-verifier-1,0.11,"10.14MiB / 192MiB",5.28
2026-09-17T05:51:31.940Z,node-red-node-red-1,0.00,"70.92MiB / 1.922GiB",3.60
2026-09-17T05:51:31.940Z,lorawan-gateway-evidence-collector-1,0.29,"10.52MiB / 192MiB",5.48
2026-09-17T05:51:31.940Z,seaweedfs,0.87,"149.4MiB / 256MiB",58.36
2026-09-17T05:51:31.940Z,seaweedfs-metadata-etcd,1.80,"61.59MiB / 96MiB",64.16
2026-09-17T05:51:31.940Z,openbao,1.65,"36.87MiB / 512MiB",7.20
2026-09-17T05:51:31.940Z,spilo,0.95,"175.9MiB / 1.922GiB",8.94
2026-09-17T05:51:31.940Z,etcd,0.83,"62.52MiB / 1.922GiB",3.18
2026-09-17T05:51:39.137Z,grafana,1.30,"241.2MiB / 512MiB",47.10
2026-09-17T05:51:39.137Z,lorawan-gateway-evidence-verifier-1,0.00,"9.625MiB / 192MiB",5.01
2026-09-17T05:51:39.137Z,node-red-node-red-1,0.00,"70.91MiB / 1.922GiB",3.60
2026-09-17T05:51:39.137Z,lorawan-gateway-evidence-collector-1,0.30,"10.52MiB / 192MiB",5.48
2026-09-17T05:51:39.137Z,seaweedfs,0.54,"142.8MiB / 256MiB",55.77
2026-09-17T05:51:39.137Z,seaweedfs-metadata-etcd,1.05,"61.59MiB / 96MiB",64.16
2026-09-17T05:51:39.137Z,openbao,1.48,"36.88MiB / 512MiB",7.20
2026-09-17T05:51:39.137Z,spilo,0.23,"175.9MiB / 1.922GiB",8.94
2026-09-17T05:51:39.137Z,etcd,1.21,"62.52MiB / 1.922GiB",3.18
2026-09-17T05:51:46.495Z,grafana,1.78,"241.2MiB / 512MiB",47.10
2026-09-17T05:51:46.495Z,lorawan-gateway-evidence-verifier-1,0.11,"9.953MiB / 192MiB",5.18
2026-09-17T05:51:46.495Z,node-red-node-red-1,0.00,"70.95MiB / 1.922GiB",3.61
2026-09-17T05:51:46.495Z,lorawan-gateway-evidence-collector-1,0.28,"10.52MiB / 192MiB",5.48
2026-09-17T05:51:46.495Z,seaweedfs,3.90,"142.8MiB / 256MiB",55.77
2026-09-17T05:51:46.495Z,seaweedfs-metadata-etcd,4.66,"61.6MiB / 96MiB",64.17
2026-09-17T05:51:46.495Z,openbao,1.65,"36.87MiB / 512MiB",7.20
2026-09-17T05:51:46.495Z,spilo,1.51,"175.9MiB / 1.922GiB",8.94
2026-09-17T05:51:46.495Z,etcd,1.02,"62.52MiB / 1.922GiB",3.18
2026-09-17T05:51:53.683Z,grafana,1.08,"241.2MiB / 512MiB",47.10
2026-09-17T05:51:53.683Z,lorawan-gateway-evidence-verifier-1,0.12,"9.953MiB / 192MiB",5.18
2026-09-17T05:51:53.683Z,node-red-node-red-1,0.00,"70.95MiB / 1.922GiB",3.61
2026-09-17T05:51:53.683Z,lorawan-gateway-evidence-collector-1,0.33,"10.52MiB / 192MiB",5.48
2026-09-17T05:51:53.683Z,seaweedfs,1.48,"143.7MiB / 256MiB",56.12
2026-09-17T05:51:53.683Z,seaweedfs-metadata-etcd,1.61,"61.59MiB / 96MiB",64.16
2026-09-17T05:51:53.683Z,openbao,1.71,"37.07MiB / 512MiB",7.24
2026-09-17T05:51:53.683Z,spilo,0.56,"175.9MiB / 1.922GiB",8.94
2026-09-17T05:51:53.683Z,etcd,0.98,"62.52MiB / 1.922GiB",3.18
2026-09-17T05:52:00.890Z,grafana,1.21,"241.2MiB / 512MiB",47.10
2026-09-17T05:52:00.890Z,lorawan-gateway-evidence-verifier-1,0.00,"9.953MiB / 192MiB",5.18
2026-09-17T05:52:00.890Z,node-red-node-red-1,0.00,"70.98MiB / 1.922GiB",3.61
2026-09-17T05:52:00.890Z,lorawan-gateway-evidence-collector-1,0.33,"10.33MiB / 192MiB",5.38
2026-09-17T05:52:00.890Z,seaweedfs,4.66,"143.6MiB / 256MiB",56.08
2026-09-17T05:52:00.890Z,seaweedfs-metadata-etcd,5.32,"61.59MiB / 96MiB",64.16
2026-09-17T05:52:00.890Z,openbao,1.70,"37.07MiB / 512MiB",7.24
2026-09-17T05:52:00.890Z,spilo,0.83,"175.9MiB / 1.922GiB",8.94
2026-09-17T05:52:00.890Z,etcd,1.12,"62.52MiB / 1.922GiB",3.18
2026-09-17T05:52:08.121Z,grafana,1.38,"241.2MiB / 512MiB",47.10
2026-09-17T05:52:08.121Z,lorawan-gateway-evidence-verifier-1,2.74,"10.02MiB / 192MiB",5.22
2026-09-17T05:52:08.121Z,node-red-node-red-1,0.09,"70.98MiB / 1.922GiB",3.61
2026-09-17T05:52:08.121Z,lorawan-gateway-evidence-collector-1,0.32,"10.33MiB / 192MiB",5.38
2026-09-17T05:52:08.121Z,seaweedfs,8.39,"143.5MiB / 256MiB",56.04
2026-09-17T05:52:08.121Z,seaweedfs-metadata-etcd,3.68,"61.61MiB / 96MiB",64.17
2026-09-17T05:52:08.121Z,openbao,1.51,"37.07MiB / 512MiB",7.24
2026-09-17T05:52:08.121Z,spilo,1.14,"175.9MiB / 1.922GiB",8.94
2026-09-17T05:52:08.121Z,etcd,1.01,"62.52MiB / 1.922GiB",3.18
2026-09-17T05:52:15.319Z,grafana,1.05,"241.2MiB / 512MiB",47.10
2026-09-17T05:52:15.319Z,lorawan-gateway-evidence-verifier-1,8.98,"10.14MiB / 192MiB",5.28
2026-09-17T05:52:15.319Z,node-red-node-red-1,0.00,"71.02MiB / 1.922GiB",3.61
2026-09-17T05:52:15.319Z,lorawan-gateway-evidence-collector-1,0.28,"10.33MiB / 192MiB",5.38
2026-09-17T05:52:15.319Z,seaweedfs,16.51,"145.1MiB / 256MiB",56.68
2026-09-17T05:52:15.319Z,seaweedfs-metadata-etcd,9.42,"62.44MiB / 96MiB",65.04
2026-09-17T05:52:15.319Z,openbao,1.58,"37.07MiB / 512MiB",7.24
2026-09-17T05:52:15.319Z,spilo,0.59,"175.9MiB / 1.922GiB",8.94
2026-09-17T05:52:15.319Z,etcd,1.59,"62.52MiB / 1.922GiB",3.18
2026-09-17T05:52:22.536Z,grafana,0.99,"241.2MiB / 512MiB",47.10
2026-09-17T05:52:22.536Z,lorawan-gateway-evidence-verifier-1,0.11,"10.14MiB / 192MiB",5.28
2026-09-17T05:52:22.536Z,node-red-node-red-1,0.13,"71.02MiB / 1.922GiB",3.61
2026-09-17T05:52:22.536Z,lorawan-gateway-evidence-collector-1,0.29,"10.33MiB / 192MiB",5.38
2026-09-17T05:52:22.536Z,seaweedfs,0.80,"141.9MiB / 256MiB",55.44
2026-09-17T05:52:22.536Z,seaweedfs-metadata-etcd,1.08,"62.43MiB / 96MiB",65.03
2026-09-17T05:52:22.536Z,openbao,1.79,"37.17MiB / 512MiB",7.26
2026-09-17T05:52:22.536Z,spilo,0.88,"175.9MiB / 1.922GiB",8.94
2026-09-17T05:52:22.536Z,etcd,1.24,"62.52MiB / 1.922GiB",3.18
2026-09-17T05:52:29.711Z,grafana,1.03,"241.2MiB / 512MiB",47.10
2026-09-17T05:52:29.711Z,lorawan-gateway-evidence-verifier-1,7.00,"9.828MiB / 192MiB",5.12
2026-09-17T05:52:29.711Z,node-red-node-red-1,0.00,"71.05MiB / 1.922GiB",3.61
2026-09-17T05:52:29.711Z,lorawan-gateway-evidence-collector-1,0.55,"10.33MiB / 192MiB",5.38
2026-09-17T05:52:29.711Z,seaweedfs,13.73,"142MiB / 256MiB",55.45
2026-09-17T05:52:29.711Z,seaweedfs-metadata-etcd,8.10,"62.43MiB / 96MiB",65.03
2026-09-17T05:52:29.711Z,openbao,1.71,"37.17MiB / 512MiB",7.26
2026-09-17T05:52:29.711Z,spilo,0.94,"175.9MiB / 1.922GiB",8.94
2026-09-17T05:52:29.711Z,etcd,0.87,"62.52MiB / 1.922GiB",3.18
2026-09-17T05:52:36.958Z,grafana,1.01,"241.2MiB / 512MiB",47.10
2026-09-17T05:52:36.958Z,lorawan-gateway-evidence-verifier-1,0.00,"10.14MiB / 192MiB",5.28
2026-09-17T05:52:36.958Z,node-red-node-red-1,0.02,"71.05MiB / 1.922GiB",3.61
2026-09-17T05:52:36.958Z,lorawan-gateway-evidence-collector-1,0.35,"10.33MiB / 192MiB",5.38
2026-09-17T05:52:36.958Z,seaweedfs,4.66,"142.5MiB / 256MiB",55.66
2026-09-17T05:52:36.958Z,seaweedfs-metadata-etcd,5.69,"62.43MiB / 96MiB",65.03
2026-09-17T05:52:36.958Z,openbao,1.53,"37.17MiB / 512MiB",7.26
2026-09-17T05:52:36.958Z,spilo,1.09,"175.9MiB / 1.922GiB",8.94
2026-09-17T05:52:36.958Z,etcd,0.94,"62.52MiB / 1.922GiB",3.18
2026-09-17T05:52:44.381Z,grafana,1.00,"241.2MiB / 512MiB",47.10
2026-09-17T05:52:44.381Z,lorawan-gateway-evidence-verifier-1,0.12,"10.14MiB / 192MiB",5.28
2026-09-17T05:52:44.381Z,node-red-node-red-1,0.00,"71.09MiB / 1.922GiB",3.61
2026-09-17T05:52:44.381Z,lorawan-gateway-evidence-collector-1,0.30,"10.33MiB / 192MiB",5.38
2026-09-17T05:52:44.381Z,seaweedfs,5.11,"142.5MiB / 256MiB",55.66
2026-09-17T05:52:44.381Z,seaweedfs-metadata-etcd,5.57,"62.43MiB / 96MiB",65.03
2026-09-17T05:52:44.381Z,openbao,1.28,"37.17MiB / 512MiB",7.26
2026-09-17T05:52:44.381Z,spilo,2.35,"175.9MiB / 1.922GiB",8.94
2026-09-17T05:52:44.381Z,etcd,0.86,"62.52MiB / 1.922GiB",3.18
2026-09-17T05:52:51.716Z,grafana,1.06,"241.2MiB / 512MiB",47.10
2026-09-17T05:52:51.716Z,lorawan-gateway-evidence-verifier-1,0.13,"10.13MiB / 192MiB",5.28
2026-09-17T05:52:51.716Z,node-red-node-red-1,14.66,"71.09MiB / 1.922GiB",3.61
2026-09-17T05:52:51.716Z,lorawan-gateway-evidence-collector-1,0.28,"10.33MiB / 192MiB",5.38
2026-09-17T05:52:51.716Z,seaweedfs,1.92,"141.3MiB / 256MiB",55.18
2026-09-17T05:52:51.716Z,seaweedfs-metadata-etcd,2.48,"62.44MiB / 96MiB",65.04
2026-09-17T05:52:51.716Z,openbao,1.27,"37.17MiB / 512MiB",7.26
2026-09-17T05:52:51.716Z,spilo,0.77,"175.9MiB / 1.922GiB",8.94
2026-09-17T05:52:51.716Z,etcd,0.87,"62.52MiB / 1.922GiB",3.18
2026-09-17T05:52:58.950Z,grafana,1.01,"241.2MiB / 512MiB",47.10
2026-09-17T05:52:58.950Z,lorawan-gateway-evidence-verifier-1,7.87,"10.21MiB / 192MiB",5.32
2026-09-17T05:52:58.950Z,node-red-node-red-1,0.02,"71.12MiB / 1.922GiB",3.61
2026-09-17T05:52:58.950Z,lorawan-gateway-evidence-collector-1,0.36,"10.33MiB / 192MiB",5.38
2026-09-17T05:52:58.950Z,seaweedfs,17.38,"149.3MiB / 256MiB",58.31
2026-09-17T05:52:58.950Z,seaweedfs-metadata-etcd,8.93,"62.44MiB / 96MiB",65.04
2026-09-17T05:52:58.950Z,openbao,1.57,"37.17MiB / 512MiB",7.26
2026-09-17T05:52:58.950Z,spilo,2.15,"175.9MiB / 1.922GiB",8.94
2026-09-17T05:52:58.950Z,etcd,1.41,"62.52MiB / 1.922GiB",3.18
2026-09-17T05:53:06.204Z,grafana,1.11,"241.2MiB / 512MiB",47.10
2026-09-17T05:53:06.204Z,lorawan-gateway-evidence-verifier-1,4.55,"9.582MiB / 192MiB",4.99
2026-09-17T05:53:06.204Z,node-red-node-red-1,0.00,"71.12MiB / 1.922GiB",3.61
2026-09-17T05:53:06.204Z,lorawan-gateway-evidence-collector-1,0.31,"10.33MiB / 192MiB",5.38
2026-09-17T05:53:06.204Z,seaweedfs,12.97,"143.7MiB / 256MiB",56.15
2026-09-17T05:53:06.204Z,seaweedfs-metadata-etcd,5.49,"62.43MiB / 96MiB",65.03
2026-09-17T05:53:06.204Z,openbao,1.33,"37.17MiB / 512MiB",7.26
2026-09-17T05:53:06.204Z,spilo,0.80,"175.9MiB / 1.922GiB",8.94
2026-09-17T05:53:06.204Z,etcd,2.04,"62.52MiB / 1.922GiB",3.18
2026-09-17T05:53:13.420Z,grafana,1.10,"241.2MiB / 512MiB",47.10
2026-09-17T05:53:13.420Z,lorawan-gateway-evidence-verifier-1,0.00,"10.16MiB / 192MiB",5.29
2026-09-17T05:53:13.420Z,node-red-node-red-1,1.28,"71.15MiB / 1.922GiB",3.62
2026-09-17T05:53:13.420Z,lorawan-gateway-evidence-collector-1,0.31,"10.33MiB / 192MiB",5.38
2026-09-17T05:53:13.420Z,seaweedfs,3.80,"147.2MiB / 256MiB",57.52
2026-09-17T05:53:13.420Z,seaweedfs-metadata-etcd,4.32,"62.43MiB / 96MiB",65.03
2026-09-17T05:53:13.420Z,openbao,1.23,"37.17MiB / 512MiB",7.26
2026-09-17T05:53:13.420Z,spilo,1.66,"175.9MiB / 1.922GiB",8.94
2026-09-17T05:53:13.420Z,etcd,0.83,"62.52MiB / 1.922GiB",3.18
2026-09-17T05:53:20.602Z,grafana,0.99,"241.2MiB / 512MiB",47.10
2026-09-17T05:53:20.602Z,lorawan-gateway-evidence-verifier-1,10.08,"10.14MiB / 192MiB",5.28
2026-09-17T05:53:20.602Z,node-red-node-red-1,0.00,"71.15MiB / 1.922GiB",3.62
2026-09-17T05:53:20.602Z,lorawan-gateway-evidence-collector-1,0.27,"10.33MiB / 192MiB",5.38
2026-09-17T05:53:20.602Z,seaweedfs,21.59,"142.1MiB / 256MiB",55.51
2026-09-17T05:53:20.602Z,seaweedfs-metadata-etcd,8.80,"62.44MiB / 96MiB",65.04
2026-09-17T05:53:20.602Z,openbao,1.29,"37.17MiB / 512MiB",7.26
2026-09-17T05:53:20.602Z,spilo,0.84,"175.9MiB / 1.922GiB",8.94
2026-09-17T05:53:20.602Z,etcd,1.02,"62.52MiB / 1.922GiB",3.18
2026-09-17T05:53:28.158Z,grafana,1.31,"241.2MiB / 512MiB",47.10
2026-09-17T05:53:28.158Z,lorawan-gateway-evidence-verifier-1,0.10,"9.828MiB / 192MiB",5.12
2026-09-17T05:53:28.158Z,node-red-node-red-1,1.14,"71.18MiB / 1.922GiB",3.62
2026-09-17T05:53:28.158Z,lorawan-gateway-evidence-collector-1,0.50,"10.33MiB / 192MiB",5.38
2026-09-17T05:53:28.158Z,seaweedfs,4.34,"142.1MiB / 256MiB",55.51
2026-09-17T05:53:28.158Z,seaweedfs-metadata-etcd,4.49,"62.43MiB / 96MiB",65.03
2026-09-17T05:53:28.158Z,openbao,1.51,"37.17MiB / 512MiB",7.26
2026-09-17T05:53:28.158Z,spilo,1.43,"175.9MiB / 1.922GiB",8.94
2026-09-17T05:53:28.158Z,etcd,1.06,"62.52MiB / 1.922GiB",3.18
2026-09-17T05:53:35.356Z,grafana,1.02,"241.2MiB / 512MiB",47.10
2026-09-17T05:53:35.356Z,lorawan-gateway-evidence-verifier-1,8.31,"10.29MiB / 192MiB",5.36
2026-09-17T05:53:35.356Z,node-red-node-red-1,0.00,"71.18MiB / 1.922GiB",3.62
2026-09-17T05:53:35.356Z,lorawan-gateway-evidence-collector-1,0.28,"10.33MiB / 192MiB",5.38
2026-09-17T05:53:35.356Z,seaweedfs,17.82,"142.2MiB / 256MiB",55.55
2026-09-17T05:53:35.356Z,seaweedfs-metadata-etcd,8.68,"62.43MiB / 96MiB",65.03
2026-09-17T05:53:35.356Z,openbao,1.28,"37.17MiB / 512MiB",7.26
2026-09-17T05:53:35.356Z,spilo,1.03,"176MiB / 1.922GiB",8.94
2026-09-17T05:53:35.356Z,etcd,1.96,"62.52MiB / 1.922GiB",3.18
2026-09-17T05:53:42.583Z,grafana,1.08,"241.2MiB / 512MiB",47.10
2026-09-17T05:53:42.583Z,lorawan-gateway-evidence-verifier-1,0.12,"9.727MiB / 192MiB",5.07
2026-09-17T05:53:42.583Z,node-red-node-red-1,1.13,"71.22MiB / 1.922GiB",3.62
2026-09-17T05:53:42.583Z,lorawan-gateway-evidence-collector-1,0.44,"10.33MiB / 192MiB",5.38
2026-09-17T05:53:42.583Z,seaweedfs,1.18,"142.2MiB / 256MiB",55.55
2026-09-17T05:53:42.583Z,seaweedfs-metadata-etcd,1.29,"62.43MiB / 96MiB",65.03
2026-09-17T05:53:42.583Z,openbao,1.46,"37.17MiB / 512MiB",7.26
2026-09-17T05:53:42.583Z,spilo,1.37,"176MiB / 1.922GiB",8.94
2026-09-17T05:53:42.583Z,etcd,1.01,"62.52MiB / 1.922GiB",3.18
2026-09-17T05:53:49.740Z,grafana,1.01,"241.2MiB / 512MiB",47.10
2026-09-17T05:53:49.740Z,lorawan-gateway-evidence-verifier-1,0.25,"10.21MiB / 192MiB",5.32
2026-09-17T05:53:49.740Z,node-red-node-red-1,0.00,"71.22MiB / 1.922GiB",3.62
2026-09-17T05:53:49.740Z,lorawan-gateway-evidence-collector-1,0.29,"10.33MiB / 192MiB",5.38
2026-09-17T05:53:49.740Z,seaweedfs,2.45,"142.2MiB / 256MiB",55.55
2026-09-17T05:53:49.740Z,seaweedfs-metadata-etcd,2.58,"62.45MiB / 96MiB",65.05
2026-09-17T05:53:49.740Z,openbao,1.16,"37.17MiB / 512MiB",7.26
2026-09-17T05:53:49.740Z,spilo,1.43,"176MiB / 1.922GiB",8.94
2026-09-17T05:53:49.740Z,etcd,0.98,"62.52MiB / 1.922GiB",3.18
2026-09-17T05:53:56.936Z,grafana,0.88,"241.2MiB / 512MiB",47.10
2026-09-17T05:53:56.936Z,lorawan-gateway-evidence-verifier-1,0.00,"10.08MiB / 192MiB",5.25
2026-09-17T05:53:56.936Z,node-red-node-red-1,0.00,"71.21MiB / 1.922GiB",3.62
2026-09-17T05:53:56.936Z,lorawan-gateway-evidence-collector-1,0.26,"10.33MiB / 192MiB",5.38
2026-09-17T05:53:56.936Z,seaweedfs,4.14,"141.7MiB / 256MiB",55.37
2026-09-17T05:53:56.936Z,seaweedfs-metadata-etcd,5.16,"62.43MiB / 96MiB",65.03
2026-09-17T05:53:56.936Z,openbao,1.18,"37.17MiB / 512MiB",7.26
2026-09-17T05:53:56.936Z,spilo,0.85,"176MiB / 1.922GiB",8.94
2026-09-17T05:53:56.936Z,etcd,1.07,"62.52MiB / 1.922GiB",3.18
2026-09-17T05:54:04.160Z,grafana,1.00,"241.2MiB / 512MiB",47.10
2026-09-17T05:54:04.160Z,lorawan-gateway-evidence-verifier-1,4.75,"9.926MiB / 192MiB",5.17
2026-09-17T05:54:04.160Z,node-red-node-red-1,0.00,"71.25MiB / 1.922GiB",3.62
2026-09-17T05:54:04.160Z,lorawan-gateway-evidence-collector-1,0.29,"10.35MiB / 192MiB",5.39
2026-09-17T05:54:04.160Z,seaweedfs,10.70,"149.6MiB / 256MiB",58.45
2026-09-17T05:54:04.160Z,seaweedfs-metadata-etcd,5.87,"62.44MiB / 96MiB",65.04
2026-09-17T05:54:04.160Z,openbao,1.35,"37.17MiB / 512MiB",7.26
2026-09-17T05:54:04.160Z,spilo,0.81,"176MiB / 1.922GiB",8.94
2026-09-17T05:54:04.160Z,etcd,1.03,"62.52MiB / 1.922GiB",3.18
2026-09-17T05:54:11.372Z,grafana,0.80,"241.2MiB / 512MiB",47.10
2026-09-17T05:54:11.372Z,lorawan-gateway-evidence-verifier-1,16.85,"9.703MiB / 192MiB",5.05
2026-09-17T05:54:11.372Z,node-red-node-red-1,0.00,"71.24MiB / 1.922GiB",3.62
2026-09-17T05:54:11.372Z,lorawan-gateway-evidence-collector-1,0.24,"10.35MiB / 192MiB",5.39
2026-09-17T05:54:11.372Z,seaweedfs,21.66,"149.4MiB / 256MiB",58.37
2026-09-17T05:54:11.372Z,seaweedfs-metadata-etcd,10.00,"62.44MiB / 96MiB",65.04
2026-09-17T05:54:11.372Z,openbao,1.12,"37.17MiB / 512MiB",7.26
2026-09-17T05:54:11.372Z,spilo,1.27,"176MiB / 1.922GiB",8.94
2026-09-17T05:54:11.372Z,etcd,1.04,"62.52MiB / 1.922GiB",3.18
2026-09-17T05:54:18.677Z,grafana,4.22,"241.2MiB / 512MiB",47.10
2026-09-17T05:54:18.677Z,lorawan-gateway-evidence-verifier-1,14.15,"9.789MiB / 192MiB",5.10
2026-09-17T05:54:18.677Z,node-red-node-red-1,0.00,"71.29MiB / 1.922GiB",3.62
2026-09-17T05:54:18.677Z,lorawan-gateway-evidence-collector-1,0.25,"10.35MiB / 192MiB",5.39
2026-09-17T05:54:18.677Z,seaweedfs,16.99,"142.2MiB / 256MiB",55.53
2026-09-17T05:54:18.677Z,seaweedfs-metadata-etcd,9.15,"62.45MiB / 96MiB",65.05
2026-09-17T05:54:18.677Z,openbao,1.03,"37.17MiB / 512MiB",7.26
2026-09-17T05:54:18.677Z,spilo,1.50,"176MiB / 1.922GiB",8.94
2026-09-17T05:54:18.677Z,etcd,0.96,"62.52MiB / 1.922GiB",3.18
2026-09-17T05:54:26.033Z,grafana,0.82,"241.2MiB / 512MiB",47.10
2026-09-17T05:54:26.033Z,lorawan-gateway-evidence-verifier-1,16.12,"9.516MiB / 192MiB",4.96
2026-09-17T05:54:26.033Z,node-red-node-red-1,0.00,"71.29MiB / 1.922GiB",3.62
2026-09-17T05:54:26.033Z,lorawan-gateway-evidence-collector-1,0.24,"10.35MiB / 192MiB",5.39
2026-09-17T05:54:26.033Z,seaweedfs,16.72,"141.8MiB / 256MiB",55.41
2026-09-17T05:54:26.033Z,seaweedfs-metadata-etcd,8.87,"62.45MiB / 96MiB",65.05
2026-09-17T05:54:26.033Z,openbao,1.13,"37.17MiB / 512MiB",7.26
2026-09-17T05:54:26.033Z,spilo,1.31,"176MiB / 1.922GiB",8.94
2026-09-17T05:54:26.033Z,etcd,1.72,"62.52MiB / 1.922GiB",3.18
2026-09-17T05:54:33.299Z,grafana,0.91,"241.2MiB / 512MiB",47.10
2026-09-17T05:54:33.299Z,lorawan-gateway-evidence-verifier-1,12.25,"10.12MiB / 192MiB",5.27
2026-09-17T05:54:33.299Z,node-red-node-red-1,0.00,"71.32MiB / 1.922GiB",3.62
2026-09-17T05:54:33.299Z,lorawan-gateway-evidence-collector-1,0.27,"10.35MiB / 192MiB",5.39
2026-09-17T05:54:33.299Z,seaweedfs,20.22,"142MiB / 256MiB",55.48
2026-09-17T05:54:33.299Z,seaweedfs-metadata-etcd,9.94,"62.45MiB / 96MiB",65.05
2026-09-17T05:54:33.299Z,openbao,1.32,"37.17MiB / 512MiB",7.26
2026-09-17T05:54:33.299Z,spilo,1.11,"176MiB / 1.922GiB",8.94
2026-09-17T05:54:33.299Z,etcd,0.86,"62.52MiB / 1.922GiB",3.18
2026-09-17T05:54:40.682Z,grafana,1.06,"241.2MiB / 512MiB",47.10
2026-09-17T05:54:40.682Z,lorawan-gateway-evidence-verifier-1,0.12,"10.02MiB / 192MiB",5.22
2026-09-17T05:54:40.682Z,node-red-node-red-1,0.00,"71.32MiB / 1.922GiB",3.62
2026-09-17T05:54:40.682Z,lorawan-gateway-evidence-collector-1,0.30,"10.35MiB / 192MiB",5.39
2026-09-17T05:54:40.682Z,seaweedfs,0.61,"141.9MiB / 256MiB",55.44
2026-09-17T05:54:40.682Z,seaweedfs-metadata-etcd,0.82,"62.44MiB / 96MiB",65.04
2026-09-17T05:54:40.682Z,openbao,1.27,"37.17MiB / 512MiB",7.26
2026-09-17T05:54:40.682Z,spilo,1.62,"176MiB / 1.922GiB",8.94
2026-09-17T05:54:40.682Z,etcd,0.95,"62.52MiB / 1.922GiB",3.18
2026-09-17T05:54:47.852Z,grafana,1.36,"241.2MiB / 512MiB",47.10
2026-09-17T05:54:47.852Z,lorawan-gateway-evidence-verifier-1,0.09,"10.16MiB / 192MiB",5.29
2026-09-17T05:54:47.852Z,node-red-node-red-1,0.00,"71.36MiB / 1.922GiB",3.63
2026-09-17T05:54:47.852Z,lorawan-gateway-evidence-collector-1,0.28,"10.35MiB / 192MiB",5.39
2026-09-17T05:54:47.852Z,seaweedfs,0.58,"141.9MiB / 256MiB",55.44
2026-09-17T05:54:47.852Z,seaweedfs-metadata-etcd,1.33,"62.44MiB / 96MiB",65.04
2026-09-17T05:54:47.852Z,openbao,1.24,"37.17MiB / 512MiB",7.26
2026-09-17T05:54:47.852Z,spilo,0.92,"176MiB / 1.922GiB",8.94
2026-09-17T05:54:47.852Z,etcd,0.77,"62.52MiB / 1.922GiB",3.18
2026-09-17T05:54:55.120Z,grafana,0.98,"241.2MiB / 512MiB",47.10
2026-09-17T05:54:55.120Z,lorawan-gateway-evidence-verifier-1,0.00,"10.16MiB / 192MiB",5.29
2026-09-17T05:54:55.120Z,node-red-node-red-1,0.00,"71.36MiB / 1.922GiB",3.63
2026-09-17T05:54:55.120Z,lorawan-gateway-evidence-collector-1,0.30,"10.35MiB / 192MiB",5.39
2026-09-17T05:54:55.120Z,seaweedfs,0.51,"141.9MiB / 256MiB",55.44
2026-09-17T05:54:55.120Z,seaweedfs-metadata-etcd,0.91,"62.44MiB / 96MiB",65.04
2026-09-17T05:54:55.120Z,openbao,1.19,"37.17MiB / 512MiB",7.26
2026-09-17T05:54:55.120Z,spilo,1.65,"176MiB / 1.922GiB",8.94
2026-09-17T05:54:55.120Z,etcd,1.08,"62.52MiB / 1.922GiB",3.18
2026-09-17T05:55:02.279Z,grafana,1.84,"241.4MiB / 512MiB",47.15
2026-09-17T05:55:02.279Z,lorawan-gateway-evidence-verifier-1,0.12,"10.16MiB / 192MiB",5.29
2026-09-17T05:55:02.279Z,node-red-node-red-1,0.00,"71.36MiB / 1.922GiB",3.63
2026-09-17T05:55:02.279Z,lorawan-gateway-evidence-collector-1,0.35,"10.35MiB / 192MiB",5.39
2026-09-17T05:55:02.279Z,seaweedfs,0.79,"147.3MiB / 256MiB",57.55
2026-09-17T05:55:02.279Z,seaweedfs-metadata-etcd,0.99,"62.44MiB / 96MiB",65.04
2026-09-17T05:55:02.279Z,openbao,1.49,"37.17MiB / 512MiB",7.26
2026-09-17T05:55:02.279Z,spilo,2.64,"176MiB / 1.922GiB",8.94
2026-09-17T05:55:02.279Z,etcd,1.49,"62.52MiB / 1.922GiB",3.18
2026-09-17T05:55:09.514Z,grafana,1.20,"241.4MiB / 512MiB",47.15
2026-09-17T05:55:09.514Z,lorawan-gateway-evidence-verifier-1,0.00,"10.16MiB / 192MiB",5.29
2026-09-17T05:55:09.514Z,node-red-node-red-1,0.00,"71.36MiB / 1.922GiB",3.63
2026-09-17T05:55:09.514Z,lorawan-gateway-evidence-collector-1,0.34,"10.35MiB / 192MiB",5.39
2026-09-17T05:55:09.514Z,seaweedfs,0.78,"147.3MiB / 256MiB",57.55
2026-09-17T05:55:09.514Z,seaweedfs-metadata-etcd,0.98,"62.44MiB / 96MiB",65.04
2026-09-17T05:55:09.514Z,openbao,1.65,"37.17MiB / 512MiB",7.26
2026-09-17T05:55:09.514Z,spilo,0.81,"176MiB / 1.922GiB",8.94
2026-09-17T05:55:09.514Z,etcd,1.18,"62.52MiB / 1.922GiB",3.18
2026-09-17T05:55:16.724Z,grafana,1.72,"241.4MiB / 512MiB",47.15
2026-09-17T05:55:16.724Z,lorawan-gateway-evidence-verifier-1,0.00,"10.16MiB / 192MiB",5.29
2026-09-17T05:55:16.724Z,node-red-node-red-1,0.00,"71.43MiB / 1.922GiB",3.63
2026-09-17T05:55:16.724Z,lorawan-gateway-evidence-collector-1,0.30,"10.35MiB / 192MiB",5.39
2026-09-17T05:55:16.724Z,seaweedfs,5.78,"143.3MiB / 256MiB",55.96
2026-09-17T05:55:16.724Z,seaweedfs-metadata-etcd,6.04,"62.45MiB / 96MiB",65.05
2026-09-17T05:55:16.724Z,openbao,1.29,"37.17MiB / 512MiB",7.26
2026-09-17T05:55:16.724Z,spilo,1.41,"176MiB / 1.922GiB",8.94
2026-09-17T05:55:16.724Z,etcd,0.92,"62.52MiB / 1.922GiB",3.18
2026-09-17T05:55:23.940Z,grafana,1.05,"241.4MiB / 512MiB",47.15
2026-09-17T05:55:23.940Z,lorawan-gateway-evidence-verifier-1,0.09,"10.16MiB / 192MiB",5.29
2026-09-17T05:55:23.940Z,node-red-node-red-1,0.00,"71.42MiB / 1.922GiB",3.63
2026-09-17T05:55:23.940Z,lorawan-gateway-evidence-collector-1,0.29,"10.35MiB / 192MiB",5.39
2026-09-17T05:55:23.940Z,seaweedfs,0.48,"143.9MiB / 256MiB",56.20
2026-09-17T05:55:23.940Z,seaweedfs-metadata-etcd,1.08,"62.44MiB / 96MiB",65.04
2026-09-17T05:55:23.940Z,openbao,1.37,"37.17MiB / 512MiB",7.26
2026-09-17T05:55:23.940Z,spilo,0.51,"176MiB / 1.922GiB",8.94
2026-09-17T05:55:23.940Z,etcd,0.76,"62.52MiB / 1.922GiB",3.18
2026-09-17T05:55:31.111Z,grafana,1.85,"241.4MiB / 512MiB",47.15
2026-09-17T05:55:31.111Z,lorawan-gateway-evidence-verifier-1,10.17,"10.14MiB / 192MiB",5.28
2026-09-17T05:55:31.111Z,node-red-node-red-1,0.00,"71.45MiB / 1.922GiB",3.63
2026-09-17T05:55:31.111Z,lorawan-gateway-evidence-collector-1,0.25,"10.35MiB / 192MiB",5.39
2026-09-17T05:55:31.111Z,seaweedfs,17.93,"150.4MiB / 256MiB",58.74
2026-09-17T05:55:31.111Z,seaweedfs-metadata-etcd,9.11,"62.44MiB / 96MiB",65.04
2026-09-17T05:55:31.111Z,openbao,1.14,"37.17MiB / 512MiB",7.26
2026-09-17T05:55:31.111Z,spilo,1.08,"176MiB / 1.922GiB",8.94
2026-09-17T05:55:31.111Z,etcd,2.26,"62.52MiB / 1.922GiB",3.18
2026-09-17T05:55:38.363Z,grafana,1.22,"241.4MiB / 512MiB",47.15
2026-09-17T05:55:38.363Z,lorawan-gateway-evidence-verifier-1,0.09,"10.14MiB / 192MiB",5.28
2026-09-17T05:55:38.363Z,node-red-node-red-1,0.13,"71.45MiB / 1.922GiB",3.63
2026-09-17T05:55:38.363Z,lorawan-gateway-evidence-collector-1,0.29,"10.35MiB / 192MiB",5.39
2026-09-17T05:55:38.363Z,seaweedfs,0.49,"143.2MiB / 256MiB",55.92
2026-09-17T05:55:38.363Z,seaweedfs-metadata-etcd,0.97,"62.44MiB / 96MiB",65.04
2026-09-17T05:55:38.363Z,openbao,1.26,"37.17MiB / 512MiB",7.26
2026-09-17T05:55:38.363Z,spilo,1.08,"176MiB / 1.922GiB",8.94
2026-09-17T05:55:38.363Z,etcd,0.98,"62.52MiB / 1.922GiB",3.18
2026-09-17T05:55:45.573Z,grafana,1.08,"241.4MiB / 512MiB",47.15
2026-09-17T05:55:45.573Z,lorawan-gateway-evidence-verifier-1,0.00,"10.14MiB / 192MiB",5.28
2026-09-17T05:55:45.573Z,node-red-node-red-1,0.00,"71.49MiB / 1.922GiB",3.63
2026-09-17T05:55:45.573Z,lorawan-gateway-evidence-collector-1,0.30,"10.35MiB / 192MiB",5.39
2026-09-17T05:55:45.573Z,seaweedfs,0.67,"143.3MiB / 256MiB",55.97
2026-09-17T05:55:45.573Z,seaweedfs-metadata-etcd,1.45,"62.44MiB / 96MiB",65.04
2026-09-17T05:55:45.573Z,openbao,1.24,"37.17MiB / 512MiB",7.26
2026-09-17T05:55:45.573Z,spilo,0.69,"176MiB / 1.922GiB",8.94
2026-09-17T05:55:45.573Z,etcd,1.83,"62.52MiB / 1.922GiB",3.18
2026-09-17T05:55:52.742Z,grafana,1.05,"241.4MiB / 512MiB",47.15
2026-09-17T05:55:52.742Z,lorawan-gateway-evidence-verifier-1,0.00,"10.14MiB / 192MiB",5.28
2026-09-17T05:55:52.742Z,node-red-node-red-1,15.76,"71.49MiB / 1.922GiB",3.63
2026-09-17T05:55:52.742Z,lorawan-gateway-evidence-collector-1,0.28,"10.35MiB / 192MiB",5.39
2026-09-17T05:55:52.742Z,seaweedfs,0.49,"143.3MiB / 256MiB",55.97
2026-09-17T05:55:52.742Z,seaweedfs-metadata-etcd,0.85,"62.44MiB / 96MiB",65.04
2026-09-17T05:55:52.742Z,openbao,0.93,"37.17MiB / 512MiB",7.26
2026-09-17T05:55:52.742Z,spilo,0.95,"176MiB / 1.922GiB",8.94
2026-09-17T05:55:52.742Z,etcd,0.91,"62.52MiB / 1.922GiB",3.18
2026-09-17T05:55:59.935Z,grafana,1.12,"241.4MiB / 512MiB",47.15
2026-09-17T05:55:59.935Z,lorawan-gateway-evidence-verifier-1,0.15,"10.14MiB / 192MiB",5.28
2026-09-17T05:55:59.935Z,node-red-node-red-1,0.00,"71.52MiB / 1.922GiB",3.63
2026-09-17T05:55:59.935Z,lorawan-gateway-evidence-collector-1,0.54,"10.41MiB / 192MiB",5.42
2026-09-17T05:55:59.935Z,seaweedfs,2.78,"143.3MiB / 256MiB",55.97
2026-09-17T05:55:59.935Z,seaweedfs-metadata-etcd,3.02,"62.45MiB / 96MiB",65.05
2026-09-17T05:55:59.935Z,openbao,1.12,"37.17MiB / 512MiB",7.26
2026-09-17T05:55:59.935Z,spilo,1.05,"176MiB / 1.922GiB",8.94
2026-09-17T05:55:59.935Z,etcd,1.00,"62.52MiB / 1.922GiB",3.18
2026-09-17T05:56:07.180Z,grafana,1.16,"241.4MiB / 512MiB",47.15
2026-09-17T05:56:07.180Z,lorawan-gateway-evidence-verifier-1,0.00,"10.31MiB / 192MiB",5.37
2026-09-17T05:56:07.180Z,node-red-node-red-1,0.08,"71.52MiB / 1.922GiB",3.63
2026-09-17T05:56:07.180Z,lorawan-gateway-evidence-collector-1,0.39,"10.41MiB / 192MiB",5.42
2026-09-17T05:56:07.180Z,seaweedfs,1.14,"143.8MiB / 256MiB",56.17
2026-09-17T05:56:07.180Z,seaweedfs-metadata-etcd,1.19,"62.44MiB / 96MiB",65.04
2026-09-17T05:56:07.180Z,openbao,1.16,"37.18MiB / 512MiB",7.26
2026-09-17T05:56:07.180Z,spilo,1.10,"176MiB / 1.922GiB",8.94
2026-09-17T05:56:07.180Z,etcd,1.29,"62.52MiB / 1.922GiB",3.18
2026-09-17T05:56:14.382Z,grafana,1.01,"241.4MiB / 512MiB",47.15
2026-09-17T05:56:14.382Z,lorawan-gateway-evidence-verifier-1,0.11,"10.31MiB / 192MiB",5.37
2026-09-17T05:56:14.382Z,node-red-node-red-1,0.02,"71.56MiB / 1.922GiB",3.64
2026-09-17T05:56:14.382Z,lorawan-gateway-evidence-collector-1,0.29,"10.41MiB / 192MiB",5.42
2026-09-17T05:56:14.382Z,seaweedfs,5.89,"151.3MiB / 256MiB",59.09
2026-09-17T05:56:14.382Z,seaweedfs-metadata-etcd,5.65,"62.45MiB / 96MiB",65.05
2026-09-17T05:56:14.382Z,openbao,0.99,"37.17MiB / 512MiB",7.26
2026-09-17T05:56:14.382Z,spilo,2.23,"176MiB / 1.922GiB",8.94
2026-09-17T05:56:14.382Z,etcd,1.16,"62.52MiB / 1.922GiB",3.18
2026-09-17T05:56:21.562Z,grafana,1.25,"241.4MiB / 512MiB",47.15
2026-09-17T05:56:21.562Z,lorawan-gateway-evidence-verifier-1,0.00,"10.31MiB / 192MiB",5.37
2026-09-17T05:56:21.562Z,node-red-node-red-1,0.00,"71.56MiB / 1.922GiB",3.64
2026-09-17T05:56:21.562Z,lorawan-gateway-evidence-collector-1,0.31,"10.41MiB / 192MiB",5.42
2026-09-17T05:56:21.562Z,seaweedfs,0.66,"149.8MiB / 256MiB",58.53
2026-09-17T05:56:21.562Z,seaweedfs-metadata-etcd,1.47,"62.44MiB / 96MiB",65.04
2026-09-17T05:56:21.562Z,openbao,1.04,"37.17MiB / 512MiB",7.26
2026-09-17T05:56:21.562Z,spilo,0.83,"176MiB / 1.922GiB",8.94
2026-09-17T05:56:21.562Z,etcd,0.83,"62.52MiB / 1.922GiB",3.18
2026-09-17T05:56:28.788Z,grafana,1.44,"241.4MiB / 512MiB",47.15
2026-09-17T05:56:28.788Z,lorawan-gateway-evidence-verifier-1,0.00,"10.31MiB / 192MiB",5.37
2026-09-17T05:56:28.788Z,node-red-node-red-1,0.03,"71.66MiB / 1.922GiB",3.64
2026-09-17T05:56:28.788Z,lorawan-gateway-evidence-collector-1,0.30,"10.41MiB / 192MiB",5.42
2026-09-17T05:56:28.788Z,seaweedfs,6.02,"151.2MiB / 256MiB",59.07
2026-09-17T05:56:28.788Z,seaweedfs-metadata-etcd,7.01,"62.45MiB / 96MiB",65.05
2026-09-17T05:56:28.788Z,openbao,1.22,"37.17MiB / 512MiB",7.26
2026-09-17T05:56:28.788Z,spilo,1.12,"176MiB / 1.922GiB",8.94
2026-09-17T05:56:28.788Z,etcd,0.89,"62.52MiB / 1.922GiB",3.18
2026-09-17T05:56:35.977Z,grafana,1.02,"241.4MiB / 512MiB",47.15
2026-09-17T05:56:35.977Z,lorawan-gateway-evidence-verifier-1,0.11,"10.14MiB / 192MiB",5.28
2026-09-17T05:56:35.977Z,node-red-node-red-1,0.00,"71.66MiB / 1.922GiB",3.64
2026-09-17T05:56:35.977Z,lorawan-gateway-evidence-collector-1,0.29,"10.41MiB / 192MiB",5.42
2026-09-17T05:56:35.977Z,seaweedfs,0.62,"144.2MiB / 256MiB",56.33
2026-09-17T05:56:35.977Z,seaweedfs-metadata-etcd,1.68,"62.44MiB / 96MiB",65.04
2026-09-17T05:56:35.977Z,openbao,1.36,"37.17MiB / 512MiB",7.26
2026-09-17T05:56:35.977Z,spilo,0.73,"176MiB / 1.922GiB",8.94
2026-09-17T05:56:35.977Z,etcd,1.57,"62.52MiB / 1.922GiB",3.18
2026-09-17T05:56:43.273Z,grafana,1.01,"241.4MiB / 512MiB",47.15
2026-09-17T05:56:43.273Z,lorawan-gateway-evidence-verifier-1,0.00,"10.14MiB / 192MiB",5.28
2026-09-17T05:56:43.273Z,node-red-node-red-1,1.09,"71.7MiB / 1.922GiB",3.64
2026-09-17T05:56:43.273Z,lorawan-gateway-evidence-collector-1,0.42,"10.41MiB / 192MiB",5.42
2026-09-17T05:56:43.273Z,seaweedfs,1.14,"144.2MiB / 256MiB",56.33
2026-09-17T05:56:43.273Z,seaweedfs-metadata-etcd,1.24,"62.44MiB / 96MiB",65.04
2026-09-17T05:56:43.273Z,openbao,1.26,"37.17MiB / 512MiB",7.26
2026-09-17T05:56:43.273Z,spilo,1.29,"176MiB / 1.922GiB",8.94
2026-09-17T05:56:43.273Z,etcd,1.13,"62.52MiB / 1.922GiB",3.18
2026-09-17T05:56:50.433Z,grafana,0.92,"241.4MiB / 512MiB",47.15
2026-09-17T05:56:50.433Z,lorawan-gateway-evidence-verifier-1,0.10,"10.14MiB / 192MiB",5.28
2026-09-17T05:56:50.433Z,node-red-node-red-1,0.00,"71.7MiB / 1.922GiB",3.64
2026-09-17T05:56:50.433Z,lorawan-gateway-evidence-collector-1,0.27,"10.41MiB / 192MiB",5.42
2026-09-17T05:56:50.433Z,seaweedfs,5.47,"144.2MiB / 256MiB",56.33
2026-09-17T05:56:50.433Z,seaweedfs-metadata-etcd,6.75,"62.45MiB / 96MiB",65.05
2026-09-17T05:56:50.433Z,openbao,1.16,"37.17MiB / 512MiB",7.26
2026-09-17T05:56:50.433Z,spilo,1.08,"176MiB / 1.922GiB",8.94
2026-09-17T05:56:50.433Z,etcd,0.97,"62.52MiB / 1.922GiB",3.18
2026-09-17T05:56:57.610Z,grafana,1.03,"241.4MiB / 512MiB",47.15
2026-09-17T05:56:57.610Z,lorawan-gateway-evidence-verifier-1,0.00,"10.14MiB / 192MiB",5.28
2026-09-17T05:56:57.610Z,node-red-node-red-1,0.00,"71.68MiB / 1.922GiB",3.64
2026-09-17T05:56:57.610Z,lorawan-gateway-evidence-collector-1,0.47,"10.41MiB / 192MiB",5.42
2026-09-17T05:56:57.610Z,seaweedfs,1.03,"144.2MiB / 256MiB",56.33
2026-09-17T05:56:57.610Z,seaweedfs-metadata-etcd,1.37,"62.44MiB / 96MiB",65.04
2026-09-17T05:56:57.610Z,openbao,1.26,"37.17MiB / 512MiB",7.26
2026-09-17T05:56:57.610Z,spilo,0.68,"176MiB / 1.922GiB",8.94
2026-09-17T05:56:57.610Z,etcd,0.88,"62.52MiB / 1.922GiB",3.18
2026-09-17T05:57:04.758Z,grafana,1.01,"241.4MiB / 512MiB",47.15
2026-09-17T05:57:04.758Z,lorawan-gateway-evidence-verifier-1,0.00,"10.2MiB / 192MiB",5.31
2026-09-17T05:57:04.758Z,node-red-node-red-1,0.00,"71.73MiB / 1.922GiB",3.64
2026-09-17T05:57:04.758Z,lorawan-gateway-evidence-collector-1,0.26,"10.41MiB / 192MiB",5.42
2026-09-17T05:57:04.758Z,seaweedfs,5.59,"143MiB / 256MiB",55.84
2026-09-17T05:57:04.758Z,seaweedfs-metadata-etcd,6.25,"62.44MiB / 96MiB",65.04
2026-09-17T05:57:04.758Z,openbao,1.27,"37.17MiB / 512MiB",7.26
2026-09-17T05:57:04.758Z,spilo,1.77,"176MiB / 1.922GiB",8.94
2026-09-17T05:57:04.758Z,etcd,1.01,"62.52MiB / 1.922GiB",3.18
2026-09-17T05:57:11.929Z,grafana,0.99,"241.4MiB / 512MiB",47.15
2026-09-17T05:57:11.929Z,lorawan-gateway-evidence-verifier-1,0.11,"10.12MiB / 192MiB",5.27
2026-09-17T05:57:11.929Z,node-red-node-red-1,0.00,"71.76MiB / 1.922GiB",3.65
2026-09-17T05:57:11.929Z,lorawan-gateway-evidence-collector-1,0.31,"10.41MiB / 192MiB",5.42
2026-09-17T05:57:11.929Z,seaweedfs,2.24,"143.5MiB / 256MiB",56.07
2026-09-17T05:57:11.929Z,seaweedfs-metadata-etcd,2.79,"62.45MiB / 96MiB",65.06
2026-09-17T05:57:11.929Z,openbao,1.33,"37.17MiB / 512MiB",7.26
2026-09-17T05:57:11.929Z,spilo,0.93,"176MiB / 1.922GiB",8.94
2026-09-17T05:57:11.929Z,etcd,0.87,"62.52MiB / 1.922GiB",3.18
2026-09-17T05:57:19.090Z,grafana,1.07,"241.4MiB / 512MiB",47.15
2026-09-17T05:57:19.090Z,lorawan-gateway-evidence-verifier-1,0.00,"10.12MiB / 192MiB",5.27
2026-09-17T05:57:19.090Z,node-red-node-red-1,0.00,"71.87MiB / 1.922GiB",3.65
2026-09-17T05:57:19.090Z,lorawan-gateway-evidence-collector-1,0.30,"10.41MiB / 192MiB",5.42
2026-09-17T05:57:19.090Z,seaweedfs,3.91,"151.3MiB / 256MiB",59.11
2026-09-17T05:57:19.090Z,seaweedfs-metadata-etcd,4.48,"62.44MiB / 96MiB",65.04
2026-09-17T05:57:19.090Z,openbao,1.16,"37.17MiB / 512MiB",7.26
2026-09-17T05:57:19.090Z,spilo,0.85,"176MiB / 1.922GiB",8.94
2026-09-17T05:57:19.090Z,etcd,1.23,"62.52MiB / 1.922GiB",3.18
2026-09-17T05:57:26.259Z,grafana,1.06,"241.4MiB / 512MiB",47.15
2026-09-17T05:57:26.259Z,lorawan-gateway-evidence-verifier-1,0.11,"10.12MiB / 192MiB",5.27
2026-09-17T05:57:26.259Z,node-red-node-red-1,0.00,"71.86MiB / 1.922GiB",3.65
2026-09-17T05:57:26.259Z,lorawan-gateway-evidence-collector-1,0.31,"10.41MiB / 192MiB",5.42
2026-09-17T05:57:26.259Z,seaweedfs,4.89,"151.3MiB / 256MiB",59.11
2026-09-17T05:57:26.259Z,seaweedfs-metadata-etcd,5.70,"62.45MiB / 96MiB",65.05
2026-09-17T05:57:26.259Z,openbao,1.35,"37.17MiB / 512MiB",7.26
2026-09-17T05:57:26.259Z,spilo,0.93,"176MiB / 1.922GiB",8.94
2026-09-17T05:57:26.259Z,etcd,1.67,"62.52MiB / 1.922GiB",3.18
2026-09-17T05:57:33.450Z,grafana,1.10,"241.4MiB / 512MiB",47.15
2026-09-17T05:57:33.450Z,lorawan-gateway-evidence-verifier-1,5.83,"10.16MiB / 192MiB",5.29
2026-09-17T05:57:33.450Z,node-red-node-red-1,0.00,"71.91MiB / 1.922GiB",3.65
2026-09-17T05:57:33.450Z,lorawan-gateway-evidence-collector-1,0.31,"10.41MiB / 192MiB",5.42
2026-09-17T05:57:33.450Z,seaweedfs,8.57,"148MiB / 256MiB",57.83
2026-09-17T05:57:33.450Z,seaweedfs-metadata-etcd,5.16,"62.44MiB / 96MiB",65.04
2026-09-17T05:57:33.450Z,openbao,1.29,"37.17MiB / 512MiB",7.26
2026-09-17T05:57:33.450Z,spilo,1.59,"176MiB / 1.922GiB",8.94
2026-09-17T05:57:33.450Z,etcd,0.82,"62.52MiB / 1.922GiB",3.18
2026-09-17T05:57:40.648Z,grafana,1.18,"241.4MiB / 512MiB",47.15
2026-09-17T05:57:40.648Z,lorawan-gateway-evidence-verifier-1,0.01,"10.05MiB / 192MiB",5.24
2026-09-17T05:57:40.648Z,node-red-node-red-1,0.00,"71.89MiB / 1.922GiB",3.65
2026-09-17T05:57:40.648Z,lorawan-gateway-evidence-collector-1,0.27,"10.41MiB / 192MiB",5.42
2026-09-17T05:57:40.648Z,seaweedfs,0.49,"143.5MiB / 256MiB",56.06
2026-09-17T05:57:40.648Z,seaweedfs-metadata-etcd,0.86,"62.44MiB / 96MiB",65.04
2026-09-17T05:57:40.648Z,openbao,1.14,"37.17MiB / 512MiB",7.26
2026-09-17T05:57:40.648Z,spilo,0.99,"176MiB / 1.922GiB",8.94
2026-09-17T05:57:40.648Z,etcd,0.82,"62.52MiB / 1.922GiB",3.18
2026-09-17T05:57:47.896Z,grafana,1.62,"241.4MiB / 512MiB",47.15
2026-09-17T05:57:47.896Z,lorawan-gateway-evidence-verifier-1,0.12,"10.14MiB / 192MiB",5.28
2026-09-17T05:57:47.896Z,node-red-node-red-1,0.00,"71.95MiB / 1.922GiB",3.66
2026-09-17T05:57:47.896Z,lorawan-gateway-evidence-collector-1,0.27,"10.41MiB / 192MiB",5.42
2026-09-17T05:57:47.896Z,seaweedfs,2.34,"142.3MiB / 256MiB",55.59
2026-09-17T05:57:47.896Z,seaweedfs-metadata-etcd,2.96,"62.45MiB / 96MiB",65.05
2026-09-17T05:57:47.896Z,openbao,1.32,"37.17MiB / 512MiB",7.26
2026-09-17T05:57:47.896Z,spilo,1.02,"176MiB / 1.922GiB",8.94
2026-09-17T05:57:47.896Z,etcd,0.79,"62.52MiB / 1.922GiB",3.18
2026-09-17T05:57:55.097Z,grafana,1.00,"241.4MiB / 512MiB",47.15
2026-09-17T05:57:55.097Z,lorawan-gateway-evidence-verifier-1,0.00,"10.14MiB / 192MiB",5.28
2026-09-17T05:57:55.097Z,node-red-node-red-1,0.00,"71.93MiB / 1.922GiB",3.66
2026-09-17T05:57:55.097Z,lorawan-gateway-evidence-collector-1,0.26,"10.41MiB / 192MiB",5.42
2026-09-17T05:57:55.097Z,seaweedfs,3.47,"142.3MiB / 256MiB",55.59
2026-09-17T05:57:55.097Z,seaweedfs-metadata-etcd,4.49,"62.44MiB / 96MiB",65.04
2026-09-17T05:57:55.097Z,openbao,1.25,"37.17MiB / 512MiB",7.26
2026-09-17T05:57:55.097Z,spilo,1.22,"176MiB / 1.922GiB",8.94
2026-09-17T05:57:55.097Z,etcd,0.98,"62.52MiB / 1.922GiB",3.18
2026-09-17T05:58:02.249Z,grafana,1.38,"241.4MiB / 512MiB",47.15
2026-09-17T05:58:02.249Z,lorawan-gateway-evidence-verifier-1,0.11,"9.461MiB / 192MiB",4.93
2026-09-17T05:58:02.249Z,node-red-node-red-1,0.00,"71.98MiB / 1.922GiB",3.66
2026-09-17T05:58:02.249Z,lorawan-gateway-evidence-collector-1,0.33,"10.17MiB / 192MiB",5.30
2026-09-17T05:58:02.249Z,seaweedfs,0.69,"143.5MiB / 256MiB",56.07
2026-09-17T05:58:02.249Z,seaweedfs-metadata-etcd,1.09,"62.44MiB / 96MiB",65.04
2026-09-17T05:58:02.249Z,openbao,1.14,"37.17MiB / 512MiB",7.26
2026-09-17T05:58:02.249Z,spilo,2.14,"176MiB / 1.922GiB",8.94
2026-09-17T05:58:02.249Z,etcd,0.92,"62.52MiB / 1.922GiB",3.18
2026-09-17T05:58:09.501Z,grafana,1.06,"241.4MiB / 512MiB",47.15
2026-09-17T05:58:09.501Z,lorawan-gateway-evidence-verifier-1,0.00,"9.812MiB / 192MiB",5.11
2026-09-17T05:58:09.501Z,node-red-node-red-1,0.00,"71.96MiB / 1.922GiB",3.66
2026-09-17T05:58:09.501Z,lorawan-gateway-evidence-collector-1,0.30,"10.17MiB / 192MiB",5.30
2026-09-17T05:58:09.501Z,seaweedfs,1.91,"143.5MiB / 256MiB",56.07
2026-09-17T05:58:09.501Z,seaweedfs-metadata-etcd,2.95,"62.44MiB / 96MiB",65.04
2026-09-17T05:58:09.501Z,openbao,1.37,"37.17MiB / 512MiB",7.26
2026-09-17T05:58:09.501Z,spilo,0.86,"176MiB / 1.922GiB",8.94
2026-09-17T05:58:09.501Z,etcd,0.85,"62.52MiB / 1.922GiB",3.18
2026-09-17T05:58:16.704Z,grafana,1.43,"241.4MiB / 512MiB",47.15
2026-09-17T05:58:16.704Z,lorawan-gateway-evidence-verifier-1,12.41,"10.02MiB / 192MiB",5.22
2026-09-17T05:58:16.704Z,node-red-node-red-1,0.00,"72.02MiB / 1.922GiB",3.66
2026-09-17T05:58:16.704Z,lorawan-gateway-evidence-collector-1,0.22,"10.17MiB / 192MiB",5.30
2026-09-17T05:58:16.704Z,seaweedfs,23.36,"142.7MiB / 256MiB",55.73
2026-09-17T05:58:16.704Z,seaweedfs-metadata-etcd,10.30,"62.45MiB / 96MiB",65.05
2026-09-17T05:58:16.704Z,openbao,1.09,"37.17MiB / 512MiB",7.26
2026-09-17T05:58:16.704Z,spilo,1.33,"176.1MiB / 1.922GiB",8.95
2026-09-17T05:58:16.704Z,etcd,0.91,"62.52MiB / 1.922GiB",3.18
2026-09-17T05:58:23.943Z,grafana,1.20,"241.4MiB / 512MiB",47.15
2026-09-17T05:58:23.943Z,lorawan-gateway-evidence-verifier-1,0.10,"10.02MiB / 192MiB",5.22
2026-09-17T05:58:23.943Z,node-red-node-red-1,14.16,"72.01MiB / 1.922GiB",3.66
2026-09-17T05:58:23.943Z,lorawan-gateway-evidence-collector-1,0.27,"10.17MiB / 192MiB",5.30
2026-09-17T05:58:23.943Z,seaweedfs,2.21,"142.7MiB / 256MiB",55.73
2026-09-17T05:58:23.943Z,seaweedfs-metadata-etcd,2.96,"62.45MiB / 96MiB",65.05
2026-09-17T05:58:23.943Z,openbao,1.30,"37.17MiB / 512MiB",7.26
2026-09-17T05:58:23.943Z,spilo,0.72,"176MiB / 1.922GiB",8.95
2026-09-17T05:58:23.943Z,etcd,0.88,"62.52MiB / 1.922GiB",3.18
2026-09-17T05:58:31.118Z,grafana,1.79,"241.4MiB / 512MiB",47.15
2026-09-17T05:58:31.118Z,lorawan-gateway-evidence-verifier-1,9.45,"10.14MiB / 192MiB",5.28
2026-09-17T05:58:31.118Z,node-red-node-red-1,0.00,"72.05MiB / 1.922GiB",3.66
2026-09-17T05:58:31.118Z,lorawan-gateway-evidence-collector-1,0.24,"10.17MiB / 192MiB",5.30
2026-09-17T05:58:31.118Z,seaweedfs,14.96,"143.8MiB / 256MiB",56.16
2026-09-17T05:58:31.118Z,seaweedfs-metadata-etcd,9.52,"62.44MiB / 96MiB",65.04
2026-09-17T05:58:31.118Z,openbao,1.08,"37.17MiB / 512MiB",7.26
2026-09-17T05:58:31.118Z,spilo,0.62,"176.1MiB / 1.922GiB",8.95
2026-09-17T05:58:31.118Z,etcd,1.24,"62.52MiB / 1.922GiB",3.18
2026-09-17T05:58:38.357Z,grafana,1.26,"241.4MiB / 512MiB",47.15
2026-09-17T05:58:38.357Z,lorawan-gateway-evidence-verifier-1,0.10,"9.82MiB / 192MiB",5.11
2026-09-17T05:58:38.357Z,node-red-node-red-1,0.12,"72.04MiB / 1.922GiB",3.66
2026-09-17T05:58:38.357Z,lorawan-gateway-evidence-collector-1,0.29,"10.17MiB / 192MiB",5.30
2026-09-17T05:58:38.357Z,seaweedfs,0.38,"143.4MiB / 256MiB",56.03
2026-09-17T05:58:38.357Z,seaweedfs-metadata-etcd,0.95,"62.44MiB / 96MiB",65.04
2026-09-17T05:58:38.357Z,openbao,1.21,"37.17MiB / 512MiB",7.26
2026-09-17T05:58:38.357Z,spilo,1.07,"176.1MiB / 1.922GiB",8.95
2026-09-17T05:58:38.357Z,etcd,0.88,"62.52MiB / 1.922GiB",3.18
2026-09-17T05:58:45.694Z,grafana,1.01,"241.4MiB / 512MiB",47.15
2026-09-17T05:58:45.694Z,lorawan-gateway-evidence-verifier-1,0.10,"10.14MiB / 192MiB",5.28
2026-09-17T05:58:45.694Z,node-red-node-red-1,0.00,"72.1MiB / 1.922GiB",3.66
2026-09-17T05:58:45.694Z,lorawan-gateway-evidence-collector-1,0.29,"10.17MiB / 192MiB",5.30
2026-09-17T05:58:45.694Z,seaweedfs,1.49,"143.7MiB / 256MiB",56.13
2026-09-17T05:58:45.694Z,seaweedfs-metadata-etcd,1.80,"62.45MiB / 96MiB",65.05
2026-09-17T05:58:45.694Z,openbao,1.62,"37.17MiB / 512MiB",7.26
2026-09-17T05:58:45.694Z,spilo,0.89,"176.1MiB / 1.922GiB",8.95
2026-09-17T05:58:45.694Z,etcd,1.78,"62.52MiB / 1.922GiB",3.18
2026-09-17T05:58:52.900Z,grafana,0.89,"241.4MiB / 512MiB",47.15
2026-09-17T05:58:52.900Z,lorawan-gateway-evidence-verifier-1,0.00,"10.23MiB / 192MiB",5.33
2026-09-17T05:58:52.900Z,node-red-node-red-1,0.12,"72.08MiB / 1.922GiB",3.66
2026-09-17T05:58:52.900Z,lorawan-gateway-evidence-collector-1,0.27,"10.17MiB / 192MiB",5.30
2026-09-17T05:58:52.900Z,seaweedfs,3.53,"143.5MiB / 256MiB",56.06
2026-09-17T05:58:52.900Z,seaweedfs-metadata-etcd,4.92,"62.44MiB / 96MiB",65.04
2026-09-17T05:58:52.900Z,openbao,1.33,"37.17MiB / 512MiB",7.26
2026-09-17T05:58:52.900Z,spilo,1.23,"176.1MiB / 1.922GiB",8.95
2026-09-17T05:58:52.900Z,etcd,0.91,"62.52MiB / 1.922GiB",3.18
2026-09-17T05:59:00.118Z,grafana,1.26,"241.4MiB / 512MiB",47.15
2026-09-17T05:59:00.118Z,lorawan-gateway-evidence-verifier-1,4.77,"9.805MiB / 192MiB",5.11
2026-09-17T05:59:00.118Z,node-red-node-red-1,0.01,"72.1MiB / 1.922GiB",3.66
2026-09-17T05:59:00.118Z,lorawan-gateway-evidence-collector-1,0.33,"10.17MiB / 192MiB",5.30
2026-09-17T05:59:00.118Z,seaweedfs,13.84,"143.6MiB / 256MiB",56.10
2026-09-17T05:59:00.118Z,seaweedfs-metadata-etcd,7.17,"62.45MiB / 96MiB",65.06
2026-09-17T05:59:00.118Z,openbao,1.50,"37.17MiB / 512MiB",7.26
2026-09-17T05:59:00.118Z,spilo,1.35,"176.1MiB / 1.922GiB",8.95
2026-09-17T05:59:00.118Z,etcd,0.76,"62.52MiB / 1.922GiB",3.18
2026-09-17T05:59:07.445Z,grafana,1.11,"241.4MiB / 512MiB",47.15
2026-09-17T05:59:07.445Z,lorawan-gateway-evidence-verifier-1,0.00,"10.25MiB / 192MiB",5.34
2026-09-17T05:59:07.445Z,node-red-node-red-1,0.10,"72.1MiB / 1.922GiB",3.66
2026-09-17T05:59:07.445Z,lorawan-gateway-evidence-collector-1,0.31,"10.17MiB / 192MiB",5.30
2026-09-17T05:59:07.445Z,seaweedfs,0.68,"143.7MiB / 256MiB",56.13
2026-09-17T05:59:07.445Z,seaweedfs-metadata-etcd,0.85,"62.44MiB / 96MiB",65.04
2026-09-17T05:59:07.445Z,openbao,1.45,"37.17MiB / 512MiB",7.26
2026-09-17T05:59:07.445Z,spilo,1.10,"176.1MiB / 1.922GiB",8.95
2026-09-17T05:59:07.445Z,etcd,1.29,"62.52MiB / 1.922GiB",3.18
2026-09-17T05:59:14.625Z,grafana,0.82,"241.4MiB / 512MiB",47.15
2026-09-17T05:59:14.625Z,lorawan-gateway-evidence-verifier-1,12.05,"9.586MiB / 192MiB",4.99
2026-09-17T05:59:14.625Z,node-red-node-red-1,0.00,"72.18MiB / 1.922GiB",3.67
2026-09-17T05:59:14.625Z,lorawan-gateway-evidence-collector-1,0.22,"10.17MiB / 192MiB",5.30
2026-09-17T05:59:14.625Z,seaweedfs,20.94,"150.8MiB / 256MiB",58.90
2026-09-17T05:59:14.625Z,seaweedfs-metadata-etcd,10.36,"62.45MiB / 96MiB",65.05
2026-09-17T05:59:14.625Z,openbao,1.18,"37.17MiB / 512MiB",7.26
2026-09-17T05:59:14.625Z,spilo,1.88,"176.1MiB / 1.922GiB",8.95
2026-09-17T05:59:14.625Z,etcd,1.13,"62.52MiB / 1.922GiB",3.18
2026-09-17T05:59:21.869Z,grafana,0.81,"241.5MiB / 512MiB",47.18
2026-09-17T05:59:21.869Z,lorawan-gateway-evidence-verifier-1,18.22,"9.836MiB / 192MiB",5.12
2026-09-17T05:59:21.869Z,node-red-node-red-1,0.00,"72.18MiB / 1.922GiB",3.67
2026-09-17T05:59:21.869Z,lorawan-gateway-evidence-collector-1,0.21,"10.17MiB / 192MiB",5.30
2026-09-17T05:59:21.869Z,seaweedfs,20.46,"143.8MiB / 256MiB",56.16
2026-09-17T05:59:21.869Z,seaweedfs-metadata-etcd,8.99,"62.45MiB / 96MiB",65.06
2026-09-17T05:59:21.869Z,openbao,1.21,"37.17MiB / 512MiB",7.26
2026-09-17T05:59:21.869Z,spilo,0.66,"176.1MiB / 1.922GiB",8.95
2026-09-17T05:59:21.869Z,etcd,0.59,"62.52MiB / 1.922GiB",3.18
2026-09-17T05:59:29.241Z,grafana,0.85,"241.5MiB / 512MiB",47.18
2026-09-17T05:59:29.241Z,lorawan-gateway-evidence-verifier-1,11.14,"10.14MiB / 192MiB",5.28
2026-09-17T05:59:29.241Z,node-red-node-red-1,0.02,"72.21MiB / 1.922GiB",3.67
2026-09-17T05:59:29.241Z,lorawan-gateway-evidence-collector-1,0.40,"10.17MiB / 192MiB",5.30
2026-09-17T05:59:29.241Z,seaweedfs,21.12,"143.9MiB / 256MiB",56.20
2026-09-17T05:59:29.241Z,seaweedfs-metadata-etcd,9.17,"62.45MiB / 96MiB",65.05
2026-09-17T05:59:29.241Z,openbao,1.29,"37.17MiB / 512MiB",7.26
2026-09-17T05:59:29.241Z,spilo,1.34,"176.1MiB / 1.922GiB",8.95
2026-09-17T05:59:29.241Z,etcd,0.85,"62.52MiB / 1.922GiB",3.18
2026-09-17T05:59:36.552Z,grafana,0.83,"241.5MiB / 512MiB",47.18
2026-09-17T05:59:36.552Z,lorawan-gateway-evidence-verifier-1,18.82,"9.555MiB / 192MiB",4.98
2026-09-17T05:59:36.552Z,node-red-node-red-1,0.00,"72.21MiB / 1.922GiB",3.67
2026-09-17T05:59:36.552Z,lorawan-gateway-evidence-collector-1,0.24,"10.17MiB / 192MiB",5.30
2026-09-17T05:59:36.552Z,seaweedfs,18.54,"143.7MiB / 256MiB",56.14
2026-09-17T05:59:36.552Z,seaweedfs-metadata-etcd,8.64,"62.45MiB / 96MiB",65.05
2026-09-17T05:59:36.552Z,openbao,1.20,"37.17MiB / 512MiB",7.26
2026-09-17T05:59:36.552Z,spilo,0.98,"176.1MiB / 1.922GiB",8.95
2026-09-17T05:59:36.552Z,etcd,0.73,"62.52MiB / 1.922GiB",3.18
2026-09-17T05:59:43.945Z,grafana,0.93,"241.5MiB / 512MiB",47.18
2026-09-17T05:59:43.945Z,lorawan-gateway-evidence-verifier-1,2.39,"10.11MiB / 192MiB",5.26
2026-09-17T05:59:43.945Z,node-red-node-red-1,0.02,"72.25MiB / 1.922GiB",3.67
2026-09-17T05:59:43.945Z,lorawan-gateway-evidence-collector-1,0.25,"10.17MiB / 192MiB",5.30
2026-09-17T05:59:43.945Z,seaweedfs,4.91,"143.6MiB / 256MiB",56.11
2026-09-17T05:59:43.945Z,seaweedfs-metadata-etcd,3.32,"62.45MiB / 96MiB",65.05
2026-09-17T05:59:43.945Z,openbao,1.33,"37.17MiB / 512MiB",7.26
2026-09-17T05:59:43.945Z,spilo,1.17,"176.1MiB / 1.922GiB",8.95
2026-09-17T05:59:43.945Z,etcd,0.74,"62.52MiB / 1.922GiB",3.18
2026-09-17T05:59:51.131Z,grafana,0.89,"241.5MiB / 512MiB",47.18
2026-09-17T05:59:51.131Z,lorawan-gateway-evidence-verifier-1,15.27,"10.16MiB / 192MiB",5.29
2026-09-17T05:59:51.131Z,node-red-node-red-1,0.00,"72.25MiB / 1.922GiB",3.67
2026-09-17T05:59:51.131Z,lorawan-gateway-evidence-collector-1,0.22,"10.17MiB / 192MiB",5.30
2026-09-17T05:59:51.131Z,seaweedfs,20.71,"144.2MiB / 256MiB",56.33
2026-09-17T05:59:51.131Z,seaweedfs-metadata-etcd,10.55,"62.45MiB / 96MiB",65.06
2026-09-17T05:59:51.131Z,openbao,1.24,"37.17MiB / 512MiB",7.26
2026-09-17T05:59:51.131Z,spilo,1.39,"176.1MiB / 1.922GiB",8.95
2026-09-17T05:59:51.131Z,etcd,1.03,"62.52MiB / 1.922GiB",3.18
2026-09-17T05:59:58.437Z,grafana,1.51,"241.5MiB / 512MiB",47.18
2026-09-17T05:59:58.437Z,lorawan-gateway-evidence-verifier-1,8.90,"9.969MiB / 192MiB",5.19
2026-09-17T05:59:58.437Z,node-red-node-red-1,1.10,"72.28MiB / 1.922GiB",3.67
2026-09-17T05:59:58.437Z,lorawan-gateway-evidence-collector-1,0.67,"10.23MiB / 192MiB",5.33
2026-09-17T05:59:58.437Z,seaweedfs,15.04,"143.5MiB / 256MiB",56.05
2026-09-17T05:59:58.437Z,seaweedfs-metadata-etcd,5.72,"62.45MiB / 96MiB",65.05
2026-09-17T05:59:58.437Z,openbao,1.67,"37.17MiB / 512MiB",7.26
2026-09-17T05:59:58.437Z,spilo,2.66,"176.1MiB / 1.922GiB",8.95
2026-09-17T05:59:58.437Z,etcd,0.98,"62.52MiB / 1.922GiB",3.18
2026-09-17T06:00:05.710Z,grafana,1.49,"241.5MiB / 512MiB",47.18
2026-09-17T06:00:05.710Z,lorawan-gateway-evidence-verifier-1,0.15,"10.16MiB / 192MiB",5.29
2026-09-17T06:00:05.710Z,node-red-node-red-1,0.00,"72.28MiB / 1.922GiB",3.67
2026-09-17T06:00:05.710Z,lorawan-gateway-evidence-collector-1,0.38,"10.23MiB / 192MiB",5.33
2026-09-17T06:00:05.710Z,seaweedfs,0.98,"143.6MiB / 256MiB",56.11
2026-09-17T06:00:05.710Z,seaweedfs-metadata-etcd,0.94,"62.44MiB / 96MiB",65.04
2026-09-17T06:00:05.710Z,openbao,1.76,"37.26MiB / 512MiB",7.28
2026-09-17T06:00:05.710Z,spilo,1.85,"176.1MiB / 1.922GiB",8.95
2026-09-17T06:00:05.710Z,etcd,2.83,"62.52MiB / 1.922GiB",3.18
2026-09-17T06:00:12.957Z,grafana,1.20,"219.1MiB / 512MiB",42.80
2026-09-17T06:00:12.957Z,lorawan-gateway-evidence-verifier-1,0.00,"10.16MiB / 192MiB",5.29
2026-09-17T06:00:12.957Z,node-red-node-red-1,1.64,"72.32MiB / 1.922GiB",3.67
2026-09-17T06:00:12.957Z,lorawan-gateway-evidence-collector-1,0.53,"10.23MiB / 192MiB",5.33
2026-09-17T06:00:12.957Z,seaweedfs,5.91,"151.6MiB / 256MiB",59.22
2026-09-17T06:00:12.957Z,seaweedfs-metadata-etcd,1.49,"62.44MiB / 96MiB",65.04
2026-09-17T06:00:12.957Z,openbao,1.39,"35.34MiB / 512MiB",6.90
2026-09-17T06:00:12.957Z,spilo,1.52,"176.2MiB / 1.922GiB",8.95
2026-09-17T06:00:12.957Z,etcd,1.03,"62.52MiB / 1.922GiB",3.18
2026-09-17T06:00:20.133Z,grafana,1.29,"219.1MiB / 512MiB",42.80
2026-09-17T06:00:20.133Z,lorawan-gateway-evidence-verifier-1,0.12,"10.16MiB / 192MiB",5.29
2026-09-17T06:00:20.133Z,node-red-node-red-1,0.00,"72.32MiB / 1.922GiB",3.67
2026-09-17T06:00:20.133Z,lorawan-gateway-evidence-collector-1,0.38,"10.23MiB / 192MiB",5.33
2026-09-17T06:00:20.133Z,seaweedfs,0.58,"152.1MiB / 256MiB",59.41
2026-09-17T06:00:20.133Z,seaweedfs-metadata-etcd,1.04,"62.44MiB / 96MiB",65.04
2026-09-17T06:00:20.133Z,openbao,1.43,"35.34MiB / 512MiB",6.90
2026-09-17T06:00:20.133Z,spilo,1.08,"176.2MiB / 1.922GiB",8.95
2026-09-17T06:00:20.133Z,etcd,1.03,"62.51MiB / 1.922GiB",3.18
2026-09-17T06:00:27.409Z,grafana,1.11,"219.1MiB / 512MiB",42.80
2026-09-17T06:00:27.409Z,lorawan-gateway-evidence-verifier-1,0.00,"10.16MiB / 192MiB",5.29
2026-09-17T06:00:27.409Z,node-red-node-red-1,0.00,"72.31MiB / 1.922GiB",3.67
2026-09-17T06:00:27.409Z,lorawan-gateway-evidence-collector-1,0.30,"10.23MiB / 192MiB",5.33
2026-09-17T06:00:27.409Z,seaweedfs,0.79,"152.1MiB / 256MiB",59.41
2026-09-17T06:00:27.409Z,seaweedfs-metadata-etcd,4.95,"62.49MiB / 96MiB",65.10
2026-09-17T06:00:27.409Z,openbao,1.75,"35.34MiB / 512MiB",6.90
2026-09-17T06:00:27.409Z,spilo,1.03,"176.2MiB / 1.922GiB",8.95
2026-09-17T06:00:27.409Z,etcd,1.41,"62.51MiB / 1.922GiB",3.18
2026-09-17T06:00:34.571Z,grafana,1.17,"219.1MiB / 512MiB",42.80
2026-09-17T06:00:34.571Z,lorawan-gateway-evidence-verifier-1,0.11,"10.26MiB / 192MiB",5.34
2026-09-17T06:00:34.571Z,node-red-node-red-1,0.00,"72.35MiB / 1.922GiB",3.68
2026-09-17T06:00:34.571Z,lorawan-gateway-evidence-collector-1,0.30,"10.23MiB / 192MiB",5.33
2026-09-17T06:00:34.571Z,seaweedfs,5.27,"152.1MiB / 256MiB",59.40
2026-09-17T06:00:34.571Z,seaweedfs-metadata-etcd,5.10,"62.5MiB / 96MiB",65.10
2026-09-17T06:00:34.571Z,openbao,1.69,"35.34MiB / 512MiB",6.90
2026-09-17T06:00:34.571Z,spilo,1.63,"176.2MiB / 1.922GiB",8.95
2026-09-17T06:00:34.571Z,etcd,1.19,"62.51MiB / 1.922GiB",3.18
2026-09-17T06:00:41.756Z,grafana,1.02,"219.1MiB / 512MiB",42.80
2026-09-17T06:00:41.756Z,lorawan-gateway-evidence-verifier-1,0.12,"10.26MiB / 192MiB",5.34
2026-09-17T06:00:41.756Z,node-red-node-red-1,0.00,"72.34MiB / 1.922GiB",3.68
2026-09-17T06:00:41.756Z,lorawan-gateway-evidence-collector-1,0.31,"10.23MiB / 192MiB",5.33
2026-09-17T06:00:41.756Z,seaweedfs,0.60,"152MiB / 256MiB",59.39
2026-09-17T06:00:41.756Z,seaweedfs-metadata-etcd,0.80,"62.49MiB / 96MiB",65.10
2026-09-17T06:00:41.756Z,openbao,1.51,"35.34MiB / 512MiB",6.90
2026-09-17T06:00:41.756Z,spilo,1.02,"176.2MiB / 1.922GiB",8.95
2026-09-17T06:00:41.756Z,etcd,0.95,"62.51MiB / 1.922GiB",3.18
2026-09-17T06:00:48.941Z,grafana,1.25,"219.1MiB / 512MiB",42.80
2026-09-17T06:00:48.941Z,lorawan-gateway-evidence-verifier-1,0.00,"10.26MiB / 192MiB",5.34
2026-09-17T06:00:48.941Z,node-red-node-red-1,0.00,"72.39MiB / 1.922GiB",3.68
2026-09-17T06:00:48.941Z,lorawan-gateway-evidence-collector-1,0.30,"10.23MiB / 192MiB",5.33
2026-09-17T06:00:48.941Z,seaweedfs,6.61,"144.2MiB / 256MiB",56.34
2026-09-17T06:00:48.941Z,seaweedfs-metadata-etcd,6.51,"62.5MiB / 96MiB",65.10
2026-09-17T06:00:48.941Z,openbao,1.80,"35.34MiB / 512MiB",6.90
2026-09-17T06:00:48.941Z,spilo,1.04,"176.2MiB / 1.922GiB",8.95
2026-09-17T06:00:48.941Z,etcd,0.92,"62.51MiB / 1.922GiB",3.18
2026-09-17T06:00:56.151Z,grafana,1.11,"219.1MiB / 512MiB",42.80
2026-09-17T06:00:56.151Z,lorawan-gateway-evidence-verifier-1,0.11,"10.26MiB / 192MiB",5.34
2026-09-17T06:00:56.151Z,node-red-node-red-1,0.00,"72.38MiB / 1.922GiB",3.68
2026-09-17T06:00:56.151Z,lorawan-gateway-evidence-collector-1,0.32,"10.23MiB / 192MiB",5.33
2026-09-17T06:00:56.151Z,seaweedfs,0.70,"144.2MiB / 256MiB",56.34
2026-09-17T06:00:56.151Z,seaweedfs-metadata-etcd,1.02,"62.49MiB / 96MiB",65.10
2026-09-17T06:00:56.151Z,openbao,1.82,"35.34MiB / 512MiB",6.90
2026-09-17T06:00:56.151Z,spilo,1.07,"176.2MiB / 1.922GiB",8.95
2026-09-17T06:00:56.151Z,etcd,1.92,"62.51MiB / 1.922GiB",3.18
2026-09-17T06:01:03.315Z,grafana,0.90,"219.1MiB / 512MiB",42.80
2026-09-17T06:01:03.315Z,lorawan-gateway-evidence-verifier-1,8.12,"10.16MiB / 192MiB",5.29
2026-09-17T06:01:03.315Z,node-red-node-red-1,0.00,"72.42MiB / 1.922GiB",3.68
2026-09-17T06:01:03.315Z,lorawan-gateway-evidence-collector-1,0.30,"10.23MiB / 192MiB",5.33
2026-09-17T06:01:03.315Z,seaweedfs,13.97,"144.2MiB / 256MiB",56.34
2026-09-17T06:01:03.315Z,seaweedfs-metadata-etcd,7.86,"62.5MiB / 96MiB",65.10
2026-09-17T06:01:03.315Z,openbao,1.40,"35.34MiB / 512MiB",6.90
2026-09-17T06:01:03.315Z,spilo,1.81,"176.2MiB / 1.922GiB",8.95
2026-09-17T06:01:03.315Z,etcd,1.24,"62.51MiB / 1.922GiB",3.18
2026-09-17T06:01:10.616Z,grafana,1.21,"219.1MiB / 512MiB",42.80
2026-09-17T06:01:10.616Z,lorawan-gateway-evidence-verifier-1,0.15,"10.16MiB / 192MiB",5.29
2026-09-17T06:01:10.616Z,node-red-node-red-1,0.00,"72.41MiB / 1.922GiB",3.68
2026-09-17T06:01:10.616Z,lorawan-gateway-evidence-collector-1,0.33,"10.23MiB / 192MiB",5.33
2026-09-17T06:01:10.616Z,seaweedfs,0.56,"144.1MiB / 256MiB",56.30
2026-09-17T06:01:10.616Z,seaweedfs-metadata-etcd,0.90,"62.49MiB / 96MiB",65.10
2026-09-17T06:01:10.616Z,openbao,1.57,"35.34MiB / 512MiB",6.90
2026-09-17T06:01:10.616Z,spilo,0.48,"176.2MiB / 1.922GiB",8.95
2026-09-17T06:01:10.616Z,etcd,1.18,"62.51MiB / 1.922GiB",3.18
2026-09-17T06:01:17.781Z,grafana,1.12,"219.1MiB / 512MiB",42.80
2026-09-17T06:01:17.781Z,lorawan-gateway-evidence-verifier-1,0.13,"10.16MiB / 192MiB",5.29
2026-09-17T06:01:17.781Z,node-red-node-red-1,0.00,"72.46MiB / 1.922GiB",3.68
2026-09-17T06:01:17.781Z,lorawan-gateway-evidence-collector-1,0.31,"10.23MiB / 192MiB",5.33
2026-09-17T06:01:17.781Z,seaweedfs,2.17,"152.1MiB / 256MiB",59.41
2026-09-17T06:01:17.781Z,seaweedfs-metadata-etcd,2.53,"62.5MiB / 96MiB",65.11
2026-09-17T06:01:17.781Z,openbao,1.61,"35.34MiB / 512MiB",6.90
2026-09-17T06:01:17.781Z,spilo,1.24,"176.2MiB / 1.922GiB",8.95
2026-09-17T06:01:17.781Z,etcd,0.91,"62.51MiB / 1.922GiB",3.18
2026-09-17T06:01:25.013Z,grafana,1.06,"219.1MiB / 512MiB",42.80
2026-09-17T06:01:25.013Z,lorawan-gateway-evidence-verifier-1,0.00,"10.16MiB / 192MiB",5.29
2026-09-17T06:01:25.013Z,node-red-node-red-1,15.65,"72.45MiB / 1.922GiB",3.68
2026-09-17T06:01:25.013Z,lorawan-gateway-evidence-collector-1,0.31,"10.23MiB / 192MiB",5.33
2026-09-17T06:01:25.013Z,seaweedfs,0.54,"152.1MiB / 256MiB",59.41
2026-09-17T06:01:25.013Z,seaweedfs-metadata-etcd,0.94,"62.49MiB / 96MiB",65.10
2026-09-17T06:01:25.013Z,openbao,1.63,"35.34MiB / 512MiB",6.90
2026-09-17T06:01:25.013Z,spilo,1.93,"176.2MiB / 1.922GiB",8.95
2026-09-17T06:01:25.013Z,etcd,1.05,"62.51MiB / 1.922GiB",3.18
2026-09-17T06:01:32.200Z,grafana,1.96,"219.1MiB / 512MiB",42.80
2026-09-17T06:01:32.200Z,lorawan-gateway-evidence-verifier-1,0.13,"10.16MiB / 192MiB",5.29
2026-09-17T06:01:32.200Z,node-red-node-red-1,0.00,"72.49MiB / 1.922GiB",3.68
2026-09-17T06:01:32.200Z,lorawan-gateway-evidence-collector-1,0.28,"10.23MiB / 192MiB",5.33
2026-09-17T06:01:32.200Z,seaweedfs,3.69,"145.6MiB / 256MiB",56.89
2026-09-17T06:01:32.200Z,seaweedfs-metadata-etcd,4.47,"62.5MiB / 96MiB",65.10
2026-09-17T06:01:32.200Z,openbao,1.67,"35.34MiB / 512MiB",6.90
2026-09-17T06:01:32.200Z,spilo,1.15,"176.2MiB / 1.922GiB",8.95
2026-09-17T06:01:32.200Z,etcd,0.90,"62.5MiB / 1.922GiB",3.18
2026-09-17T06:01:39.386Z,grafana,1.34,"219.1MiB / 512MiB",42.80
2026-09-17T06:01:39.386Z,lorawan-gateway-evidence-verifier-1,0.00,"10.16MiB / 192MiB",5.29
2026-09-17T06:01:39.386Z,node-red-node-red-1,0.00,"72.48MiB / 1.922GiB",3.68
2026-09-17T06:01:39.386Z,lorawan-gateway-evidence-collector-1,0.31,"10.23MiB / 192MiB",5.33
2026-09-17T06:01:39.386Z,seaweedfs,3.42,"150.6MiB / 256MiB",58.83
2026-09-17T06:01:39.386Z,seaweedfs-metadata-etcd,3.98,"62.49MiB / 96MiB",65.10
2026-09-17T06:01:39.386Z,openbao,1.39,"35.34MiB / 512MiB",6.90
2026-09-17T06:01:39.386Z,spilo,0.89,"176.2MiB / 1.922GiB",8.95
2026-09-17T06:01:39.386Z,etcd,1.29,"62.5MiB / 1.922GiB",3.18
2026-09-17T06:01:46.555Z,grafana,1.82,"219.1MiB / 512MiB",42.80
2026-09-17T06:01:46.555Z,lorawan-gateway-evidence-verifier-1,0.12,"10.16MiB / 192MiB",5.29
2026-09-17T06:01:46.555Z,node-red-node-red-1,0.00,"72.54MiB / 1.922GiB",3.69
2026-09-17T06:01:46.555Z,lorawan-gateway-evidence-collector-1,0.30,"10.23MiB / 192MiB",5.33
2026-09-17T06:01:46.555Z,seaweedfs,9.53,"144.1MiB / 256MiB",56.29
2026-09-17T06:01:46.555Z,seaweedfs-metadata-etcd,6.59,"62.5MiB / 96MiB",65.10
2026-09-17T06:01:46.555Z,openbao,1.34,"35.34MiB / 512MiB",6.90
2026-09-17T06:01:46.555Z,spilo,0.62,"176.2MiB / 1.922GiB",8.95
2026-09-17T06:01:46.555Z,etcd,1.31,"62.5MiB / 1.922GiB",3.18
2026-09-17T06:01:53.777Z,grafana,1.02,"219.1MiB / 512MiB",42.80
2026-09-17T06:01:53.777Z,lorawan-gateway-evidence-verifier-1,0.09,"10.16MiB / 192MiB",5.29
2026-09-17T06:01:53.777Z,node-red-node-red-1,0.00,"72.52MiB / 1.922GiB",3.69
2026-09-17T06:01:53.777Z,lorawan-gateway-evidence-collector-1,0.29,"10.23MiB / 192MiB",5.33
2026-09-17T06:01:53.777Z,seaweedfs,0.59,"144.3MiB / 256MiB",56.37
2026-09-17T06:01:53.777Z,seaweedfs-metadata-etcd,1.16,"62.5MiB / 96MiB",65.10
2026-09-17T06:01:53.777Z,openbao,1.36,"35.34MiB / 512MiB",6.90
2026-09-17T06:01:53.777Z,spilo,0.79,"176.2MiB / 1.922GiB",8.95
2026-09-17T06:01:53.777Z,etcd,0.82,"62.5MiB / 1.922GiB",3.18
2026-09-17T06:02:01.008Z,grafana,1.51,"219.1MiB / 512MiB",42.80
2026-09-17T06:02:01.008Z,lorawan-gateway-evidence-verifier-1,0.00,"10.16MiB / 192MiB",5.29
2026-09-17T06:02:01.008Z,node-red-node-red-1,0.00,"72.57MiB / 1.922GiB",3.69
2026-09-17T06:02:01.008Z,lorawan-gateway-evidence-collector-1,0.48,"10.23MiB / 192MiB",5.33
2026-09-17T06:02:01.008Z,seaweedfs,4.92,"144.3MiB / 256MiB",56.37
2026-09-17T06:02:01.008Z,seaweedfs-metadata-etcd,5.49,"62.5MiB / 96MiB",65.10
2026-09-17T06:02:01.008Z,openbao,1.92,"35.34MiB / 512MiB",6.90
2026-09-17T06:02:01.008Z,spilo,1.38,"176.1MiB / 1.922GiB",8.95
2026-09-17T06:02:01.008Z,etcd,1.41,"62.5MiB / 1.922GiB",3.18
2026-09-17T06:02:08.248Z,grafana,1.54,"219.1MiB / 512MiB",42.80
2026-09-17T06:02:08.248Z,lorawan-gateway-evidence-verifier-1,0.94,"10.16MiB / 192MiB",5.29
2026-09-17T06:02:08.248Z,node-red-node-red-1,0.11,"72.55MiB / 1.922GiB",3.69
2026-09-17T06:02:08.248Z,lorawan-gateway-evidence-collector-1,0.34,"10.23MiB / 192MiB",5.33
2026-09-17T06:02:08.248Z,seaweedfs,2.49,"144.2MiB / 256MiB",56.31
2026-09-17T06:02:08.248Z,seaweedfs-metadata-etcd,3.06,"62.5MiB / 96MiB",65.10
2026-09-17T06:02:08.248Z,openbao,1.99,"35.34MiB / 512MiB",6.90
2026-09-17T06:02:08.248Z,spilo,1.25,"176.1MiB / 1.922GiB",8.95
2026-09-17T06:02:08.248Z,etcd,0.96,"62.5MiB / 1.922GiB",3.18
2026-09-17T06:02:15.654Z,grafana,1.23,"219.1MiB / 512MiB",42.80
2026-09-17T06:02:15.654Z,lorawan-gateway-evidence-verifier-1,0.00,"10.16MiB / 192MiB",5.29
2026-09-17T06:02:15.654Z,node-red-node-red-1,0.00,"72.61MiB / 1.922GiB",3.69
2026-09-17T06:02:15.654Z,lorawan-gateway-evidence-collector-1,0.37,"10.23MiB / 192MiB",5.33
2026-09-17T06:02:15.654Z,seaweedfs,2.20,"151.4MiB / 256MiB",59.15
2026-09-17T06:02:15.654Z,seaweedfs-metadata-etcd,3.42,"62.5MiB / 96MiB",65.10
2026-09-17T06:02:15.654Z,openbao,1.69,"35.34MiB / 512MiB",6.90
2026-09-17T06:02:15.654Z,spilo,1.00,"176.2MiB / 1.922GiB",8.95
2026-09-17T06:02:15.654Z,etcd,2.05,"62.5MiB / 1.922GiB",3.18
2026-09-17T06:02:22.833Z,grafana,1.06,"219.1MiB / 512MiB",42.80
2026-09-17T06:02:22.833Z,lorawan-gateway-evidence-verifier-1,0.00,"10.16MiB / 192MiB",5.29
2026-09-17T06:02:22.833Z,node-red-node-red-1,0.11,"72.6MiB / 1.922GiB",3.69
2026-09-17T06:02:22.833Z,lorawan-gateway-evidence-collector-1,0.29,"10.23MiB / 192MiB",5.33
2026-09-17T06:02:22.833Z,seaweedfs,5.32,"151.4MiB / 256MiB",59.15
2026-09-17T06:02:22.833Z,seaweedfs-metadata-etcd,6.02,"62.5MiB / 96MiB",65.10
2026-09-17T06:02:22.833Z,openbao,1.49,"35.34MiB / 512MiB",6.90
2026-09-17T06:02:22.833Z,spilo,0.99,"176.2MiB / 1.922GiB",8.95
2026-09-17T06:02:22.833Z,etcd,1.32,"62.5MiB / 1.922GiB",3.18
2026-09-17T06:02:30.092Z,grafana,1.14,"219.1MiB / 512MiB",42.80
2026-09-17T06:02:30.092Z,lorawan-gateway-evidence-verifier-1,0.10,"10.16MiB / 192MiB",5.29
2026-09-17T06:02:30.092Z,node-red-node-red-1,0.00,"72.64MiB / 1.922GiB",3.69
2026-09-17T06:02:30.092Z,lorawan-gateway-evidence-collector-1,0.56,"10.23MiB / 192MiB",5.33
2026-09-17T06:02:30.092Z,seaweedfs,3.45,"151.4MiB / 256MiB",59.15
2026-09-17T06:02:30.092Z,seaweedfs-metadata-etcd,3.66,"62.51MiB / 96MiB",65.11
2026-09-17T06:02:30.092Z,openbao,1.56,"35.34MiB / 512MiB",6.90
2026-09-17T06:02:30.092Z,spilo,1.63,"176.2MiB / 1.922GiB",8.95
2026-09-17T06:02:30.092Z,etcd,0.87,"62.5MiB / 1.922GiB",3.18
2026-09-17T06:02:37.281Z,grafana,1.07,"219.1MiB / 512MiB",42.80
2026-09-17T06:02:37.281Z,lorawan-gateway-evidence-verifier-1,0.00,"10.16MiB / 192MiB",5.29
2026-09-17T06:02:37.281Z,node-red-node-red-1,0.03,"72.64MiB / 1.922GiB",3.69
2026-09-17T06:02:37.281Z,lorawan-gateway-evidence-collector-1,0.32,"10.23MiB / 192MiB",5.33
2026-09-17T06:02:37.281Z,seaweedfs,2.81,"141.4MiB / 256MiB",55.24
2026-09-17T06:02:37.281Z,seaweedfs-metadata-etcd,3.57,"62.5MiB / 96MiB",65.10
2026-09-17T06:02:37.281Z,openbao,1.25,"35.34MiB / 512MiB",6.90
2026-09-17T06:02:37.281Z,spilo,0.95,"176.2MiB / 1.922GiB",8.95
2026-09-17T06:02:37.281Z,etcd,0.93,"62.5MiB / 1.922GiB",3.18
2026-09-17T06:02:44.465Z,grafana,1.13,"219.1MiB / 512MiB",42.80
2026-09-17T06:02:44.465Z,lorawan-gateway-evidence-verifier-1,0.12,"10.16MiB / 192MiB",5.29
2026-09-17T06:02:44.465Z,node-red-node-red-1,0.02,"72.68MiB / 1.922GiB",3.69
2026-09-17T06:02:44.465Z,lorawan-gateway-evidence-collector-1,0.34,"10.23MiB / 192MiB",5.33
2026-09-17T06:02:44.465Z,seaweedfs,7.02,"141.5MiB / 256MiB",55.29
2026-09-17T06:02:44.465Z,seaweedfs-metadata-etcd,7.95,"62.51MiB / 96MiB",65.12
2026-09-17T06:02:44.465Z,openbao,1.49,"35.34MiB / 512MiB",6.90
2026-09-17T06:02:44.465Z,spilo,1.96,"176.2MiB / 1.922GiB",8.95
2026-09-17T06:02:44.465Z,etcd,1.09,"62.5MiB / 1.922GiB",3.18
2026-09-17T06:02:51.746Z,grafana,1.17,"219.1MiB / 512MiB",42.80
2026-09-17T06:02:51.746Z,lorawan-gateway-evidence-verifier-1,0.11,"10.16MiB / 192MiB",5.29
2026-09-17T06:02:51.746Z,node-red-node-red-1,0.00,"72.68MiB / 1.922GiB",3.69
2026-09-17T06:02:51.746Z,lorawan-gateway-evidence-collector-1,0.30,"10.23MiB / 192MiB",5.33
2026-09-17T06:02:51.746Z,seaweedfs,1.93,"141.1MiB / 256MiB",55.12
2026-09-17T06:02:51.746Z,seaweedfs-metadata-etcd,2.76,"62.51MiB / 96MiB",65.11
2026-09-17T06:02:51.746Z,openbao,1.05,"35.34MiB / 512MiB",6.90
2026-09-17T06:02:51.746Z,spilo,0.72,"176.2MiB / 1.922GiB",8.95
2026-09-17T06:02:51.746Z,etcd,0.72,"62.5MiB / 1.922GiB",3.18
2026-09-17T06:02:58.978Z,grafana,1.25,"219.1MiB / 512MiB",42.80
2026-09-17T06:02:58.978Z,lorawan-gateway-evidence-verifier-1,0.00,"10.16MiB / 192MiB",5.29
2026-09-17T06:02:58.978Z,node-red-node-red-1,1.29,"72.72MiB / 1.922GiB",3.70
2026-09-17T06:02:58.978Z,lorawan-gateway-evidence-collector-1,0.36,"10.23MiB / 192MiB",5.33
2026-09-17T06:02:58.978Z,seaweedfs,0.72,"141.1MiB / 256MiB",55.12
2026-09-17T06:02:58.978Z,seaweedfs-metadata-etcd,1.09,"62.5MiB / 96MiB",65.10
2026-09-17T06:02:58.978Z,openbao,1.69,"35.34MiB / 512MiB",6.90
2026-09-17T06:02:58.978Z,spilo,1.67,"176.2MiB / 1.922GiB",8.95
2026-09-17T06:02:58.978Z,etcd,1.43,"62.5MiB / 1.922GiB",3.18
2026-09-17T06:03:06.191Z,grafana,1.24,"219.1MiB / 512MiB",42.80
2026-09-17T06:03:06.191Z,lorawan-gateway-evidence-verifier-1,0.12,"10.16MiB / 192MiB",5.29
2026-09-17T06:03:06.191Z,node-red-node-red-1,0.00,"72.72MiB / 1.922GiB",3.70
2026-09-17T06:03:06.191Z,lorawan-gateway-evidence-collector-1,0.31,"10.23MiB / 192MiB",5.33
2026-09-17T06:03:06.191Z,seaweedfs,0.54,"141.1MiB / 256MiB",55.12
2026-09-17T06:03:06.191Z,seaweedfs-metadata-etcd,0.87,"62.5MiB / 96MiB",65.10
2026-09-17T06:03:06.191Z,openbao,1.32,"35.34MiB / 512MiB",6.90
2026-09-17T06:03:06.191Z,spilo,0.90,"176.2MiB / 1.922GiB",8.95
2026-09-17T06:03:06.191Z,etcd,1.90,"62.51MiB / 1.922GiB",3.18
2026-09-17T06:03:13.359Z,grafana,0.98,"219.2MiB / 512MiB",42.81
2026-09-17T06:03:13.359Z,lorawan-gateway-evidence-verifier-1,0.00,"9.473MiB / 192MiB",4.93
2026-09-17T06:03:13.359Z,node-red-node-red-1,1.21,"72.76MiB / 1.922GiB",3.70
2026-09-17T06:03:13.359Z,lorawan-gateway-evidence-collector-1,0.46,"10.23MiB / 192MiB",5.33
2026-09-17T06:03:13.359Z,seaweedfs,3.04,"150.8MiB / 256MiB",58.89
2026-09-17T06:03:13.359Z,seaweedfs-metadata-etcd,1.39,"62.5MiB / 96MiB",65.10
2026-09-17T06:03:13.359Z,openbao,1.41,"35.34MiB / 512MiB",6.90
2026-09-17T06:03:13.359Z,spilo,1.27,"176.2MiB / 1.922GiB",8.95
2026-09-17T06:03:13.359Z,etcd,0.95,"62.5MiB / 1.922GiB",3.18
2026-09-17T06:03:20.531Z,grafana,1.07,"219.2MiB / 512MiB",42.81
2026-09-17T06:03:20.531Z,lorawan-gateway-evidence-verifier-1,0.12,"9.785MiB / 192MiB",5.10
2026-09-17T06:03:20.531Z,node-red-node-red-1,0.00,"72.76MiB / 1.922GiB",3.70
2026-09-17T06:03:20.531Z,lorawan-gateway-evidence-collector-1,0.33,"10.23MiB / 192MiB",5.33
2026-09-17T06:03:20.531Z,seaweedfs,6.47,"143.1MiB / 256MiB",55.90
2026-09-17T06:03:20.531Z,seaweedfs-metadata-etcd,7.72,"62.51MiB / 96MiB",65.11
2026-09-17T06:03:20.531Z,openbao,1.59,"35.34MiB / 512MiB",6.90
2026-09-17T06:03:20.531Z,spilo,1.63,"176.2MiB / 1.922GiB",8.95
2026-09-17T06:03:20.531Z,etcd,0.94,"62.5MiB / 1.922GiB",3.18
2026-09-17T06:03:27.789Z,grafana,1.46,"219.2MiB / 512MiB",42.81
2026-09-17T06:03:27.789Z,lorawan-gateway-evidence-verifier-1,0.09,"9.785MiB / 192MiB",5.10
2026-09-17T06:03:27.789Z,node-red-node-red-1,1.30,"72.79MiB / 1.922GiB",3.70
2026-09-17T06:03:27.789Z,lorawan-gateway-evidence-collector-1,0.49,"10.23MiB / 192MiB",5.33
2026-09-17T06:03:27.789Z,seaweedfs,3.88,"143.1MiB / 256MiB",55.90
2026-09-17T06:03:27.789Z,seaweedfs-metadata-etcd,3.78,"62.5MiB / 96MiB",65.11
2026-09-17T06:03:27.789Z,openbao,1.20,"35.34MiB / 512MiB",6.90
2026-09-17T06:03:27.789Z,spilo,0.98,"176.2MiB / 1.922GiB",8.95
2026-09-17T06:03:27.789Z,etcd,1.02,"62.5MiB / 1.922GiB",3.18
2026-09-17T06:03:35.189Z,grafana,1.10,"219.6MiB / 512MiB",42.89
2026-09-17T06:03:35.189Z,lorawan-gateway-evidence-verifier-1,0.00,"9.785MiB / 192MiB",5.10
2026-09-17T06:03:35.189Z,node-red-node-red-1,0.00,"72.79MiB / 1.922GiB",3.70
2026-09-17T06:03:35.189Z,lorawan-gateway-evidence-collector-1,0.31,"10.23MiB / 192MiB",5.33
2026-09-17T06:03:35.189Z,seaweedfs,4.10,"144.1MiB / 256MiB",56.29
2026-09-17T06:03:35.189Z,seaweedfs-metadata-etcd,5.07,"62.5MiB / 96MiB",65.10
2026-09-17T06:03:35.189Z,openbao,1.38,"35.34MiB / 512MiB",6.90
2026-09-17T06:03:35.189Z,spilo,2.02,"176.2MiB / 1.922GiB",8.95
2026-09-17T06:03:35.189Z,etcd,1.27,"62.5MiB / 1.922GiB",3.18
2026-09-17T06:03:42.357Z,grafana,0.92,"219.6MiB / 512MiB",42.89
2026-09-17T06:03:42.357Z,lorawan-gateway-evidence-verifier-1,9.41,"10.05MiB / 192MiB",5.24
2026-09-17T06:03:42.357Z,node-red-node-red-1,0.00,"72.78MiB / 1.922GiB",3.70
2026-09-17T06:03:42.357Z,lorawan-gateway-evidence-collector-1,0.23,"10.23MiB / 192MiB",5.33
2026-09-17T06:03:42.357Z,seaweedfs,21.47,"144.3MiB / 256MiB",56.37
2026-09-17T06:03:42.357Z,seaweedfs-metadata-etcd,9.82,"62.51MiB / 96MiB",65.11
2026-09-17T06:03:42.357Z,openbao,1.15,"35.34MiB / 512MiB",6.90
2026-09-17T06:03:42.357Z,spilo,1.04,"176.2MiB / 1.922GiB",8.95
2026-09-17T06:03:42.357Z,etcd,0.94,"62.5MiB / 1.922GiB",3.18
2026-09-17T06:03:49.749Z,grafana,1.18,"219.6MiB / 512MiB",42.89
2026-09-17T06:03:49.749Z,lorawan-gateway-evidence-verifier-1,0.12,"10.2MiB / 192MiB",5.31
2026-09-17T06:03:49.749Z,node-red-node-red-1,0.00,"72.83MiB / 1.922GiB",3.70
2026-09-17T06:03:49.749Z,lorawan-gateway-evidence-collector-1,0.31,"10.23MiB / 192MiB",5.33
2026-09-17T06:03:49.749Z,seaweedfs,2.10,"144.1MiB / 256MiB",56.29
2026-09-17T06:03:49.749Z,seaweedfs-metadata-etcd,2.71,"62.5MiB / 96MiB",65.11
2026-09-17T06:03:49.749Z,openbao,1.21,"35.34MiB / 512MiB",6.90
2026-09-17T06:03:49.749Z,spilo,1.31,"176.2MiB / 1.922GiB",8.95
2026-09-17T06:03:49.749Z,etcd,1.00,"62.5MiB / 1.922GiB",3.18
2026-09-17T06:03:56.995Z,grafana,1.02,"219.6MiB / 512MiB",42.89
2026-09-17T06:03:56.995Z,lorawan-gateway-evidence-verifier-1,0.00,"10.2MiB / 192MiB",5.31
2026-09-17T06:03:56.995Z,node-red-node-red-1,16.61,"72.82MiB / 1.922GiB",3.70
2026-09-17T06:03:56.995Z,lorawan-gateway-evidence-collector-1,0.27,"10.23MiB / 192MiB",5.33
2026-09-17T06:03:56.995Z,seaweedfs,4.17,"144.1MiB / 256MiB",56.29
2026-09-17T06:03:56.995Z,seaweedfs-metadata-etcd,5.26,"62.5MiB / 96MiB",65.11
2026-09-17T06:03:56.995Z,openbao,1.34,"35.34MiB / 512MiB",6.90
2026-09-17T06:03:56.995Z,spilo,1.52,"176.2MiB / 1.922GiB",8.95
2026-09-17T06:03:56.995Z,etcd,0.96,"62.51MiB / 1.922GiB",3.18
2026-09-17T06:04:04.146Z,grafana,1.18,"219.6MiB / 512MiB",42.89
2026-09-17T06:04:04.146Z,lorawan-gateway-evidence-verifier-1,0.12,"10.24MiB / 192MiB",5.33
2026-09-17T06:04:04.146Z,node-red-node-red-1,0.00,"73.08MiB / 1.922GiB",3.71
2026-09-17T06:04:04.146Z,lorawan-gateway-evidence-collector-1,0.34,"10.36MiB / 192MiB",5.39
2026-09-17T06:04:04.146Z,seaweedfs,4.38,"144MiB / 256MiB",56.25
2026-09-17T06:04:04.146Z,seaweedfs-metadata-etcd,4.99,"62.51MiB / 96MiB",65.12
2026-09-17T06:04:04.146Z,openbao,1.37,"35.34MiB / 512MiB",6.90
2026-09-17T06:04:04.146Z,spilo,0.92,"176.2MiB / 1.922GiB",8.95
2026-09-17T06:04:04.146Z,etcd,1.02,"62.51MiB / 1.922GiB",3.18
2026-09-17T06:04:11.381Z,grafana,1.15,"219.6MiB / 512MiB",42.89
2026-09-17T06:04:11.381Z,lorawan-gateway-evidence-verifier-1,0.00,"10.24MiB / 192MiB",5.33
2026-09-17T06:04:11.381Z,node-red-node-red-1,0.00,"73.07MiB / 1.922GiB",3.71
2026-09-17T06:04:11.381Z,lorawan-gateway-evidence-collector-1,0.33,"10.36MiB / 192MiB",5.39
2026-09-17T06:04:11.381Z,seaweedfs,0.70,"144MiB / 256MiB",56.25
2026-09-17T06:04:11.381Z,seaweedfs-metadata-etcd,1.13,"62.5MiB / 96MiB",65.11
2026-09-17T06:04:11.381Z,openbao,1.41,"35.34MiB / 512MiB",6.90
2026-09-17T06:04:11.381Z,spilo,1.60,"176.2MiB / 1.922GiB",8.95
2026-09-17T06:04:11.381Z,etcd,1.49,"62.51MiB / 1.922GiB",3.18
2026-09-17T06:04:18.584Z,grafana,13.75,"219.6MiB / 512MiB",42.89
2026-09-17T06:04:18.584Z,lorawan-gateway-evidence-verifier-1,12.33,"10.16MiB / 192MiB",5.29
2026-09-17T06:04:18.584Z,node-red-node-red-1,0.00,"73.13MiB / 1.922GiB",3.72
2026-09-17T06:04:18.584Z,lorawan-gateway-evidence-collector-1,0.27,"10.36MiB / 192MiB",5.39
2026-09-17T06:04:18.584Z,seaweedfs,22.56,"142.7MiB / 256MiB",55.75
2026-09-17T06:04:18.584Z,seaweedfs-metadata-etcd,11.56,"62.52MiB / 96MiB",65.12
2026-09-17T06:04:18.584Z,openbao,1.36,"35.34MiB / 512MiB",6.90
2026-09-17T06:04:18.584Z,spilo,0.89,"176.2MiB / 1.922GiB",8.95
2026-09-17T06:04:18.584Z,etcd,1.30,"62.5MiB / 1.922GiB",3.18
2026-09-17T06:04:26.048Z,grafana,1.35,"219.6MiB / 512MiB",42.89
2026-09-17T06:04:26.048Z,lorawan-gateway-evidence-verifier-1,0.13,"10.16MiB / 192MiB",5.29
2026-09-17T06:04:26.048Z,node-red-node-red-1,0.00,"73.12MiB / 1.922GiB",3.72
2026-09-17T06:04:26.048Z,lorawan-gateway-evidence-collector-1,0.35,"10.36MiB / 192MiB",5.39
2026-09-17T06:04:26.048Z,seaweedfs,4.95,"143.1MiB / 256MiB",55.91
2026-09-17T06:04:26.048Z,seaweedfs-metadata-etcd,4.98,"62.51MiB / 96MiB",65.12
2026-09-17T06:04:26.048Z,openbao,1.87,"35.34MiB / 512MiB",6.90
2026-09-17T06:04:26.048Z,spilo,1.07,"176.2MiB / 1.922GiB",8.95
2026-09-17T06:04:26.048Z,etcd,2.08,"62.5MiB / 1.922GiB",3.18
2026-09-17T06:04:33.301Z,grafana,0.98,"219.6MiB / 512MiB",42.89
2026-09-17T06:04:33.301Z,lorawan-gateway-evidence-verifier-1,7.56,"10.16MiB / 192MiB",5.29
2026-09-17T06:04:33.301Z,node-red-node-red-1,0.02,"73.17MiB / 1.922GiB",3.72
2026-09-17T06:04:33.301Z,lorawan-gateway-evidence-collector-1,0.31,"10.36MiB / 192MiB",5.39
2026-09-17T06:04:33.301Z,seaweedfs,12.73,"143.6MiB / 256MiB",56.10
2026-09-17T06:04:33.301Z,seaweedfs-metadata-etcd,7.30,"62.5MiB / 96MiB",65.11
2026-09-17T06:04:33.301Z,openbao,1.39,"35.34MiB / 512MiB",6.90
2026-09-17T06:04:33.301Z,spilo,2.83,"176.2MiB / 1.922GiB",8.95
2026-09-17T06:04:33.301Z,etcd,0.89,"62.51MiB / 1.922GiB",3.18
2026-09-17T06:04:40.654Z,grafana,1.14,"219.6MiB / 512MiB",42.89
2026-09-17T06:04:40.654Z,lorawan-gateway-evidence-verifier-1,0.11,"9.898MiB / 192MiB",5.16
2026-09-17T06:04:40.654Z,node-red-node-red-1,0.00,"73.15MiB / 1.922GiB",3.72
2026-09-17T06:04:40.654Z,lorawan-gateway-evidence-collector-1,0.33,"10.36MiB / 192MiB",5.39
2026-09-17T06:04:40.654Z,seaweedfs,3.60,"144.3MiB / 256MiB",56.37
2026-09-17T06:04:40.654Z,seaweedfs-metadata-etcd,4.63,"62.5MiB / 96MiB",65.11
2026-09-17T06:04:40.654Z,openbao,1.28,"35.34MiB / 512MiB",6.90
2026-09-17T06:04:40.654Z,spilo,0.83,"176.2MiB / 1.922GiB",8.95
2026-09-17T06:04:40.654Z,etcd,0.91,"62.51MiB / 1.922GiB",3.18
2026-09-17T06:04:47.834Z,grafana,1.45,"219.6MiB / 512MiB",42.89
2026-09-17T06:04:47.834Z,lorawan-gateway-evidence-verifier-1,14.17,"10.04MiB / 192MiB",5.23
2026-09-17T06:04:47.834Z,node-red-node-red-1,0.00,"73.21MiB / 1.922GiB",3.72
2026-09-17T06:04:47.834Z,lorawan-gateway-evidence-collector-1,0.28,"10.36MiB / 192MiB",5.39
2026-09-17T06:04:47.834Z,seaweedfs,24.23,"143.4MiB / 256MiB",56.01
2026-09-17T06:04:47.834Z,seaweedfs-metadata-etcd,12.61,"62.52MiB / 96MiB",65.12
2026-09-17T06:04:47.834Z,openbao,1.17,"35.34MiB / 512MiB",6.90
2026-09-17T06:04:47.834Z,spilo,0.72,"176.2MiB / 1.922GiB",8.95
2026-09-17T06:04:47.834Z,etcd,1.01,"62.5MiB / 1.922GiB",3.18
2026-09-17T06:04:55.350Z,grafana,0.86,"219.6MiB / 512MiB",42.89
2026-09-17T06:04:55.350Z,lorawan-gateway-evidence-verifier-1,13.82,"9.918MiB / 192MiB",5.17
2026-09-17T06:04:55.350Z,node-red-node-red-1,0.00,"73.2MiB / 1.922GiB",3.72
2026-09-17T06:04:55.350Z,lorawan-gateway-evidence-collector-1,0.25,"10.36MiB / 192MiB",5.39
2026-09-17T06:04:55.350Z,seaweedfs,21.40,"144.6MiB / 256MiB",56.49
2026-09-17T06:04:55.350Z,seaweedfs-metadata-etcd,11.30,"62.51MiB / 96MiB",65.12
2026-09-17T06:04:55.350Z,openbao,1.25,"35.34MiB / 512MiB",6.90
2026-09-17T06:04:55.350Z,spilo,1.25,"176.2MiB / 1.922GiB",8.96
2026-09-17T06:04:55.350Z,etcd,1.85,"62.5MiB / 1.922GiB",3.18
2026-09-17T06:05:02.766Z,grafana,1.50,"219.6MiB / 512MiB",42.89
2026-09-17T06:05:02.766Z,lorawan-gateway-evidence-verifier-1,5.48,"9.918MiB / 192MiB",5.17
2026-09-17T06:05:02.766Z,node-red-node-red-1,0.00,"73.8MiB / 1.922GiB",3.75
2026-09-17T06:05:02.766Z,lorawan-gateway-evidence-collector-1,0.36,"10.41MiB / 192MiB",5.42
2026-09-17T06:05:02.766Z,seaweedfs,11.86,"143.4MiB / 256MiB",56.02
2026-09-17T06:05:02.766Z,seaweedfs-metadata-etcd,5.94,"62.52MiB / 96MiB",65.13
2026-09-17T06:05:02.766Z,openbao,1.40,"35.34MiB / 512MiB",6.90
2026-09-17T06:05:02.766Z,spilo,2.65,"176.2MiB / 1.922GiB",8.95
2026-09-17T06:05:02.766Z,etcd,2.26,"62.5MiB / 1.922GiB",3.18
2026-09-17T06:05:10.220Z,grafana,1.06,"219.6MiB / 512MiB",42.89
2026-09-17T06:05:10.220Z,lorawan-gateway-evidence-verifier-1,17.89,"9.844MiB / 192MiB",5.13
2026-09-17T06:05:10.220Z,node-red-node-red-1,0.00,"73.8MiB / 1.922GiB",3.75
2026-09-17T06:05:10.220Z,lorawan-gateway-evidence-collector-1,0.30,"10.41MiB / 192MiB",5.42
2026-09-17T06:05:10.220Z,seaweedfs,18.35,"144.8MiB / 256MiB",56.58
2026-09-17T06:05:10.220Z,seaweedfs-metadata-etcd,10.31,"62.53MiB / 96MiB",65.13
2026-09-17T06:05:10.220Z,openbao,1.19,"35.39MiB / 512MiB",6.91
2026-09-17T06:05:10.220Z,spilo,1.43,"176.2MiB / 1.922GiB",8.95
2026-09-17T06:05:10.220Z,etcd,0.92,"62.5MiB / 1.922GiB",3.18
2026-09-17T06:05:17.731Z,grafana,1.38,"219.6MiB / 512MiB",42.89
2026-09-17T06:05:17.731Z,lorawan-gateway-evidence-verifier-1,18.45,"10.04MiB / 192MiB",5.23
2026-09-17T06:05:17.731Z,node-red-node-red-1,0.00,"73.91MiB / 1.922GiB",3.76
2026-09-17T06:05:17.731Z,lorawan-gateway-evidence-collector-1,0.24,"10.41MiB / 192MiB",5.42
2026-09-17T06:05:17.731Z,seaweedfs,21.02,"145.9MiB / 256MiB",57.00
2026-09-17T06:05:17.731Z,seaweedfs-metadata-etcd,8.89,"62.52MiB / 96MiB",65.13
2026-09-17T06:05:17.731Z,openbao,1.01,"35.39MiB / 512MiB",6.91
2026-09-17T06:05:17.731Z,spilo,1.64,"176.2MiB / 1.922GiB",8.95
2026-09-17T06:05:17.731Z,etcd,0.92,"62.5MiB / 1.922GiB",3.18
2026-09-17T06:05:25.085Z,grafana,1.14,"219.6MiB / 512MiB",42.89
2026-09-17T06:05:25.085Z,lorawan-gateway-evidence-verifier-1,0.00,"10.49MiB / 192MiB",5.46
2026-09-17T06:05:25.085Z,node-red-node-red-1,0.00,"73.89MiB / 1.922GiB",3.75
2026-09-17T06:05:25.085Z,lorawan-gateway-evidence-collector-1,0.36,"10.41MiB / 192MiB",5.42
2026-09-17T06:05:25.085Z,seaweedfs,0.63,"143.5MiB / 256MiB",56.05
2026-09-17T06:05:25.085Z,seaweedfs-metadata-etcd,0.98,"62.52MiB / 96MiB",65.12
2026-09-17T06:05:25.085Z,openbao,1.40,"35.39MiB / 512MiB",6.91
2026-09-17T06:05:25.085Z,spilo,1.85,"176.2MiB / 1.922GiB",8.96
2026-09-17T06:05:25.085Z,etcd,0.99,"62.5MiB / 1.922GiB",3.18
2026-09-17T06:05:32.264Z,grafana,1.29,"219.6MiB / 512MiB",42.89
2026-09-17T06:05:32.264Z,lorawan-gateway-evidence-verifier-1,0.12,"10.49MiB / 192MiB",5.46
2026-09-17T06:05:32.264Z,node-red-node-red-1,0.00,"73.95MiB / 1.922GiB",3.76
2026-09-17T06:05:32.264Z,lorawan-gateway-evidence-collector-1,0.36,"10.41MiB / 192MiB",5.42
2026-09-17T06:05:32.264Z,seaweedfs,0.86,"150.2MiB / 256MiB",58.66
2026-09-17T06:05:32.264Z,seaweedfs-metadata-etcd,1.55,"62.52MiB / 96MiB",65.12
2026-09-17T06:05:32.264Z,openbao,1.49,"35.39MiB / 512MiB",6.91
2026-09-17T06:05:32.264Z,spilo,0.85,"176.2MiB / 1.922GiB",8.96
2026-09-17T06:05:32.264Z,etcd,1.03,"62.51MiB / 1.922GiB",3.18
2026-09-17T06:05:39.502Z,grafana,1.48,"219.6MiB / 512MiB",42.89
2026-09-17T06:05:39.502Z,lorawan-gateway-evidence-verifier-1,0.00,"10.49MiB / 192MiB",5.46
2026-09-17T06:05:39.502Z,node-red-node-red-1,0.00,"73.93MiB / 1.922GiB",3.76
2026-09-17T06:05:39.502Z,lorawan-gateway-evidence-collector-1,0.35,"10.41MiB / 192MiB",5.42
2026-09-17T06:05:39.502Z,seaweedfs,0.75,"150.2MiB / 256MiB",58.65
2026-09-17T06:05:39.502Z,seaweedfs-metadata-etcd,0.91,"62.52MiB / 96MiB",65.12
2026-09-17T06:05:39.502Z,openbao,1.34,"35.39MiB / 512MiB",6.91
2026-09-17T06:05:39.502Z,spilo,1.30,"176.2MiB / 1.922GiB",8.96
2026-09-17T06:05:39.502Z,etcd,1.21,"62.51MiB / 1.922GiB",3.18
2026-09-17T06:05:46.662Z,grafana,1.89,"219.6MiB / 512MiB",42.89
2026-09-17T06:05:46.662Z,lorawan-gateway-evidence-verifier-1,0.10,"10.49MiB / 192MiB",5.46
2026-09-17T06:05:46.662Z,node-red-node-red-1,0.00,"74MiB / 1.922GiB",3.76
2026-09-17T06:05:46.662Z,lorawan-gateway-evidence-collector-1,0.31,"10.47MiB / 192MiB",5.45
2026-09-17T06:05:46.662Z,seaweedfs,6.93,"150.2MiB / 256MiB",58.65
2026-09-17T06:05:46.662Z,seaweedfs-metadata-etcd,8.04,"62.52MiB / 96MiB",65.13
2026-09-17T06:05:46.662Z,openbao,1.38,"35.39MiB / 512MiB",6.91
2026-09-17T06:05:46.662Z,spilo,0.54,"176.2MiB / 1.922GiB",8.96
2026-09-17T06:05:46.662Z,etcd,1.31,"62.51MiB / 1.922GiB",3.18
2026-09-17T06:05:53.879Z,grafana,1.17,"219.6MiB / 512MiB",42.89
2026-09-17T06:05:53.879Z,lorawan-gateway-evidence-verifier-1,3.13,"10.16MiB / 192MiB",5.29
2026-09-17T06:05:53.879Z,node-red-node-red-1,0.13,"73.98MiB / 1.922GiB",3.76
2026-09-17T06:05:53.879Z,lorawan-gateway-evidence-collector-1,0.34,"10.47MiB / 192MiB",5.45
2026-09-17T06:05:53.879Z,seaweedfs,5.19,"150.2MiB / 256MiB",58.65
2026-09-17T06:05:53.879Z,seaweedfs-metadata-etcd,3.80,"62.52MiB / 96MiB",65.12
2026-09-17T06:05:53.879Z,openbao,1.55,"35.39MiB / 512MiB",6.91
2026-09-17T06:05:53.879Z,spilo,1.74,"176.2MiB / 1.922GiB",8.96
2026-09-17T06:05:53.879Z,etcd,0.92,"62.51MiB / 1.922GiB",3.18
2026-09-17T06:06:01.235Z,grafana,2.44,"219.6MiB / 512MiB",42.89
2026-09-17T06:06:01.235Z,lorawan-gateway-evidence-verifier-1,0.00,"10.16MiB / 192MiB",5.29
2026-09-17T06:06:01.235Z,node-red-node-red-1,0.00,"74.05MiB / 1.922GiB",3.76
2026-09-17T06:06:01.235Z,lorawan-gateway-evidence-collector-1,0.43,"10.56MiB / 192MiB",5.50
2026-09-17T06:06:01.235Z,seaweedfs,5.90,"143.8MiB / 256MiB",56.17
2026-09-17T06:06:01.235Z,seaweedfs-metadata-etcd,6.93,"62.52MiB / 96MiB",65.12
2026-09-17T06:06:01.235Z,openbao,1.59,"35.39MiB / 512MiB",6.91
2026-09-17T06:06:01.235Z,spilo,0.72,"176.2MiB / 1.922GiB",8.96
2026-09-17T06:06:01.235Z,etcd,1.32,"62.51MiB / 1.922GiB",3.18
2026-09-17T06:06:08.461Z,grafana,1.43,"219.6MiB / 512MiB",42.89
2026-09-17T06:06:08.461Z,lorawan-gateway-evidence-verifier-1,0.14,"10.16MiB / 192MiB",5.29
2026-09-17T06:06:08.461Z,node-red-node-red-1,0.24,"74.04MiB / 1.922GiB",3.76
2026-09-17T06:06:08.461Z,lorawan-gateway-evidence-collector-1,0.39,"10.56MiB / 192MiB",5.50
2026-09-17T06:06:08.461Z,seaweedfs,0.43,"143.8MiB / 256MiB",56.17
2026-09-17T06:06:08.461Z,seaweedfs-metadata-etcd,1.18,"62.52MiB / 96MiB",65.12
2026-09-17T06:06:08.461Z,openbao,1.55,"35.39MiB / 512MiB",6.91
2026-09-17T06:06:08.461Z,spilo,0.86,"176.2MiB / 1.922GiB",8.95
2026-09-17T06:06:08.461Z,etcd,0.80,"62.51MiB / 1.922GiB",3.18
2026-09-17T06:06:15.672Z,grafana,1.17,"219.6MiB / 512MiB",42.89
2026-09-17T06:06:15.672Z,lorawan-gateway-evidence-verifier-1,0.10,"10.16MiB / 192MiB",5.29
2026-09-17T06:06:15.672Z,node-red-node-red-1,0.00,"74.1MiB / 1.922GiB",3.77
2026-09-17T06:06:15.672Z,lorawan-gateway-evidence-collector-1,0.37,"10.56MiB / 192MiB",5.50
2026-09-17T06:06:15.672Z,seaweedfs,5.22,"144.6MiB / 256MiB",56.48
2026-09-17T06:06:15.672Z,seaweedfs-metadata-etcd,6.02,"62.53MiB / 96MiB",65.13
2026-09-17T06:06:15.672Z,openbao,1.57,"35.39MiB / 512MiB",6.91
2026-09-17T06:06:15.672Z,spilo,1.34,"176.2MiB / 1.922GiB",8.96
2026-09-17T06:06:15.672Z,etcd,2.33,"62.51MiB / 1.922GiB",3.18
2026-09-17T06:06:22.903Z,grafana,1.31,"219.6MiB / 512MiB",42.89
2026-09-17T06:06:22.903Z,lorawan-gateway-evidence-verifier-1,0.00,"10.16MiB / 192MiB",5.29
2026-09-17T06:06:22.903Z,node-red-node-red-1,0.01,"74.1MiB / 1.922GiB",3.77
2026-09-17T06:06:22.903Z,lorawan-gateway-evidence-collector-1,0.33,"10.56MiB / 192MiB",5.50
2026-09-17T06:06:22.903Z,seaweedfs,0.74,"145.3MiB / 256MiB",56.74
2026-09-17T06:06:22.903Z,seaweedfs-metadata-etcd,0.97,"62.52MiB / 96MiB",65.12
2026-09-17T06:06:22.903Z,openbao,1.32,"35.39MiB / 512MiB",6.91
2026-09-17T06:06:22.903Z,spilo,0.18,"176.2MiB / 1.922GiB",8.96
2026-09-17T06:06:22.903Z,etcd,1.53,"62.51MiB / 1.922GiB",3.18
2026-09-17T06:06:30.079Z,grafana,1.16,"219.6MiB / 512MiB",42.89
2026-09-17T06:06:30.079Z,lorawan-gateway-evidence-verifier-1,0.13,"10.15MiB / 192MiB",5.29
2026-09-17T06:06:30.079Z,node-red-node-red-1,0.02,"74.13MiB / 1.922GiB",3.77
2026-09-17T06:06:30.079Z,lorawan-gateway-evidence-collector-1,0.35,"10.56MiB / 192MiB",5.50
2026-09-17T06:06:30.079Z,seaweedfs,4.20,"151.9MiB / 256MiB",59.34
2026-09-17T06:06:30.079Z,seaweedfs-metadata-etcd,4.16,"62.53MiB / 96MiB",65.14
2026-09-17T06:06:30.079Z,openbao,1.42,"35.39MiB / 512MiB",6.91
2026-09-17T06:06:30.079Z,spilo,1.70,"176.2MiB / 1.922GiB",8.96
2026-09-17T06:06:30.079Z,etcd,1.24,"62.51MiB / 1.922GiB",3.18
2026-09-17T06:06:37.348Z,grafana,1.25,"219.6MiB / 512MiB",42.89
2026-09-17T06:06:37.348Z,lorawan-gateway-evidence-verifier-1,0.00,"10.15MiB / 192MiB",5.29
2026-09-17T06:06:37.348Z,node-red-node-red-1,0.03,"74.13MiB / 1.922GiB",3.77
2026-09-17T06:06:37.348Z,lorawan-gateway-evidence-collector-1,0.39,"10.56MiB / 192MiB",5.50
2026-09-17T06:06:37.348Z,seaweedfs,0.74,"144.3MiB / 256MiB",56.37
2026-09-17T06:06:37.348Z,seaweedfs-metadata-etcd,0.98,"62.52MiB / 96MiB",65.12
2026-09-17T06:06:37.348Z,openbao,1.37,"35.39MiB / 512MiB",6.91
2026-09-17T06:06:37.348Z,spilo,0.56,"176.2MiB / 1.922GiB",8.96
2026-09-17T06:06:37.348Z,etcd,1.35,"62.51MiB / 1.922GiB",3.18
2026-09-17T06:06:44.552Z,grafana,1.12,"219.6MiB / 512MiB",42.89
2026-09-17T06:06:44.552Z,lorawan-gateway-evidence-verifier-1,0.11,"10.15MiB / 192MiB",5.29
2026-09-17T06:06:44.552Z,node-red-node-red-1,0.02,"74.15MiB / 1.922GiB",3.77
2026-09-17T06:06:44.552Z,lorawan-gateway-evidence-collector-1,0.33,"10.56MiB / 192MiB",5.50
2026-09-17T06:06:44.552Z,seaweedfs,4.92,"144.3MiB / 256MiB",56.37
2026-09-17T06:06:44.552Z,seaweedfs-metadata-etcd,5.07,"62.53MiB / 96MiB",65.13
2026-09-17T06:06:44.552Z,openbao,1.27,"35.39MiB / 512MiB",6.91
2026-09-17T06:06:44.552Z,spilo,0.81,"176.2MiB / 1.922GiB",8.96
2026-09-17T06:06:44.552Z,etcd,1.93,"62.51MiB / 1.922GiB",3.18
2026-09-17T06:06:51.737Z,grafana,1.09,"219.6MiB / 512MiB",42.89
2026-09-17T06:06:51.737Z,lorawan-gateway-evidence-verifier-1,0.12,"10.15MiB / 192MiB",5.29
2026-09-17T06:06:51.737Z,node-red-node-red-1,0.00,"74.15MiB / 1.922GiB",3.77
2026-09-17T06:06:51.737Z,lorawan-gateway-evidence-collector-1,0.31,"10.56MiB / 192MiB",5.50
2026-09-17T06:06:51.737Z,seaweedfs,0.75,"144.3MiB / 256MiB",56.37
2026-09-17T06:06:51.737Z,seaweedfs-metadata-etcd,1.67,"62.52MiB / 96MiB",65.12
2026-09-17T06:06:51.737Z,openbao,1.24,"35.39MiB / 512MiB",6.91
2026-09-17T06:06:51.737Z,spilo,1.13,"176.2MiB / 1.922GiB",8.96
2026-09-17T06:06:51.737Z,etcd,1.04,"62.51MiB / 1.922GiB",3.18
2026-09-17T06:06:58.932Z,grafana,1.27,"219.6MiB / 512MiB",42.89
2026-09-17T06:06:58.932Z,lorawan-gateway-evidence-verifier-1,0.00,"10.16MiB / 192MiB",5.29
2026-09-17T06:06:58.932Z,node-red-node-red-1,10.83,"74.22MiB / 1.922GiB",3.77
2026-09-17T06:06:58.932Z,lorawan-gateway-evidence-collector-1,0.58,"10.56MiB / 192MiB",5.50
2026-09-17T06:06:58.932Z,seaweedfs,2.21,"144.7MiB / 256MiB",56.52
2026-09-17T06:06:58.932Z,seaweedfs-metadata-etcd,1.81,"62.52MiB / 96MiB",65.12
2026-09-17T06:06:58.932Z,openbao,1.88,"35.39MiB / 512MiB",6.91
2026-09-17T06:06:58.932Z,spilo,1.71,"176.2MiB / 1.922GiB",8.96
2026-09-17T06:06:58.932Z,etcd,1.51,"62.51MiB / 1.922GiB",3.18
2026-09-17T06:07:06.365Z,grafana,1.14,"219.7MiB / 512MiB",42.91
2026-09-17T06:07:06.365Z,lorawan-gateway-evidence-verifier-1,0.16,"10.16MiB / 192MiB",5.29
2026-09-17T06:07:06.365Z,node-red-node-red-1,0.00,"74.22MiB / 1.922GiB",3.77
2026-09-17T06:07:06.365Z,lorawan-gateway-evidence-collector-1,0.36,"10.56MiB / 192MiB",5.50
2026-09-17T06:07:06.365Z,seaweedfs,5.33,"144.7MiB / 256MiB",56.52
2026-09-17T06:07:06.365Z,seaweedfs-metadata-etcd,5.81,"62.52MiB / 96MiB",65.13
2026-09-17T06:07:06.365Z,openbao,1.18,"35.39MiB / 512MiB",6.91
2026-09-17T06:07:06.365Z,spilo,1.90,"176.2MiB / 1.922GiB",8.96
2026-09-17T06:07:06.365Z,etcd,1.12,"62.51MiB / 1.922GiB",3.18
2026-09-17T06:07:13.745Z,grafana,1.09,"219.7MiB / 512MiB",42.91
2026-09-17T06:07:13.745Z,lorawan-gateway-evidence-verifier-1,0.13,"10.16MiB / 192MiB",5.29
2026-09-17T06:07:13.745Z,node-red-node-red-1,1.36,"74.27MiB / 1.922GiB",3.77
2026-09-17T06:07:13.745Z,lorawan-gateway-evidence-collector-1,0.51,"10.56MiB / 192MiB",5.50
2026-09-17T06:07:13.745Z,seaweedfs,4.95,"147.3MiB / 256MiB",57.54
2026-09-17T06:07:13.745Z,seaweedfs-metadata-etcd,1.80,"62.52MiB / 96MiB",65.13
2026-09-17T06:07:13.745Z,openbao,1.48,"35.39MiB / 512MiB",6.91
2026-09-17T06:07:13.745Z,spilo,1.04,"176.2MiB / 1.922GiB",8.96
2026-09-17T06:07:13.745Z,etcd,1.15,"62.51MiB / 1.922GiB",3.18
2026-09-17T06:07:20.923Z,grafana,1.12,"219.7MiB / 512MiB",42.91
2026-09-17T06:07:20.923Z,lorawan-gateway-evidence-verifier-1,0.00,"10.16MiB / 192MiB",5.29
2026-09-17T06:07:20.923Z,node-red-node-red-1,0.00,"74.27MiB / 1.922GiB",3.77
2026-09-17T06:07:20.923Z,lorawan-gateway-evidence-collector-1,0.31,"10.56MiB / 192MiB",5.50
2026-09-17T06:07:20.923Z,seaweedfs,5.54,"147.3MiB / 256MiB",57.54
2026-09-17T06:07:20.923Z,seaweedfs-metadata-etcd,6.19,"62.52MiB / 96MiB",65.13
2026-09-17T06:07:20.923Z,openbao,1.35,"35.39MiB / 512MiB",6.91
2026-09-17T06:07:20.923Z,spilo,1.04,"176.2MiB / 1.922GiB",8.96
2026-09-17T06:07:20.923Z,etcd,1.06,"62.51MiB / 1.922GiB",3.18
