measurement_id,time,event_key,dev_eui,metric_name,metric_value,metric_text,metric_bool,unit,quality,source_field
67315,2026-09-22 05:43:06.775572+00,0aa998ab-9503-44a3-a473-7dc322939b1d,ac1f09fffe296d29,soil_moisture_percent,4,,,%,measured,soil_moisture_percent
67316,2026-09-22 05:43:06.775572+00,0aa998ab-9503-44a3-a473-7dc322939b1d,ac1f09fffe296d29,soil_temperature_c,31.4,,,Cel,measured,soil_temperature_c
67317,2026-09-22 05:43:06.775572+00,0aa998ab-9503-44a3-a473-7dc322939b1d,ac1f09fffe296d29,uv_index,0,,,1,measured,uv_index
67318,2026-09-22 05:43:06.775572+00,0aa998ab-9503-44a3-a473-7dc322939b1d,ac1f09fffe296d29,barometer_pressure_pa,101167,,,Pa,measured,barometer_pressure_pa
67319,2026-09-22 05:43:06.775572+00,0aa998ab-9503-44a3-a473-7dc322939b1d,ac1f09fffe296d29,barometer_temperature_c,26.89,,,Cel,measured,barometer_temperature_c
67320,2026-09-22 05:43:06.775572+00,0aa998ab-9503-44a3-a473-7dc322939b1d,ac1f09fffe296d29,light_veml7700_lux,177.6,,,lx,measured,light_veml7700_lux
67321,2026-09-22 05:43:06.775572+00,0aa998ab-9503-44a3-a473-7dc322939b1d,ac1f09fffe296d29,light_opt3001_lux,158.12,,,lx,measured,light_opt3001_lux
67322,2026-09-22 05:43:06.775572+00,0aa998ab-9503-44a3-a473-7dc322939b1d,ac1f09fffe296d29,environment_temperature_c,30.21,,,Cel,measured,environment_temperature_c
67323,2026-09-22 05:43:06.775572+00,0aa998ab-9503-44a3-a473-7dc322939b1d,ac1f09fffe296d29,environment_humidity_percent,49.02,,,%,measured,environment_humidity_percent
67324,2026-09-22 05:43:06.775572+00,0aa998ab-9503-44a3-a473-7dc322939b1d,ac1f09fffe296d29,environment_pressure_pa,100865,,,Pa,measured,environment_pressure_pa
67325,2026-09-22 05:43:06.775572+00,0aa998ab-9503-44a3-a473-7dc322939b1d,ac1f09fffe296d29,environment_gas_resistance_ohm,50687,,,ohm,measured,environment_gas_resistance_ohm
67326,2026-09-22 05:43:06.775572+00,0aa998ab-9503-44a3-a473-7dc322939b1d,ac1f09fffe296d29,rain_wet,,,f,boolean,measured,rain_wet
67327,2026-09-22 05:43:06.775572+00,0aa998ab-9503-44a3-a473-7dc322939b1d,ac1f09fffe296d29,battery_v,,,,V,invalid,battery_v
67328,2026-09-22 05:43:21.531462+00,3b676bfa-aa6f-4fab-a144-2cae503be4ee,ac1f09fffe296d29,soil_moisture_percent,5,,,%,measured,soil_moisture_percent
67329,2026-09-22 05:43:21.531462+00,3b676bfa-aa6f-4fab-a144-2cae503be4ee,ac1f09fffe296d29,soil_temperature_c,31.4,,,Cel,measured,soil_temperature_c
67330,2026-09-22 05:43:21.531462+00,3b676bfa-aa6f-4fab-a144-2cae503be4ee,ac1f09fffe296d29,uv_index,0,,,1,measured,uv_index
67331,2026-09-22 05:43:21.531462+00,3b676bfa-aa6f-4fab-a144-2cae503be4ee,ac1f09fffe296d29,barometer_pressure_pa,101167,,,Pa,measured,barometer_pressure_pa
67332,2026-09-22 05:43:21.531462+00,3b676bfa-aa6f-4fab-a144-2cae503be4ee,ac1f09fffe296d29,barometer_temperature_c,26.89,,,Cel,measured,barometer_temperature_c
67333,2026-09-22 05:43:21.531462+00,3b676bfa-aa6f-4fab-a144-2cae503be4ee,ac1f09fffe296d29,light_veml7700_lux,178.56,,,lx,measured,light_veml7700_lux
67334,2026-09-22 05:43:21.531462+00,3b676bfa-aa6f-4fab-a144-2cae503be4ee,ac1f09fffe296d29,light_opt3001_lux,157.16,,,lx,measured,light_opt3001_lux
67335,2026-09-22 05:43:21.531462+00,3b676bfa-aa6f-4fab-a144-2cae503be4ee,ac1f09fffe296d29,environment_temperature_c,30.19,,,Cel,measured,environment_temperature_c
67336,2026-09-22 05:43:21.531462+00,3b676bfa-aa6f-4fab-a144-2cae503be4ee,ac1f09fffe296d29,environment_humidity_percent,49.12,,,%,measured,environment_humidity_percent
67337,2026-09-22 05:43:21.531462+00,3b676bfa-aa6f-4fab-a144-2cae503be4ee,ac1f09fffe296d29,environment_pressure_pa,100865,,,Pa,measured,environment_pressure_pa
67338,2026-09-22 05:43:21.531462+00,3b676bfa-aa6f-4fab-a144-2cae503be4ee,ac1f09fffe296d29,environment_gas_resistance_ohm,50841,,,ohm,measured,environment_gas_resistance_ohm
67339,2026-09-22 05:43:21.531462+00,3b676bfa-aa6f-4fab-a144-2cae503be4ee,ac1f09fffe296d29,rain_wet,,,f,boolean,measured,rain_wet
67340,2026-09-22 05:43:21.531462+00,3b676bfa-aa6f-4fab-a144-2cae503be4ee,ac1f09fffe296d29,battery_v,,,,V,invalid,battery_v
67341,2026-09-22 05:43:36.870594+00,ab0aeb79-456e-42ab-9bf0-12955fc629c9,ac1f09fffe296d29,soil_moisture_percent,3,,,%,measured,soil_moisture_percent
67342,2026-09-22 05:43:36.870594+00,ab0aeb79-456e-42ab-9bf0-12955fc629c9,ac1f09fffe296d29,soil_temperature_c,31.3,,,Cel,measured,soil_temperature_c
67343,2026-09-22 05:43:36.870594+00,ab0aeb79-456e-42ab-9bf0-12955fc629c9,ac1f09fffe296d29,uv_index,0,,,1,measured,uv_index
67344,2026-09-22 05:43:36.870594+00,ab0aeb79-456e-42ab-9bf0-12955fc629c9,ac1f09fffe296d29,barometer_pressure_pa,101166,,,Pa,measured,barometer_pressure_pa
67345,2026-09-22 05:43:36.870594+00,ab0aeb79-456e-42ab-9bf0-12955fc629c9,ac1f09fffe296d29,barometer_temperature_c,26.88,,,Cel,measured,barometer_temperature_c
67346,2026-09-22 05:43:36.870594+00,ab0aeb79-456e-42ab-9bf0-12955fc629c9,ac1f09fffe296d29,light_veml7700_lux,181.08,,,lx,measured,light_veml7700_lux
67347,2026-09-22 05:43:36.870594+00,ab0aeb79-456e-42ab-9bf0-12955fc629c9,ac1f09fffe296d29,light_opt3001_lux,161,,,lx,measured,light_opt3001_lux
67348,2026-09-22 05:43:36.870594+00,ab0aeb79-456e-42ab-9bf0-12955fc629c9,ac1f09fffe296d29,environment_temperature_c,30.14,,,Cel,measured,environment_temperature_c
67349,2026-09-22 05:43:36.870594+00,ab0aeb79-456e-42ab-9bf0-12955fc629c9,ac1f09fffe296d29,environment_humidity_percent,49.21,,,%,measured,environment_humidity_percent
67350,2026-09-22 05:43:36.870594+00,ab0aeb79-456e-42ab-9bf0-12955fc629c9,ac1f09fffe296d29,environment_pressure_pa,100863,,,Pa,measured,environment_pressure_pa
67351,2026-09-22 05:43:36.870594+00,ab0aeb79-456e-42ab-9bf0-12955fc629c9,ac1f09fffe296d29,environment_gas_resistance_ohm,50810,,,ohm,measured,environment_gas_resistance_ohm
67352,2026-09-22 05:43:36.870594+00,ab0aeb79-456e-42ab-9bf0-12955fc629c9,ac1f09fffe296d29,rain_wet,,,f,boolean,measured,rain_wet
67353,2026-09-22 05:43:36.870594+00,ab0aeb79-456e-42ab-9bf0-12955fc629c9,ac1f09fffe296d29,battery_v,,,,V,invalid,battery_v
67354,2026-09-22 05:43:51.691924+00,ea87bb58-b52f-4927-8e7d-17367393d17e,ac1f09fffe296d29,soil_moisture_percent,4,,,%,measured,soil_moisture_percent
67355,2026-09-22 05:43:51.691924+00,ea87bb58-b52f-4927-8e7d-17367393d17e,ac1f09fffe296d29,soil_temperature_c,31.4,,,Cel,measured,soil_temperature_c
67356,2026-09-22 05:43:51.691924+00,ea87bb58-b52f-4927-8e7d-17367393d17e,ac1f09fffe296d29,uv_index,0,,,1,measured,uv_index
67357,2026-09-22 05:43:51.691924+00,ea87bb58-b52f-4927-8e7d-17367393d17e,ac1f09fffe296d29,barometer_pressure_pa,101165,,,Pa,measured,barometer_pressure_pa
67358,2026-09-22 05:43:51.691924+00,ea87bb58-b52f-4927-8e7d-17367393d17e,ac1f09fffe296d29,barometer_temperature_c,26.86,,,Cel,measured,barometer_temperature_c
67359,2026-09-22 05:43:51.691924+00,ea87bb58-b52f-4927-8e7d-17367393d17e,ac1f09fffe296d29,light_veml7700_lux,180.53,,,lx,measured,light_veml7700_lux
67360,2026-09-22 05:43:51.691924+00,ea87bb58-b52f-4927-8e7d-17367393d17e,ac1f09fffe296d29,light_opt3001_lux,159.08,,,lx,measured,light_opt3001_lux
67361,2026-09-22 05:43:51.691924+00,ea87bb58-b52f-4927-8e7d-17367393d17e,ac1f09fffe296d29,environment_temperature_c,30.12,,,Cel,measured,environment_temperature_c
67362,2026-09-22 05:43:51.691924+00,ea87bb58-b52f-4927-8e7d-17367393d17e,ac1f09fffe296d29,environment_humidity_percent,49.28,,,%,measured,environment_humidity_percent
67363,2026-09-22 05:43:51.691924+00,ea87bb58-b52f-4927-8e7d-17367393d17e,ac1f09fffe296d29,environment_pressure_pa,100862,,,Pa,measured,environment_pressure_pa
67364,2026-09-22 05:43:51.691924+00,ea87bb58-b52f-4927-8e7d-17367393d17e,ac1f09fffe296d29,environment_gas_resistance_ohm,50565,,,ohm,measured,environment_gas_resistance_ohm
67365,2026-09-22 05:43:51.691924+00,ea87bb58-b52f-4927-8e7d-17367393d17e,ac1f09fffe296d29,rain_wet,,,f,boolean,measured,rain_wet
67366,2026-09-22 05:43:51.691924+00,ea87bb58-b52f-4927-8e7d-17367393d17e,ac1f09fffe296d29,battery_v,,,,V,invalid,battery_v
67367,2026-09-22 05:44:06.988804+00,c687fc3b-3073-4a2d-95f5-87794600d11c,ac1f09fffe296d29,soil_moisture_percent,5,,,%,measured,soil_moisture_percent
67368,2026-09-22 05:44:06.988804+00,c687fc3b-3073-4a2d-95f5-87794600d11c,ac1f09fffe296d29,soil_temperature_c,31.3,,,Cel,measured,soil_temperature_c
67369,2026-09-22 05:44:06.988804+00,c687fc3b-3073-4a2d-95f5-87794600d11c,ac1f09fffe296d29,uv_index,0,,,1,measured,uv_index
67370,2026-09-22 05:44:06.988804+00,c687fc3b-3073-4a2d-95f5-87794600d11c,ac1f09fffe296d29,barometer_pressure_pa,101164,,,Pa,measured,barometer_pressure_pa
67371,2026-09-22 05:44:06.988804+00,c687fc3b-3073-4a2d-95f5-87794600d11c,ac1f09fffe296d29,barometer_temperature_c,26.85,,,Cel,measured,barometer_temperature_c
67372,2026-09-22 05:44:06.988804+00,c687fc3b-3073-4a2d-95f5-87794600d11c,ac1f09fffe296d29,light_veml7700_lux,173.01,,,lx,measured,light_veml7700_lux
67373,2026-09-22 05:44:06.988804+00,c687fc3b-3073-4a2d-95f5-87794600d11c,ac1f09fffe296d29,light_opt3001_lux,146.56,,,lx,measured,light_opt3001_lux
67374,2026-09-22 05:44:06.988804+00,c687fc3b-3073-4a2d-95f5-87794600d11c,ac1f09fffe296d29,environment_temperature_c,30.11,,,Cel,measured,environment_temperature_c
67375,2026-09-22 05:44:06.988804+00,c687fc3b-3073-4a2d-95f5-87794600d11c,ac1f09fffe296d29,environment_humidity_percent,49.32,,,%,measured,environment_humidity_percent
67376,2026-09-22 05:44:06.988804+00,c687fc3b-3073-4a2d-95f5-87794600d11c,ac1f09fffe296d29,environment_pressure_pa,100861,,,Pa,measured,environment_pressure_pa
67377,2026-09-22 05:44:06.988804+00,c687fc3b-3073-4a2d-95f5-87794600d11c,ac1f09fffe296d29,environment_gas_resistance_ohm,50748,,,ohm,measured,environment_gas_resistance_ohm
67378,2026-09-22 05:44:06.988804+00,c687fc3b-3073-4a2d-95f5-87794600d11c,ac1f09fffe296d29,rain_wet,,,f,boolean,measured,rain_wet
67379,2026-09-22 05:44:06.988804+00,c687fc3b-3073-4a2d-95f5-87794600d11c,ac1f09fffe296d29,battery_v,,,,V,invalid,battery_v
67380,2026-09-22 05:44:23.166098+00,6e077ee2-fd1b-4da8-ad56-149cbe0dcedc,ac1f09fffe296d29,soil_moisture_percent,5,,,%,measured,soil_moisture_percent
67381,2026-09-22 05:44:23.166098+00,6e077ee2-fd1b-4da8-ad56-149cbe0dcedc,ac1f09fffe296d29,soil_temperature_c,31.4,,,Cel,measured,soil_temperature_c
67382,2026-09-22 05:44:23.166098+00,6e077ee2-fd1b-4da8-ad56-149cbe0dcedc,ac1f09fffe296d29,uv_index,0,,,1,measured,uv_index
67383,2026-09-22 05:44:23.166098+00,6e077ee2-fd1b-4da8-ad56-149cbe0dcedc,ac1f09fffe296d29,barometer_pressure_pa,101165,,,Pa,measured,barometer_pressure_pa
67384,2026-09-22 05:44:23.166098+00,6e077ee2-fd1b-4da8-ad56-149cbe0dcedc,ac1f09fffe296d29,barometer_temperature_c,26.84,,,Cel,measured,barometer_temperature_c
67385,2026-09-22 05:44:23.166098+00,6e077ee2-fd1b-4da8-ad56-149cbe0dcedc,ac1f09fffe296d29,light_veml7700_lux,174.02,,,lx,measured,light_veml7700_lux
67386,2026-09-22 05:44:23.166098+00,6e077ee2-fd1b-4da8-ad56-149cbe0dcedc,ac1f09fffe296d29,light_opt3001_lux,155.24,,,lx,measured,light_opt3001_lux
67387,2026-09-22 05:44:23.166098+00,6e077ee2-fd1b-4da8-ad56-149cbe0dcedc,ac1f09fffe296d29,environment_temperature_c,30.11,,,Cel,measured,environment_temperature_c
67388,2026-09-22 05:44:23.166098+00,6e077ee2-fd1b-4da8-ad56-149cbe0dcedc,ac1f09fffe296d29,environment_humidity_percent,49.08,,,%,measured,environment_humidity_percent
67389,2026-09-22 05:44:23.166098+00,6e077ee2-fd1b-4da8-ad56-149cbe0dcedc,ac1f09fffe296d29,environment_pressure_pa,100861,,,Pa,measured,environment_pressure_pa
67390,2026-09-22 05:44:23.166098+00,6e077ee2-fd1b-4da8-ad56-149cbe0dcedc,ac1f09fffe296d29,environment_gas_resistance_ohm,50965,,,ohm,measured,environment_gas_resistance_ohm
67391,2026-09-22 05:44:23.166098+00,6e077ee2-fd1b-4da8-ad56-149cbe0dcedc,ac1f09fffe296d29,rain_wet,,,f,boolean,measured,rain_wet
67392,2026-09-22 05:44:23.166098+00,6e077ee2-fd1b-4da8-ad56-149cbe0dcedc,ac1f09fffe296d29,battery_v,,,,V,invalid,battery_v
67393,2026-09-22 05:44:36.87515+00,3270eeee-3146-4ec3-9805-17003faab390,ac1f09fffe296d29,soil_moisture_percent,3,,,%,measured,soil_moisture_percent
67394,2026-09-22 05:44:36.87515+00,3270eeee-3146-4ec3-9805-17003faab390,ac1f09fffe296d29,soil_temperature_c,31.4,,,Cel,measured,soil_temperature_c
67395,2026-09-22 05:44:36.87515+00,3270eeee-3146-4ec3-9805-17003faab390,ac1f09fffe296d29,uv_index,0,,,1,measured,uv_index
67396,2026-09-22 05:44:36.87515+00,3270eeee-3146-4ec3-9805-17003faab390,ac1f09fffe296d29,barometer_pressure_pa,101160,,,Pa,measured,barometer_pressure_pa
67397,2026-09-22 05:44:36.87515+00,3270eeee-3146-4ec3-9805-17003faab390,ac1f09fffe296d29,barometer_temperature_c,26.84,,,Cel,measured,barometer_temperature_c
67398,2026-09-22 05:44:36.87515+00,3270eeee-3146-4ec3-9805-17003faab390,ac1f09fffe296d29,light_veml7700_lux,178.51,,,lx,measured,light_veml7700_lux
67399,2026-09-22 05:44:36.87515+00,3270eeee-3146-4ec3-9805-17003faab390,ac1f09fffe296d29,light_opt3001_lux,156.52,,,lx,measured,light_opt3001_lux
67400,2026-09-22 05:44:36.87515+00,3270eeee-3146-4ec3-9805-17003faab390,ac1f09fffe296d29,environment_temperature_c,30.14,,,Cel,measured,environment_temperature_c
67401,2026-09-22 05:44:36.87515+00,3270eeee-3146-4ec3-9805-17003faab390,ac1f09fffe296d29,environment_humidity_percent,49.04,,,%,measured,environment_humidity_percent
67402,2026-09-22 05:44:36.87515+00,3270eeee-3146-4ec3-9805-17003faab390,ac1f09fffe296d29,environment_pressure_pa,100860,,,Pa,measured,environment_pressure_pa
67403,2026-09-22 05:44:36.87515+00,3270eeee-3146-4ec3-9805-17003faab390,ac1f09fffe296d29,environment_gas_resistance_ohm,50748,,,ohm,measured,environment_gas_resistance_ohm
67404,2026-09-22 05:44:36.87515+00,3270eeee-3146-4ec3-9805-17003faab390,ac1f09fffe296d29,rain_wet,,,f,boolean,measured,rain_wet
67405,2026-09-22 05:44:36.87515+00,3270eeee-3146-4ec3-9805-17003faab390,ac1f09fffe296d29,battery_v,,,,V,invalid,battery_v
67406,2026-09-22 05:44:51.681516+00,13b726f2-64db-4444-a61f-8f59ce214b51,ac1f09fffe296d29,soil_moisture_percent,3,,,%,measured,soil_moisture_percent
67407,2026-09-22 05:44:51.681516+00,13b726f2-64db-4444-a61f-8f59ce214b51,ac1f09fffe296d29,soil_temperature_c,31.4,,,Cel,measured,soil_temperature_c
67408,2026-09-22 05:44:51.681516+00,13b726f2-64db-4444-a61f-8f59ce214b51,ac1f09fffe296d29,uv_index,0,,,1,measured,uv_index
67409,2026-09-22 05:44:51.681516+00,13b726f2-64db-4444-a61f-8f59ce214b51,ac1f09fffe296d29,barometer_pressure_pa,101157,,,Pa,measured,barometer_pressure_pa
67410,2026-09-22 05:44:51.681516+00,13b726f2-64db-4444-a61f-8f59ce214b51,ac1f09fffe296d29,barometer_temperature_c,26.85,,,Cel,measured,barometer_temperature_c
67411,2026-09-22 05:44:51.681516+00,13b726f2-64db-4444-a61f-8f59ce214b51,ac1f09fffe296d29,light_veml7700_lux,169.93,,,lx,measured,light_veml7700_lux
67412,2026-09-22 05:44:51.681516+00,13b726f2-64db-4444-a61f-8f59ce214b51,ac1f09fffe296d29,light_opt3001_lux,147.2,,,lx,measured,light_opt3001_lux
67413,2026-09-22 05:44:51.681516+00,13b726f2-64db-4444-a61f-8f59ce214b51,ac1f09fffe296d29,environment_temperature_c,30.16,,,Cel,measured,environment_temperature_c
67414,2026-09-22 05:44:51.681516+00,13b726f2-64db-4444-a61f-8f59ce214b51,ac1f09fffe296d29,environment_humidity_percent,49.27,,,%,measured,environment_humidity_percent
67415,2026-09-22 05:44:51.681516+00,13b726f2-64db-4444-a61f-8f59ce214b51,ac1f09fffe296d29,environment_pressure_pa,100859,,,Pa,measured,environment_pressure_pa
67416,2026-09-22 05:44:51.681516+00,13b726f2-64db-4444-a61f-8f59ce214b51,ac1f09fffe296d29,environment_gas_resistance_ohm,50903,,,ohm,measured,environment_gas_resistance_ohm
67417,2026-09-22 05:44:51.681516+00,13b726f2-64db-4444-a61f-8f59ce214b51,ac1f09fffe296d29,rain_wet,,,f,boolean,measured,rain_wet
67418,2026-09-22 05:44:51.681516+00,13b726f2-64db-4444-a61f-8f59ce214b51,ac1f09fffe296d29,battery_v,,,,V,invalid,battery_v
67419,2026-09-22 05:45:06.9579+00,74e7a688-a12c-4ef9-a762-0cdcc4a8dc39,ac1f09fffe296d29,soil_moisture_percent,1,,,%,measured,soil_moisture_percent
67420,2026-09-22 05:45:06.9579+00,74e7a688-a12c-4ef9-a762-0cdcc4a8dc39,ac1f09fffe296d29,soil_temperature_c,31.4,,,Cel,measured,soil_temperature_c
67421,2026-09-22 05:45:06.9579+00,74e7a688-a12c-4ef9-a762-0cdcc4a8dc39,ac1f09fffe296d29,uv_index,0,,,1,measured,uv_index
67422,2026-09-22 05:45:06.9579+00,74e7a688-a12c-4ef9-a762-0cdcc4a8dc39,ac1f09fffe296d29,barometer_pressure_pa,101162,,,Pa,measured,barometer_pressure_pa
67423,2026-09-22 05:45:06.9579+00,74e7a688-a12c-4ef9-a762-0cdcc4a8dc39,ac1f09fffe296d29,barometer_temperature_c,26.87,,,Cel,measured,barometer_temperature_c
67424,2026-09-22 05:45:06.9579+00,74e7a688-a12c-4ef9-a762-0cdcc4a8dc39,ac1f09fffe296d29,light_veml7700_lux,159.75,,,lx,measured,light_veml7700_lux
67425,2026-09-22 05:45:06.9579+00,74e7a688-a12c-4ef9-a762-0cdcc4a8dc39,ac1f09fffe296d29,light_opt3001_lux,152.64,,,lx,measured,light_opt3001_lux
67426,2026-09-22 05:45:06.9579+00,74e7a688-a12c-4ef9-a762-0cdcc4a8dc39,ac1f09fffe296d29,environment_temperature_c,30.18,,,Cel,measured,environment_temperature_c
67427,2026-09-22 05:45:06.9579+00,74e7a688-a12c-4ef9-a762-0cdcc4a8dc39,ac1f09fffe296d29,environment_humidity_percent,49.14,,,%,measured,environment_humidity_percent
67428,2026-09-22 05:45:06.9579+00,74e7a688-a12c-4ef9-a762-0cdcc4a8dc39,ac1f09fffe296d29,environment_pressure_pa,100859,,,Pa,measured,environment_pressure_pa
67429,2026-09-22 05:45:06.9579+00,74e7a688-a12c-4ef9-a762-0cdcc4a8dc39,ac1f09fffe296d29,environment_gas_resistance_ohm,50534,,,ohm,measured,environment_gas_resistance_ohm
67430,2026-09-22 05:45:06.9579+00,74e7a688-a12c-4ef9-a762-0cdcc4a8dc39,ac1f09fffe296d29,rain_wet,,,f,boolean,measured,rain_wet
67431,2026-09-22 05:45:06.9579+00,74e7a688-a12c-4ef9-a762-0cdcc4a8dc39,ac1f09fffe296d29,battery_v,,,,V,invalid,battery_v
67432,2026-09-22 05:45:21.955548+00,f8edcd1d-795b-41d3-9082-1de055dad746,ac1f09fffe296d29,soil_moisture_percent,4,,,%,measured,soil_moisture_percent
67433,2026-09-22 05:45:21.955548+00,f8edcd1d-795b-41d3-9082-1de055dad746,ac1f09fffe296d29,soil_temperature_c,31.4,,,Cel,measured,soil_temperature_c
67434,2026-09-22 05:45:21.955548+00,f8edcd1d-795b-41d3-9082-1de055dad746,ac1f09fffe296d29,uv_index,0,,,1,measured,uv_index
67435,2026-09-22 05:45:21.955548+00,f8edcd1d-795b-41d3-9082-1de055dad746,ac1f09fffe296d29,barometer_pressure_pa,101156,,,Pa,measured,barometer_pressure_pa
67436,2026-09-22 05:45:21.955548+00,f8edcd1d-795b-41d3-9082-1de055dad746,ac1f09fffe296d29,barometer_temperature_c,26.88,,,Cel,measured,barometer_temperature_c
67437,2026-09-22 05:45:21.955548+00,f8edcd1d-795b-41d3-9082-1de055dad746,ac1f09fffe296d29,light_veml7700_lux,177.08,,,lx,measured,light_veml7700_lux
67438,2026-09-22 05:45:21.955548+00,f8edcd1d-795b-41d3-9082-1de055dad746,ac1f09fffe296d29,light_opt3001_lux,156.52,,,lx,measured,light_opt3001_lux
67439,2026-09-22 05:45:21.955548+00,f8edcd1d-795b-41d3-9082-1de055dad746,ac1f09fffe296d29,environment_temperature_c,30.21,,,Cel,measured,environment_temperature_c
67440,2026-09-22 05:45:21.955548+00,f8edcd1d-795b-41d3-9082-1de055dad746,ac1f09fffe296d29,environment_humidity_percent,49.29,,,%,measured,environment_humidity_percent
67441,2026-09-22 05:45:21.955548+00,f8edcd1d-795b-41d3-9082-1de055dad746,ac1f09fffe296d29,environment_pressure_pa,100858,,,Pa,measured,environment_pressure_pa
67442,2026-09-22 05:45:21.955548+00,f8edcd1d-795b-41d3-9082-1de055dad746,ac1f09fffe296d29,environment_gas_resistance_ohm,50841,,,ohm,measured,environment_gas_resistance_ohm
67443,2026-09-22 05:45:21.955548+00,f8edcd1d-795b-41d3-9082-1de055dad746,ac1f09fffe296d29,rain_wet,,,f,boolean,measured,rain_wet
67444,2026-09-22 05:45:21.955548+00,f8edcd1d-795b-41d3-9082-1de055dad746,ac1f09fffe296d29,battery_v,,,,V,invalid,battery_v
67445,2026-09-22 05:45:37.078108+00,207efcac-13df-4f96-8925-78197037d67f,ac1f09fffe296d29,soil_moisture_percent,5,,,%,measured,soil_moisture_percent
67446,2026-09-22 05:45:37.078108+00,207efcac-13df-4f96-8925-78197037d67f,ac1f09fffe296d29,soil_temperature_c,31.4,,,Cel,measured,soil_temperature_c
67447,2026-09-22 05:45:37.078108+00,207efcac-13df-4f96-8925-78197037d67f,ac1f09fffe296d29,uv_index,0,,,1,measured,uv_index
67448,2026-09-22 05:45:37.078108+00,207efcac-13df-4f96-8925-78197037d67f,ac1f09fffe296d29,barometer_pressure_pa,101156,,,Pa,measured,barometer_pressure_pa
67449,2026-09-22 05:45:37.078108+00,207efcac-13df-4f96-8925-78197037d67f,ac1f09fffe296d29,barometer_temperature_c,26.88,,,Cel,measured,barometer_temperature_c
67450,2026-09-22 05:45:37.078108+00,207efcac-13df-4f96-8925-78197037d67f,ac1f09fffe296d29,light_veml7700_lux,171.59,,,lx,measured,light_veml7700_lux
67451,2026-09-22 05:45:37.078108+00,207efcac-13df-4f96-8925-78197037d67f,ac1f09fffe296d29,light_opt3001_lux,148.48,,,lx,measured,light_opt3001_lux
67452,2026-09-22 05:45:37.078108+00,207efcac-13df-4f96-8925-78197037d67f,ac1f09fffe296d29,environment_temperature_c,30.2,,,Cel,measured,environment_temperature_c
67453,2026-09-22 05:45:37.078108+00,207efcac-13df-4f96-8925-78197037d67f,ac1f09fffe296d29,environment_humidity_percent,49.01,,,%,measured,environment_humidity_percent
67454,2026-09-22 05:45:37.078108+00,207efcac-13df-4f96-8925-78197037d67f,ac1f09fffe296d29,environment_pressure_pa,100859,,,Pa,measured,environment_pressure_pa
67455,2026-09-22 05:45:37.078108+00,207efcac-13df-4f96-8925-78197037d67f,ac1f09fffe296d29,environment_gas_resistance_ohm,50565,,,ohm,measured,environment_gas_resistance_ohm
67456,2026-09-22 05:45:37.078108+00,207efcac-13df-4f96-8925-78197037d67f,ac1f09fffe296d29,rain_wet,,,f,boolean,measured,rain_wet
67457,2026-09-22 05:45:37.078108+00,207efcac-13df-4f96-8925-78197037d67f,ac1f09fffe296d29,battery_v,,,,V,invalid,battery_v
67458,2026-09-22 05:45:51.996601+00,63d32aa1-bcf4-4a06-93d5-d44f72dfb324,ac1f09fffe296d29,soil_moisture_percent,4,,,%,measured,soil_moisture_percent
67459,2026-09-22 05:45:51.996601+00,63d32aa1-bcf4-4a06-93d5-d44f72dfb324,ac1f09fffe296d29,soil_temperature_c,31.4,,,Cel,measured,soil_temperature_c
67460,2026-09-22 05:45:51.996601+00,63d32aa1-bcf4-4a06-93d5-d44f72dfb324,ac1f09fffe296d29,uv_index,0,,,1,measured,uv_index
67461,2026-09-22 05:45:51.996601+00,63d32aa1-bcf4-4a06-93d5-d44f72dfb324,ac1f09fffe296d29,barometer_pressure_pa,101154,,,Pa,measured,barometer_pressure_pa
67462,2026-09-22 05:45:51.996601+00,63d32aa1-bcf4-4a06-93d5-d44f72dfb324,ac1f09fffe296d29,barometer_temperature_c,26.88,,,Cel,measured,barometer_temperature_c
67463,2026-09-22 05:45:51.996601+00,63d32aa1-bcf4-4a06-93d5-d44f72dfb324,ac1f09fffe296d29,light_veml7700_lux,171.17,,,lx,measured,light_veml7700_lux
67464,2026-09-22 05:45:51.996601+00,63d32aa1-bcf4-4a06-93d5-d44f72dfb324,ac1f09fffe296d29,light_opt3001_lux,150.4,,,lx,measured,light_opt3001_lux
67465,2026-09-22 05:45:51.996601+00,63d32aa1-bcf4-4a06-93d5-d44f72dfb324,ac1f09fffe296d29,environment_temperature_c,30.2,,,Cel,measured,environment_temperature_c
67466,2026-09-22 05:45:51.996601+00,63d32aa1-bcf4-4a06-93d5-d44f72dfb324,ac1f09fffe296d29,environment_humidity_percent,48.75,,,%,measured,environment_humidity_percent
67467,2026-09-22 05:45:51.996601+00,63d32aa1-bcf4-4a06-93d5-d44f72dfb324,ac1f09fffe296d29,environment_pressure_pa,100857,,,Pa,measured,environment_pressure_pa
67468,2026-09-22 05:45:51.996601+00,63d32aa1-bcf4-4a06-93d5-d44f72dfb324,ac1f09fffe296d29,environment_gas_resistance_ohm,50718,,,ohm,measured,environment_gas_resistance_ohm
67469,2026-09-22 05:45:51.996601+00,63d32aa1-bcf4-4a06-93d5-d44f72dfb324,ac1f09fffe296d29,rain_wet,,,f,boolean,measured,rain_wet
67470,2026-09-22 05:45:51.996601+00,63d32aa1-bcf4-4a06-93d5-d44f72dfb324,ac1f09fffe296d29,battery_v,,,,V,invalid,battery_v
67471,2026-09-22 05:46:06.772485+00,472112ae-aba2-4804-85b6-3bcff0301631,ac1f09fffe296d29,soil_moisture_percent,2,,,%,measured,soil_moisture_percent
67472,2026-09-22 05:46:06.772485+00,472112ae-aba2-4804-85b6-3bcff0301631,ac1f09fffe296d29,soil_temperature_c,31.4,,,Cel,measured,soil_temperature_c
67473,2026-09-22 05:46:06.772485+00,472112ae-aba2-4804-85b6-3bcff0301631,ac1f09fffe296d29,uv_index,0,,,1,measured,uv_index
67474,2026-09-22 05:46:06.772485+00,472112ae-aba2-4804-85b6-3bcff0301631,ac1f09fffe296d29,barometer_pressure_pa,101155,,,Pa,measured,barometer_pressure_pa
67475,2026-09-22 05:46:06.772485+00,472112ae-aba2-4804-85b6-3bcff0301631,ac1f09fffe296d29,barometer_temperature_c,26.89,,,Cel,measured,barometer_temperature_c
67476,2026-09-22 05:46:06.772485+00,472112ae-aba2-4804-85b6-3bcff0301631,ac1f09fffe296d29,light_veml7700_lux,173.92,,,lx,measured,light_veml7700_lux
67477,2026-09-22 05:46:06.772485+00,472112ae-aba2-4804-85b6-3bcff0301631,ac1f09fffe296d29,light_opt3001_lux,152.64,,,lx,measured,light_opt3001_lux
67478,2026-09-22 05:46:06.772485+00,472112ae-aba2-4804-85b6-3bcff0301631,ac1f09fffe296d29,environment_temperature_c,30.22,,,Cel,measured,environment_temperature_c
67479,2026-09-22 05:46:06.772485+00,472112ae-aba2-4804-85b6-3bcff0301631,ac1f09fffe296d29,environment_humidity_percent,48.92,,,%,measured,environment_humidity_percent
67480,2026-09-22 05:46:06.772485+00,472112ae-aba2-4804-85b6-3bcff0301631,ac1f09fffe296d29,environment_pressure_pa,100855,,,Pa,measured,environment_pressure_pa
67481,2026-09-22 05:46:06.772485+00,472112ae-aba2-4804-85b6-3bcff0301631,ac1f09fffe296d29,environment_gas_resistance_ohm,50748,,,ohm,measured,environment_gas_resistance_ohm
67482,2026-09-22 05:46:06.772485+00,472112ae-aba2-4804-85b6-3bcff0301631,ac1f09fffe296d29,rain_wet,,,f,boolean,measured,rain_wet
67483,2026-09-22 05:46:06.772485+00,472112ae-aba2-4804-85b6-3bcff0301631,ac1f09fffe296d29,battery_v,,,,V,invalid,battery_v
67484,2026-09-22 05:46:21.936238+00,8a989c1b-877c-4425-969e-7ef39e0b7add,ac1f09fffe296d29,soil_moisture_percent,3,,,%,measured,soil_moisture_percent
67485,2026-09-22 05:46:21.936238+00,8a989c1b-877c-4425-969e-7ef39e0b7add,ac1f09fffe296d29,soil_temperature_c,31.4,,,Cel,measured,soil_temperature_c
67486,2026-09-22 05:46:21.936238+00,8a989c1b-877c-4425-969e-7ef39e0b7add,ac1f09fffe296d29,uv_index,0,,,1,measured,uv_index
67487,2026-09-22 05:46:21.936238+00,8a989c1b-877c-4425-969e-7ef39e0b7add,ac1f09fffe296d29,barometer_pressure_pa,101157,,,Pa,measured,barometer_pressure_pa
67488,2026-09-22 05:46:21.936238+00,8a989c1b-877c-4425-969e-7ef39e0b7add,ac1f09fffe296d29,barometer_temperature_c,26.9,,,Cel,measured,barometer_temperature_c
67489,2026-09-22 05:46:21.936238+00,8a989c1b-877c-4425-969e-7ef39e0b7add,ac1f09fffe296d29,light_veml7700_lux,153.99,,,lx,measured,light_veml7700_lux
67490,2026-09-22 05:46:21.936238+00,8a989c1b-877c-4425-969e-7ef39e0b7add,ac1f09fffe296d29,light_opt3001_lux,148.48,,,lx,measured,light_opt3001_lux
67491,2026-09-22 05:46:21.936238+00,8a989c1b-877c-4425-969e-7ef39e0b7add,ac1f09fffe296d29,environment_temperature_c,30.22,,,Cel,measured,environment_temperature_c
67492,2026-09-22 05:46:21.936238+00,8a989c1b-877c-4425-969e-7ef39e0b7add,ac1f09fffe296d29,environment_humidity_percent,48.76,,,%,measured,environment_humidity_percent
67493,2026-09-22 05:46:21.936238+00,8a989c1b-877c-4425-969e-7ef39e0b7add,ac1f09fffe296d29,environment_pressure_pa,100855,,,Pa,measured,environment_pressure_pa
67494,2026-09-22 05:46:21.936238+00,8a989c1b-877c-4425-969e-7ef39e0b7add,ac1f09fffe296d29,environment_gas_resistance_ohm,50473,,,ohm,measured,environment_gas_resistance_ohm
67495,2026-09-22 05:46:21.936238+00,8a989c1b-877c-4425-969e-7ef39e0b7add,ac1f09fffe296d29,rain_wet,,,f,boolean,measured,rain_wet
67496,2026-09-22 05:46:21.936238+00,8a989c1b-877c-4425-969e-7ef39e0b7add,ac1f09fffe296d29,battery_v,,,,V,invalid,battery_v
67497,2026-09-22 05:47:14.608576+00,1f45c537-694e-443f-8511-e2d04ac10ee5,ac1f09fffe296d29,soil_moisture_percent,2,,,%,measured,soil_moisture_percent
67498,2026-09-22 05:47:14.608576+00,1f45c537-694e-443f-8511-e2d04ac10ee5,ac1f09fffe296d29,soil_temperature_c,31.4,,,Cel,measured,soil_temperature_c
67499,2026-09-22 05:47:14.608576+00,1f45c537-694e-443f-8511-e2d04ac10ee5,ac1f09fffe296d29,uv_index,0,,,1,measured,uv_index
67500,2026-09-22 05:47:14.608576+00,1f45c537-694e-443f-8511-e2d04ac10ee5,ac1f09fffe296d29,barometer_pressure_pa,101152,,,Pa,measured,barometer_pressure_pa
67501,2026-09-22 05:47:14.608576+00,1f45c537-694e-443f-8511-e2d04ac10ee5,ac1f09fffe296d29,barometer_temperature_c,26.9,,,Cel,measured,barometer_temperature_c
67502,2026-09-22 05:47:14.608576+00,1f45c537-694e-443f-8511-e2d04ac10ee5,ac1f09fffe296d29,light_veml7700_lux,176.03,,,lx,measured,light_veml7700_lux
67503,2026-09-22 05:47:14.608576+00,1f45c537-694e-443f-8511-e2d04ac10ee5,ac1f09fffe296d29,light_opt3001_lux,154.92,,,lx,measured,light_opt3001_lux
67504,2026-09-22 05:47:14.608576+00,1f45c537-694e-443f-8511-e2d04ac10ee5,ac1f09fffe296d29,environment_temperature_c,30.19,,,Cel,measured,environment_temperature_c
67505,2026-09-22 05:47:14.608576+00,1f45c537-694e-443f-8511-e2d04ac10ee5,ac1f09fffe296d29,environment_humidity_percent,49.08,,,%,measured,environment_humidity_percent
67506,2026-09-22 05:47:14.608576+00,1f45c537-694e-443f-8511-e2d04ac10ee5,ac1f09fffe296d29,environment_pressure_pa,100852,,,Pa,measured,environment_pressure_pa
67507,2026-09-22 05:47:14.608576+00,1f45c537-694e-443f-8511-e2d04ac10ee5,ac1f09fffe296d29,environment_gas_resistance_ohm,50443,,,ohm,measured,environment_gas_resistance_ohm
67508,2026-09-22 05:47:14.608576+00,1f45c537-694e-443f-8511-e2d04ac10ee5,ac1f09fffe296d29,rain_wet,,,f,boolean,measured,rain_wet
67509,2026-09-22 05:47:14.608576+00,1f45c537-694e-443f-8511-e2d04ac10ee5,ac1f09fffe296d29,battery_v,,,,V,invalid,battery_v
67510,2026-09-22 05:47:22.024537+00,10dfc726-b07c-422d-b1e5-3c755286ce4b,ac1f09fffe296d29,soil_moisture_percent,5,,,%,measured,soil_moisture_percent
67511,2026-09-22 05:47:22.024537+00,10dfc726-b07c-422d-b1e5-3c755286ce4b,ac1f09fffe296d29,soil_temperature_c,31.5,,,Cel,measured,soil_temperature_c
67512,2026-09-22 05:47:22.024537+00,10dfc726-b07c-422d-b1e5-3c755286ce4b,ac1f09fffe296d29,uv_index,0,,,1,measured,uv_index
67513,2026-09-22 05:47:22.024537+00,10dfc726-b07c-422d-b1e5-3c755286ce4b,ac1f09fffe296d29,barometer_pressure_pa,101151,,,Pa,measured,barometer_pressure_pa
67514,2026-09-22 05:47:22.024537+00,10dfc726-b07c-422d-b1e5-3c755286ce4b,ac1f09fffe296d29,barometer_temperature_c,26.91,,,Cel,measured,barometer_temperature_c
67515,2026-09-22 05:47:22.024537+00,10dfc726-b07c-422d-b1e5-3c755286ce4b,ac1f09fffe296d29,light_veml7700_lux,179.52,,,lx,measured,light_veml7700_lux
67516,2026-09-22 05:47:22.024537+00,10dfc726-b07c-422d-b1e5-3c755286ce4b,ac1f09fffe296d29,light_opt3001_lux,159.4,,,lx,measured,light_opt3001_lux
67517,2026-09-22 05:47:22.024537+00,10dfc726-b07c-422d-b1e5-3c755286ce4b,ac1f09fffe296d29,environment_temperature_c,30.21,,,Cel,measured,environment_temperature_c
67518,2026-09-22 05:47:22.024537+00,10dfc726-b07c-422d-b1e5-3c755286ce4b,ac1f09fffe296d29,environment_humidity_percent,48.91,,,%,measured,environment_humidity_percent
67519,2026-09-22 05:47:22.024537+00,10dfc726-b07c-422d-b1e5-3c755286ce4b,ac1f09fffe296d29,environment_pressure_pa,100851,,,Pa,measured,environment_pressure_pa
67520,2026-09-22 05:47:22.024537+00,10dfc726-b07c-422d-b1e5-3c755286ce4b,ac1f09fffe296d29,environment_gas_resistance_ohm,50534,,,ohm,measured,environment_gas_resistance_ohm
67521,2026-09-22 05:47:22.024537+00,10dfc726-b07c-422d-b1e5-3c755286ce4b,ac1f09fffe296d29,rain_wet,,,f,boolean,measured,rain_wet
67522,2026-09-22 05:47:22.024537+00,10dfc726-b07c-422d-b1e5-3c755286ce4b,ac1f09fffe296d29,battery_v,,,,V,invalid,battery_v
67523,2026-09-22 05:47:36.856127+00,a13e410e-64ea-491d-a6aa-4fcf326bf2ec,ac1f09fffe296d29,soil_moisture_percent,3,,,%,measured,soil_moisture_percent
67524,2026-09-22 05:47:36.856127+00,a13e410e-64ea-491d-a6aa-4fcf326bf2ec,ac1f09fffe296d29,soil_temperature_c,31.5,,,Cel,measured,soil_temperature_c
67525,2026-09-22 05:47:36.856127+00,a13e410e-64ea-491d-a6aa-4fcf326bf2ec,ac1f09fffe296d29,uv_index,0,,,1,measured,uv_index
67526,2026-09-22 05:47:36.856127+00,a13e410e-64ea-491d-a6aa-4fcf326bf2ec,ac1f09fffe296d29,barometer_pressure_pa,101152,,,Pa,measured,barometer_pressure_pa
67527,2026-09-22 05:47:36.856127+00,a13e410e-64ea-491d-a6aa-4fcf326bf2ec,ac1f09fffe296d29,barometer_temperature_c,26.91,,,Cel,measured,barometer_temperature_c
67528,2026-09-22 05:47:36.856127+00,a13e410e-64ea-491d-a6aa-4fcf326bf2ec,ac1f09fffe296d29,light_veml7700_lux,178.4,,,lx,measured,light_veml7700_lux
67529,2026-09-22 05:47:36.856127+00,a13e410e-64ea-491d-a6aa-4fcf326bf2ec,ac1f09fffe296d29,light_opt3001_lux,158.12,,,lx,measured,light_opt3001_lux
67530,2026-09-22 05:47:36.856127+00,a13e410e-64ea-491d-a6aa-4fcf326bf2ec,ac1f09fffe296d29,environment_temperature_c,30.21,,,Cel,measured,environment_temperature_c
67531,2026-09-22 05:47:36.856127+00,a13e410e-64ea-491d-a6aa-4fcf326bf2ec,ac1f09fffe296d29,environment_humidity_percent,48.82,,,%,measured,environment_humidity_percent
67532,2026-09-22 05:47:36.856127+00,a13e410e-64ea-491d-a6aa-4fcf326bf2ec,ac1f09fffe296d29,environment_pressure_pa,100850,,,Pa,measured,environment_pressure_pa
67533,2026-09-22 05:47:36.856127+00,a13e410e-64ea-491d-a6aa-4fcf326bf2ec,ac1f09fffe296d29,environment_gas_resistance_ohm,50534,,,ohm,measured,environment_gas_resistance_ohm
67534,2026-09-22 05:47:36.856127+00,a13e410e-64ea-491d-a6aa-4fcf326bf2ec,ac1f09fffe296d29,rain_wet,,,f,boolean,measured,rain_wet
67535,2026-09-22 05:47:36.856127+00,a13e410e-64ea-491d-a6aa-4fcf326bf2ec,ac1f09fffe296d29,battery_v,,,,V,invalid,battery_v
67536,2026-09-22 05:47:51.949283+00,55231b65-ba88-44a0-b335-e3c29987cc5b,ac1f09fffe296d29,soil_moisture_percent,4,,,%,measured,soil_moisture_percent
67537,2026-09-22 05:47:51.949283+00,55231b65-ba88-44a0-b335-e3c29987cc5b,ac1f09fffe296d29,soil_temperature_c,31.5,,,Cel,measured,soil_temperature_c
67538,2026-09-22 05:47:51.949283+00,55231b65-ba88-44a0-b335-e3c29987cc5b,ac1f09fffe296d29,uv_index,0,,,1,measured,uv_index
67539,2026-09-22 05:47:51.949283+00,55231b65-ba88-44a0-b335-e3c29987cc5b,ac1f09fffe296d29,barometer_pressure_pa,101148,,,Pa,measured,barometer_pressure_pa
67540,2026-09-22 05:47:51.949283+00,55231b65-ba88-44a0-b335-e3c29987cc5b,ac1f09fffe296d29,barometer_temperature_c,26.92,,,Cel,measured,barometer_temperature_c
67541,2026-09-22 05:47:51.949283+00,55231b65-ba88-44a0-b335-e3c29987cc5b,ac1f09fffe296d29,light_veml7700_lux,179.42,,,lx,measured,light_veml7700_lux
67542,2026-09-22 05:47:51.949283+00,55231b65-ba88-44a0-b335-e3c29987cc5b,ac1f09fffe296d29,light_opt3001_lux,158.76,,,lx,measured,light_opt3001_lux
67543,2026-09-22 05:47:51.949283+00,55231b65-ba88-44a0-b335-e3c29987cc5b,ac1f09fffe296d29,environment_temperature_c,30.21,,,Cel,measured,environment_temperature_c
67544,2026-09-22 05:47:51.949283+00,55231b65-ba88-44a0-b335-e3c29987cc5b,ac1f09fffe296d29,environment_humidity_percent,48.74,,,%,measured,environment_humidity_percent
67545,2026-09-22 05:47:51.949283+00,55231b65-ba88-44a0-b335-e3c29987cc5b,ac1f09fffe296d29,environment_pressure_pa,100850,,,Pa,measured,environment_pressure_pa
67546,2026-09-22 05:47:51.949283+00,55231b65-ba88-44a0-b335-e3c29987cc5b,ac1f09fffe296d29,environment_gas_resistance_ohm,50565,,,ohm,measured,environment_gas_resistance_ohm
67547,2026-09-22 05:47:51.949283+00,55231b65-ba88-44a0-b335-e3c29987cc5b,ac1f09fffe296d29,rain_wet,,,f,boolean,measured,rain_wet
67548,2026-09-22 05:47:51.949283+00,55231b65-ba88-44a0-b335-e3c29987cc5b,ac1f09fffe296d29,battery_v,,,,V,invalid,battery_v
67549,2026-09-22 05:48:06.861757+00,951872cf-144d-4ca8-bd25-634a67413b2b,ac1f09fffe296d29,soil_moisture_percent,3,,,%,measured,soil_moisture_percent
67550,2026-09-22 05:48:06.861757+00,951872cf-144d-4ca8-bd25-634a67413b2b,ac1f09fffe296d29,soil_temperature_c,31.5,,,Cel,measured,soil_temperature_c
67551,2026-09-22 05:48:06.861757+00,951872cf-144d-4ca8-bd25-634a67413b2b,ac1f09fffe296d29,uv_index,0,,,1,measured,uv_index
67552,2026-09-22 05:48:06.861757+00,951872cf-144d-4ca8-bd25-634a67413b2b,ac1f09fffe296d29,barometer_pressure_pa,101151,,,Pa,measured,barometer_pressure_pa
67553,2026-09-22 05:48:06.861757+00,951872cf-144d-4ca8-bd25-634a67413b2b,ac1f09fffe296d29,barometer_temperature_c,26.93,,,Cel,measured,barometer_temperature_c
67554,2026-09-22 05:48:06.861757+00,951872cf-144d-4ca8-bd25-634a67413b2b,ac1f09fffe296d29,light_veml7700_lux,177.95,,,lx,measured,light_veml7700_lux
67555,2026-09-22 05:48:06.861757+00,951872cf-144d-4ca8-bd25-634a67413b2b,ac1f09fffe296d29,light_opt3001_lux,157.8,,,lx,measured,light_opt3001_lux
67556,2026-09-22 05:48:06.861757+00,951872cf-144d-4ca8-bd25-634a67413b2b,ac1f09fffe296d29,environment_temperature_c,30.21,,,Cel,measured,environment_temperature_c
67557,2026-09-22 05:48:06.861757+00,951872cf-144d-4ca8-bd25-634a67413b2b,ac1f09fffe296d29,environment_humidity_percent,48.75,,,%,measured,environment_humidity_percent
67558,2026-09-22 05:48:06.861757+00,951872cf-144d-4ca8-bd25-634a67413b2b,ac1f09fffe296d29,environment_pressure_pa,100849,,,Pa,measured,environment_pressure_pa
67559,2026-09-22 05:48:06.861757+00,951872cf-144d-4ca8-bd25-634a67413b2b,ac1f09fffe296d29,environment_gas_resistance_ohm,50534,,,ohm,measured,environment_gas_resistance_ohm
67560,2026-09-22 05:48:06.861757+00,951872cf-144d-4ca8-bd25-634a67413b2b,ac1f09fffe296d29,rain_wet,,,f,boolean,measured,rain_wet
67561,2026-09-22 05:48:06.861757+00,951872cf-144d-4ca8-bd25-634a67413b2b,ac1f09fffe296d29,battery_v,,,,V,invalid,battery_v
67562,2026-09-22 05:48:21.658762+00,e5b8e7c1-5ab5-4119-8af0-227dfcea149d,ac1f09fffe296d29,soil_moisture_percent,2,,,%,measured,soil_moisture_percent
67563,2026-09-22 05:48:21.658762+00,e5b8e7c1-5ab5-4119-8af0-227dfcea149d,ac1f09fffe296d29,soil_temperature_c,31.4,,,Cel,measured,soil_temperature_c
67564,2026-09-22 05:48:21.658762+00,e5b8e7c1-5ab5-4119-8af0-227dfcea149d,ac1f09fffe296d29,uv_index,0,,,1,measured,uv_index
67565,2026-09-22 05:48:21.658762+00,e5b8e7c1-5ab5-4119-8af0-227dfcea149d,ac1f09fffe296d29,barometer_pressure_pa,101149,,,Pa,measured,barometer_pressure_pa
67566,2026-09-22 05:48:21.658762+00,e5b8e7c1-5ab5-4119-8af0-227dfcea149d,ac1f09fffe296d29,barometer_temperature_c,26.93,,,Cel,measured,barometer_temperature_c
67567,2026-09-22 05:48:21.658762+00,e5b8e7c1-5ab5-4119-8af0-227dfcea149d,ac1f09fffe296d29,light_veml7700_lux,179.99,,,lx,measured,light_veml7700_lux
67568,2026-09-22 05:48:21.658762+00,e5b8e7c1-5ab5-4119-8af0-227dfcea149d,ac1f09fffe296d29,light_opt3001_lux,160.04,,,lx,measured,light_opt3001_lux
67569,2026-09-22 05:48:21.658762+00,e5b8e7c1-5ab5-4119-8af0-227dfcea149d,ac1f09fffe296d29,environment_temperature_c,30.21,,,Cel,measured,environment_temperature_c
67570,2026-09-22 05:48:21.658762+00,e5b8e7c1-5ab5-4119-8af0-227dfcea149d,ac1f09fffe296d29,environment_humidity_percent,48.68,,,%,measured,environment_humidity_percent
67571,2026-09-22 05:48:21.658762+00,e5b8e7c1-5ab5-4119-8af0-227dfcea149d,ac1f09fffe296d29,environment_pressure_pa,100849,,,Pa,measured,environment_pressure_pa
67572,2026-09-22 05:48:21.658762+00,e5b8e7c1-5ab5-4119-8af0-227dfcea149d,ac1f09fffe296d29,environment_gas_resistance_ohm,50595,,,ohm,measured,environment_gas_resistance_ohm
67573,2026-09-22 05:48:21.658762+00,e5b8e7c1-5ab5-4119-8af0-227dfcea149d,ac1f09fffe296d29,rain_wet,,,f,boolean,measured,rain_wet
67574,2026-09-22 05:48:21.658762+00,e5b8e7c1-5ab5-4119-8af0-227dfcea149d,ac1f09fffe296d29,battery_v,,,,V,invalid,battery_v
67575,2026-09-22 05:48:37.070329+00,6cd95895-cd4c-4d5f-9b81-faff78f4f1a4,ac1f09fffe296d29,soil_moisture_percent,4,,,%,measured,soil_moisture_percent
67576,2026-09-22 05:48:37.070329+00,6cd95895-cd4c-4d5f-9b81-faff78f4f1a4,ac1f09fffe296d29,soil_temperature_c,31.4,,,Cel,measured,soil_temperature_c
67577,2026-09-22 05:48:37.070329+00,6cd95895-cd4c-4d5f-9b81-faff78f4f1a4,ac1f09fffe296d29,uv_index,0,,,1,measured,uv_index
67578,2026-09-22 05:48:37.070329+00,6cd95895-cd4c-4d5f-9b81-faff78f4f1a4,ac1f09fffe296d29,barometer_pressure_pa,101150,,,Pa,measured,barometer_pressure_pa
67579,2026-09-22 05:48:37.070329+00,6cd95895-cd4c-4d5f-9b81-faff78f4f1a4,ac1f09fffe296d29,barometer_temperature_c,26.93,,,Cel,measured,barometer_temperature_c
67580,2026-09-22 05:48:37.070329+00,6cd95895-cd4c-4d5f-9b81-faff78f4f1a4,ac1f09fffe296d29,light_veml7700_lux,174.61,,,lx,measured,light_veml7700_lux
67581,2026-09-22 05:48:37.070329+00,6cd95895-cd4c-4d5f-9b81-faff78f4f1a4,ac1f09fffe296d29,light_opt3001_lux,155.2,,,lx,measured,light_opt3001_lux
67582,2026-09-22 05:48:37.070329+00,6cd95895-cd4c-4d5f-9b81-faff78f4f1a4,ac1f09fffe296d29,environment_temperature_c,30.19,,,Cel,measured,environment_temperature_c
67583,2026-09-22 05:48:37.070329+00,6cd95895-cd4c-4d5f-9b81-faff78f4f1a4,ac1f09fffe296d29,environment_humidity_percent,48.78,,,%,measured,environment_humidity_percent
67584,2026-09-22 05:48:37.070329+00,6cd95895-cd4c-4d5f-9b81-faff78f4f1a4,ac1f09fffe296d29,environment_pressure_pa,100849,,,Pa,measured,environment_pressure_pa
67585,2026-09-22 05:48:37.070329+00,6cd95895-cd4c-4d5f-9b81-faff78f4f1a4,ac1f09fffe296d29,environment_gas_resistance_ohm,50718,,,ohm,measured,environment_gas_resistance_ohm
67586,2026-09-22 05:48:37.070329+00,6cd95895-cd4c-4d5f-9b81-faff78f4f1a4,ac1f09fffe296d29,rain_wet,,,f,boolean,measured,rain_wet
67587,2026-09-22 05:48:37.070329+00,6cd95895-cd4c-4d5f-9b81-faff78f4f1a4,ac1f09fffe296d29,battery_v,,,,V,invalid,battery_v
67588,2026-09-22 05:48:51.657116+00,0406d238-d513-4da2-bebc-8f63f863b481,ac1f09fffe296d29,soil_moisture_percent,3,,,%,measured,soil_moisture_percent
67589,2026-09-22 05:48:51.657116+00,0406d238-d513-4da2-bebc-8f63f863b481,ac1f09fffe296d29,soil_temperature_c,31.4,,,Cel,measured,soil_temperature_c
67590,2026-09-22 05:48:51.657116+00,0406d238-d513-4da2-bebc-8f63f863b481,ac1f09fffe296d29,uv_index,0,,,1,measured,uv_index
67591,2026-09-22 05:48:51.657116+00,0406d238-d513-4da2-bebc-8f63f863b481,ac1f09fffe296d29,barometer_pressure_pa,101149,,,Pa,measured,barometer_pressure_pa
67592,2026-09-22 05:48:51.657116+00,0406d238-d513-4da2-bebc-8f63f863b481,ac1f09fffe296d29,barometer_temperature_c,26.93,,,Cel,measured,barometer_temperature_c
67593,2026-09-22 05:48:51.657116+00,0406d238-d513-4da2-bebc-8f63f863b481,ac1f09fffe296d29,light_veml7700_lux,179.64,,,lx,measured,light_veml7700_lux
67594,2026-09-22 05:48:51.657116+00,0406d238-d513-4da2-bebc-8f63f863b481,ac1f09fffe296d29,light_opt3001_lux,157.8,,,lx,measured,light_opt3001_lux
67595,2026-09-22 05:48:51.657116+00,0406d238-d513-4da2-bebc-8f63f863b481,ac1f09fffe296d29,environment_temperature_c,30.19,,,Cel,measured,environment_temperature_c
67596,2026-09-22 05:48:51.657116+00,0406d238-d513-4da2-bebc-8f63f863b481,ac1f09fffe296d29,environment_humidity_percent,48.75,,,%,measured,environment_humidity_percent
67597,2026-09-22 05:48:51.657116+00,0406d238-d513-4da2-bebc-8f63f863b481,ac1f09fffe296d29,environment_pressure_pa,100848,,,Pa,measured,environment_pressure_pa
67598,2026-09-22 05:48:51.657116+00,0406d238-d513-4da2-bebc-8f63f863b481,ac1f09fffe296d29,environment_gas_resistance_ohm,50841,,,ohm,measured,environment_gas_resistance_ohm
67599,2026-09-22 05:48:51.657116+00,0406d238-d513-4da2-bebc-8f63f863b481,ac1f09fffe296d29,rain_wet,,,f,boolean,measured,rain_wet
67600,2026-09-22 05:48:51.657116+00,0406d238-d513-4da2-bebc-8f63f863b481,ac1f09fffe296d29,battery_v,,,,V,invalid,battery_v
67601,2026-09-22 05:49:07.072226+00,dbe34cd4-c170-446b-b4d5-325f7489e7c6,ac1f09fffe296d29,soil_moisture_percent,4,,,%,measured,soil_moisture_percent
67602,2026-09-22 05:49:07.072226+00,dbe34cd4-c170-446b-b4d5-325f7489e7c6,ac1f09fffe296d29,soil_temperature_c,31.5,,,Cel,measured,soil_temperature_c
67603,2026-09-22 05:49:07.072226+00,dbe34cd4-c170-446b-b4d5-325f7489e7c6,ac1f09fffe296d29,uv_index,0,,,1,measured,uv_index
67604,2026-09-22 05:49:07.072226+00,dbe34cd4-c170-446b-b4d5-325f7489e7c6,ac1f09fffe296d29,barometer_pressure_pa,101148,,,Pa,measured,barometer_pressure_pa
67605,2026-09-22 05:49:07.072226+00,dbe34cd4-c170-446b-b4d5-325f7489e7c6,ac1f09fffe296d29,barometer_temperature_c,26.92,,,Cel,measured,barometer_temperature_c
67606,2026-09-22 05:49:07.072226+00,dbe34cd4-c170-446b-b4d5-325f7489e7c6,ac1f09fffe296d29,light_veml7700_lux,179.53,,,lx,measured,light_veml7700_lux
67607,2026-09-22 05:49:07.072226+00,dbe34cd4-c170-446b-b4d5-325f7489e7c6,ac1f09fffe296d29,light_opt3001_lux,157.8,,,lx,measured,light_opt3001_lux
67608,2026-09-22 05:49:07.072226+00,dbe34cd4-c170-446b-b4d5-325f7489e7c6,ac1f09fffe296d29,environment_temperature_c,30.2,,,Cel,measured,environment_temperature_c
67609,2026-09-22 05:49:07.072226+00,dbe34cd4-c170-446b-b4d5-325f7489e7c6,ac1f09fffe296d29,environment_humidity_percent,48.69,,,%,measured,environment_humidity_percent
67610,2026-09-22 05:49:07.072226+00,dbe34cd4-c170-446b-b4d5-325f7489e7c6,ac1f09fffe296d29,environment_pressure_pa,100846,,,Pa,measured,environment_pressure_pa
67611,2026-09-22 05:49:07.072226+00,dbe34cd4-c170-446b-b4d5-325f7489e7c6,ac1f09fffe296d29,environment_gas_resistance_ohm,50810,,,ohm,measured,environment_gas_resistance_ohm
67612,2026-09-22 05:49:07.072226+00,dbe34cd4-c170-446b-b4d5-325f7489e7c6,ac1f09fffe296d29,rain_wet,,,f,boolean,measured,rain_wet
67613,2026-09-22 05:49:07.072226+00,dbe34cd4-c170-446b-b4d5-325f7489e7c6,ac1f09fffe296d29,battery_v,,,,V,invalid,battery_v
67614,2026-09-22 05:49:59.754845+00,0d646c78-613c-499b-873c-c4453243d424,ac1f09fffe296d29,soil_moisture_percent,5,,,%,measured,soil_moisture_percent
67615,2026-09-22 05:49:59.754845+00,0d646c78-613c-499b-873c-c4453243d424,ac1f09fffe296d29,soil_temperature_c,31.5,,,Cel,measured,soil_temperature_c
67616,2026-09-22 05:49:59.754845+00,0d646c78-613c-499b-873c-c4453243d424,ac1f09fffe296d29,uv_index,0,,,1,measured,uv_index
67617,2026-09-22 05:49:59.754845+00,0d646c78-613c-499b-873c-c4453243d424,ac1f09fffe296d29,barometer_pressure_pa,101147,,,Pa,measured,barometer_pressure_pa
67618,2026-09-22 05:49:59.754845+00,0d646c78-613c-499b-873c-c4453243d424,ac1f09fffe296d29,barometer_temperature_c,26.95,,,Cel,measured,barometer_temperature_c
67619,2026-09-22 05:49:59.754845+00,0d646c78-613c-499b-873c-c4453243d424,ac1f09fffe296d29,light_veml7700_lux,168.06,,,lx,measured,light_veml7700_lux
67620,2026-09-22 05:49:59.754845+00,0d646c78-613c-499b-873c-c4453243d424,ac1f09fffe296d29,light_opt3001_lux,150.72,,,lx,measured,light_opt3001_lux
67621,2026-09-22 05:49:59.754845+00,0d646c78-613c-499b-873c-c4453243d424,ac1f09fffe296d29,environment_temperature_c,30.23,,,Cel,measured,environment_temperature_c
67622,2026-09-22 05:49:59.754845+00,0d646c78-613c-499b-873c-c4453243d424,ac1f09fffe296d29,environment_humidity_percent,48.74,,,%,measured,environment_humidity_percent
67623,2026-09-22 05:49:59.754845+00,0d646c78-613c-499b-873c-c4453243d424,ac1f09fffe296d29,environment_pressure_pa,100844,,,Pa,measured,environment_pressure_pa
67624,2026-09-22 05:49:59.754845+00,0d646c78-613c-499b-873c-c4453243d424,ac1f09fffe296d29,environment_gas_resistance_ohm,50687,,,ohm,measured,environment_gas_resistance_ohm
67625,2026-09-22 05:49:59.754845+00,0d646c78-613c-499b-873c-c4453243d424,ac1f09fffe296d29,rain_wet,,,f,boolean,measured,rain_wet
67626,2026-09-22 05:49:59.754845+00,0d646c78-613c-499b-873c-c4453243d424,ac1f09fffe296d29,battery_v,,,,V,invalid,battery_v
67627,2026-09-22 05:49:59.860918+00,d71a4d49-5b69-4ba3-b2cb-681ffb5953c2,ac1f09fffe296d29,soil_moisture_percent,5,,,%,measured,soil_moisture_percent
67628,2026-09-22 05:49:59.860918+00,d71a4d49-5b69-4ba3-b2cb-681ffb5953c2,ac1f09fffe296d29,soil_temperature_c,31.5,,,Cel,measured,soil_temperature_c
67629,2026-09-22 05:49:59.860918+00,d71a4d49-5b69-4ba3-b2cb-681ffb5953c2,ac1f09fffe296d29,uv_index,0,,,1,measured,uv_index
67630,2026-09-22 05:49:59.860918+00,d71a4d49-5b69-4ba3-b2cb-681ffb5953c2,ac1f09fffe296d29,barometer_pressure_pa,101142,,,Pa,measured,barometer_pressure_pa
67631,2026-09-22 05:49:59.860918+00,d71a4d49-5b69-4ba3-b2cb-681ffb5953c2,ac1f09fffe296d29,barometer_temperature_c,26.95,,,Cel,measured,barometer_temperature_c
67632,2026-09-22 05:49:59.860918+00,d71a4d49-5b69-4ba3-b2cb-681ffb5953c2,ac1f09fffe296d29,light_veml7700_lux,175.98,,,lx,measured,light_veml7700_lux
67633,2026-09-22 05:49:59.860918+00,d71a4d49-5b69-4ba3-b2cb-681ffb5953c2,ac1f09fffe296d29,light_opt3001_lux,157.16,,,lx,measured,light_opt3001_lux
67634,2026-09-22 05:49:59.860918+00,d71a4d49-5b69-4ba3-b2cb-681ffb5953c2,ac1f09fffe296d29,environment_temperature_c,30.25,,,Cel,measured,environment_temperature_c
67635,2026-09-22 05:49:59.860918+00,d71a4d49-5b69-4ba3-b2cb-681ffb5953c2,ac1f09fffe296d29,environment_humidity_percent,48.64,,,%,measured,environment_humidity_percent
67636,2026-09-22 05:49:59.860918+00,d71a4d49-5b69-4ba3-b2cb-681ffb5953c2,ac1f09fffe296d29,environment_pressure_pa,100844,,,Pa,measured,environment_pressure_pa
67637,2026-09-22 05:49:59.860918+00,d71a4d49-5b69-4ba3-b2cb-681ffb5953c2,ac1f09fffe296d29,environment_gas_resistance_ohm,50748,,,ohm,measured,environment_gas_resistance_ohm
67638,2026-09-22 05:49:59.860918+00,d71a4d49-5b69-4ba3-b2cb-681ffb5953c2,ac1f09fffe296d29,rain_wet,,,f,boolean,measured,rain_wet
67639,2026-09-22 05:49:59.860918+00,d71a4d49-5b69-4ba3-b2cb-681ffb5953c2,ac1f09fffe296d29,battery_v,,,,V,invalid,battery_v
67640,2026-09-22 05:50:07.054523+00,708d5a1e-81a9-4bfb-a04c-ef84c2bc3aeb,ac1f09fffe296d29,soil_moisture_percent,5,,,%,measured,soil_moisture_percent
67641,2026-09-22 05:50:07.054523+00,708d5a1e-81a9-4bfb-a04c-ef84c2bc3aeb,ac1f09fffe296d29,soil_temperature_c,31.4,,,Cel,measured,soil_temperature_c
67642,2026-09-22 05:50:07.054523+00,708d5a1e-81a9-4bfb-a04c-ef84c2bc3aeb,ac1f09fffe296d29,uv_index,0,,,1,measured,uv_index
67643,2026-09-22 05:50:07.054523+00,708d5a1e-81a9-4bfb-a04c-ef84c2bc3aeb,ac1f09fffe296d29,barometer_pressure_pa,101141,,,Pa,measured,barometer_pressure_pa
67644,2026-09-22 05:50:07.054523+00,708d5a1e-81a9-4bfb-a04c-ef84c2bc3aeb,ac1f09fffe296d29,barometer_temperature_c,26.95,,,Cel,measured,barometer_temperature_c
67645,2026-09-22 05:50:07.054523+00,708d5a1e-81a9-4bfb-a04c-ef84c2bc3aeb,ac1f09fffe296d29,light_veml7700_lux,175.51,,,lx,measured,light_veml7700_lux
67646,2026-09-22 05:50:07.054523+00,708d5a1e-81a9-4bfb-a04c-ef84c2bc3aeb,ac1f09fffe296d29,light_opt3001_lux,152.32,,,lx,measured,light_opt3001_lux
67647,2026-09-22 05:50:07.054523+00,708d5a1e-81a9-4bfb-a04c-ef84c2bc3aeb,ac1f09fffe296d29,environment_temperature_c,30.26,,,Cel,measured,environment_temperature_c
67648,2026-09-22 05:50:07.054523+00,708d5a1e-81a9-4bfb-a04c-ef84c2bc3aeb,ac1f09fffe296d29,environment_humidity_percent,49.1,,,%,measured,environment_humidity_percent
67649,2026-09-22 05:50:07.054523+00,708d5a1e-81a9-4bfb-a04c-ef84c2bc3aeb,ac1f09fffe296d29,environment_pressure_pa,100843,,,Pa,measured,environment_pressure_pa
67650,2026-09-22 05:50:07.054523+00,708d5a1e-81a9-4bfb-a04c-ef84c2bc3aeb,ac1f09fffe296d29,environment_gas_resistance_ohm,50565,,,ohm,measured,environment_gas_resistance_ohm
67651,2026-09-22 05:50:07.054523+00,708d5a1e-81a9-4bfb-a04c-ef84c2bc3aeb,ac1f09fffe296d29,rain_wet,,,f,boolean,measured,rain_wet
67652,2026-09-22 05:50:07.054523+00,708d5a1e-81a9-4bfb-a04c-ef84c2bc3aeb,ac1f09fffe296d29,battery_v,,,,V,invalid,battery_v
67653,2026-09-22 05:50:22.081381+00,a7fed7e8-cc08-436f-986a-69ea7fca68b1,ac1f09fffe296d29,soil_moisture_percent,4,,,%,measured,soil_moisture_percent
67654,2026-09-22 05:50:22.081381+00,a7fed7e8-cc08-436f-986a-69ea7fca68b1,ac1f09fffe296d29,soil_temperature_c,31.5,,,Cel,measured,soil_temperature_c
67655,2026-09-22 05:50:22.081381+00,a7fed7e8-cc08-436f-986a-69ea7fca68b1,ac1f09fffe296d29,uv_index,0,,,1,measured,uv_index
67656,2026-09-22 05:50:22.081381+00,a7fed7e8-cc08-436f-986a-69ea7fca68b1,ac1f09fffe296d29,barometer_pressure_pa,101140,,,Pa,measured,barometer_pressure_pa
67657,2026-09-22 05:50:22.081381+00,a7fed7e8-cc08-436f-986a-69ea7fca68b1,ac1f09fffe296d29,barometer_temperature_c,26.97,,,Cel,measured,barometer_temperature_c
67658,2026-09-22 05:50:22.081381+00,a7fed7e8-cc08-436f-986a-69ea7fca68b1,ac1f09fffe296d29,light_veml7700_lux,176.77,,,lx,measured,light_veml7700_lux
67659,2026-09-22 05:50:22.081381+00,a7fed7e8-cc08-436f-986a-69ea7fca68b1,ac1f09fffe296d29,light_opt3001_lux,153.92,,,lx,measured,light_opt3001_lux
67660,2026-09-22 05:50:22.081381+00,a7fed7e8-cc08-436f-986a-69ea7fca68b1,ac1f09fffe296d29,environment_temperature_c,30.25,,,Cel,measured,environment_temperature_c
67661,2026-09-22 05:50:22.081381+00,a7fed7e8-cc08-436f-986a-69ea7fca68b1,ac1f09fffe296d29,environment_humidity_percent,49.08,,,%,measured,environment_humidity_percent
67662,2026-09-22 05:50:22.081381+00,a7fed7e8-cc08-436f-986a-69ea7fca68b1,ac1f09fffe296d29,environment_pressure_pa,100842,,,Pa,measured,environment_pressure_pa
67663,2026-09-22 05:50:22.081381+00,a7fed7e8-cc08-436f-986a-69ea7fca68b1,ac1f09fffe296d29,environment_gas_resistance_ohm,50412,,,ohm,measured,environment_gas_resistance_ohm
67664,2026-09-22 05:50:22.081381+00,a7fed7e8-cc08-436f-986a-69ea7fca68b1,ac1f09fffe296d29,rain_wet,,,f,boolean,measured,rain_wet
67665,2026-09-22 05:50:22.081381+00,a7fed7e8-cc08-436f-986a-69ea7fca68b1,ac1f09fffe296d29,battery_v,,,,V,invalid,battery_v
67666,2026-09-22 05:50:37.071377+00,17abcc32-9f0d-4fa2-8abd-86e421dc9d3e,ac1f09fffe296d29,soil_moisture_percent,3,,,%,measured,soil_moisture_percent
67667,2026-09-22 05:50:37.071377+00,17abcc32-9f0d-4fa2-8abd-86e421dc9d3e,ac1f09fffe296d29,soil_temperature_c,31.4,,,Cel,measured,soil_temperature_c
67668,2026-09-22 05:50:37.071377+00,17abcc32-9f0d-4fa2-8abd-86e421dc9d3e,ac1f09fffe296d29,uv_index,0,,,1,measured,uv_index
67669,2026-09-22 05:50:37.071377+00,17abcc32-9f0d-4fa2-8abd-86e421dc9d3e,ac1f09fffe296d29,barometer_pressure_pa,101144,,,Pa,measured,barometer_pressure_pa
67670,2026-09-22 05:50:37.071377+00,17abcc32-9f0d-4fa2-8abd-86e421dc9d3e,ac1f09fffe296d29,barometer_temperature_c,26.98,,,Cel,measured,barometer_temperature_c
67671,2026-09-22 05:50:37.071377+00,17abcc32-9f0d-4fa2-8abd-86e421dc9d3e,ac1f09fffe296d29,light_veml7700_lux,177.58,,,lx,measured,light_veml7700_lux
67672,2026-09-22 05:50:37.071377+00,17abcc32-9f0d-4fa2-8abd-86e421dc9d3e,ac1f09fffe296d29,light_opt3001_lux,153.96,,,lx,measured,light_opt3001_lux
67673,2026-09-22 05:50:37.071377+00,17abcc32-9f0d-4fa2-8abd-86e421dc9d3e,ac1f09fffe296d29,environment_temperature_c,30.24,,,Cel,measured,environment_temperature_c
67674,2026-09-22 05:50:37.071377+00,17abcc32-9f0d-4fa2-8abd-86e421dc9d3e,ac1f09fffe296d29,environment_humidity_percent,49.05,,,%,measured,environment_humidity_percent
67675,2026-09-22 05:50:37.071377+00,17abcc32-9f0d-4fa2-8abd-86e421dc9d3e,ac1f09fffe296d29,environment_pressure_pa,100841,,,Pa,measured,environment_pressure_pa
67676,2026-09-22 05:50:37.071377+00,17abcc32-9f0d-4fa2-8abd-86e421dc9d3e,ac1f09fffe296d29,environment_gas_resistance_ohm,50382,,,ohm,measured,environment_gas_resistance_ohm
67677,2026-09-22 05:50:37.071377+00,17abcc32-9f0d-4fa2-8abd-86e421dc9d3e,ac1f09fffe296d29,rain_wet,,,f,boolean,measured,rain_wet
67678,2026-09-22 05:50:37.071377+00,17abcc32-9f0d-4fa2-8abd-86e421dc9d3e,ac1f09fffe296d29,battery_v,,,,V,invalid,battery_v
67679,2026-09-22 05:50:52.027163+00,daf0d53d-1243-45d0-891f-1eeb01f567ed,ac1f09fffe296d29,soil_moisture_percent,3,,,%,measured,soil_moisture_percent
67680,2026-09-22 05:50:52.027163+00,daf0d53d-1243-45d0-891f-1eeb01f567ed,ac1f09fffe296d29,soil_temperature_c,31.5,,,Cel,measured,soil_temperature_c
67681,2026-09-22 05:50:52.027163+00,daf0d53d-1243-45d0-891f-1eeb01f567ed,ac1f09fffe296d29,uv_index,0,,,1,measured,uv_index
67682,2026-09-22 05:50:52.027163+00,daf0d53d-1243-45d0-891f-1eeb01f567ed,ac1f09fffe296d29,barometer_pressure_pa,101142,,,Pa,measured,barometer_pressure_pa
67683,2026-09-22 05:50:52.027163+00,daf0d53d-1243-45d0-891f-1eeb01f567ed,ac1f09fffe296d29,barometer_temperature_c,26.99,,,Cel,measured,barometer_temperature_c
67684,2026-09-22 05:50:52.027163+00,daf0d53d-1243-45d0-891f-1eeb01f567ed,ac1f09fffe296d29,light_veml7700_lux,179.94,,,lx,measured,light_veml7700_lux
67685,2026-09-22 05:50:52.027163+00,daf0d53d-1243-45d0-891f-1eeb01f567ed,ac1f09fffe296d29,light_opt3001_lux,159.4,,,lx,measured,light_opt3001_lux
67686,2026-09-22 05:50:52.027163+00,daf0d53d-1243-45d0-891f-1eeb01f567ed,ac1f09fffe296d29,environment_temperature_c,30.24,,,Cel,measured,environment_temperature_c
67687,2026-09-22 05:50:52.027163+00,daf0d53d-1243-45d0-891f-1eeb01f567ed,ac1f09fffe296d29,environment_humidity_percent,49.08,,,%,measured,environment_humidity_percent
67688,2026-09-22 05:50:52.027163+00,daf0d53d-1243-45d0-891f-1eeb01f567ed,ac1f09fffe296d29,environment_pressure_pa,100840,,,Pa,measured,environment_pressure_pa
67689,2026-09-22 05:50:52.027163+00,daf0d53d-1243-45d0-891f-1eeb01f567ed,ac1f09fffe296d29,environment_gas_resistance_ohm,50412,,,ohm,measured,environment_gas_resistance_ohm
67690,2026-09-22 05:50:52.027163+00,daf0d53d-1243-45d0-891f-1eeb01f567ed,ac1f09fffe296d29,rain_wet,,,f,boolean,measured,rain_wet
67691,2026-09-22 05:50:52.027163+00,daf0d53d-1243-45d0-891f-1eeb01f567ed,ac1f09fffe296d29,battery_v,,,,V,invalid,battery_v
67692,2026-09-22 05:51:07.129019+00,fc23464e-031a-42a3-886c-a674474f0001,ac1f09fffe296d29,soil_moisture_percent,4,,,%,measured,soil_moisture_percent
67693,2026-09-22 05:51:07.129019+00,fc23464e-031a-42a3-886c-a674474f0001,ac1f09fffe296d29,soil_temperature_c,31.5,,,Cel,measured,soil_temperature_c
67694,2026-09-22 05:51:07.129019+00,fc23464e-031a-42a3-886c-a674474f0001,ac1f09fffe296d29,uv_index,0,,,1,measured,uv_index
67695,2026-09-22 05:51:07.129019+00,fc23464e-031a-42a3-886c-a674474f0001,ac1f09fffe296d29,barometer_pressure_pa,101144,,,Pa,measured,barometer_pressure_pa
67696,2026-09-22 05:51:07.129019+00,fc23464e-031a-42a3-886c-a674474f0001,ac1f09fffe296d29,barometer_temperature_c,27,,,Cel,measured,barometer_temperature_c
67697,2026-09-22 05:51:07.129019+00,fc23464e-031a-42a3-886c-a674474f0001,ac1f09fffe296d29,light_veml7700_lux,181.61,,,lx,measured,light_veml7700_lux
67698,2026-09-22 05:51:07.129019+00,fc23464e-031a-42a3-886c-a674474f0001,ac1f09fffe296d29,light_opt3001_lux,161.64,,,lx,measured,light_opt3001_lux
67699,2026-09-22 05:51:07.129019+00,fc23464e-031a-42a3-886c-a674474f0001,ac1f09fffe296d29,environment_temperature_c,30.26,,,Cel,measured,environment_temperature_c
67700,2026-09-22 05:51:07.129019+00,fc23464e-031a-42a3-886c-a674474f0001,ac1f09fffe296d29,environment_humidity_percent,49.11,,,%,measured,environment_humidity_percent
67701,2026-09-22 05:51:07.129019+00,fc23464e-031a-42a3-886c-a674474f0001,ac1f09fffe296d29,environment_pressure_pa,100840,,,Pa,measured,environment_pressure_pa
67702,2026-09-22 05:51:07.129019+00,fc23464e-031a-42a3-886c-a674474f0001,ac1f09fffe296d29,environment_gas_resistance_ohm,50322,,,ohm,measured,environment_gas_resistance_ohm
67703,2026-09-22 05:51:07.129019+00,fc23464e-031a-42a3-886c-a674474f0001,ac1f09fffe296d29,rain_wet,,,f,boolean,measured,rain_wet
67704,2026-09-22 05:51:07.129019+00,fc23464e-031a-42a3-886c-a674474f0001,ac1f09fffe296d29,battery_v,,,,V,invalid,battery_v
67705,2026-09-22 05:51:33.470234+00,18ccd451-2e31-4f26-8668-ec4188e24846,ac1f09fffe296d29,soil_moisture_percent,2,,,%,measured,soil_moisture_percent
67706,2026-09-22 05:51:33.470234+00,18ccd451-2e31-4f26-8668-ec4188e24846,ac1f09fffe296d29,soil_temperature_c,31.5,,,Cel,measured,soil_temperature_c
67707,2026-09-22 05:51:33.470234+00,18ccd451-2e31-4f26-8668-ec4188e24846,ac1f09fffe296d29,uv_index,0,,,1,measured,uv_index
67708,2026-09-22 05:51:33.470234+00,18ccd451-2e31-4f26-8668-ec4188e24846,ac1f09fffe296d29,barometer_pressure_pa,101147,,,Pa,measured,barometer_pressure_pa
67709,2026-09-22 05:51:33.470234+00,18ccd451-2e31-4f26-8668-ec4188e24846,ac1f09fffe296d29,barometer_temperature_c,27,,,Cel,measured,barometer_temperature_c
67710,2026-09-22 05:51:33.470234+00,18ccd451-2e31-4f26-8668-ec4188e24846,ac1f09fffe296d29,light_veml7700_lux,181.68,,,lx,measured,light_veml7700_lux
67711,2026-09-22 05:51:33.470234+00,18ccd451-2e31-4f26-8668-ec4188e24846,ac1f09fffe296d29,light_opt3001_lux,161.32,,,lx,measured,light_opt3001_lux
67712,2026-09-22 05:51:33.470234+00,18ccd451-2e31-4f26-8668-ec4188e24846,ac1f09fffe296d29,environment_temperature_c,30.28,,,Cel,measured,environment_temperature_c
67713,2026-09-22 05:51:33.470234+00,18ccd451-2e31-4f26-8668-ec4188e24846,ac1f09fffe296d29,environment_humidity_percent,48.96,,,%,measured,environment_humidity_percent
67714,2026-09-22 05:51:33.470234+00,18ccd451-2e31-4f26-8668-ec4188e24846,ac1f09fffe296d29,environment_pressure_pa,100839,,,Pa,measured,environment_pressure_pa
67715,2026-09-22 05:51:33.470234+00,18ccd451-2e31-4f26-8668-ec4188e24846,ac1f09fffe296d29,environment_gas_resistance_ohm,50352,,,ohm,measured,environment_gas_resistance_ohm
67716,2026-09-22 05:51:33.470234+00,18ccd451-2e31-4f26-8668-ec4188e24846,ac1f09fffe296d29,rain_wet,,,f,boolean,measured,rain_wet
67717,2026-09-22 05:51:33.470234+00,18ccd451-2e31-4f26-8668-ec4188e24846,ac1f09fffe296d29,battery_v,,,,V,invalid,battery_v
67718,2026-09-22 05:51:36.933478+00,1477ee2c-d946-43a3-a338-39cf21d61b42,ac1f09fffe296d29,soil_moisture_percent,4,,,%,measured,soil_moisture_percent
67719,2026-09-22 05:51:36.933478+00,1477ee2c-d946-43a3-a338-39cf21d61b42,ac1f09fffe296d29,soil_temperature_c,31.5,,,Cel,measured,soil_temperature_c
67720,2026-09-22 05:51:36.933478+00,1477ee2c-d946-43a3-a338-39cf21d61b42,ac1f09fffe296d29,uv_index,0,,,1,measured,uv_index
67721,2026-09-22 05:51:36.933478+00,1477ee2c-d946-43a3-a338-39cf21d61b42,ac1f09fffe296d29,barometer_pressure_pa,101141,,,Pa,measured,barometer_pressure_pa
67722,2026-09-22 05:51:36.933478+00,1477ee2c-d946-43a3-a338-39cf21d61b42,ac1f09fffe296d29,barometer_temperature_c,27.01,,,Cel,measured,barometer_temperature_c
67723,2026-09-22 05:51:36.933478+00,1477ee2c-d946-43a3-a338-39cf21d61b42,ac1f09fffe296d29,light_veml7700_lux,181.12,,,lx,measured,light_veml7700_lux
67724,2026-09-22 05:51:36.933478+00,1477ee2c-d946-43a3-a338-39cf21d61b42,ac1f09fffe296d29,light_opt3001_lux,160.36,,,lx,measured,light_opt3001_lux
67725,2026-09-22 05:51:36.933478+00,1477ee2c-d946-43a3-a338-39cf21d61b42,ac1f09fffe296d29,environment_temperature_c,30.3,,,Cel,measured,environment_temperature_c
67726,2026-09-22 05:51:36.933478+00,1477ee2c-d946-43a3-a338-39cf21d61b42,ac1f09fffe296d29,environment_humidity_percent,48.87,,,%,measured,environment_humidity_percent
67727,2026-09-22 05:51:36.933478+00,1477ee2c-d946-43a3-a338-39cf21d61b42,ac1f09fffe296d29,environment_pressure_pa,100838,,,Pa,measured,environment_pressure_pa
67728,2026-09-22 05:51:36.933478+00,1477ee2c-d946-43a3-a338-39cf21d61b42,ac1f09fffe296d29,environment_gas_resistance_ohm,50322,,,ohm,measured,environment_gas_resistance_ohm
67729,2026-09-22 05:51:36.933478+00,1477ee2c-d946-43a3-a338-39cf21d61b42,ac1f09fffe296d29,rain_wet,,,f,boolean,measured,rain_wet
67730,2026-09-22 05:51:36.933478+00,1477ee2c-d946-43a3-a338-39cf21d61b42,ac1f09fffe296d29,battery_v,,,,V,invalid,battery_v
67731,2026-09-22 05:51:51.759605+00,9585bd85-3941-4162-9e4c-39e4d4367444,ac1f09fffe296d29,soil_moisture_percent,4,,,%,measured,soil_moisture_percent
67732,2026-09-22 05:51:51.759605+00,9585bd85-3941-4162-9e4c-39e4d4367444,ac1f09fffe296d29,soil_temperature_c,31.5,,,Cel,measured,soil_temperature_c
67733,2026-09-22 05:51:51.759605+00,9585bd85-3941-4162-9e4c-39e4d4367444,ac1f09fffe296d29,uv_index,0,,,1,measured,uv_index
67734,2026-09-22 05:51:51.759605+00,9585bd85-3941-4162-9e4c-39e4d4367444,ac1f09fffe296d29,barometer_pressure_pa,101147,,,Pa,measured,barometer_pressure_pa
67735,2026-09-22 05:51:51.759605+00,9585bd85-3941-4162-9e4c-39e4d4367444,ac1f09fffe296d29,barometer_temperature_c,27.02,,,Cel,measured,barometer_temperature_c
67736,2026-09-22 05:51:51.759605+00,9585bd85-3941-4162-9e4c-39e4d4367444,ac1f09fffe296d29,light_veml7700_lux,181.19,,,lx,measured,light_veml7700_lux
67737,2026-09-22 05:51:51.759605+00,9585bd85-3941-4162-9e4c-39e4d4367444,ac1f09fffe296d29,light_opt3001_lux,160.68,,,lx,measured,light_opt3001_lux
67738,2026-09-22 05:51:51.759605+00,9585bd85-3941-4162-9e4c-39e4d4367444,ac1f09fffe296d29,environment_temperature_c,30.31,,,Cel,measured,environment_temperature_c
67739,2026-09-22 05:51:51.759605+00,9585bd85-3941-4162-9e4c-39e4d4367444,ac1f09fffe296d29,environment_humidity_percent,48.81,,,%,measured,environment_humidity_percent
67740,2026-09-22 05:51:51.759605+00,9585bd85-3941-4162-9e4c-39e4d4367444,ac1f09fffe296d29,environment_pressure_pa,100838,,,Pa,measured,environment_pressure_pa
67741,2026-09-22 05:51:51.759605+00,9585bd85-3941-4162-9e4c-39e4d4367444,ac1f09fffe296d29,environment_gas_resistance_ohm,50231,,,ohm,measured,environment_gas_resistance_ohm
67742,2026-09-22 05:51:51.759605+00,9585bd85-3941-4162-9e4c-39e4d4367444,ac1f09fffe296d29,rain_wet,,,f,boolean,measured,rain_wet
67743,2026-09-22 05:51:51.759605+00,9585bd85-3941-4162-9e4c-39e4d4367444,ac1f09fffe296d29,battery_v,,,,V,invalid,battery_v
67744,2026-09-22 05:52:06.978816+00,3337606f-fe11-4778-9b0a-28a93118d846,ac1f09fffe296d29,soil_moisture_percent,4,,,%,measured,soil_moisture_percent
67745,2026-09-22 05:52:06.978816+00,3337606f-fe11-4778-9b0a-28a93118d846,ac1f09fffe296d29,soil_temperature_c,31.5,,,Cel,measured,soil_temperature_c
67746,2026-09-22 05:52:06.978816+00,3337606f-fe11-4778-9b0a-28a93118d846,ac1f09fffe296d29,uv_index,0,,,1,measured,uv_index
67747,2026-09-22 05:52:06.978816+00,3337606f-fe11-4778-9b0a-28a93118d846,ac1f09fffe296d29,barometer_pressure_pa,101143,,,Pa,measured,barometer_pressure_pa
67748,2026-09-22 05:52:06.978816+00,3337606f-fe11-4778-9b0a-28a93118d846,ac1f09fffe296d29,barometer_temperature_c,27.01,,,Cel,measured,barometer_temperature_c
67749,2026-09-22 05:52:06.978816+00,3337606f-fe11-4778-9b0a-28a93118d846,ac1f09fffe296d29,light_veml7700_lux,181.35,,,lx,measured,light_veml7700_lux
67750,2026-09-22 05:52:06.978816+00,3337606f-fe11-4778-9b0a-28a93118d846,ac1f09fffe296d29,light_opt3001_lux,161,,,lx,measured,light_opt3001_lux
67751,2026-09-22 05:52:06.978816+00,3337606f-fe11-4778-9b0a-28a93118d846,ac1f09fffe296d29,environment_temperature_c,30.32,,,Cel,measured,environment_temperature_c
67752,2026-09-22 05:52:06.978816+00,3337606f-fe11-4778-9b0a-28a93118d846,ac1f09fffe296d29,environment_humidity_percent,48.77,,,%,measured,environment_humidity_percent
67753,2026-09-22 05:52:06.978816+00,3337606f-fe11-4778-9b0a-28a93118d846,ac1f09fffe296d29,environment_pressure_pa,100838,,,Pa,measured,environment_pressure_pa
67754,2026-09-22 05:52:06.978816+00,3337606f-fe11-4778-9b0a-28a93118d846,ac1f09fffe296d29,environment_gas_resistance_ohm,50534,,,ohm,measured,environment_gas_resistance_ohm
67755,2026-09-22 05:52:06.978816+00,3337606f-fe11-4778-9b0a-28a93118d846,ac1f09fffe296d29,rain_wet,,,f,boolean,measured,rain_wet
67756,2026-09-22 05:52:06.978816+00,3337606f-fe11-4778-9b0a-28a93118d846,ac1f09fffe296d29,battery_v,,,,V,invalid,battery_v
67757,2026-09-22 05:52:43.897325+00,b522e4fc-9e6a-4371-98b1-8fb9f9a93450,ac1f09fffe296d29,soil_moisture_percent,2,,,%,measured,soil_moisture_percent
67758,2026-09-22 05:52:43.897325+00,b522e4fc-9e6a-4371-98b1-8fb9f9a93450,ac1f09fffe296d29,soil_temperature_c,31.5,,,Cel,measured,soil_temperature_c
67759,2026-09-22 05:52:43.897325+00,b522e4fc-9e6a-4371-98b1-8fb9f9a93450,ac1f09fffe296d29,uv_index,0,,,1,measured,uv_index
67760,2026-09-22 05:52:43.897325+00,b522e4fc-9e6a-4371-98b1-8fb9f9a93450,ac1f09fffe296d29,barometer_pressure_pa,101139,,,Pa,measured,barometer_pressure_pa
67761,2026-09-22 05:52:43.897325+00,b522e4fc-9e6a-4371-98b1-8fb9f9a93450,ac1f09fffe296d29,barometer_temperature_c,27.01,,,Cel,measured,barometer_temperature_c
67762,2026-09-22 05:52:43.897325+00,b522e4fc-9e6a-4371-98b1-8fb9f9a93450,ac1f09fffe296d29,light_veml7700_lux,181.28,,,lx,measured,light_veml7700_lux
67763,2026-09-22 05:52:43.897325+00,b522e4fc-9e6a-4371-98b1-8fb9f9a93450,ac1f09fffe296d29,light_opt3001_lux,161.96,,,lx,measured,light_opt3001_lux
67764,2026-09-22 05:52:43.897325+00,b522e4fc-9e6a-4371-98b1-8fb9f9a93450,ac1f09fffe296d29,environment_temperature_c,30.32,,,Cel,measured,environment_temperature_c
67765,2026-09-22 05:52:43.897325+00,b522e4fc-9e6a-4371-98b1-8fb9f9a93450,ac1f09fffe296d29,environment_humidity_percent,48.8,,,%,measured,environment_humidity_percent
67766,2026-09-22 05:52:43.897325+00,b522e4fc-9e6a-4371-98b1-8fb9f9a93450,ac1f09fffe296d29,environment_pressure_pa,100836,,,Pa,measured,environment_pressure_pa
67767,2026-09-22 05:52:43.897325+00,b522e4fc-9e6a-4371-98b1-8fb9f9a93450,ac1f09fffe296d29,environment_gas_resistance_ohm,50291,,,ohm,measured,environment_gas_resistance_ohm
67768,2026-09-22 05:52:43.897325+00,b522e4fc-9e6a-4371-98b1-8fb9f9a93450,ac1f09fffe296d29,rain_wet,,,f,boolean,measured,rain_wet
67769,2026-09-22 05:52:43.897325+00,b522e4fc-9e6a-4371-98b1-8fb9f9a93450,ac1f09fffe296d29,battery_v,,,,V,invalid,battery_v
67770,2026-09-22 05:52:44.090719+00,8ca4f5f7-fdf4-4df1-b8f3-46ba811424b9,ac1f09fffe296d29,soil_moisture_percent,4,,,%,measured,soil_moisture_percent
67771,2026-09-22 05:52:44.090719+00,8ca4f5f7-fdf4-4df1-b8f3-46ba811424b9,ac1f09fffe296d29,soil_temperature_c,31.5,,,Cel,measured,soil_temperature_c
67772,2026-09-22 05:52:44.090719+00,8ca4f5f7-fdf4-4df1-b8f3-46ba811424b9,ac1f09fffe296d29,uv_index,0,,,1,measured,uv_index
67773,2026-09-22 05:52:44.090719+00,8ca4f5f7-fdf4-4df1-b8f3-46ba811424b9,ac1f09fffe296d29,barometer_pressure_pa,101141,,,Pa,measured,barometer_pressure_pa
67774,2026-09-22 05:52:44.090719+00,8ca4f5f7-fdf4-4df1-b8f3-46ba811424b9,ac1f09fffe296d29,barometer_temperature_c,27.01,,,Cel,measured,barometer_temperature_c
67775,2026-09-22 05:52:44.090719+00,8ca4f5f7-fdf4-4df1-b8f3-46ba811424b9,ac1f09fffe296d29,light_veml7700_lux,182,,,lx,measured,light_veml7700_lux
67776,2026-09-22 05:52:44.090719+00,8ca4f5f7-fdf4-4df1-b8f3-46ba811424b9,ac1f09fffe296d29,light_opt3001_lux,161.04,,,lx,measured,light_opt3001_lux
67777,2026-09-22 05:52:44.090719+00,8ca4f5f7-fdf4-4df1-b8f3-46ba811424b9,ac1f09fffe296d29,environment_temperature_c,30.32,,,Cel,measured,environment_temperature_c
67778,2026-09-22 05:52:44.090719+00,8ca4f5f7-fdf4-4df1-b8f3-46ba811424b9,ac1f09fffe296d29,environment_humidity_percent,49.01,,,%,measured,environment_humidity_percent
67779,2026-09-22 05:52:44.090719+00,8ca4f5f7-fdf4-4df1-b8f3-46ba811424b9,ac1f09fffe296d29,environment_pressure_pa,100836,,,Pa,measured,environment_pressure_pa
67780,2026-09-22 05:52:44.090719+00,8ca4f5f7-fdf4-4df1-b8f3-46ba811424b9,ac1f09fffe296d29,environment_gas_resistance_ohm,50171,,,ohm,measured,environment_gas_resistance_ohm
67781,2026-09-22 05:52:44.090719+00,8ca4f5f7-fdf4-4df1-b8f3-46ba811424b9,ac1f09fffe296d29,rain_wet,,,f,boolean,measured,rain_wet
67782,2026-09-22 05:52:44.090719+00,8ca4f5f7-fdf4-4df1-b8f3-46ba811424b9,ac1f09fffe296d29,battery_v,,,,V,invalid,battery_v
67783,2026-09-22 05:52:52.124534+00,5bb3c45d-e0c1-4569-9558-9683d0277d04,ac1f09fffe296d29,soil_moisture_percent,2,,,%,measured,soil_moisture_percent
67784,2026-09-22 05:52:52.124534+00,5bb3c45d-e0c1-4569-9558-9683d0277d04,ac1f09fffe296d29,soil_temperature_c,31.5,,,Cel,measured,soil_temperature_c
67785,2026-09-22 05:52:52.124534+00,5bb3c45d-e0c1-4569-9558-9683d0277d04,ac1f09fffe296d29,uv_index,0,,,1,measured,uv_index
67786,2026-09-22 05:52:52.124534+00,5bb3c45d-e0c1-4569-9558-9683d0277d04,ac1f09fffe296d29,barometer_pressure_pa,101134,,,Pa,measured,barometer_pressure_pa
67787,2026-09-22 05:52:52.124534+00,5bb3c45d-e0c1-4569-9558-9683d0277d04,ac1f09fffe296d29,barometer_temperature_c,27.01,,,Cel,measured,barometer_temperature_c
67788,2026-09-22 05:52:52.124534+00,5bb3c45d-e0c1-4569-9558-9683d0277d04,ac1f09fffe296d29,light_veml7700_lux,182.58,,,lx,measured,light_veml7700_lux
67789,2026-09-22 05:52:52.124534+00,5bb3c45d-e0c1-4569-9558-9683d0277d04,ac1f09fffe296d29,light_opt3001_lux,162.28,,,lx,measured,light_opt3001_lux
67790,2026-09-22 05:52:52.124534+00,5bb3c45d-e0c1-4569-9558-9683d0277d04,ac1f09fffe296d29,environment_temperature_c,30.32,,,Cel,measured,environment_temperature_c
67791,2026-09-22 05:52:52.124534+00,5bb3c45d-e0c1-4569-9558-9683d0277d04,ac1f09fffe296d29,environment_humidity_percent,49.02,,,%,measured,environment_humidity_percent
67792,2026-09-22 05:52:52.124534+00,5bb3c45d-e0c1-4569-9558-9683d0277d04,ac1f09fffe296d29,environment_pressure_pa,100835,,,Pa,measured,environment_pressure_pa
67793,2026-09-22 05:52:52.124534+00,5bb3c45d-e0c1-4569-9558-9683d0277d04,ac1f09fffe296d29,environment_gas_resistance_ohm,50261,,,ohm,measured,environment_gas_resistance_ohm
67794,2026-09-22 05:52:52.124534+00,5bb3c45d-e0c1-4569-9558-9683d0277d04,ac1f09fffe296d29,rain_wet,,,f,boolean,measured,rain_wet
67795,2026-09-22 05:52:52.124534+00,5bb3c45d-e0c1-4569-9558-9683d0277d04,ac1f09fffe296d29,battery_v,,,,V,invalid,battery_v
67796,2026-09-22 05:53:07.180509+00,581f726d-03bd-4c26-b552-7bce4e014f63,ac1f09fffe296d29,soil_moisture_percent,3,,,%,measured,soil_moisture_percent
67797,2026-09-22 05:53:07.180509+00,581f726d-03bd-4c26-b552-7bce4e014f63,ac1f09fffe296d29,soil_temperature_c,31.5,,,Cel,measured,soil_temperature_c
67798,2026-09-22 05:53:07.180509+00,581f726d-03bd-4c26-b552-7bce4e014f63,ac1f09fffe296d29,uv_index,0,,,1,measured,uv_index
67799,2026-09-22 05:53:07.180509+00,581f726d-03bd-4c26-b552-7bce4e014f63,ac1f09fffe296d29,barometer_pressure_pa,101141,,,Pa,measured,barometer_pressure_pa
67800,2026-09-22 05:53:07.180509+00,581f726d-03bd-4c26-b552-7bce4e014f63,ac1f09fffe296d29,barometer_temperature_c,27.01,,,Cel,measured,barometer_temperature_c
67801,2026-09-22 05:53:07.180509+00,581f726d-03bd-4c26-b552-7bce4e014f63,ac1f09fffe296d29,light_veml7700_lux,181.86,,,lx,measured,light_veml7700_lux
67802,2026-09-22 05:53:07.180509+00,581f726d-03bd-4c26-b552-7bce4e014f63,ac1f09fffe296d29,light_opt3001_lux,161.04,,,lx,measured,light_opt3001_lux
67803,2026-09-22 05:53:07.180509+00,581f726d-03bd-4c26-b552-7bce4e014f63,ac1f09fffe296d29,environment_temperature_c,30.32,,,Cel,measured,environment_temperature_c
67804,2026-09-22 05:53:07.180509+00,581f726d-03bd-4c26-b552-7bce4e014f63,ac1f09fffe296d29,environment_humidity_percent,48.91,,,%,measured,environment_humidity_percent
67805,2026-09-22 05:53:07.180509+00,581f726d-03bd-4c26-b552-7bce4e014f63,ac1f09fffe296d29,environment_pressure_pa,100835,,,Pa,measured,environment_pressure_pa
67806,2026-09-22 05:53:07.180509+00,581f726d-03bd-4c26-b552-7bce4e014f63,ac1f09fffe296d29,environment_gas_resistance_ohm,50111,,,ohm,measured,environment_gas_resistance_ohm
67807,2026-09-22 05:53:07.180509+00,581f726d-03bd-4c26-b552-7bce4e014f63,ac1f09fffe296d29,rain_wet,,,f,boolean,measured,rain_wet
67808,2026-09-22 05:53:07.180509+00,581f726d-03bd-4c26-b552-7bce4e014f63,ac1f09fffe296d29,battery_v,,,,V,invalid,battery_v
67809,2026-09-22 05:53:22.148894+00,db5ea50a-1da3-40bc-9cad-4d0994c17d10,ac1f09fffe296d29,soil_moisture_percent,2,,,%,measured,soil_moisture_percent
67810,2026-09-22 05:53:22.148894+00,db5ea50a-1da3-40bc-9cad-4d0994c17d10,ac1f09fffe296d29,soil_temperature_c,31.5,,,Cel,measured,soil_temperature_c
67811,2026-09-22 05:53:22.148894+00,db5ea50a-1da3-40bc-9cad-4d0994c17d10,ac1f09fffe296d29,uv_index,0,,,1,measured,uv_index
67812,2026-09-22 05:53:22.148894+00,db5ea50a-1da3-40bc-9cad-4d0994c17d10,ac1f09fffe296d29,barometer_pressure_pa,101137,,,Pa,measured,barometer_pressure_pa
67813,2026-09-22 05:53:22.148894+00,db5ea50a-1da3-40bc-9cad-4d0994c17d10,ac1f09fffe296d29,barometer_temperature_c,27.01,,,Cel,measured,barometer_temperature_c
67814,2026-09-22 05:53:22.148894+00,db5ea50a-1da3-40bc-9cad-4d0994c17d10,ac1f09fffe296d29,light_veml7700_lux,181.75,,,lx,measured,light_veml7700_lux
67815,2026-09-22 05:53:22.148894+00,db5ea50a-1da3-40bc-9cad-4d0994c17d10,ac1f09fffe296d29,light_opt3001_lux,161.64,,,lx,measured,light_opt3001_lux
67816,2026-09-22 05:53:22.148894+00,db5ea50a-1da3-40bc-9cad-4d0994c17d10,ac1f09fffe296d29,environment_temperature_c,30.32,,,Cel,measured,environment_temperature_c
67817,2026-09-22 05:53:22.148894+00,db5ea50a-1da3-40bc-9cad-4d0994c17d10,ac1f09fffe296d29,environment_humidity_percent,48.91,,,%,measured,environment_humidity_percent
67818,2026-09-22 05:53:22.148894+00,db5ea50a-1da3-40bc-9cad-4d0994c17d10,ac1f09fffe296d29,environment_pressure_pa,100834,,,Pa,measured,environment_pressure_pa
67819,2026-09-22 05:53:22.148894+00,db5ea50a-1da3-40bc-9cad-4d0994c17d10,ac1f09fffe296d29,environment_gas_resistance_ohm,50231,,,ohm,measured,environment_gas_resistance_ohm
67820,2026-09-22 05:53:22.148894+00,db5ea50a-1da3-40bc-9cad-4d0994c17d10,ac1f09fffe296d29,rain_wet,,,f,boolean,measured,rain_wet
67821,2026-09-22 05:53:22.148894+00,db5ea50a-1da3-40bc-9cad-4d0994c17d10,ac1f09fffe296d29,battery_v,,,,V,invalid,battery_v
67822,2026-09-22 05:53:37.1377+00,511060a7-4d72-4c54-9947-d29497d76ca6,ac1f09fffe296d29,soil_moisture_percent,4,,,%,measured,soil_moisture_percent
67823,2026-09-22 05:53:37.1377+00,511060a7-4d72-4c54-9947-d29497d76ca6,ac1f09fffe296d29,soil_temperature_c,31.5,,,Cel,measured,soil_temperature_c
67824,2026-09-22 05:53:37.1377+00,511060a7-4d72-4c54-9947-d29497d76ca6,ac1f09fffe296d29,uv_index,0,,,1,measured,uv_index
67825,2026-09-22 05:53:37.1377+00,511060a7-4d72-4c54-9947-d29497d76ca6,ac1f09fffe296d29,barometer_pressure_pa,101139,,,Pa,measured,barometer_pressure_pa
67826,2026-09-22 05:53:37.1377+00,511060a7-4d72-4c54-9947-d29497d76ca6,ac1f09fffe296d29,barometer_temperature_c,27.02,,,Cel,measured,barometer_temperature_c
67827,2026-09-22 05:53:37.1377+00,511060a7-4d72-4c54-9947-d29497d76ca6,ac1f09fffe296d29,light_veml7700_lux,181.73,,,lx,measured,light_veml7700_lux
67828,2026-09-22 05:53:37.1377+00,511060a7-4d72-4c54-9947-d29497d76ca6,ac1f09fffe296d29,light_opt3001_lux,161.96,,,lx,measured,light_opt3001_lux
67829,2026-09-22 05:53:37.1377+00,511060a7-4d72-4c54-9947-d29497d76ca6,ac1f09fffe296d29,environment_temperature_c,30.31,,,Cel,measured,environment_temperature_c
67830,2026-09-22 05:53:37.1377+00,511060a7-4d72-4c54-9947-d29497d76ca6,ac1f09fffe296d29,environment_humidity_percent,48.88,,,%,measured,environment_humidity_percent
67831,2026-09-22 05:53:37.1377+00,511060a7-4d72-4c54-9947-d29497d76ca6,ac1f09fffe296d29,environment_pressure_pa,100834,,,Pa,measured,environment_pressure_pa
67832,2026-09-22 05:53:37.1377+00,511060a7-4d72-4c54-9947-d29497d76ca6,ac1f09fffe296d29,environment_gas_resistance_ohm,50504,,,ohm,measured,environment_gas_resistance_ohm
67833,2026-09-22 05:53:37.1377+00,511060a7-4d72-4c54-9947-d29497d76ca6,ac1f09fffe296d29,rain_wet,,,f,boolean,measured,rain_wet
67834,2026-09-22 05:53:37.1377+00,511060a7-4d72-4c54-9947-d29497d76ca6,ac1f09fffe296d29,battery_v,,,,V,invalid,battery_v
67835,2026-09-22 05:55:10.665279+00,16678624-dae8-4d2f-aff0-902572dbf5f2,ac1f09fffe296d29,soil_moisture_percent,5,,,%,measured,soil_moisture_percent
67836,2026-09-22 05:55:10.665279+00,16678624-dae8-4d2f-aff0-902572dbf5f2,ac1f09fffe296d29,soil_temperature_c,31.5,,,Cel,measured,soil_temperature_c
67837,2026-09-22 05:55:10.665279+00,16678624-dae8-4d2f-aff0-902572dbf5f2,ac1f09fffe296d29,uv_index,0,,,1,measured,uv_index
67838,2026-09-22 05:55:10.665279+00,16678624-dae8-4d2f-aff0-902572dbf5f2,ac1f09fffe296d29,barometer_pressure_pa,101137,,,Pa,measured,barometer_pressure_pa
67839,2026-09-22 05:55:10.665279+00,16678624-dae8-4d2f-aff0-902572dbf5f2,ac1f09fffe296d29,barometer_temperature_c,27.02,,,Cel,measured,barometer_temperature_c
67840,2026-09-22 05:55:10.665279+00,16678624-dae8-4d2f-aff0-902572dbf5f2,ac1f09fffe296d29,light_veml7700_lux,182.1,,,lx,measured,light_veml7700_lux
67841,2026-09-22 05:55:10.665279+00,16678624-dae8-4d2f-aff0-902572dbf5f2,ac1f09fffe296d29,light_opt3001_lux,161.96,,,lx,measured,light_opt3001_lux
67842,2026-09-22 05:55:10.665279+00,16678624-dae8-4d2f-aff0-902572dbf5f2,ac1f09fffe296d29,environment_temperature_c,30.32,,,Cel,measured,environment_temperature_c
67843,2026-09-22 05:55:10.665279+00,16678624-dae8-4d2f-aff0-902572dbf5f2,ac1f09fffe296d29,environment_humidity_percent,48.83,,,%,measured,environment_humidity_percent
67844,2026-09-22 05:55:10.665279+00,16678624-dae8-4d2f-aff0-902572dbf5f2,ac1f09fffe296d29,environment_pressure_pa,100832,,,Pa,measured,environment_pressure_pa
67845,2026-09-22 05:55:10.665279+00,16678624-dae8-4d2f-aff0-902572dbf5f2,ac1f09fffe296d29,environment_gas_resistance_ohm,50111,,,ohm,measured,environment_gas_resistance_ohm
67846,2026-09-22 05:55:10.665279+00,16678624-dae8-4d2f-aff0-902572dbf5f2,ac1f09fffe296d29,rain_wet,,,f,boolean,measured,rain_wet
67847,2026-09-22 05:55:10.665279+00,16678624-dae8-4d2f-aff0-902572dbf5f2,ac1f09fffe296d29,battery_v,,,,V,invalid,battery_v
67861,2026-09-22 05:55:10.701531+00,042a83f9-4c6d-459f-9912-1cfb67006b9a,ac1f09fffe296d29,soil_moisture_percent,3,,,%,measured,soil_moisture_percent
67862,2026-09-22 05:55:10.701531+00,042a83f9-4c6d-459f-9912-1cfb67006b9a,ac1f09fffe296d29,soil_temperature_c,31.5,,,Cel,measured,soil_temperature_c
67863,2026-09-22 05:55:10.701531+00,042a83f9-4c6d-459f-9912-1cfb67006b9a,ac1f09fffe296d29,uv_index,0,,,1,measured,uv_index
67864,2026-09-22 05:55:10.701531+00,042a83f9-4c6d-459f-9912-1cfb67006b9a,ac1f09fffe296d29,barometer_pressure_pa,101136,,,Pa,measured,barometer_pressure_pa
67865,2026-09-22 05:55:10.701531+00,042a83f9-4c6d-459f-9912-1cfb67006b9a,ac1f09fffe296d29,barometer_temperature_c,27.04,,,Cel,measured,barometer_temperature_c
67866,2026-09-22 05:55:10.701531+00,042a83f9-4c6d-459f-9912-1cfb67006b9a,ac1f09fffe296d29,light_veml7700_lux,182.02,,,lx,measured,light_veml7700_lux
67867,2026-09-22 05:55:10.701531+00,042a83f9-4c6d-459f-9912-1cfb67006b9a,ac1f09fffe296d29,light_opt3001_lux,161.04,,,lx,measured,light_opt3001_lux
67868,2026-09-22 05:55:10.701531+00,042a83f9-4c6d-459f-9912-1cfb67006b9a,ac1f09fffe296d29,environment_temperature_c,30.29,,,Cel,measured,environment_temperature_c
67869,2026-09-22 05:55:10.701531+00,042a83f9-4c6d-459f-9912-1cfb67006b9a,ac1f09fffe296d29,environment_humidity_percent,49,,,%,measured,environment_humidity_percent
67870,2026-09-22 05:55:10.701531+00,042a83f9-4c6d-459f-9912-1cfb67006b9a,ac1f09fffe296d29,environment_pressure_pa,100834,,,Pa,measured,environment_pressure_pa
67871,2026-09-22 05:55:10.701531+00,042a83f9-4c6d-459f-9912-1cfb67006b9a,ac1f09fffe296d29,environment_gas_resistance_ohm,50141,,,ohm,measured,environment_gas_resistance_ohm
67872,2026-09-22 05:55:10.701531+00,042a83f9-4c6d-459f-9912-1cfb67006b9a,ac1f09fffe296d29,rain_wet,,,f,boolean,measured,rain_wet
67873,2026-09-22 05:55:10.701531+00,042a83f9-4c6d-459f-9912-1cfb67006b9a,ac1f09fffe296d29,battery_v,,,,V,invalid,battery_v
67848,2026-09-22 05:55:10.716387+00,6b203e8c-c843-41ed-bad2-1314491454fe,ac1f09fffe296d29,soil_moisture_percent,5,,,%,measured,soil_moisture_percent
67849,2026-09-22 05:55:10.716387+00,6b203e8c-c843-41ed-bad2-1314491454fe,ac1f09fffe296d29,soil_temperature_c,31.5,,,Cel,measured,soil_temperature_c
67850,2026-09-22 05:55:10.716387+00,6b203e8c-c843-41ed-bad2-1314491454fe,ac1f09fffe296d29,uv_index,0,,,1,measured,uv_index
67851,2026-09-22 05:55:10.716387+00,6b203e8c-c843-41ed-bad2-1314491454fe,ac1f09fffe296d29,barometer_pressure_pa,101137,,,Pa,measured,barometer_pressure_pa
67852,2026-09-22 05:55:10.716387+00,6b203e8c-c843-41ed-bad2-1314491454fe,ac1f09fffe296d29,barometer_temperature_c,27.03,,,Cel,measured,barometer_temperature_c
67853,2026-09-22 05:55:10.716387+00,6b203e8c-c843-41ed-bad2-1314491454fe,ac1f09fffe296d29,light_veml7700_lux,181.73,,,lx,measured,light_veml7700_lux
67854,2026-09-22 05:55:10.716387+00,6b203e8c-c843-41ed-bad2-1314491454fe,ac1f09fffe296d29,light_opt3001_lux,161.64,,,lx,measured,light_opt3001_lux
67855,2026-09-22 05:55:10.716387+00,6b203e8c-c843-41ed-bad2-1314491454fe,ac1f09fffe296d29,environment_temperature_c,30.3,,,Cel,measured,environment_temperature_c
67856,2026-09-22 05:55:10.716387+00,6b203e8c-c843-41ed-bad2-1314491454fe,ac1f09fffe296d29,environment_humidity_percent,48.98,,,%,measured,environment_humidity_percent
67857,2026-09-22 05:55:10.716387+00,6b203e8c-c843-41ed-bad2-1314491454fe,ac1f09fffe296d29,environment_pressure_pa,100832,,,Pa,measured,environment_pressure_pa
67858,2026-09-22 05:55:10.716387+00,6b203e8c-c843-41ed-bad2-1314491454fe,ac1f09fffe296d29,environment_gas_resistance_ohm,50171,,,ohm,measured,environment_gas_resistance_ohm
67859,2026-09-22 05:55:10.716387+00,6b203e8c-c843-41ed-bad2-1314491454fe,ac1f09fffe296d29,rain_wet,,,f,boolean,measured,rain_wet
67860,2026-09-22 05:55:10.716387+00,6b203e8c-c843-41ed-bad2-1314491454fe,ac1f09fffe296d29,battery_v,,,,V,invalid,battery_v
67874,2026-09-22 05:55:21.835944+00,741030e4-a5c5-4409-bf68-5600e34ec57e,ac1f09fffe296d29,soil_moisture_percent,3,,,%,measured,soil_moisture_percent
67875,2026-09-22 05:55:21.835944+00,741030e4-a5c5-4409-bf68-5600e34ec57e,ac1f09fffe296d29,soil_temperature_c,31.5,,,Cel,measured,soil_temperature_c
67876,2026-09-22 05:55:21.835944+00,741030e4-a5c5-4409-bf68-5600e34ec57e,ac1f09fffe296d29,uv_index,0,,,1,measured,uv_index
67877,2026-09-22 05:55:21.835944+00,741030e4-a5c5-4409-bf68-5600e34ec57e,ac1f09fffe296d29,barometer_pressure_pa,101135,,,Pa,measured,barometer_pressure_pa
67878,2026-09-22 05:55:21.835944+00,741030e4-a5c5-4409-bf68-5600e34ec57e,ac1f09fffe296d29,barometer_temperature_c,27.03,,,Cel,measured,barometer_temperature_c
67879,2026-09-22 05:55:21.835944+00,741030e4-a5c5-4409-bf68-5600e34ec57e,ac1f09fffe296d29,light_veml7700_lux,182.14,,,lx,measured,light_veml7700_lux
67880,2026-09-22 05:55:21.835944+00,741030e4-a5c5-4409-bf68-5600e34ec57e,ac1f09fffe296d29,light_opt3001_lux,161.96,,,lx,measured,light_opt3001_lux
67881,2026-09-22 05:55:21.835944+00,741030e4-a5c5-4409-bf68-5600e34ec57e,ac1f09fffe296d29,environment_temperature_c,30.29,,,Cel,measured,environment_temperature_c
67882,2026-09-22 05:55:21.835944+00,741030e4-a5c5-4409-bf68-5600e34ec57e,ac1f09fffe296d29,environment_humidity_percent,49,,,%,measured,environment_humidity_percent
67883,2026-09-22 05:55:21.835944+00,741030e4-a5c5-4409-bf68-5600e34ec57e,ac1f09fffe296d29,environment_pressure_pa,100835,,,Pa,measured,environment_pressure_pa
67884,2026-09-22 05:55:21.835944+00,741030e4-a5c5-4409-bf68-5600e34ec57e,ac1f09fffe296d29,environment_gas_resistance_ohm,50171,,,ohm,measured,environment_gas_resistance_ohm
67885,2026-09-22 05:55:21.835944+00,741030e4-a5c5-4409-bf68-5600e34ec57e,ac1f09fffe296d29,rain_wet,,,f,boolean,measured,rain_wet
67886,2026-09-22 05:55:21.835944+00,741030e4-a5c5-4409-bf68-5600e34ec57e,ac1f09fffe296d29,battery_v,,,,V,invalid,battery_v
67887,2026-09-22 05:55:37.059231+00,069f7d71-665e-4f1d-8bb1-cfa17e838e9d,ac1f09fffe296d29,soil_moisture_percent,4,,,%,measured,soil_moisture_percent
67888,2026-09-22 05:55:37.059231+00,069f7d71-665e-4f1d-8bb1-cfa17e838e9d,ac1f09fffe296d29,soil_temperature_c,31.5,,,Cel,measured,soil_temperature_c
67889,2026-09-22 05:55:37.059231+00,069f7d71-665e-4f1d-8bb1-cfa17e838e9d,ac1f09fffe296d29,uv_index,0,,,1,measured,uv_index
67890,2026-09-22 05:55:37.059231+00,069f7d71-665e-4f1d-8bb1-cfa17e838e9d,ac1f09fffe296d29,barometer_pressure_pa,101139,,,Pa,measured,barometer_pressure_pa
67891,2026-09-22 05:55:37.059231+00,069f7d71-665e-4f1d-8bb1-cfa17e838e9d,ac1f09fffe296d29,barometer_temperature_c,27.03,,,Cel,measured,barometer_temperature_c
67892,2026-09-22 05:55:37.059231+00,069f7d71-665e-4f1d-8bb1-cfa17e838e9d,ac1f09fffe296d29,light_veml7700_lux,182.07,,,lx,measured,light_veml7700_lux
67893,2026-09-22 05:55:37.059231+00,069f7d71-665e-4f1d-8bb1-cfa17e838e9d,ac1f09fffe296d29,light_opt3001_lux,161.96,,,lx,measured,light_opt3001_lux
67894,2026-09-22 05:55:37.059231+00,069f7d71-665e-4f1d-8bb1-cfa17e838e9d,ac1f09fffe296d29,environment_temperature_c,30.29,,,Cel,measured,environment_temperature_c
67895,2026-09-22 05:55:37.059231+00,069f7d71-665e-4f1d-8bb1-cfa17e838e9d,ac1f09fffe296d29,environment_humidity_percent,49.01,,,%,measured,environment_humidity_percent
67896,2026-09-22 05:55:37.059231+00,069f7d71-665e-4f1d-8bb1-cfa17e838e9d,ac1f09fffe296d29,environment_pressure_pa,100835,,,Pa,measured,environment_pressure_pa
67897,2026-09-22 05:55:37.059231+00,069f7d71-665e-4f1d-8bb1-cfa17e838e9d,ac1f09fffe296d29,environment_gas_resistance_ohm,50231,,,ohm,measured,environment_gas_resistance_ohm
67898,2026-09-22 05:55:37.059231+00,069f7d71-665e-4f1d-8bb1-cfa17e838e9d,ac1f09fffe296d29,rain_wet,,,f,boolean,measured,rain_wet
67899,2026-09-22 05:55:37.059231+00,069f7d71-665e-4f1d-8bb1-cfa17e838e9d,ac1f09fffe296d29,battery_v,,,,V,invalid,battery_v
67900,2026-09-22 05:55:52.141181+00,5bcf59bb-a757-431c-b9ef-227230338a68,ac1f09fffe296d29,soil_moisture_percent,2,,,%,measured,soil_moisture_percent
67901,2026-09-22 05:55:52.141181+00,5bcf59bb-a757-431c-b9ef-227230338a68,ac1f09fffe296d29,soil_temperature_c,31.5,,,Cel,measured,soil_temperature_c
67902,2026-09-22 05:55:52.141181+00,5bcf59bb-a757-431c-b9ef-227230338a68,ac1f09fffe296d29,uv_index,0,,,1,measured,uv_index
67903,2026-09-22 05:55:52.141181+00,5bcf59bb-a757-431c-b9ef-227230338a68,ac1f09fffe296d29,barometer_pressure_pa,101138,,,Pa,measured,barometer_pressure_pa
67904,2026-09-22 05:55:52.141181+00,5bcf59bb-a757-431c-b9ef-227230338a68,ac1f09fffe296d29,barometer_temperature_c,27.04,,,Cel,measured,barometer_temperature_c
67905,2026-09-22 05:55:52.141181+00,5bcf59bb-a757-431c-b9ef-227230338a68,ac1f09fffe296d29,light_veml7700_lux,182.25,,,lx,measured,light_veml7700_lux
67906,2026-09-22 05:55:52.141181+00,5bcf59bb-a757-431c-b9ef-227230338a68,ac1f09fffe296d29,light_opt3001_lux,161.96,,,lx,measured,light_opt3001_lux
67907,2026-09-22 05:55:52.141181+00,5bcf59bb-a757-431c-b9ef-227230338a68,ac1f09fffe296d29,environment_temperature_c,30.3,,,Cel,measured,environment_temperature_c
67908,2026-09-22 05:55:52.141181+00,5bcf59bb-a757-431c-b9ef-227230338a68,ac1f09fffe296d29,environment_humidity_percent,49.02,,,%,measured,environment_humidity_percent
67909,2026-09-22 05:55:52.141181+00,5bcf59bb-a757-431c-b9ef-227230338a68,ac1f09fffe296d29,environment_pressure_pa,100835,,,Pa,measured,environment_pressure_pa
67910,2026-09-22 05:55:52.141181+00,5bcf59bb-a757-431c-b9ef-227230338a68,ac1f09fffe296d29,environment_gas_resistance_ohm,50051,,,ohm,measured,environment_gas_resistance_ohm
67911,2026-09-22 05:55:52.141181+00,5bcf59bb-a757-431c-b9ef-227230338a68,ac1f09fffe296d29,rain_wet,,,f,boolean,measured,rain_wet
67912,2026-09-22 05:55:52.141181+00,5bcf59bb-a757-431c-b9ef-227230338a68,ac1f09fffe296d29,battery_v,,,,V,invalid,battery_v
67913,2026-09-22 05:56:06.873267+00,19f40584-2a19-4a71-a186-244ae8dff02a,ac1f09fffe296d29,soil_moisture_percent,4,,,%,measured,soil_moisture_percent
67914,2026-09-22 05:56:06.873267+00,19f40584-2a19-4a71-a186-244ae8dff02a,ac1f09fffe296d29,soil_temperature_c,31.5,,,Cel,measured,soil_temperature_c
67915,2026-09-22 05:56:06.873267+00,19f40584-2a19-4a71-a186-244ae8dff02a,ac1f09fffe296d29,uv_index,0,,,1,measured,uv_index
67916,2026-09-22 05:56:06.873267+00,19f40584-2a19-4a71-a186-244ae8dff02a,ac1f09fffe296d29,barometer_pressure_pa,101138,,,Pa,measured,barometer_pressure_pa
67917,2026-09-22 05:56:06.873267+00,19f40584-2a19-4a71-a186-244ae8dff02a,ac1f09fffe296d29,barometer_temperature_c,27.04,,,Cel,measured,barometer_temperature_c
67918,2026-09-22 05:56:06.873267+00,19f40584-2a19-4a71-a186-244ae8dff02a,ac1f09fffe296d29,light_veml7700_lux,182.3,,,lx,measured,light_veml7700_lux
67919,2026-09-22 05:56:06.873267+00,19f40584-2a19-4a71-a186-244ae8dff02a,ac1f09fffe296d29,light_opt3001_lux,161.96,,,lx,measured,light_opt3001_lux
67920,2026-09-22 05:56:06.873267+00,19f40584-2a19-4a71-a186-244ae8dff02a,ac1f09fffe296d29,environment_temperature_c,30.3,,,Cel,measured,environment_temperature_c
67921,2026-09-22 05:56:06.873267+00,19f40584-2a19-4a71-a186-244ae8dff02a,ac1f09fffe296d29,environment_humidity_percent,49.01,,,%,measured,environment_humidity_percent
67922,2026-09-22 05:56:06.873267+00,19f40584-2a19-4a71-a186-244ae8dff02a,ac1f09fffe296d29,environment_pressure_pa,100836,,,Pa,measured,environment_pressure_pa
67923,2026-09-22 05:56:06.873267+00,19f40584-2a19-4a71-a186-244ae8dff02a,ac1f09fffe296d29,environment_gas_resistance_ohm,49991,,,ohm,measured,environment_gas_resistance_ohm
67924,2026-09-22 05:56:06.873267+00,19f40584-2a19-4a71-a186-244ae8dff02a,ac1f09fffe296d29,rain_wet,,,f,boolean,measured,rain_wet
67925,2026-09-22 05:56:06.873267+00,19f40584-2a19-4a71-a186-244ae8dff02a,ac1f09fffe296d29,battery_v,,,,V,invalid,battery_v
67926,2026-09-22 05:56:21.870668+00,5e34bea0-b7b1-45e9-8316-0b33a7f06557,ac1f09fffe296d29,soil_moisture_percent,4,,,%,measured,soil_moisture_percent
67927,2026-09-22 05:56:21.870668+00,5e34bea0-b7b1-45e9-8316-0b33a7f06557,ac1f09fffe296d29,soil_temperature_c,31.5,,,Cel,measured,soil_temperature_c
67928,2026-09-22 05:56:21.870668+00,5e34bea0-b7b1-45e9-8316-0b33a7f06557,ac1f09fffe296d29,uv_index,0,,,1,measured,uv_index
67929,2026-09-22 05:56:21.870668+00,5e34bea0-b7b1-45e9-8316-0b33a7f06557,ac1f09fffe296d29,barometer_pressure_pa,101136,,,Pa,measured,barometer_pressure_pa
67930,2026-09-22 05:56:21.870668+00,5e34bea0-b7b1-45e9-8316-0b33a7f06557,ac1f09fffe296d29,barometer_temperature_c,27.04,,,Cel,measured,barometer_temperature_c
67931,2026-09-22 05:56:21.870668+00,5e34bea0-b7b1-45e9-8316-0b33a7f06557,ac1f09fffe296d29,light_veml7700_lux,181.09,,,lx,measured,light_veml7700_lux
67932,2026-09-22 05:56:21.870668+00,5e34bea0-b7b1-45e9-8316-0b33a7f06557,ac1f09fffe296d29,light_opt3001_lux,159.72,,,lx,measured,light_opt3001_lux
67933,2026-09-22 05:56:21.870668+00,5e34bea0-b7b1-45e9-8316-0b33a7f06557,ac1f09fffe296d29,environment_temperature_c,30.3,,,Cel,measured,environment_temperature_c
67934,2026-09-22 05:56:21.870668+00,5e34bea0-b7b1-45e9-8316-0b33a7f06557,ac1f09fffe296d29,environment_humidity_percent,49,,,%,measured,environment_humidity_percent
67935,2026-09-22 05:56:21.870668+00,5e34bea0-b7b1-45e9-8316-0b33a7f06557,ac1f09fffe296d29,environment_pressure_pa,100836,,,Pa,measured,environment_pressure_pa
67936,2026-09-22 05:56:21.870668+00,5e34bea0-b7b1-45e9-8316-0b33a7f06557,ac1f09fffe296d29,environment_gas_resistance_ohm,50171,,,ohm,measured,environment_gas_resistance_ohm
67937,2026-09-22 05:56:21.870668+00,5e34bea0-b7b1-45e9-8316-0b33a7f06557,ac1f09fffe296d29,rain_wet,,,f,boolean,measured,rain_wet
67938,2026-09-22 05:56:21.870668+00,5e34bea0-b7b1-45e9-8316-0b33a7f06557,ac1f09fffe296d29,battery_v,,,,V,invalid,battery_v
67939,2026-09-22 05:56:37.146025+00,26ae62a6-a580-420b-a754-95cd74af7314,ac1f09fffe296d29,soil_moisture_percent,4,,,%,measured,soil_moisture_percent
67940,2026-09-22 05:56:37.146025+00,26ae62a6-a580-420b-a754-95cd74af7314,ac1f09fffe296d29,soil_temperature_c,31.5,,,Cel,measured,soil_temperature_c
67941,2026-09-22 05:56:37.146025+00,26ae62a6-a580-420b-a754-95cd74af7314,ac1f09fffe296d29,uv_index,0,,,1,measured,uv_index
67942,2026-09-22 05:56:37.146025+00,26ae62a6-a580-420b-a754-95cd74af7314,ac1f09fffe296d29,barometer_pressure_pa,101137,,,Pa,measured,barometer_pressure_pa
67943,2026-09-22 05:56:37.146025+00,26ae62a6-a580-420b-a754-95cd74af7314,ac1f09fffe296d29,barometer_temperature_c,27.05,,,Cel,measured,barometer_temperature_c
67944,2026-09-22 05:56:37.146025+00,26ae62a6-a580-420b-a754-95cd74af7314,ac1f09fffe296d29,light_veml7700_lux,164.91,,,lx,measured,light_veml7700_lux
67945,2026-09-22 05:56:37.146025+00,26ae62a6-a580-420b-a754-95cd74af7314,ac1f09fffe296d29,light_opt3001_lux,153.92,,,lx,measured,light_opt3001_lux
67946,2026-09-22 05:56:37.146025+00,26ae62a6-a580-420b-a754-95cd74af7314,ac1f09fffe296d29,environment_temperature_c,30.31,,,Cel,measured,environment_temperature_c
67947,2026-09-22 05:56:37.146025+00,26ae62a6-a580-420b-a754-95cd74af7314,ac1f09fffe296d29,environment_humidity_percent,49.1,,,%,measured,environment_humidity_percent
67948,2026-09-22 05:56:37.146025+00,26ae62a6-a580-420b-a754-95cd74af7314,ac1f09fffe296d29,environment_pressure_pa,100837,,,Pa,measured,environment_pressure_pa
67949,2026-09-22 05:56:37.146025+00,26ae62a6-a580-420b-a754-95cd74af7314,ac1f09fffe296d29,environment_gas_resistance_ohm,50081,,,ohm,measured,environment_gas_resistance_ohm
67950,2026-09-22 05:56:37.146025+00,26ae62a6-a580-420b-a754-95cd74af7314,ac1f09fffe296d29,rain_wet,,,f,boolean,measured,rain_wet
67951,2026-09-22 05:56:37.146025+00,26ae62a6-a580-420b-a754-95cd74af7314,ac1f09fffe296d29,battery_v,,,,V,invalid,battery_v
67952,2026-09-22 05:56:52.246062+00,cf35f4ab-b02f-42af-bab0-9958e2b9a2de,ac1f09fffe296d29,soil_moisture_percent,1,,,%,measured,soil_moisture_percent
67953,2026-09-22 05:56:52.246062+00,cf35f4ab-b02f-42af-bab0-9958e2b9a2de,ac1f09fffe296d29,soil_temperature_c,31.5,,,Cel,measured,soil_temperature_c
67954,2026-09-22 05:56:52.246062+00,cf35f4ab-b02f-42af-bab0-9958e2b9a2de,ac1f09fffe296d29,uv_index,0,,,1,measured,uv_index
67955,2026-09-22 05:56:52.246062+00,cf35f4ab-b02f-42af-bab0-9958e2b9a2de,ac1f09fffe296d29,barometer_pressure_pa,101141,,,Pa,measured,barometer_pressure_pa
67956,2026-09-22 05:56:52.246062+00,cf35f4ab-b02f-42af-bab0-9958e2b9a2de,ac1f09fffe296d29,barometer_temperature_c,27.05,,,Cel,measured,barometer_temperature_c
67957,2026-09-22 05:56:52.246062+00,cf35f4ab-b02f-42af-bab0-9958e2b9a2de,ac1f09fffe296d29,light_veml7700_lux,178.65,,,lx,measured,light_veml7700_lux
67958,2026-09-22 05:56:52.246062+00,cf35f4ab-b02f-42af-bab0-9958e2b9a2de,ac1f09fffe296d29,light_opt3001_lux,158.76,,,lx,measured,light_opt3001_lux
67959,2026-09-22 05:56:52.246062+00,cf35f4ab-b02f-42af-bab0-9958e2b9a2de,ac1f09fffe296d29,environment_temperature_c,30.32,,,Cel,measured,environment_temperature_c
67960,2026-09-22 05:56:52.246062+00,cf35f4ab-b02f-42af-bab0-9958e2b9a2de,ac1f09fffe296d29,environment_humidity_percent,49.1,,,%,measured,environment_humidity_percent
67961,2026-09-22 05:56:52.246062+00,cf35f4ab-b02f-42af-bab0-9958e2b9a2de,ac1f09fffe296d29,environment_pressure_pa,100837,,,Pa,measured,environment_pressure_pa
67962,2026-09-22 05:56:52.246062+00,cf35f4ab-b02f-42af-bab0-9958e2b9a2de,ac1f09fffe296d29,environment_gas_resistance_ohm,49932,,,ohm,measured,environment_gas_resistance_ohm
67963,2026-09-22 05:56:52.246062+00,cf35f4ab-b02f-42af-bab0-9958e2b9a2de,ac1f09fffe296d29,rain_wet,,,f,boolean,measured,rain_wet
67964,2026-09-22 05:56:52.246062+00,cf35f4ab-b02f-42af-bab0-9958e2b9a2de,ac1f09fffe296d29,battery_v,,,,V,invalid,battery_v
67965,2026-09-22 05:57:07.099306+00,4743d590-21da-4d1a-8374-b92e9f6d5804,ac1f09fffe296d29,soil_moisture_percent,3,,,%,measured,soil_moisture_percent
67966,2026-09-22 05:57:07.099306+00,4743d590-21da-4d1a-8374-b92e9f6d5804,ac1f09fffe296d29,soil_temperature_c,31.5,,,Cel,measured,soil_temperature_c
67967,2026-09-22 05:57:07.099306+00,4743d590-21da-4d1a-8374-b92e9f6d5804,ac1f09fffe296d29,uv_index,0,,,1,measured,uv_index
67968,2026-09-22 05:57:07.099306+00,4743d590-21da-4d1a-8374-b92e9f6d5804,ac1f09fffe296d29,barometer_pressure_pa,101141,,,Pa,measured,barometer_pressure_pa
67969,2026-09-22 05:57:07.099306+00,4743d590-21da-4d1a-8374-b92e9f6d5804,ac1f09fffe296d29,barometer_temperature_c,27.06,,,Cel,measured,barometer_temperature_c
67970,2026-09-22 05:57:07.099306+00,4743d590-21da-4d1a-8374-b92e9f6d5804,ac1f09fffe296d29,light_veml7700_lux,176.9,,,lx,measured,light_veml7700_lux
67971,2026-09-22 05:57:07.099306+00,4743d590-21da-4d1a-8374-b92e9f6d5804,ac1f09fffe296d29,light_opt3001_lux,157.16,,,lx,measured,light_opt3001_lux
67972,2026-09-22 05:57:07.099306+00,4743d590-21da-4d1a-8374-b92e9f6d5804,ac1f09fffe296d29,environment_temperature_c,30.33,,,Cel,measured,environment_temperature_c
67973,2026-09-22 05:57:07.099306+00,4743d590-21da-4d1a-8374-b92e9f6d5804,ac1f09fffe296d29,environment_humidity_percent,49.01,,,%,measured,environment_humidity_percent
67974,2026-09-22 05:57:07.099306+00,4743d590-21da-4d1a-8374-b92e9f6d5804,ac1f09fffe296d29,environment_pressure_pa,100837,,,Pa,measured,environment_pressure_pa
67975,2026-09-22 05:57:07.099306+00,4743d590-21da-4d1a-8374-b92e9f6d5804,ac1f09fffe296d29,environment_gas_resistance_ohm,49665,,,ohm,measured,environment_gas_resistance_ohm
67976,2026-09-22 05:57:07.099306+00,4743d590-21da-4d1a-8374-b92e9f6d5804,ac1f09fffe296d29,rain_wet,,,f,boolean,measured,rain_wet
67977,2026-09-22 05:57:07.099306+00,4743d590-21da-4d1a-8374-b92e9f6d5804,ac1f09fffe296d29,battery_v,,,,V,invalid,battery_v
67978,2026-09-22 05:57:21.887552+00,04b222a7-ff57-412b-9970-d4ac417164f4,ac1f09fffe296d29,soil_moisture_percent,4,,,%,measured,soil_moisture_percent
67979,2026-09-22 05:57:21.887552+00,04b222a7-ff57-412b-9970-d4ac417164f4,ac1f09fffe296d29,soil_temperature_c,31.5,,,Cel,measured,soil_temperature_c
67980,2026-09-22 05:57:21.887552+00,04b222a7-ff57-412b-9970-d4ac417164f4,ac1f09fffe296d29,uv_index,0,,,1,measured,uv_index
67981,2026-09-22 05:57:21.887552+00,04b222a7-ff57-412b-9970-d4ac417164f4,ac1f09fffe296d29,barometer_pressure_pa,101141,,,Pa,measured,barometer_pressure_pa
67982,2026-09-22 05:57:21.887552+00,04b222a7-ff57-412b-9970-d4ac417164f4,ac1f09fffe296d29,barometer_temperature_c,27.06,,,Cel,measured,barometer_temperature_c
67983,2026-09-22 05:57:21.887552+00,04b222a7-ff57-412b-9970-d4ac417164f4,ac1f09fffe296d29,light_veml7700_lux,177.35,,,lx,measured,light_veml7700_lux
67984,2026-09-22 05:57:21.887552+00,04b222a7-ff57-412b-9970-d4ac417164f4,ac1f09fffe296d29,light_opt3001_lux,157.8,,,lx,measured,light_opt3001_lux
67985,2026-09-22 05:57:21.887552+00,04b222a7-ff57-412b-9970-d4ac417164f4,ac1f09fffe296d29,environment_temperature_c,30.35,,,Cel,measured,environment_temperature_c
67986,2026-09-22 05:57:21.887552+00,04b222a7-ff57-412b-9970-d4ac417164f4,ac1f09fffe296d29,environment_humidity_percent,48.9,,,%,measured,environment_humidity_percent
67987,2026-09-22 05:57:21.887552+00,04b222a7-ff57-412b-9970-d4ac417164f4,ac1f09fffe296d29,environment_pressure_pa,100839,,,Pa,measured,environment_pressure_pa
67988,2026-09-22 05:57:21.887552+00,04b222a7-ff57-412b-9970-d4ac417164f4,ac1f09fffe296d29,environment_gas_resistance_ohm,48939,,,ohm,measured,environment_gas_resistance_ohm
67989,2026-09-22 05:57:21.887552+00,04b222a7-ff57-412b-9970-d4ac417164f4,ac1f09fffe296d29,rain_wet,,,f,boolean,measured,rain_wet
67990,2026-09-22 05:57:21.887552+00,04b222a7-ff57-412b-9970-d4ac417164f4,ac1f09fffe296d29,battery_v,,,,V,invalid,battery_v
67991,2026-09-22 05:57:37.119851+00,de89d935-4c8f-43b0-b9c8-26f6d05e1a7a,ac1f09fffe296d29,soil_moisture_percent,4,,,%,measured,soil_moisture_percent
67992,2026-09-22 05:57:37.119851+00,de89d935-4c8f-43b0-b9c8-26f6d05e1a7a,ac1f09fffe296d29,soil_temperature_c,31.5,,,Cel,measured,soil_temperature_c
67993,2026-09-22 05:57:37.119851+00,de89d935-4c8f-43b0-b9c8-26f6d05e1a7a,ac1f09fffe296d29,uv_index,0,,,1,measured,uv_index
67994,2026-09-22 05:57:37.119851+00,de89d935-4c8f-43b0-b9c8-26f6d05e1a7a,ac1f09fffe296d29,barometer_pressure_pa,101142,,,Pa,measured,barometer_pressure_pa
67995,2026-09-22 05:57:37.119851+00,de89d935-4c8f-43b0-b9c8-26f6d05e1a7a,ac1f09fffe296d29,barometer_temperature_c,27.07,,,Cel,measured,barometer_temperature_c
67996,2026-09-22 05:57:37.119851+00,de89d935-4c8f-43b0-b9c8-26f6d05e1a7a,ac1f09fffe296d29,light_veml7700_lux,177.59,,,lx,measured,light_veml7700_lux
67997,2026-09-22 05:57:37.119851+00,de89d935-4c8f-43b0-b9c8-26f6d05e1a7a,ac1f09fffe296d29,light_opt3001_lux,157.8,,,lx,measured,light_opt3001_lux
67998,2026-09-22 05:57:37.119851+00,de89d935-4c8f-43b0-b9c8-26f6d05e1a7a,ac1f09fffe296d29,environment_temperature_c,30.36,,,Cel,measured,environment_temperature_c
67999,2026-09-22 05:57:37.119851+00,de89d935-4c8f-43b0-b9c8-26f6d05e1a7a,ac1f09fffe296d29,environment_humidity_percent,48.89,,,%,measured,environment_humidity_percent
68000,2026-09-22 05:57:37.119851+00,de89d935-4c8f-43b0-b9c8-26f6d05e1a7a,ac1f09fffe296d29,environment_pressure_pa,100840,,,Pa,measured,environment_pressure_pa
68001,2026-09-22 05:57:37.119851+00,de89d935-4c8f-43b0-b9c8-26f6d05e1a7a,ac1f09fffe296d29,environment_gas_resistance_ohm,48939,,,ohm,measured,environment_gas_resistance_ohm
68002,2026-09-22 05:57:37.119851+00,de89d935-4c8f-43b0-b9c8-26f6d05e1a7a,ac1f09fffe296d29,rain_wet,,,f,boolean,measured,rain_wet
68003,2026-09-22 05:57:37.119851+00,de89d935-4c8f-43b0-b9c8-26f6d05e1a7a,ac1f09fffe296d29,battery_v,,,,V,invalid,battery_v
68004,2026-09-22 05:57:52.141338+00,967690e7-7d20-48ea-8484-bb67267cf4d7,ac1f09fffe296d29,soil_moisture_percent,2,,,%,measured,soil_moisture_percent
68005,2026-09-22 05:57:52.141338+00,967690e7-7d20-48ea-8484-bb67267cf4d7,ac1f09fffe296d29,soil_temperature_c,31.5,,,Cel,measured,soil_temperature_c
68006,2026-09-22 05:57:52.141338+00,967690e7-7d20-48ea-8484-bb67267cf4d7,ac1f09fffe296d29,uv_index,0,,,1,measured,uv_index
68007,2026-09-22 05:57:52.141338+00,967690e7-7d20-48ea-8484-bb67267cf4d7,ac1f09fffe296d29,barometer_pressure_pa,101141,,,Pa,measured,barometer_pressure_pa
68008,2026-09-22 05:57:52.141338+00,967690e7-7d20-48ea-8484-bb67267cf4d7,ac1f09fffe296d29,barometer_temperature_c,27.07,,,Cel,measured,barometer_temperature_c
68009,2026-09-22 05:57:52.141338+00,967690e7-7d20-48ea-8484-bb67267cf4d7,ac1f09fffe296d29,light_veml7700_lux,177.71,,,lx,measured,light_veml7700_lux
68010,2026-09-22 05:57:52.141338+00,967690e7-7d20-48ea-8484-bb67267cf4d7,ac1f09fffe296d29,light_opt3001_lux,157.8,,,lx,measured,light_opt3001_lux
68011,2026-09-22 05:57:52.141338+00,967690e7-7d20-48ea-8484-bb67267cf4d7,ac1f09fffe296d29,environment_temperature_c,30.36,,,Cel,measured,environment_temperature_c
68012,2026-09-22 05:57:52.141338+00,967690e7-7d20-48ea-8484-bb67267cf4d7,ac1f09fffe296d29,environment_humidity_percent,48.94,,,%,measured,environment_humidity_percent
68013,2026-09-22 05:57:52.141338+00,967690e7-7d20-48ea-8484-bb67267cf4d7,ac1f09fffe296d29,environment_pressure_pa,100841,,,Pa,measured,environment_pressure_pa
68014,2026-09-22 05:57:52.141338+00,967690e7-7d20-48ea-8484-bb67267cf4d7,ac1f09fffe296d29,environment_gas_resistance_ohm,48882,,,ohm,measured,environment_gas_resistance_ohm
68015,2026-09-22 05:57:52.141338+00,967690e7-7d20-48ea-8484-bb67267cf4d7,ac1f09fffe296d29,rain_wet,,,f,boolean,measured,rain_wet
68016,2026-09-22 05:57:52.141338+00,967690e7-7d20-48ea-8484-bb67267cf4d7,ac1f09fffe296d29,battery_v,,,,V,invalid,battery_v
68017,2026-09-22 05:58:07.05227+00,5d25dd6b-bd4b-4f58-8ac0-bda89661949b,ac1f09fffe296d29,soil_moisture_percent,3,,,%,measured,soil_moisture_percent
68018,2026-09-22 05:58:07.05227+00,5d25dd6b-bd4b-4f58-8ac0-bda89661949b,ac1f09fffe296d29,soil_temperature_c,31.5,,,Cel,measured,soil_temperature_c
68019,2026-09-22 05:58:07.05227+00,5d25dd6b-bd4b-4f58-8ac0-bda89661949b,ac1f09fffe296d29,uv_index,0,,,1,measured,uv_index
68020,2026-09-22 05:58:07.05227+00,5d25dd6b-bd4b-4f58-8ac0-bda89661949b,ac1f09fffe296d29,barometer_pressure_pa,101141,,,Pa,measured,barometer_pressure_pa
68021,2026-09-22 05:58:07.05227+00,5d25dd6b-bd4b-4f58-8ac0-bda89661949b,ac1f09fffe296d29,barometer_temperature_c,27.07,,,Cel,measured,barometer_temperature_c
68022,2026-09-22 05:58:07.05227+00,5d25dd6b-bd4b-4f58-8ac0-bda89661949b,ac1f09fffe296d29,light_veml7700_lux,172.5,,,lx,measured,light_veml7700_lux
68023,2026-09-22 05:58:07.05227+00,5d25dd6b-bd4b-4f58-8ac0-bda89661949b,ac1f09fffe296d29,light_opt3001_lux,152,,,lx,measured,light_opt3001_lux
68024,2026-09-22 05:58:07.05227+00,5d25dd6b-bd4b-4f58-8ac0-bda89661949b,ac1f09fffe296d29,environment_temperature_c,30.36,,,Cel,measured,environment_temperature_c
68025,2026-09-22 05:58:07.05227+00,5d25dd6b-bd4b-4f58-8ac0-bda89661949b,ac1f09fffe296d29,environment_humidity_percent,48.94,,,%,measured,environment_humidity_percent
68026,2026-09-22 05:58:07.05227+00,5d25dd6b-bd4b-4f58-8ac0-bda89661949b,ac1f09fffe296d29,environment_pressure_pa,100841,,,Pa,measured,environment_pressure_pa
68027,2026-09-22 05:58:07.05227+00,5d25dd6b-bd4b-4f58-8ac0-bda89661949b,ac1f09fffe296d29,environment_gas_resistance_ohm,49054,,,ohm,measured,environment_gas_resistance_ohm
68028,2026-09-22 05:58:07.05227+00,5d25dd6b-bd4b-4f58-8ac0-bda89661949b,ac1f09fffe296d29,rain_wet,,,f,boolean,measured,rain_wet
68029,2026-09-22 05:58:07.05227+00,5d25dd6b-bd4b-4f58-8ac0-bda89661949b,ac1f09fffe296d29,battery_v,,,,V,invalid,battery_v
68030,2026-09-22 05:58:21.935865+00,0ba2525b-160e-4229-ac5a-09a23886d730,ac1f09fffe296d29,soil_moisture_percent,3,,,%,measured,soil_moisture_percent
68031,2026-09-22 05:58:21.935865+00,0ba2525b-160e-4229-ac5a-09a23886d730,ac1f09fffe296d29,soil_temperature_c,31.5,,,Cel,measured,soil_temperature_c
68032,2026-09-22 05:58:21.935865+00,0ba2525b-160e-4229-ac5a-09a23886d730,ac1f09fffe296d29,uv_index,0,,,1,measured,uv_index
68033,2026-09-22 05:58:21.935865+00,0ba2525b-160e-4229-ac5a-09a23886d730,ac1f09fffe296d29,barometer_pressure_pa,101143,,,Pa,measured,barometer_pressure_pa
68034,2026-09-22 05:58:21.935865+00,0ba2525b-160e-4229-ac5a-09a23886d730,ac1f09fffe296d29,barometer_temperature_c,27.07,,,Cel,measured,barometer_temperature_c
68035,2026-09-22 05:58:21.935865+00,0ba2525b-160e-4229-ac5a-09a23886d730,ac1f09fffe296d29,light_veml7700_lux,169.17,,,lx,measured,light_veml7700_lux
68036,2026-09-22 05:58:21.935865+00,0ba2525b-160e-4229-ac5a-09a23886d730,ac1f09fffe296d29,light_opt3001_lux,150.4,,,lx,measured,light_opt3001_lux
68037,2026-09-22 05:58:21.935865+00,0ba2525b-160e-4229-ac5a-09a23886d730,ac1f09fffe296d29,environment_temperature_c,30.37,,,Cel,measured,environment_temperature_c
68038,2026-09-22 05:58:21.935865+00,0ba2525b-160e-4229-ac5a-09a23886d730,ac1f09fffe296d29,environment_humidity_percent,48.96,,,%,measured,environment_humidity_percent
68039,2026-09-22 05:58:21.935865+00,0ba2525b-160e-4229-ac5a-09a23886d730,ac1f09fffe296d29,environment_pressure_pa,100841,,,Pa,measured,environment_pressure_pa
68040,2026-09-22 05:58:21.935865+00,0ba2525b-160e-4229-ac5a-09a23886d730,ac1f09fffe296d29,environment_gas_resistance_ohm,48997,,,ohm,measured,environment_gas_resistance_ohm
68041,2026-09-22 05:58:21.935865+00,0ba2525b-160e-4229-ac5a-09a23886d730,ac1f09fffe296d29,rain_wet,,,f,boolean,measured,rain_wet
68042,2026-09-22 05:58:21.935865+00,0ba2525b-160e-4229-ac5a-09a23886d730,ac1f09fffe296d29,battery_v,,,,V,invalid,battery_v
