timestamp_utc,container,cpu_percent,memory_usage,memory_percent
2026-09-22T05:42:40.255Z,grafana,1.20,"228.8MiB / 512MiB",44.68
2026-09-22T05:42:40.255Z,lorawan-gateway-evidence-verifier-1,20.82,"12.59MiB / 192MiB",6.56
2026-09-22T05:42:40.255Z,node-red-node-red-1,0.00,"116.2MiB / 1.922GiB",5.91
2026-09-22T05:42:40.255Z,lorawan-gateway-evidence-collector-1,0.28,"14.12MiB / 192MiB",7.36
2026-09-22T05:42:40.255Z,seaweedfs,18.65,"145.5MiB / 256MiB",56.82
2026-09-22T05:42:40.255Z,seaweedfs-metadata-etcd,8.77,"77.52MiB / 96MiB",80.75
2026-09-22T05:42:40.255Z,openbao,0.91,"36.09MiB / 512MiB",7.05
2026-09-22T05:42:40.255Z,spilo,0.93,"246.1MiB / 1.922GiB",12.50
2026-09-22T05:42:40.255Z,etcd,1.55,"52.46MiB / 1.922GiB",2.67
2026-09-22T05:42:47.783Z,grafana,1.69,"228.8MiB / 512MiB",44.68
2026-09-22T05:42:47.783Z,lorawan-gateway-evidence-verifier-1,14.07,"13.04MiB / 192MiB",6.79
2026-09-22T05:42:47.783Z,node-red-node-red-1,0.00,"116.2MiB / 1.922GiB",5.90
2026-09-22T05:42:47.783Z,lorawan-gateway-evidence-collector-1,0.27,"14.13MiB / 192MiB",7.36
2026-09-22T05:42:47.783Z,seaweedfs,30.24,"145.4MiB / 256MiB",56.81
2026-09-22T05:42:47.783Z,seaweedfs-metadata-etcd,12.46,"77.52MiB / 96MiB",80.75
2026-09-22T05:42:47.783Z,openbao,1.35,"36.21MiB / 512MiB",7.07
2026-09-22T05:42:47.783Z,spilo,1.53,"246.1MiB / 1.922GiB",12.50
2026-09-22T05:42:47.783Z,etcd,1.13,"52.46MiB / 1.922GiB",2.67
2026-09-22T05:42:55.345Z,grafana,1.15,"228.8MiB / 512MiB",44.68
2026-09-22T05:42:55.345Z,lorawan-gateway-evidence-verifier-1,14.39,"12.91MiB / 192MiB",6.72
2026-09-22T05:42:55.345Z,node-red-node-red-1,0.00,"116.3MiB / 1.922GiB",5.91
2026-09-22T05:42:55.345Z,lorawan-gateway-evidence-collector-1,0.34,"14.16MiB / 192MiB",7.37
2026-09-22T05:42:55.345Z,seaweedfs,24.58,"145.5MiB / 256MiB",56.85
2026-09-22T05:42:55.345Z,seaweedfs-metadata-etcd,12.17,"77.52MiB / 96MiB",80.75
2026-09-22T05:42:55.345Z,openbao,1.30,"36.21MiB / 512MiB",7.07
2026-09-22T05:42:55.345Z,spilo,1.17,"246.1MiB / 1.922GiB",12.50
2026-09-22T05:42:55.345Z,etcd,2.06,"52.46MiB / 1.922GiB",2.67
2026-09-22T05:43:02.952Z,grafana,1.12,"229.2MiB / 512MiB",44.76
2026-09-22T05:43:02.952Z,lorawan-gateway-evidence-verifier-1,17.86,"12.97MiB / 192MiB",6.76
2026-09-22T05:43:02.952Z,node-red-node-red-1,0.00,"116.3MiB / 1.922GiB",5.91
2026-09-22T05:43:02.952Z,lorawan-gateway-evidence-collector-1,0.29,"14.16MiB / 192MiB",7.37
2026-09-22T05:43:02.952Z,seaweedfs,21.94,"144.9MiB / 256MiB",56.61
2026-09-22T05:43:02.952Z,seaweedfs-metadata-etcd,10.84,"77.9MiB / 96MiB",81.15
2026-09-22T05:43:02.952Z,openbao,1.60,"36.23MiB / 512MiB",7.08
2026-09-22T05:43:02.952Z,spilo,2.84,"246.1MiB / 1.922GiB",12.50
2026-09-22T05:43:02.952Z,etcd,1.86,"52.46MiB / 1.922GiB",2.67
2026-09-22T05:43:10.643Z,grafana,1.11,"229.2MiB / 512MiB",44.76
2026-09-22T05:43:10.643Z,lorawan-gateway-evidence-verifier-1,19.01,"12.82MiB / 192MiB",6.68
2026-09-22T05:43:10.643Z,node-red-node-red-1,0.00,"116.3MiB / 1.922GiB",5.91
2026-09-22T05:43:10.643Z,lorawan-gateway-evidence-collector-1,0.32,"14.16MiB / 192MiB",7.37
2026-09-22T05:43:10.643Z,seaweedfs,19.11,"147.7MiB / 256MiB",57.70
2026-09-22T05:43:10.643Z,seaweedfs-metadata-etcd,10.29,"77.9MiB / 96MiB",81.15
2026-09-22T05:43:10.643Z,openbao,1.05,"36.23MiB / 512MiB",7.08
2026-09-22T05:43:10.643Z,spilo,0.64,"246.1MiB / 1.922GiB",12.50
2026-09-22T05:43:10.643Z,etcd,1.40,"52.46MiB / 1.922GiB",2.67
2026-09-22T05:43:18.066Z,grafana,1.41,"229.3MiB / 512MiB",44.78
2026-09-22T05:43:18.066Z,lorawan-gateway-evidence-verifier-1,21.05,"12.85MiB / 192MiB",6.69
2026-09-22T05:43:18.066Z,node-red-node-red-1,0.00,"116.3MiB / 1.922GiB",5.91
2026-09-22T05:43:18.066Z,lorawan-gateway-evidence-collector-1,0.34,"14.16MiB / 192MiB",7.37
2026-09-22T05:43:18.066Z,seaweedfs,18.15,"146MiB / 256MiB",57.03
2026-09-22T05:43:18.066Z,seaweedfs-metadata-etcd,12.00,"77.9MiB / 96MiB",81.15
2026-09-22T05:43:18.066Z,openbao,1.43,"36.23MiB / 512MiB",7.08
2026-09-22T05:43:18.066Z,spilo,1.87,"246.1MiB / 1.922GiB",12.51
2026-09-22T05:43:18.066Z,etcd,0.98,"52.46MiB / 1.922GiB",2.67
2026-09-22T05:43:25.791Z,grafana,1.12,"229.3MiB / 512MiB",44.78
2026-09-22T05:43:25.791Z,lorawan-gateway-evidence-verifier-1,19.72,"13.07MiB / 192MiB",6.81
2026-09-22T05:43:25.791Z,node-red-node-red-1,0.00,"116.4MiB / 1.922GiB",5.91
2026-09-22T05:43:25.791Z,lorawan-gateway-evidence-collector-1,0.33,"14.16MiB / 192MiB",7.37
2026-09-22T05:43:25.791Z,seaweedfs,23.93,"145.9MiB / 256MiB",57.00
2026-09-22T05:43:25.791Z,seaweedfs-metadata-etcd,11.68,"77.9MiB / 96MiB",81.15
2026-09-22T05:43:25.791Z,openbao,2.02,"36.23MiB / 512MiB",7.08
2026-09-22T05:43:25.791Z,spilo,1.57,"246.1MiB / 1.922GiB",12.51
2026-09-22T05:43:25.791Z,etcd,2.13,"52.5MiB / 1.922GiB",2.67
2026-09-22T05:43:33.406Z,grafana,1.13,"229.6MiB / 512MiB",44.85
2026-09-22T05:43:33.406Z,lorawan-gateway-evidence-verifier-1,14.29,"13.07MiB / 192MiB",6.81
2026-09-22T05:43:33.406Z,node-red-node-red-1,0.00,"116.4MiB / 1.922GiB",5.91
2026-09-22T05:43:33.406Z,lorawan-gateway-evidence-collector-1,0.30,"14.16MiB / 192MiB",7.37
2026-09-22T05:43:33.406Z,seaweedfs,28.42,"145.9MiB / 256MiB",56.99
2026-09-22T05:43:33.406Z,seaweedfs-metadata-etcd,13.14,"77.9MiB / 96MiB",81.14
2026-09-22T05:43:33.406Z,openbao,1.67,"36.23MiB / 512MiB",7.08
2026-09-22T05:43:33.406Z,spilo,1.94,"246.1MiB / 1.922GiB",12.51
2026-09-22T05:43:33.406Z,etcd,0.88,"52.5MiB / 1.922GiB",2.67
2026-09-22T05:43:40.990Z,grafana,1.19,"229.7MiB / 512MiB",44.86
2026-09-22T05:43:40.990Z,lorawan-gateway-evidence-verifier-1,15.56,"12.63MiB / 192MiB",6.58
2026-09-22T05:43:40.990Z,node-red-node-red-1,0.00,"116.4MiB / 1.922GiB",5.92
2026-09-22T05:43:40.990Z,lorawan-gateway-evidence-collector-1,0.29,"14.16MiB / 192MiB",7.37
2026-09-22T05:43:40.990Z,seaweedfs,28.77,"145.9MiB / 256MiB",56.98
2026-09-22T05:43:40.990Z,seaweedfs-metadata-etcd,10.61,"77.9MiB / 96MiB",81.15
2026-09-22T05:43:40.990Z,openbao,1.03,"36.23MiB / 512MiB",7.08
2026-09-22T05:43:40.990Z,spilo,1.43,"246.1MiB / 1.922GiB",12.51
2026-09-22T05:43:40.990Z,etcd,1.15,"52.5MiB / 1.922GiB",2.67
2026-09-22T05:43:48.674Z,grafana,1.88,"229.7MiB / 512MiB",44.86
2026-09-22T05:43:48.674Z,lorawan-gateway-evidence-verifier-1,0.00,"12.94MiB / 192MiB",6.74
2026-09-22T05:43:48.674Z,node-red-node-red-1,0.00,"116.4MiB / 1.922GiB",5.92
2026-09-22T05:43:48.674Z,lorawan-gateway-evidence-collector-1,0.39,"14.16MiB / 192MiB",7.37
2026-09-22T05:43:48.674Z,seaweedfs,3.65,"144.9MiB / 256MiB",56.60
2026-09-22T05:43:48.674Z,seaweedfs-metadata-etcd,4.47,"77.89MiB / 96MiB",81.14
2026-09-22T05:43:48.674Z,openbao,1.64,"36.23MiB / 512MiB",7.08
2026-09-22T05:43:48.674Z,spilo,1.94,"246.1MiB / 1.922GiB",12.51
2026-09-22T05:43:48.674Z,etcd,1.34,"52.5MiB / 1.922GiB",2.67
2026-09-22T05:43:55.973Z,grafana,1.23,"229.7MiB / 512MiB",44.86
2026-09-22T05:43:55.973Z,lorawan-gateway-evidence-verifier-1,0.10,"12.94MiB / 192MiB",6.74
2026-09-22T05:43:55.973Z,node-red-node-red-1,0.00,"116.5MiB / 1.922GiB",5.92
2026-09-22T05:43:55.973Z,lorawan-gateway-evidence-collector-1,0.37,"14.16MiB / 192MiB",7.37
2026-09-22T05:43:55.973Z,seaweedfs,0.59,"144.9MiB / 256MiB",56.60
2026-09-22T05:43:55.973Z,seaweedfs-metadata-etcd,1.21,"77.89MiB / 96MiB",81.14
2026-09-22T05:43:55.973Z,openbao,1.63,"36.23MiB / 512MiB",7.08
2026-09-22T05:43:55.973Z,spilo,0.74,"246.1MiB / 1.922GiB",12.51
2026-09-22T05:43:55.973Z,etcd,2.17,"52.5MiB / 1.922GiB",2.67
2026-09-22T05:44:03.160Z,grafana,1.84,"229.7MiB / 512MiB",44.86
2026-09-22T05:44:03.160Z,lorawan-gateway-evidence-verifier-1,0.00,"12.94MiB / 192MiB",6.74
2026-09-22T05:44:03.160Z,node-red-node-red-1,0.00,"116.5MiB / 1.922GiB",5.92
2026-09-22T05:44:03.160Z,lorawan-gateway-evidence-collector-1,0.40,"14.16MiB / 192MiB",7.37
2026-09-22T05:44:03.160Z,seaweedfs,0.53,"144.9MiB / 256MiB",56.60
2026-09-22T05:44:03.160Z,seaweedfs-metadata-etcd,1.33,"77.89MiB / 96MiB",81.14
2026-09-22T05:44:03.160Z,openbao,1.60,"36.23MiB / 512MiB",7.08
2026-09-22T05:44:03.160Z,spilo,2.41,"246.1MiB / 1.922GiB",12.51
2026-09-22T05:44:03.160Z,etcd,2.02,"52.5MiB / 1.922GiB",2.67
2026-09-22T05:44:10.451Z,grafana,1.30,"231.4MiB / 512MiB",45.20
2026-09-22T05:44:10.451Z,lorawan-gateway-evidence-verifier-1,0.03,"12.75MiB / 192MiB",6.64
2026-09-22T05:44:10.451Z,node-red-node-red-1,0.00,"80.76MiB / 1.922GiB",4.10
2026-09-22T05:44:10.451Z,lorawan-gateway-evidence-collector-1,0.34,"14.16MiB / 192MiB",7.37
2026-09-22T05:44:10.451Z,seaweedfs,7.73,"137.2MiB / 256MiB",53.58
2026-09-22T05:44:10.451Z,seaweedfs-metadata-etcd,8.95,"77.9MiB / 96MiB",81.15
2026-09-22T05:44:10.451Z,openbao,1.37,"36.23MiB / 512MiB",7.08
2026-09-22T05:44:10.451Z,spilo,0.62,"256.1MiB / 1.922GiB",13.01
2026-09-22T05:44:10.451Z,etcd,1.28,"52.5MiB / 1.922GiB",2.67
2026-09-22T05:44:18.304Z,grafana,1.40,"231.4MiB / 512MiB",45.20
2026-09-22T05:44:18.304Z,lorawan-gateway-evidence-verifier-1,8.53,"12.82MiB / 192MiB",6.68
2026-09-22T05:44:18.304Z,node-red-node-red-1,0.00,"80.75MiB / 1.922GiB",4.10
2026-09-22T05:44:18.304Z,lorawan-gateway-evidence-collector-1,0.35,"14.16MiB / 192MiB",7.37
2026-09-22T05:44:18.304Z,seaweedfs,21.98,"138.5MiB / 256MiB",54.11
2026-09-22T05:44:18.304Z,seaweedfs-metadata-etcd,10.65,"77.9MiB / 96MiB",81.14
2026-09-22T05:44:18.304Z,openbao,1.55,"36.23MiB / 512MiB",7.08
2026-09-22T05:44:18.304Z,spilo,1.65,"256.1MiB / 1.922GiB",13.02
2026-09-22T05:44:18.304Z,etcd,1.06,"52.5MiB / 1.922GiB",2.67
2026-09-22T05:44:25.689Z,grafana,1.21,"231.4MiB / 512MiB",45.20
2026-09-22T05:44:25.689Z,lorawan-gateway-evidence-verifier-1,0.10,"13.07MiB / 192MiB",6.81
2026-09-22T05:44:25.689Z,node-red-node-red-1,0.00,"80.79MiB / 1.922GiB",4.11
2026-09-22T05:44:25.689Z,lorawan-gateway-evidence-collector-1,0.32,"14.16MiB / 192MiB",7.37
2026-09-22T05:44:25.689Z,seaweedfs,6.11,"139.2MiB / 256MiB",54.37
2026-09-22T05:44:25.689Z,seaweedfs-metadata-etcd,7.99,"77.91MiB / 96MiB",81.15
2026-09-22T05:44:25.689Z,openbao,1.88,"36.23MiB / 512MiB",7.08
2026-09-22T05:44:25.689Z,spilo,0.65,"256.1MiB / 1.922GiB",13.02
2026-09-22T05:44:25.689Z,etcd,1.76,"52.5MiB / 1.922GiB",2.67
2026-09-22T05:44:33.102Z,grafana,1.34,"231.4MiB / 512MiB",45.20
2026-09-22T05:44:33.102Z,lorawan-gateway-evidence-verifier-1,0.00,"13.07MiB / 192MiB",6.81
2026-09-22T05:44:33.102Z,node-red-node-red-1,0.00,"80.79MiB / 1.922GiB",4.11
2026-09-22T05:44:33.102Z,lorawan-gateway-evidence-collector-1,0.40,"14.16MiB / 192MiB",7.37
2026-09-22T05:44:33.102Z,seaweedfs,0.70,"139.2MiB / 256MiB",54.37
2026-09-22T05:44:33.102Z,seaweedfs-metadata-etcd,0.88,"77.89MiB / 96MiB",81.14
2026-09-22T05:44:33.102Z,openbao,1.33,"36.23MiB / 512MiB",7.08
2026-09-22T05:44:33.102Z,spilo,1.53,"256.1MiB / 1.922GiB",13.02
2026-09-22T05:44:33.102Z,etcd,1.41,"52.5MiB / 1.922GiB",2.67
2026-09-22T05:44:40.313Z,grafana,1.07,"231.5MiB / 512MiB",45.21
2026-09-22T05:44:40.313Z,lorawan-gateway-evidence-verifier-1,6.82,"12.92MiB / 192MiB",6.73
2026-09-22T05:44:40.313Z,node-red-node-red-1,19.24,"80.83MiB / 1.922GiB",4.11
2026-09-22T05:44:40.313Z,lorawan-gateway-evidence-collector-1,0.28,"14.16MiB / 192MiB",7.37
2026-09-22T05:44:40.313Z,seaweedfs,18.97,"137.3MiB / 256MiB",53.63
2026-09-22T05:44:40.313Z,seaweedfs-metadata-etcd,8.45,"77.9MiB / 96MiB",81.14
2026-09-22T05:44:40.313Z,openbao,1.36,"36.23MiB / 512MiB",7.08
2026-09-22T05:44:40.313Z,spilo,1.50,"256.2MiB / 1.922GiB",13.02
2026-09-22T05:44:40.313Z,etcd,1.17,"52.5MiB / 1.922GiB",2.67
2026-09-22T05:44:47.591Z,grafana,1.03,"231.5MiB / 512MiB",45.21
2026-09-22T05:44:47.591Z,lorawan-gateway-evidence-verifier-1,17.31,"13.07MiB / 192MiB",6.81
2026-09-22T05:44:47.591Z,node-red-node-red-1,0.00,"80.83MiB / 1.922GiB",4.11
2026-09-22T05:44:47.591Z,lorawan-gateway-evidence-collector-1,0.26,"14.16MiB / 192MiB",7.37
2026-09-22T05:44:47.591Z,seaweedfs,27.61,"139MiB / 256MiB",54.31
2026-09-22T05:44:47.591Z,seaweedfs-metadata-etcd,7.73,"77.89MiB / 96MiB",81.14
2026-09-22T05:44:47.591Z,openbao,0.94,"36.23MiB / 512MiB",7.08
2026-09-22T05:44:47.591Z,spilo,0.97,"256.2MiB / 1.922GiB",13.02
2026-09-22T05:44:47.591Z,etcd,1.19,"52.5MiB / 1.922GiB",2.67
2026-09-22T05:44:54.936Z,grafana,0.93,"231.5MiB / 512MiB",45.21
2026-09-22T05:44:54.936Z,lorawan-gateway-evidence-verifier-1,10.56,"13.36MiB / 192MiB",6.96
2026-09-22T05:44:54.936Z,node-red-node-red-1,0.00,"80.87MiB / 1.922GiB",4.11
2026-09-22T05:44:54.936Z,lorawan-gateway-evidence-collector-1,0.28,"14.16MiB / 192MiB",7.37
2026-09-22T05:44:54.936Z,seaweedfs,25.13,"139.5MiB / 256MiB",54.51
2026-09-22T05:44:54.936Z,seaweedfs-metadata-etcd,10.55,"77.9MiB / 96MiB",81.14
2026-09-22T05:44:54.936Z,openbao,1.10,"36.23MiB / 512MiB",7.08
2026-09-22T05:44:54.936Z,spilo,2.52,"256.2MiB / 1.922GiB",13.02
2026-09-22T05:44:54.936Z,etcd,1.01,"52.5MiB / 1.922GiB",2.67
2026-09-22T05:45:02.413Z,grafana,1.95,"231.5MiB / 512MiB",45.21
2026-09-22T05:45:02.413Z,lorawan-gateway-evidence-verifier-1,14.21,"12.52MiB / 192MiB",6.52
2026-09-22T05:45:02.413Z,node-red-node-red-1,0.00,"80.87MiB / 1.922GiB",4.11
2026-09-22T05:45:02.413Z,lorawan-gateway-evidence-collector-1,0.51,"14.16MiB / 192MiB",7.37
2026-09-22T05:45:02.413Z,seaweedfs,28.90,"139.5MiB / 256MiB",54.50
2026-09-22T05:45:02.413Z,seaweedfs-metadata-etcd,10.19,"77.9MiB / 96MiB",81.14
2026-09-22T05:45:02.413Z,openbao,3.62,"36.23MiB / 512MiB",7.08
2026-09-22T05:45:02.413Z,spilo,4.79,"256.6MiB / 1.922GiB",13.04
2026-09-22T05:45:02.413Z,etcd,3.53,"52.5MiB / 1.922GiB",2.67
2026-09-22T05:45:10.134Z,grafana,1.21,"231.5MiB / 512MiB",45.21
2026-09-22T05:45:10.134Z,lorawan-gateway-evidence-verifier-1,5.23,"13.12MiB / 192MiB",6.83
2026-09-22T05:45:10.134Z,node-red-node-red-1,17.07,"92.77MiB / 1.922GiB",4.71
2026-09-22T05:45:10.134Z,lorawan-gateway-evidence-collector-1,0.33,"14.16MiB / 192MiB",7.37
2026-09-22T05:45:10.134Z,seaweedfs,14.69,"139.5MiB / 256MiB",54.50
2026-09-22T05:45:10.134Z,seaweedfs-metadata-etcd,8.85,"77.9MiB / 96MiB",81.14
2026-09-22T05:45:10.134Z,openbao,1.73,"36.23MiB / 512MiB",7.08
2026-09-22T05:45:10.134Z,spilo,2.65,"256.6MiB / 1.922GiB",13.04
2026-09-22T05:45:10.134Z,etcd,1.31,"52.5MiB / 1.922GiB",2.67
2026-09-22T05:45:17.597Z,grafana,1.48,"231.5MiB / 512MiB",45.21
2026-09-22T05:45:17.597Z,lorawan-gateway-evidence-verifier-1,14.24,"13.13MiB / 192MiB",6.84
2026-09-22T05:45:17.597Z,node-red-node-red-1,0.00,"80.89MiB / 1.922GiB",4.11
2026-09-22T05:45:17.597Z,lorawan-gateway-evidence-collector-1,0.36,"14.16MiB / 192MiB",7.37
2026-09-22T05:45:17.597Z,seaweedfs,23.82,"138.5MiB / 256MiB",54.11
2026-09-22T05:45:17.597Z,seaweedfs-metadata-etcd,13.78,"77.9MiB / 96MiB",81.15
2026-09-22T05:45:17.597Z,openbao,1.16,"36.23MiB / 512MiB",7.08
2026-09-22T05:45:17.597Z,spilo,0.91,"256.6MiB / 1.922GiB",13.04
2026-09-22T05:45:17.597Z,etcd,1.63,"52.5MiB / 1.922GiB",2.67
2026-09-22T05:45:25.235Z,grafana,1.05,"231.5MiB / 512MiB",45.21
2026-09-22T05:45:25.235Z,lorawan-gateway-evidence-verifier-1,12.31,"13.35MiB / 192MiB",6.95
2026-09-22T05:45:25.235Z,node-red-node-red-1,0.00,"80.95MiB / 1.922GiB",4.11
2026-09-22T05:45:25.235Z,lorawan-gateway-evidence-collector-1,0.30,"14.16MiB / 192MiB",7.37
2026-09-22T05:45:25.235Z,seaweedfs,24.47,"139.3MiB / 256MiB",54.43
2026-09-22T05:45:25.235Z,seaweedfs-metadata-etcd,10.69,"77.91MiB / 96MiB",81.16
2026-09-22T05:45:25.235Z,openbao,1.34,"36.23MiB / 512MiB",7.08
2026-09-22T05:45:25.235Z,spilo,1.54,"256.7MiB / 1.922GiB",13.04
2026-09-22T05:45:25.235Z,etcd,2.36,"52.51MiB / 1.922GiB",2.67
2026-09-22T05:45:32.752Z,grafana,1.36,"231.6MiB / 512MiB",45.24
2026-09-22T05:45:32.752Z,lorawan-gateway-evidence-verifier-1,15.12,"12.92MiB / 192MiB",6.73
2026-09-22T05:45:32.752Z,node-red-node-red-1,0.00,"80.95MiB / 1.922GiB",4.11
2026-09-22T05:45:32.752Z,lorawan-gateway-evidence-collector-1,0.69,"14.16MiB / 192MiB",7.37
2026-09-22T05:45:32.752Z,seaweedfs,28.18,"139.4MiB / 256MiB",54.46
2026-09-22T05:45:32.752Z,seaweedfs-metadata-etcd,15.45,"77.9MiB / 96MiB",81.15
2026-09-22T05:45:32.752Z,openbao,1.30,"36.23MiB / 512MiB",7.08
2026-09-22T05:45:32.752Z,spilo,3.48,"256.7MiB / 1.922GiB",13.04
2026-09-22T05:45:32.752Z,etcd,1.63,"52.5MiB / 1.922GiB",2.67
2026-09-22T05:45:40.561Z,grafana,1.17,"231.6MiB / 512MiB",45.24
2026-09-22T05:45:40.561Z,lorawan-gateway-evidence-verifier-1,15.31,"13.07MiB / 192MiB",6.81
2026-09-22T05:45:40.561Z,node-red-node-red-1,8.80,"85.88MiB / 1.922GiB",4.36
2026-09-22T05:45:40.561Z,lorawan-gateway-evidence-collector-1,0.28,"14.16MiB / 192MiB",7.37
2026-09-22T05:45:40.561Z,seaweedfs,24.18,"139.3MiB / 256MiB",54.40
2026-09-22T05:45:40.561Z,seaweedfs-metadata-etcd,7.19,"77.89MiB / 96MiB",81.14
2026-09-22T05:45:40.561Z,openbao,1.28,"36.23MiB / 512MiB",7.08
2026-09-22T05:45:40.561Z,spilo,1.09,"256.7MiB / 1.922GiB",13.04
2026-09-22T05:45:40.561Z,etcd,1.47,"52.5MiB / 1.922GiB",2.67
2026-09-22T05:45:48.146Z,grafana,1.92,"231.6MiB / 512MiB",45.24
2026-09-22T05:45:48.146Z,lorawan-gateway-evidence-verifier-1,0.10,"12.68MiB / 192MiB",6.60
2026-09-22T05:45:48.146Z,node-red-node-red-1,0.00,"80.99MiB / 1.922GiB",4.12
2026-09-22T05:45:48.146Z,lorawan-gateway-evidence-collector-1,0.38,"14.16MiB / 192MiB",7.37
2026-09-22T05:45:48.146Z,seaweedfs,0.70,"139.3MiB / 256MiB",54.43
2026-09-22T05:45:48.146Z,seaweedfs-metadata-etcd,1.39,"77.89MiB / 96MiB",81.14
2026-09-22T05:45:48.146Z,openbao,1.37,"36.23MiB / 512MiB",7.08
2026-09-22T05:45:48.146Z,spilo,0.75,"256.7MiB / 1.922GiB",13.04
2026-09-22T05:45:48.146Z,etcd,1.25,"52.5MiB / 1.922GiB",2.67
2026-09-22T05:45:55.513Z,grafana,1.16,"231.6MiB / 512MiB",45.24
2026-09-22T05:45:55.513Z,lorawan-gateway-evidence-verifier-1,12.22,"12.85MiB / 192MiB",6.69
2026-09-22T05:45:55.513Z,node-red-node-red-1,0.00,"81.04MiB / 1.922GiB",4.12
2026-09-22T05:45:55.513Z,lorawan-gateway-evidence-collector-1,0.28,"14.16MiB / 192MiB",7.37
2026-09-22T05:45:55.513Z,seaweedfs,21.05,"139.6MiB / 256MiB",54.54
2026-09-22T05:45:55.513Z,seaweedfs-metadata-etcd,10.30,"77.9MiB / 96MiB",81.14
2026-09-22T05:45:55.513Z,openbao,1.02,"36.23MiB / 512MiB",7.08
2026-09-22T05:45:55.513Z,spilo,0.56,"256.7MiB / 1.922GiB",13.04
2026-09-22T05:45:55.513Z,etcd,2.30,"52.5MiB / 1.922GiB",2.67
2026-09-22T05:46:03.143Z,grafana,1.13,"231.7MiB / 512MiB",45.25
2026-09-22T05:46:03.143Z,lorawan-gateway-evidence-verifier-1,9.97,"12.55MiB / 192MiB",6.54
2026-09-22T05:46:03.143Z,node-red-node-red-1,0.00,"81.03MiB / 1.922GiB",4.12
2026-09-22T05:46:03.143Z,lorawan-gateway-evidence-collector-1,0.30,"14.16MiB / 192MiB",7.37
2026-09-22T05:46:03.143Z,seaweedfs,19.97,"138.4MiB / 256MiB",54.06
2026-09-22T05:46:03.143Z,seaweedfs-metadata-etcd,10.09,"77.9MiB / 96MiB",81.15
2026-09-22T05:46:03.143Z,openbao,1.30,"36.23MiB / 512MiB",7.08
2026-09-22T05:46:03.143Z,spilo,1.50,"256.7MiB / 1.922GiB",13.04
2026-09-22T05:46:03.143Z,etcd,1.35,"52.5MiB / 1.922GiB",2.67
2026-09-22T05:46:10.790Z,grafana,1.12,"231.7MiB / 512MiB",45.25
2026-09-22T05:46:10.790Z,lorawan-gateway-evidence-verifier-1,11.55,"13.11MiB / 192MiB",6.83
2026-09-22T05:46:10.790Z,node-red-node-red-1,0.00,"81.07MiB / 1.922GiB",4.12
2026-09-22T05:46:10.790Z,lorawan-gateway-evidence-collector-1,0.38,"14.16MiB / 192MiB",7.37
2026-09-22T05:46:10.790Z,seaweedfs,25.45,"146.7MiB / 256MiB",57.32
2026-09-22T05:46:10.790Z,seaweedfs-metadata-etcd,11.50,"77.9MiB / 96MiB",81.14
2026-09-22T05:46:10.790Z,openbao,1.59,"36.23MiB / 512MiB",7.08
2026-09-22T05:46:10.790Z,spilo,1.52,"256.7MiB / 1.922GiB",13.04
2026-09-22T05:46:10.790Z,etcd,1.49,"52.5MiB / 1.922GiB",2.67
2026-09-22T05:46:18.277Z,grafana,1.34,"231.9MiB / 512MiB",45.29
2026-09-22T05:46:18.277Z,lorawan-gateway-evidence-verifier-1,13.06,"12.76MiB / 192MiB",6.65
2026-09-22T05:46:18.277Z,node-red-node-red-1,0.01,"81.07MiB / 1.922GiB",4.12
2026-09-22T05:46:18.277Z,lorawan-gateway-evidence-collector-1,0.28,"14.16MiB / 192MiB",7.37
2026-09-22T05:46:18.277Z,seaweedfs,28.43,"138.9MiB / 256MiB",54.24
2026-09-22T05:46:18.277Z,seaweedfs-metadata-etcd,12.80,"77.9MiB / 96MiB",81.15
2026-09-22T05:46:18.277Z,openbao,1.46,"36.27MiB / 512MiB",7.08
2026-09-22T05:46:18.277Z,spilo,1.44,"256.7MiB / 1.922GiB",13.04
2026-09-22T05:46:18.277Z,etcd,1.91,"52.5MiB / 1.922GiB",2.67
2026-09-22T05:46:26.106Z,grafana,1.17,"231.9MiB / 512MiB",45.29
2026-09-22T05:46:26.106Z,lorawan-gateway-evidence-verifier-1,12.41,"13.01MiB / 192MiB",6.78
2026-09-22T05:46:26.106Z,node-red-node-red-1,0.00,"81.11MiB / 1.922GiB",4.12
2026-09-22T05:46:26.106Z,lorawan-gateway-evidence-collector-1,0.30,"14.16MiB / 192MiB",7.37
2026-09-22T05:46:26.106Z,seaweedfs,24.13,"139.3MiB / 256MiB",54.43
2026-09-22T05:46:26.106Z,seaweedfs-metadata-etcd,10.60,"77.91MiB / 96MiB",81.15
2026-09-22T05:46:26.106Z,openbao,1.18,"36.27MiB / 512MiB",7.08
2026-09-22T05:46:26.106Z,spilo,0.86,"256.7MiB / 1.922GiB",13.04
2026-09-22T05:46:26.106Z,etcd,1.84,"52.5MiB / 1.922GiB",2.67
2026-09-22T05:46:33.641Z,grafana,1.24,"231.9MiB / 512MiB",45.29
2026-09-22T05:46:33.641Z,lorawan-gateway-evidence-verifier-1,0.31,"12.76MiB / 192MiB",6.64
2026-09-22T05:46:33.641Z,node-red-node-red-1,0.00,"81.11MiB / 1.922GiB",4.12
2026-09-22T05:46:33.641Z,lorawan-gateway-evidence-collector-1,0.37,"14.16MiB / 192MiB",7.37
2026-09-22T05:46:33.641Z,seaweedfs,7.59,"138.9MiB / 256MiB",54.27
2026-09-22T05:46:33.641Z,seaweedfs-metadata-etcd,10.36,"77.9MiB / 96MiB",81.15
2026-09-22T05:46:33.641Z,openbao,1.01,"36.27MiB / 512MiB",7.08
2026-09-22T05:46:33.641Z,spilo,1.67,"256.7MiB / 1.922GiB",13.04
2026-09-22T05:46:33.641Z,etcd,0.93,"52.5MiB / 1.922GiB",2.67
2026-09-22T05:46:40.956Z,grafana,1.21,"231.9MiB / 512MiB",45.29
2026-09-22T05:46:40.956Z,lorawan-gateway-evidence-verifier-1,13.23,"13.12MiB / 192MiB",6.83
2026-09-22T05:46:40.956Z,node-red-node-red-1,0.00,"81.11MiB / 1.922GiB",4.12
2026-09-22T05:46:40.956Z,lorawan-gateway-evidence-collector-1,0.29,"14.16MiB / 192MiB",7.37
2026-09-22T05:46:40.956Z,seaweedfs,31.01,"137.7MiB / 256MiB",53.80
2026-09-22T05:46:40.956Z,seaweedfs-metadata-etcd,12.87,"77.9MiB / 96MiB",81.14
2026-09-22T05:46:40.956Z,openbao,1.45,"36.27MiB / 512MiB",7.08
2026-09-22T05:46:40.956Z,spilo,1.48,"256.7MiB / 1.922GiB",13.05
2026-09-22T05:46:40.956Z,etcd,1.08,"52.5MiB / 1.922GiB",2.67
2026-09-22T05:46:48.612Z,grafana,1.72,"232MiB / 512MiB",45.32
2026-09-22T05:46:48.612Z,lorawan-gateway-evidence-verifier-1,14.80,"13.06MiB / 192MiB",6.80
2026-09-22T05:46:48.612Z,node-red-node-red-1,0.00,"81.11MiB / 1.922GiB",4.12
2026-09-22T05:46:48.612Z,lorawan-gateway-evidence-collector-1,0.33,"14.16MiB / 192MiB",7.37
2026-09-22T05:46:48.612Z,seaweedfs,25.65,"139.8MiB / 256MiB",54.61
2026-09-22T05:46:48.612Z,seaweedfs-metadata-etcd,11.86,"77.9MiB / 96MiB",81.15
2026-09-22T05:46:48.612Z,openbao,1.81,"36.27MiB / 512MiB",7.08
2026-09-22T05:46:48.612Z,spilo,2.69,"256.8MiB / 1.922GiB",13.05
2026-09-22T05:46:48.612Z,etcd,1.18,"52.5MiB / 1.922GiB",2.67
2026-09-22T05:46:56.292Z,grafana,1.14,"232MiB / 512MiB",45.32
2026-09-22T05:46:56.292Z,lorawan-gateway-evidence-verifier-1,12.65,"12.45MiB / 192MiB",6.48
2026-09-22T05:46:56.292Z,node-red-node-red-1,0.00,"81.11MiB / 1.922GiB",4.12
2026-09-22T05:46:56.292Z,lorawan-gateway-evidence-collector-1,0.32,"14.16MiB / 192MiB",7.37
2026-09-22T05:46:56.292Z,seaweedfs,23.63,"138.6MiB / 256MiB",54.13
2026-09-22T05:46:56.292Z,seaweedfs-metadata-etcd,10.95,"77.91MiB / 96MiB",81.16
2026-09-22T05:46:56.292Z,openbao,1.23,"36.27MiB / 512MiB",7.08
2026-09-22T05:46:56.292Z,spilo,1.23,"256.8MiB / 1.922GiB",13.05
2026-09-22T05:46:56.292Z,etcd,1.12,"52.5MiB / 1.922GiB",2.67
2026-09-22T05:47:03.804Z,grafana,1.02,"232MiB / 512MiB",45.32
2026-09-22T05:47:03.804Z,lorawan-gateway-evidence-verifier-1,12.93,"13.07MiB / 192MiB",6.81
2026-09-22T05:47:03.804Z,node-red-node-red-1,0.00,"81.11MiB / 1.922GiB",4.12
2026-09-22T05:47:03.804Z,lorawan-gateway-evidence-collector-1,0.28,"14.16MiB / 192MiB",7.37
2026-09-22T05:47:03.804Z,seaweedfs,27.71,"139.6MiB / 256MiB",54.55
2026-09-22T05:47:03.804Z,seaweedfs-metadata-etcd,12.22,"77.91MiB / 96MiB",81.15
2026-09-22T05:47:03.804Z,openbao,1.09,"36.27MiB / 512MiB",7.08
2026-09-22T05:47:03.804Z,spilo,1.68,"256.8MiB / 1.922GiB",13.05
2026-09-22T05:47:03.804Z,etcd,1.09,"52.5MiB / 1.922GiB",2.67
2026-09-22T05:47:11.319Z,grafana,1.11,"233.3MiB / 512MiB",45.57
2026-09-22T05:47:11.319Z,lorawan-gateway-evidence-verifier-1,11.90,"12.75MiB / 192MiB",6.64
2026-09-22T05:47:11.319Z,node-red-node-red-1,0.00,"81.11MiB / 1.922GiB",4.12
2026-09-22T05:47:11.319Z,lorawan-gateway-evidence-collector-1,0.27,"14.16MiB / 192MiB",7.37
2026-09-22T05:47:11.319Z,seaweedfs,23.05,"136.1MiB / 256MiB",53.16
2026-09-22T05:47:11.319Z,seaweedfs-metadata-etcd,11.39,"77.91MiB / 96MiB",81.16
2026-09-22T05:47:11.319Z,openbao,1.19,"36.27MiB / 512MiB",7.08
2026-09-22T05:47:11.319Z,spilo,1.21,"258.3MiB / 1.922GiB",13.13
2026-09-22T05:47:11.319Z,etcd,1.21,"52.5MiB / 1.922GiB",2.67
2026-09-22T05:47:18.859Z,grafana,1.23,"233.3MiB / 512MiB",45.57
2026-09-22T05:47:18.859Z,lorawan-gateway-evidence-verifier-1,13.35,"12.77MiB / 192MiB",6.65
2026-09-22T05:47:18.859Z,node-red-node-red-1,0.01,"81.16MiB / 1.922GiB",4.12
2026-09-22T05:47:18.859Z,lorawan-gateway-evidence-collector-1,0.34,"14.16MiB / 192MiB",7.37
2026-09-22T05:47:18.859Z,seaweedfs,32.64,"138.7MiB / 256MiB",54.18
2026-09-22T05:47:18.859Z,seaweedfs-metadata-etcd,14.92,"77.91MiB / 96MiB",81.15
2026-09-22T05:47:18.859Z,openbao,1.78,"36.27MiB / 512MiB",7.08
2026-09-22T05:47:18.859Z,spilo,3.23,"258.3MiB / 1.922GiB",13.13
2026-09-22T05:47:18.859Z,etcd,2.10,"52.5MiB / 1.922GiB",2.67
2026-09-22T05:47:26.546Z,grafana,1.12,"233.3MiB / 512MiB",45.57
2026-09-22T05:47:26.546Z,lorawan-gateway-evidence-verifier-1,12.17,"12.62MiB / 192MiB",6.57
2026-09-22T05:47:26.546Z,node-red-node-red-1,0.00,"81.18MiB / 1.922GiB",4.13
2026-09-22T05:47:26.546Z,lorawan-gateway-evidence-collector-1,0.29,"14.16MiB / 192MiB",7.37
2026-09-22T05:47:26.546Z,seaweedfs,26.49,"138.6MiB / 256MiB",54.15
2026-09-22T05:47:26.546Z,seaweedfs-metadata-etcd,11.25,"77.91MiB / 96MiB",81.16
2026-09-22T05:47:26.546Z,openbao,1.27,"36.27MiB / 512MiB",7.08
2026-09-22T05:47:26.546Z,spilo,0.90,"258.4MiB / 1.922GiB",13.13
2026-09-22T05:47:26.546Z,etcd,1.21,"52.5MiB / 1.922GiB",2.67
2026-09-22T05:47:34.070Z,grafana,0.97,"233.3MiB / 512MiB",45.57
2026-09-22T05:47:34.070Z,lorawan-gateway-evidence-verifier-1,14.69,"13.07MiB / 192MiB",6.81
2026-09-22T05:47:34.070Z,node-red-node-red-1,0.00,"81.18MiB / 1.922GiB",4.13
2026-09-22T05:47:34.070Z,lorawan-gateway-evidence-collector-1,0.29,"14.16MiB / 192MiB",7.37
2026-09-22T05:47:34.070Z,seaweedfs,26.37,"139.7MiB / 256MiB",54.55
2026-09-22T05:47:34.070Z,seaweedfs-metadata-etcd,11.87,"77.92MiB / 96MiB",81.16
2026-09-22T05:47:34.070Z,openbao,2.92,"36.27MiB / 512MiB",7.08
2026-09-22T05:47:34.070Z,spilo,3.08,"258.4MiB / 1.922GiB",13.13
2026-09-22T05:47:34.070Z,etcd,0.95,"52.5MiB / 1.922GiB",2.67
2026-09-22T05:47:41.695Z,grafana,0.99,"233.3MiB / 512MiB",45.57
2026-09-22T05:47:41.695Z,lorawan-gateway-evidence-verifier-1,14.68,"12.73MiB / 192MiB",6.63
2026-09-22T05:47:41.695Z,node-red-node-red-1,0.00,"81.22MiB / 1.922GiB",4.13
2026-09-22T05:47:41.695Z,lorawan-gateway-evidence-collector-1,0.44,"14.16MiB / 192MiB",7.37
2026-09-22T05:47:41.695Z,seaweedfs,24.51,"140MiB / 256MiB",54.69
2026-09-22T05:47:41.695Z,seaweedfs-metadata-etcd,10.34,"77.91MiB / 96MiB",81.16
2026-09-22T05:47:41.695Z,openbao,1.02,"36.27MiB / 512MiB",7.08
2026-09-22T05:47:41.695Z,spilo,1.28,"258.4MiB / 1.922GiB",13.13
2026-09-22T05:47:41.695Z,etcd,0.97,"52.5MiB / 1.922GiB",2.67
2026-09-22T05:47:49.246Z,grafana,1.17,"233.3MiB / 512MiB",45.57
2026-09-22T05:47:49.246Z,lorawan-gateway-evidence-verifier-1,13.00,"13.21MiB / 192MiB",6.88
2026-09-22T05:47:49.246Z,node-red-node-red-1,0.00,"81.22MiB / 1.922GiB",4.13
2026-09-22T05:47:49.246Z,lorawan-gateway-evidence-collector-1,0.37,"14.16MiB / 192MiB",7.37
2026-09-22T05:47:49.246Z,seaweedfs,30.21,"138.8MiB / 256MiB",54.22
2026-09-22T05:47:49.246Z,seaweedfs-metadata-etcd,12.16,"77.91MiB / 96MiB",81.16
2026-09-22T05:47:49.246Z,openbao,1.59,"36.27MiB / 512MiB",7.08
2026-09-22T05:47:49.246Z,spilo,1.78,"258.4MiB / 1.922GiB",13.13
2026-09-22T05:47:49.246Z,etcd,1.21,"52.5MiB / 1.922GiB",2.67
2026-09-22T05:47:56.769Z,grafana,1.14,"234.6MiB / 512MiB",45.82
2026-09-22T05:47:56.769Z,lorawan-gateway-evidence-verifier-1,20.56,"12.73MiB / 192MiB",6.63
2026-09-22T05:47:56.769Z,node-red-node-red-1,0.00,"81.25MiB / 1.922GiB",4.13
2026-09-22T05:47:56.769Z,lorawan-gateway-evidence-collector-1,0.28,"14.16MiB / 192MiB",7.37
2026-09-22T05:47:56.769Z,seaweedfs,16.95,"139.6MiB / 256MiB",54.53
2026-09-22T05:47:56.769Z,seaweedfs-metadata-etcd,8.33,"77.91MiB / 96MiB",81.16
2026-09-22T05:47:56.769Z,openbao,1.27,"36.27MiB / 512MiB",7.08
2026-09-22T05:47:56.769Z,spilo,2.84,"259MiB / 1.922GiB",13.16
2026-09-22T05:47:56.769Z,etcd,1.06,"52.5MiB / 1.922GiB",2.67
2026-09-22T05:48:04.264Z,grafana,1.01,"234.7MiB / 512MiB",45.85
2026-09-22T05:48:04.264Z,lorawan-gateway-evidence-verifier-1,12.67,"13.11MiB / 192MiB",6.83
2026-09-22T05:48:04.264Z,node-red-node-red-1,0.00,"81.25MiB / 1.922GiB",4.13
2026-09-22T05:48:04.264Z,lorawan-gateway-evidence-collector-1,0.39,"14.19MiB / 192MiB",7.39
2026-09-22T05:48:04.264Z,seaweedfs,26.84,"139.1MiB / 256MiB",54.32
2026-09-22T05:48:04.264Z,seaweedfs-metadata-etcd,10.90,"77.92MiB / 96MiB",81.16
2026-09-22T05:48:04.264Z,openbao,1.02,"36.27MiB / 512MiB",7.08
2026-09-22T05:48:04.264Z,spilo,2.21,"259MiB / 1.922GiB",13.16
2026-09-22T05:48:04.264Z,etcd,1.04,"52.5MiB / 1.922GiB",2.67
2026-09-22T05:48:11.729Z,grafana,1.54,"234.7MiB / 512MiB",45.85
2026-09-22T05:48:11.729Z,lorawan-gateway-evidence-verifier-1,22.28,"13.01MiB / 192MiB",6.77
2026-09-22T05:48:11.729Z,node-red-node-red-1,0.00,"81.3MiB / 1.922GiB",4.13
2026-09-22T05:48:11.729Z,lorawan-gateway-evidence-collector-1,2.23,"14.31MiB / 192MiB",7.45
2026-09-22T05:48:11.729Z,seaweedfs,29.18,"138.7MiB / 256MiB",54.17
2026-09-22T05:48:11.729Z,seaweedfs-metadata-etcd,16.02,"77.91MiB / 96MiB",81.16
2026-09-22T05:48:11.729Z,openbao,1.40,"36.27MiB / 512MiB",7.08
2026-09-22T05:48:11.729Z,spilo,2.64,"259MiB / 1.922GiB",13.16
2026-09-22T05:48:11.729Z,etcd,1.14,"52.5MiB / 1.922GiB",2.67
2026-09-22T05:48:19.327Z,grafana,1.15,"235MiB / 512MiB",45.90
2026-09-22T05:48:19.327Z,lorawan-gateway-evidence-verifier-1,20.57,"12.5MiB / 192MiB",6.51
2026-09-22T05:48:19.327Z,node-red-node-red-1,1.79,"81.34MiB / 1.922GiB",4.13
2026-09-22T05:48:19.327Z,lorawan-gateway-evidence-collector-1,0.49,"14.31MiB / 192MiB",7.45
2026-09-22T05:48:19.327Z,seaweedfs,16.38,"138.8MiB / 256MiB",54.23
2026-09-22T05:48:19.327Z,seaweedfs-metadata-etcd,9.42,"77.91MiB / 96MiB",81.16
2026-09-22T05:48:19.327Z,openbao,1.34,"36.27MiB / 512MiB",7.08
2026-09-22T05:48:19.327Z,spilo,2.18,"259MiB / 1.922GiB",13.16
2026-09-22T05:48:19.327Z,etcd,1.45,"52.54MiB / 1.922GiB",2.67
2026-09-22T05:48:26.855Z,grafana,1.09,"235MiB / 512MiB",45.90
2026-09-22T05:48:26.855Z,lorawan-gateway-evidence-verifier-1,16.20,"13.01MiB / 192MiB",6.77
2026-09-22T05:48:26.855Z,node-red-node-red-1,0.00,"81.35MiB / 1.922GiB",4.13
2026-09-22T05:48:26.855Z,lorawan-gateway-evidence-collector-1,0.29,"14.31MiB / 192MiB",7.45
2026-09-22T05:48:26.855Z,seaweedfs,28.75,"138.6MiB / 256MiB",54.14
2026-09-22T05:48:26.855Z,seaweedfs-metadata-etcd,10.27,"77.91MiB / 96MiB",81.15
2026-09-22T05:48:26.855Z,openbao,1.35,"36.27MiB / 512MiB",7.08
2026-09-22T05:48:26.855Z,spilo,0.31,"259MiB / 1.922GiB",13.16
2026-09-22T05:48:26.855Z,etcd,1.36,"52.54MiB / 1.922GiB",2.67
2026-09-22T05:48:34.411Z,grafana,1.26,"235.1MiB / 512MiB",45.92
2026-09-22T05:48:34.411Z,lorawan-gateway-evidence-verifier-1,12.88,"13.07MiB / 192MiB",6.81
2026-09-22T05:48:34.411Z,node-red-node-red-1,0.00,"81.34MiB / 1.922GiB",4.13
2026-09-22T05:48:34.411Z,lorawan-gateway-evidence-collector-1,0.73,"14.31MiB / 192MiB",7.45
2026-09-22T05:48:34.411Z,seaweedfs,31.66,"144.6MiB / 256MiB",56.47
2026-09-22T05:48:34.411Z,seaweedfs-metadata-etcd,13.02,"77.91MiB / 96MiB",81.16
2026-09-22T05:48:34.411Z,openbao,1.56,"36.3MiB / 512MiB",7.09
2026-09-22T05:48:34.411Z,spilo,2.86,"259MiB / 1.922GiB",13.16
2026-09-22T05:48:34.411Z,etcd,1.44,"52.54MiB / 1.922GiB",2.67
2026-09-22T05:48:42.090Z,grafana,1.05,"235.1MiB / 512MiB",45.92
2026-09-22T05:48:42.090Z,lorawan-gateway-evidence-verifier-1,18.52,"12.95MiB / 192MiB",6.74
2026-09-22T05:48:42.090Z,node-red-node-red-1,0.00,"81.39MiB / 1.922GiB",4.14
2026-09-22T05:48:42.090Z,lorawan-gateway-evidence-collector-1,0.50,"14.31MiB / 192MiB",7.45
2026-09-22T05:48:42.090Z,seaweedfs,21.63,"139.7MiB / 256MiB",54.56
2026-09-22T05:48:42.090Z,seaweedfs-metadata-etcd,10.82,"77.96MiB / 96MiB",81.21
2026-09-22T05:48:42.090Z,openbao,0.98,"36.3MiB / 512MiB",7.09
2026-09-22T05:48:42.090Z,spilo,2.19,"259MiB / 1.922GiB",13.16
2026-09-22T05:48:42.090Z,etcd,1.06,"52.54MiB / 1.922GiB",2.67
2026-09-22T05:48:49.782Z,grafana,1.08,"235.1MiB / 512MiB",45.92
2026-09-22T05:48:49.782Z,lorawan-gateway-evidence-verifier-1,20.53,"13.04MiB / 192MiB",6.79
2026-09-22T05:48:49.782Z,node-red-node-red-1,1.33,"81.42MiB / 1.922GiB",4.14
2026-09-22T05:48:49.782Z,lorawan-gateway-evidence-collector-1,0.61,"14.31MiB / 192MiB",7.45
2026-09-22T05:48:49.782Z,seaweedfs,17.87,"139.5MiB / 256MiB",54.51
2026-09-22T05:48:49.782Z,seaweedfs-metadata-etcd,8.99,"77.95MiB / 96MiB",81.20
2026-09-22T05:48:49.782Z,openbao,1.39,"36.3MiB / 512MiB",7.09
2026-09-22T05:48:49.782Z,spilo,2.49,"259MiB / 1.922GiB",13.16
2026-09-22T05:48:49.782Z,etcd,0.98,"52.54MiB / 1.922GiB",2.67
2026-09-22T05:48:57.403Z,grafana,1.11,"235.1MiB / 512MiB",45.92
2026-09-22T05:48:57.403Z,lorawan-gateway-evidence-verifier-1,19.63,"12.67MiB / 192MiB",6.60
2026-09-22T05:48:57.403Z,node-red-node-red-1,0.00,"81.42MiB / 1.922GiB",4.14
2026-09-22T05:48:57.403Z,lorawan-gateway-evidence-collector-1,0.30,"14.31MiB / 192MiB",7.45
2026-09-22T05:48:57.403Z,seaweedfs,17.89,"139.4MiB / 256MiB",54.44
2026-09-22T05:48:57.403Z,seaweedfs-metadata-etcd,7.89,"77.95MiB / 96MiB",81.20
2026-09-22T05:48:57.403Z,openbao,1.26,"36.3MiB / 512MiB",7.09
2026-09-22T05:48:57.403Z,spilo,2.67,"259MiB / 1.922GiB",13.16
2026-09-22T05:48:57.403Z,etcd,0.96,"52.54MiB / 1.922GiB",2.67
2026-09-22T05:49:04.969Z,grafana,1.05,"235.3MiB / 512MiB",45.95
2026-09-22T05:49:04.969Z,lorawan-gateway-evidence-verifier-1,11.47,"13.11MiB / 192MiB",6.83
2026-09-22T05:49:04.969Z,node-red-node-red-1,1.23,"81.46MiB / 1.922GiB",4.14
2026-09-22T05:49:04.969Z,lorawan-gateway-evidence-collector-1,0.73,"14.31MiB / 192MiB",7.45
2026-09-22T05:49:04.969Z,seaweedfs,21.63,"139.2MiB / 256MiB",54.37
2026-09-22T05:49:04.969Z,seaweedfs-metadata-etcd,10.57,"77.95MiB / 96MiB",81.19
2026-09-22T05:49:04.969Z,openbao,1.27,"36.3MiB / 512MiB",7.09
2026-09-22T05:49:04.969Z,spilo,1.54,"259MiB / 1.922GiB",13.16
2026-09-22T05:49:04.969Z,etcd,1.47,"52.55MiB / 1.922GiB",2.67
2026-09-22T05:49:12.569Z,grafana,1.16,"237.3MiB / 512MiB",46.35
2026-09-22T05:49:12.569Z,lorawan-gateway-evidence-verifier-1,12.26,"12.95MiB / 192MiB",6.74
2026-09-22T05:49:12.569Z,node-red-node-red-1,0.00,"81.46MiB / 1.922GiB",4.14
2026-09-22T05:49:12.569Z,lorawan-gateway-evidence-collector-1,0.33,"14.31MiB / 192MiB",7.45
2026-09-22T05:49:12.569Z,seaweedfs,21.84,"139MiB / 256MiB",54.30
2026-09-22T05:49:12.569Z,seaweedfs-metadata-etcd,9.95,"77.95MiB / 96MiB",81.20
2026-09-22T05:49:12.569Z,openbao,0.95,"36.3MiB / 512MiB",7.09
2026-09-22T05:49:12.569Z,spilo,1.32,"259.7MiB / 1.922GiB",13.20
2026-09-22T05:49:12.569Z,etcd,0.92,"52.55MiB / 1.922GiB",2.67
2026-09-22T05:49:20.150Z,grafana,0.97,"237.3MiB / 512MiB",46.35
2026-09-22T05:49:20.150Z,lorawan-gateway-evidence-verifier-1,14.78,"12.7MiB / 192MiB",6.61
2026-09-22T05:49:20.150Z,node-red-node-red-1,0.00,"81.46MiB / 1.922GiB",4.14
2026-09-22T05:49:20.150Z,lorawan-gateway-evidence-collector-1,0.33,"14.31MiB / 192MiB",7.45
2026-09-22T05:49:20.150Z,seaweedfs,26.10,"138.6MiB / 256MiB",54.14
2026-09-22T05:49:20.150Z,seaweedfs-metadata-etcd,8.88,"77.95MiB / 96MiB",81.20
2026-09-22T05:49:20.150Z,openbao,1.40,"36.3MiB / 512MiB",7.09
2026-09-22T05:49:20.150Z,spilo,2.02,"259.7MiB / 1.922GiB",13.20
2026-09-22T05:49:20.150Z,etcd,1.14,"52.73MiB / 1.922GiB",2.68
2026-09-22T05:49:27.612Z,grafana,1.27,"237.3MiB / 512MiB",46.35
2026-09-22T05:49:27.612Z,lorawan-gateway-evidence-verifier-1,0.00,"13.07MiB / 192MiB",6.81
2026-09-22T05:49:27.612Z,node-red-node-red-1,0.00,"81.46MiB / 1.922GiB",4.14
2026-09-22T05:49:27.612Z,lorawan-gateway-evidence-collector-1,0.38,"14.31MiB / 192MiB",7.45
2026-09-22T05:49:27.612Z,seaweedfs,0.76,"138.6MiB / 256MiB",54.13
2026-09-22T05:49:27.612Z,seaweedfs-metadata-etcd,1.14,"77.95MiB / 96MiB",81.19
2026-09-22T05:49:27.612Z,openbao,1.63,"36.3MiB / 512MiB",7.09
2026-09-22T05:49:27.612Z,spilo,0.60,"259.7MiB / 1.922GiB",13.20
2026-09-22T05:49:27.612Z,etcd,1.31,"52.73MiB / 1.922GiB",2.68
2026-09-22T05:49:34.811Z,grafana,1.39,"237.4MiB / 512MiB",46.37
2026-09-22T05:49:34.811Z,lorawan-gateway-evidence-verifier-1,0.00,"13.07MiB / 192MiB",6.81
2026-09-22T05:49:34.811Z,node-red-node-red-1,0.00,"81.46MiB / 1.922GiB",4.14
2026-09-22T05:49:34.811Z,lorawan-gateway-evidence-collector-1,0.41,"14.31MiB / 192MiB",7.45
2026-09-22T05:49:34.811Z,seaweedfs,1.20,"138.7MiB / 256MiB",54.19
2026-09-22T05:49:34.811Z,seaweedfs-metadata-etcd,1.11,"77.95MiB / 96MiB",81.19
2026-09-22T05:49:34.811Z,openbao,1.80,"36.3MiB / 512MiB",7.09
2026-09-22T05:49:34.811Z,spilo,2.32,"259.7MiB / 1.922GiB",13.19
2026-09-22T05:49:34.811Z,etcd,1.53,"52.73MiB / 1.922GiB",2.68
2026-09-22T05:49:42.028Z,grafana,1.42,"237.4MiB / 512MiB",46.37
2026-09-22T05:49:42.028Z,lorawan-gateway-evidence-verifier-1,0.13,"13.07MiB / 192MiB",6.81
2026-09-22T05:49:42.028Z,node-red-node-red-1,0.00,"81.46MiB / 1.922GiB",4.14
2026-09-22T05:49:42.028Z,lorawan-gateway-evidence-collector-1,0.34,"14.31MiB / 192MiB",7.45
2026-09-22T05:49:42.028Z,seaweedfs,8.38,"138.7MiB / 256MiB",54.19
2026-09-22T05:49:42.028Z,seaweedfs-metadata-etcd,10.26,"77.95MiB / 96MiB",81.20
2026-09-22T05:49:42.028Z,openbao,1.91,"36.3MiB / 512MiB",7.09
2026-09-22T05:49:42.028Z,spilo,1.14,"259.7MiB / 1.922GiB",13.19
2026-09-22T05:49:42.028Z,etcd,1.11,"52.73MiB / 1.922GiB",2.68
2026-09-22T05:49:49.352Z,grafana,1.21,"237.4MiB / 512MiB",46.37
2026-09-22T05:49:49.352Z,lorawan-gateway-evidence-verifier-1,13.26,"13.43MiB / 192MiB",7.00
2026-09-22T05:49:49.352Z,node-red-node-red-1,0.00,"81.46MiB / 1.922GiB",4.14
2026-09-22T05:49:49.352Z,lorawan-gateway-evidence-collector-1,0.29,"14.31MiB / 192MiB",7.45
2026-09-22T05:49:49.352Z,seaweedfs,24.84,"138.6MiB / 256MiB",54.14
2026-09-22T05:49:49.352Z,seaweedfs-metadata-etcd,11.90,"77.95MiB / 96MiB",81.20
2026-09-22T05:49:49.352Z,openbao,1.98,"36.4MiB / 512MiB",7.11
2026-09-22T05:49:49.352Z,spilo,1.79,"259.7MiB / 1.922GiB",13.20
2026-09-22T05:49:49.352Z,etcd,1.12,"52.73MiB / 1.922GiB",2.68
2026-09-22T05:49:56.948Z,grafana,1.31,"237.4MiB / 512MiB",46.37
2026-09-22T05:49:56.948Z,lorawan-gateway-evidence-verifier-1,0.00,"13.43MiB / 192MiB",7.00
2026-09-22T05:49:56.948Z,node-red-node-red-1,0.00,"81.46MiB / 1.922GiB",4.14
2026-09-22T05:49:56.948Z,lorawan-gateway-evidence-collector-1,0.37,"14.31MiB / 192MiB",7.45
2026-09-22T05:49:56.948Z,seaweedfs,0.83,"139.1MiB / 256MiB",54.32
2026-09-22T05:49:56.948Z,seaweedfs-metadata-etcd,1.00,"77.95MiB / 96MiB",81.19
2026-09-22T05:49:56.948Z,openbao,1.36,"36.4MiB / 512MiB",7.11
2026-09-22T05:49:56.948Z,spilo,2.20,"259.7MiB / 1.922GiB",13.20
2026-09-22T05:49:56.948Z,etcd,1.13,"52.78MiB / 1.922GiB",2.68
2026-09-22T05:50:04.183Z,grafana,1.21,"237.5MiB / 512MiB",46.39
2026-09-22T05:50:04.183Z,lorawan-gateway-evidence-verifier-1,9.59,"12.75MiB / 192MiB",6.64
2026-09-22T05:50:04.183Z,node-red-node-red-1,0.00,"81.57MiB / 1.922GiB",4.14
2026-09-22T05:50:04.183Z,lorawan-gateway-evidence-collector-1,0.32,"14.31MiB / 192MiB",7.45
2026-09-22T05:50:04.183Z,seaweedfs,17.89,"137.7MiB / 256MiB",53.78
2026-09-22T05:50:04.183Z,seaweedfs-metadata-etcd,8.49,"77.95MiB / 96MiB",81.20
2026-09-22T05:50:04.183Z,openbao,2.03,"36.63MiB / 512MiB",7.15
2026-09-22T05:50:04.183Z,spilo,2.62,"259.7MiB / 1.922GiB",13.20
2026-09-22T05:50:04.183Z,etcd,2.77,"52.78MiB / 1.922GiB",2.68
2026-09-22T05:50:11.764Z,grafana,1.52,"237.6MiB / 512MiB",46.40
2026-09-22T05:50:11.764Z,lorawan-gateway-evidence-verifier-1,16.35,"13.05MiB / 192MiB",6.80
2026-09-22T05:50:11.764Z,node-red-node-red-1,0.00,"81.59MiB / 1.922GiB",4.15
2026-09-22T05:50:11.764Z,lorawan-gateway-evidence-collector-1,1.26,"14.31MiB / 192MiB",7.45
2026-09-22T05:50:11.764Z,seaweedfs,32.14,"141.5MiB / 256MiB",55.28
2026-09-22T05:50:11.764Z,seaweedfs-metadata-etcd,12.70,"77.95MiB / 96MiB",81.20
2026-09-22T05:50:11.764Z,openbao,2.07,"36.63MiB / 512MiB",7.15
2026-09-22T05:50:11.764Z,spilo,1.36,"259.7MiB / 1.922GiB",13.20
2026-09-22T05:50:11.764Z,etcd,1.43,"52.78MiB / 1.922GiB",2.68
2026-09-22T05:50:19.461Z,grafana,1.49,"237.6MiB / 512MiB",46.40
2026-09-22T05:50:19.461Z,lorawan-gateway-evidence-verifier-1,0.86,"13.31MiB / 192MiB",6.93
2026-09-22T05:50:19.461Z,node-red-node-red-1,0.00,"81.58MiB / 1.922GiB",4.15
2026-09-22T05:50:19.461Z,lorawan-gateway-evidence-collector-1,0.86,"14.31MiB / 192MiB",7.45
2026-09-22T05:50:19.461Z,seaweedfs,13.04,"140.9MiB / 256MiB",55.02
2026-09-22T05:50:19.461Z,seaweedfs-metadata-etcd,12.87,"77.95MiB / 96MiB",81.20
2026-09-22T05:50:19.461Z,openbao,1.57,"36.63MiB / 512MiB",7.15
2026-09-22T05:50:19.461Z,spilo,2.34,"259.7MiB / 1.922GiB",13.20
2026-09-22T05:50:19.461Z,etcd,1.35,"52.78MiB / 1.922GiB",2.68
2026-09-22T05:50:27.095Z,grafana,1.30,"237.6MiB / 512MiB",46.40
2026-09-22T05:50:27.095Z,lorawan-gateway-evidence-verifier-1,12.80,"12.65MiB / 192MiB",6.59
2026-09-22T05:50:27.095Z,node-red-node-red-1,0.00,"81.62MiB / 1.922GiB",4.15
2026-09-22T05:50:27.095Z,lorawan-gateway-evidence-collector-1,0.29,"14.31MiB / 192MiB",7.45
2026-09-22T05:50:27.095Z,seaweedfs,28.82,"139.6MiB / 256MiB",54.53
2026-09-22T05:50:27.095Z,seaweedfs-metadata-etcd,12.89,"77.95MiB / 96MiB",81.20
2026-09-22T05:50:27.095Z,openbao,1.15,"36.63MiB / 512MiB",7.15
2026-09-22T05:50:27.095Z,spilo,0.94,"259.7MiB / 1.922GiB",13.20
2026-09-22T05:50:27.095Z,etcd,2.44,"52.78MiB / 1.922GiB",2.68
2026-09-22T05:50:34.694Z,grafana,1.47,"237.8MiB / 512MiB",46.45
2026-09-22T05:50:34.694Z,lorawan-gateway-evidence-verifier-1,0.00,"13.43MiB / 192MiB",7.00
2026-09-22T05:50:34.694Z,node-red-node-red-1,0.00,"81.61MiB / 1.922GiB",4.15
2026-09-22T05:50:34.694Z,lorawan-gateway-evidence-collector-1,0.59,"14.31MiB / 192MiB",7.45
2026-09-22T05:50:34.694Z,seaweedfs,2.45,"140.6MiB / 256MiB",54.92
2026-09-22T05:50:34.694Z,seaweedfs-metadata-etcd,2.41,"77.95MiB / 96MiB",81.19
2026-09-22T05:50:34.694Z,openbao,1.52,"36.63MiB / 512MiB",7.15
2026-09-22T05:50:34.694Z,spilo,3.13,"259.7MiB / 1.922GiB",13.20
2026-09-22T05:50:34.694Z,etcd,1.61,"52.78MiB / 1.922GiB",2.68
2026-09-22T05:50:42.068Z,grafana,1.06,"237.8MiB / 512MiB",46.45
2026-09-22T05:50:42.068Z,lorawan-gateway-evidence-verifier-1,15.12,"13.18MiB / 192MiB",6.87
2026-09-22T05:50:42.068Z,node-red-node-red-1,0.00,"81.63MiB / 1.922GiB",4.15
2026-09-22T05:50:42.068Z,lorawan-gateway-evidence-collector-1,0.74,"14.31MiB / 192MiB",7.45
2026-09-22T05:50:42.068Z,seaweedfs,26.46,"140.8MiB / 256MiB",55.01
2026-09-22T05:50:42.068Z,seaweedfs-metadata-etcd,10.04,"77.95MiB / 96MiB",81.20
2026-09-22T05:50:42.068Z,openbao,1.34,"36.63MiB / 512MiB",7.15
2026-09-22T05:50:42.068Z,spilo,1.42,"259.7MiB / 1.922GiB",13.20
2026-09-22T05:50:42.068Z,etcd,0.91,"53.05MiB / 1.922GiB",2.70
2026-09-22T05:50:49.514Z,grafana,1.16,"234.1MiB / 512MiB",45.71
2026-09-22T05:50:49.514Z,lorawan-gateway-evidence-verifier-1,12.51,"12.95MiB / 192MiB",6.75
2026-09-22T05:50:49.514Z,node-red-node-red-1,1.62,"81.7MiB / 1.922GiB",4.15
2026-09-22T05:50:49.514Z,lorawan-gateway-evidence-collector-1,0.68,"14.31MiB / 192MiB",7.45
2026-09-22T05:50:49.514Z,seaweedfs,25.93,"140.6MiB / 256MiB",54.91
2026-09-22T05:50:49.514Z,seaweedfs-metadata-etcd,8.71,"77.95MiB / 96MiB",81.20
2026-09-22T05:50:49.514Z,openbao,1.56,"36.63MiB / 512MiB",7.15
2026-09-22T05:50:49.514Z,spilo,2.46,"259.9MiB / 1.922GiB",13.21
2026-09-22T05:50:49.514Z,etcd,1.17,"53.05MiB / 1.922GiB",2.70
2026-09-22T05:50:57.316Z,grafana,1.39,"234.1MiB / 512MiB",45.71
2026-09-22T05:50:57.316Z,lorawan-gateway-evidence-verifier-1,0.00,"13.06MiB / 192MiB",6.80
2026-09-22T05:50:57.316Z,node-red-node-red-1,0.00,"81.7MiB / 1.922GiB",4.15
2026-09-22T05:50:57.316Z,lorawan-gateway-evidence-collector-1,0.39,"14.31MiB / 192MiB",7.45
2026-09-22T05:50:57.316Z,seaweedfs,7.43,"139.7MiB / 256MiB",54.56
2026-09-22T05:50:57.316Z,seaweedfs-metadata-etcd,6.90,"77.95MiB / 96MiB",81.19
2026-09-22T05:50:57.316Z,openbao,1.38,"36.63MiB / 512MiB",7.15
2026-09-22T05:50:57.316Z,spilo,2.76,"259.9MiB / 1.922GiB",13.21
2026-09-22T05:50:57.316Z,etcd,1.38,"53.05MiB / 1.922GiB",2.70
2026-09-22T05:51:04.639Z,grafana,1.12,"234.1MiB / 512MiB",45.71
2026-09-22T05:51:04.639Z,lorawan-gateway-evidence-verifier-1,12.40,"13.15MiB / 192MiB",6.85
2026-09-22T05:51:04.639Z,node-red-node-red-1,0.00,"81.68MiB / 1.922GiB",4.15
2026-09-22T05:51:04.639Z,lorawan-gateway-evidence-collector-1,0.60,"14.31MiB / 192MiB",7.45
2026-09-22T05:51:04.639Z,seaweedfs,22.65,"140.5MiB / 256MiB",54.89
2026-09-22T05:51:04.639Z,seaweedfs-metadata-etcd,10.32,"77.95MiB / 96MiB",81.20
2026-09-22T05:51:04.639Z,openbao,1.36,"36.63MiB / 512MiB",7.15
2026-09-22T05:51:04.639Z,spilo,2.44,"259.9MiB / 1.922GiB",13.21
2026-09-22T05:51:04.639Z,etcd,0.96,"53.05MiB / 1.922GiB",2.70
2026-09-22T05:51:12.106Z,grafana,1.09,"234.2MiB / 512MiB",45.75
2026-09-22T05:51:12.106Z,lorawan-gateway-evidence-verifier-1,10.60,"12.88MiB / 192MiB",6.71
2026-09-22T05:51:12.106Z,node-red-node-red-1,0.00,"81.73MiB / 1.922GiB",4.15
2026-09-22T05:51:12.106Z,lorawan-gateway-evidence-collector-1,0.30,"14.31MiB / 192MiB",7.45
2026-09-22T05:51:12.106Z,seaweedfs,21.73,"139.7MiB / 256MiB",54.59
2026-09-22T05:51:12.106Z,seaweedfs-metadata-etcd,11.39,"77.95MiB / 96MiB",81.20
2026-09-22T05:51:12.106Z,openbao,1.23,"36.63MiB / 512MiB",7.15
2026-09-22T05:51:12.106Z,spilo,0.93,"259.9MiB / 1.922GiB",13.21
2026-09-22T05:51:12.106Z,etcd,1.15,"53.05MiB / 1.922GiB",2.70
2026-09-22T05:51:19.785Z,grafana,1.44,"234.2MiB / 512MiB",45.75
2026-09-22T05:51:19.785Z,lorawan-gateway-evidence-verifier-1,0.17,"13MiB / 192MiB",6.77
2026-09-22T05:51:19.785Z,node-red-node-red-1,0.00,"81.72MiB / 1.922GiB",4.15
2026-09-22T05:51:19.785Z,lorawan-gateway-evidence-collector-1,0.38,"14.31MiB / 192MiB",7.45
2026-09-22T05:51:19.785Z,seaweedfs,9.45,"139MiB / 256MiB",54.31
2026-09-22T05:51:19.785Z,seaweedfs-metadata-etcd,10.72,"77.95MiB / 96MiB",81.20
2026-09-22T05:51:19.785Z,openbao,2.19,"36.63MiB / 512MiB",7.15
2026-09-22T05:51:19.785Z,spilo,1.60,"259.9MiB / 1.922GiB",13.21
2026-09-22T05:51:19.785Z,etcd,1.20,"53.05MiB / 1.922GiB",2.70
2026-09-22T05:51:27.215Z,grafana,0.99,"234.2MiB / 512MiB",45.75
2026-09-22T05:51:27.215Z,lorawan-gateway-evidence-verifier-1,13.56,"12.94MiB / 192MiB",6.74
2026-09-22T05:51:27.215Z,node-red-node-red-1,0.00,"81.72MiB / 1.922GiB",4.15
2026-09-22T05:51:27.215Z,lorawan-gateway-evidence-collector-1,0.25,"14.31MiB / 192MiB",7.45
2026-09-22T05:51:27.215Z,seaweedfs,25.06,"139.8MiB / 256MiB",54.59
2026-09-22T05:51:27.215Z,seaweedfs-metadata-etcd,12.69,"77.95MiB / 96MiB",81.20
2026-09-22T05:51:27.215Z,openbao,1.19,"36.63MiB / 512MiB",7.15
2026-09-22T05:51:27.215Z,spilo,0.61,"259.9MiB / 1.922GiB",13.21
2026-09-22T05:51:27.215Z,etcd,1.06,"53.05MiB / 1.922GiB",2.70
2026-09-22T05:51:34.918Z,grafana,1.18,"234.2MiB / 512MiB",45.75
2026-09-22T05:51:34.918Z,lorawan-gateway-evidence-verifier-1,6.73,"12.98MiB / 192MiB",6.76
2026-09-22T05:51:34.918Z,node-red-node-red-1,0.47,"81.8MiB / 1.922GiB",4.16
2026-09-22T05:51:34.918Z,lorawan-gateway-evidence-collector-1,0.72,"14.31MiB / 192MiB",7.45
2026-09-22T05:51:34.918Z,seaweedfs,17.69,"139.5MiB / 256MiB",54.49
2026-09-22T05:51:34.918Z,seaweedfs-metadata-etcd,8.47,"77.95MiB / 96MiB",81.20
2026-09-22T05:51:34.918Z,openbao,1.76,"36.63MiB / 512MiB",7.15
2026-09-22T05:51:34.918Z,spilo,2.88,"259.9MiB / 1.922GiB",13.21
2026-09-22T05:51:34.918Z,etcd,2.10,"53.05MiB / 1.922GiB",2.70
2026-09-22T05:51:42.220Z,grafana,1.08,"234.2MiB / 512MiB",45.75
2026-09-22T05:51:42.220Z,lorawan-gateway-evidence-verifier-1,11.84,"13.43MiB / 192MiB",7.00
2026-09-22T05:51:42.220Z,node-red-node-red-1,0.00,"81.8MiB / 1.922GiB",4.16
2026-09-22T05:51:42.220Z,lorawan-gateway-evidence-collector-1,0.98,"14.31MiB / 192MiB",7.45
2026-09-22T05:51:42.220Z,seaweedfs,29.60,"138.6MiB / 256MiB",54.12
2026-09-22T05:51:42.220Z,seaweedfs-metadata-etcd,11.84,"77.95MiB / 96MiB",81.20
2026-09-22T05:51:42.220Z,openbao,1.51,"36.63MiB / 512MiB",7.15
2026-09-22T05:51:42.220Z,spilo,1.42,"259.9MiB / 1.922GiB",13.21
2026-09-22T05:51:42.220Z,etcd,0.92,"53.05MiB / 1.922GiB",2.70
2026-09-22T05:51:49.798Z,grafana,1.22,"234.2MiB / 512MiB",45.75
2026-09-22T05:51:49.798Z,lorawan-gateway-evidence-verifier-1,10.39,"12.62MiB / 192MiB",6.57
2026-09-22T05:51:49.798Z,node-red-node-red-1,2.09,"81.84MiB / 1.922GiB",4.16
2026-09-22T05:51:49.798Z,lorawan-gateway-evidence-collector-1,0.55,"14.31MiB / 192MiB",7.45
2026-09-22T05:51:49.798Z,seaweedfs,26.58,"140.3MiB / 256MiB",54.81
2026-09-22T05:51:49.798Z,seaweedfs-metadata-etcd,12.16,"77.95MiB / 96MiB",81.20
2026-09-22T05:51:49.798Z,openbao,1.44,"36.63MiB / 512MiB",7.15
2026-09-22T05:51:49.798Z,spilo,2.43,"260MiB / 1.922GiB",13.21
2026-09-22T05:51:49.798Z,etcd,1.02,"53.05MiB / 1.922GiB",2.70
2026-09-22T05:51:57.435Z,grafana,1.38,"234.2MiB / 512MiB",45.75
2026-09-22T05:51:57.435Z,lorawan-gateway-evidence-verifier-1,0.00,"13.2MiB / 192MiB",6.87
2026-09-22T05:51:57.435Z,node-red-node-red-1,0.00,"81.84MiB / 1.922GiB",4.16
2026-09-22T05:51:57.435Z,lorawan-gateway-evidence-collector-1,0.37,"14.31MiB / 192MiB",7.45
2026-09-22T05:51:57.435Z,seaweedfs,8.07,"140.3MiB / 256MiB",54.81
2026-09-22T05:51:57.435Z,seaweedfs-metadata-etcd,9.23,"77.95MiB / 96MiB",81.20
2026-09-22T05:51:57.435Z,openbao,1.36,"36.63MiB / 512MiB",7.15
2026-09-22T05:51:57.435Z,spilo,2.52,"260MiB / 1.922GiB",13.21
2026-09-22T05:51:57.435Z,etcd,0.96,"53.05MiB / 1.922GiB",2.70
2026-09-22T05:52:04.823Z,grafana,1.09,"234.3MiB / 512MiB",45.76
2026-09-22T05:52:04.823Z,lorawan-gateway-evidence-verifier-1,12.46,"12.81MiB / 192MiB",6.67
2026-09-22T05:52:04.823Z,node-red-node-red-1,1.38,"81.88MiB / 1.922GiB",4.16
2026-09-22T05:52:04.823Z,lorawan-gateway-evidence-collector-1,0.51,"14.31MiB / 192MiB",7.45
2026-09-22T05:52:04.823Z,seaweedfs,21.31,"139.6MiB / 256MiB",54.55
2026-09-22T05:52:04.823Z,seaweedfs-metadata-etcd,8.99,"77.95MiB / 96MiB",81.20
2026-09-22T05:52:04.823Z,openbao,1.73,"36.63MiB / 512MiB",7.15
2026-09-22T05:52:04.823Z,spilo,2.95,"260MiB / 1.922GiB",13.21
2026-09-22T05:52:04.823Z,etcd,0.94,"53.05MiB / 1.922GiB",2.70
2026-09-22T05:52:12.293Z,grafana,1.06,"234.3MiB / 512MiB",45.76
2026-09-22T05:52:12.293Z,lorawan-gateway-evidence-verifier-1,9.49,"13.43MiB / 192MiB",6.99
2026-09-22T05:52:12.293Z,node-red-node-red-1,0.00,"81.88MiB / 1.922GiB",4.16
2026-09-22T05:52:12.293Z,lorawan-gateway-evidence-collector-1,0.40,"14.31MiB / 192MiB",7.45
2026-09-22T05:52:12.293Z,seaweedfs,22.10,"137.8MiB / 256MiB",53.81
2026-09-22T05:52:12.293Z,seaweedfs-metadata-etcd,10.13,"77.95MiB / 96MiB",81.20
2026-09-22T05:52:12.293Z,openbao,1.35,"36.63MiB / 512MiB",7.15
2026-09-22T05:52:12.293Z,spilo,1.40,"260MiB / 1.922GiB",13.21
2026-09-22T05:52:12.293Z,etcd,0.93,"53.05MiB / 1.922GiB",2.70
2026-09-22T05:52:19.800Z,grafana,1.04,"234.4MiB / 512MiB",45.77
2026-09-22T05:52:19.800Z,lorawan-gateway-evidence-verifier-1,10.95,"13.55MiB / 192MiB",7.06
2026-09-22T05:52:19.800Z,node-red-node-red-1,22.16,"81.88MiB / 1.922GiB",4.16
2026-09-22T05:52:19.800Z,lorawan-gateway-evidence-collector-1,0.28,"14.31MiB / 192MiB",7.45
2026-09-22T05:52:19.800Z,seaweedfs,23.35,"140.6MiB / 256MiB",54.91
2026-09-22T05:52:19.800Z,seaweedfs-metadata-etcd,12.08,"77.95MiB / 96MiB",81.20
2026-09-22T05:52:19.800Z,openbao,1.18,"36.63MiB / 512MiB",7.15
2026-09-22T05:52:19.800Z,spilo,1.75,"260MiB / 1.922GiB",13.21
2026-09-22T05:52:19.800Z,etcd,0.98,"53.05MiB / 1.922GiB",2.70
2026-09-22T05:52:27.470Z,grafana,1.65,"234.4MiB / 512MiB",45.77
2026-09-22T05:52:27.470Z,lorawan-gateway-evidence-verifier-1,13.30,"13.3MiB / 192MiB",6.93
2026-09-22T05:52:27.470Z,node-red-node-red-1,0.00,"81.88MiB / 1.922GiB",4.16
2026-09-22T05:52:27.470Z,lorawan-gateway-evidence-collector-1,0.28,"14.31MiB / 192MiB",7.45
2026-09-22T05:52:27.470Z,seaweedfs,25.21,"139.7MiB / 256MiB",54.58
2026-09-22T05:52:27.470Z,seaweedfs-metadata-etcd,12.07,"77.95MiB / 96MiB",81.20
2026-09-22T05:52:27.470Z,openbao,1.12,"36.63MiB / 512MiB",7.15
2026-09-22T05:52:27.470Z,spilo,0.85,"260MiB / 1.922GiB",13.21
2026-09-22T05:52:27.470Z,etcd,0.85,"53.11MiB / 1.922GiB",2.70
2026-09-22T05:52:35.131Z,grafana,1.08,"234.4MiB / 512MiB",45.77
2026-09-22T05:52:35.131Z,lorawan-gateway-evidence-verifier-1,11.38,"13.48MiB / 192MiB",7.02
2026-09-22T05:52:35.131Z,node-red-node-red-1,0.00,"81.88MiB / 1.922GiB",4.16
2026-09-22T05:52:35.131Z,lorawan-gateway-evidence-collector-1,0.29,"14.31MiB / 192MiB",7.45
2026-09-22T05:52:35.131Z,seaweedfs,24.58,"140.6MiB / 256MiB",54.90
2026-09-22T05:52:35.131Z,seaweedfs-metadata-etcd,11.54,"77.95MiB / 96MiB",81.20
2026-09-22T05:52:35.131Z,openbao,1.37,"36.63MiB / 512MiB",7.15
2026-09-22T05:52:35.131Z,spilo,2.69,"260.1MiB / 1.922GiB",13.21
2026-09-22T05:52:35.131Z,etcd,2.35,"53.12MiB / 1.922GiB",2.70
2026-09-22T05:52:42.640Z,grafana,1.25,"234.4MiB / 512MiB",45.77
2026-09-22T05:52:42.640Z,lorawan-gateway-evidence-verifier-1,12.06,"12.84MiB / 192MiB",6.69
2026-09-22T05:52:42.640Z,node-red-node-red-1,1.69,"81.96MiB / 1.922GiB",4.16
2026-09-22T05:52:42.640Z,lorawan-gateway-evidence-collector-1,0.79,"14.31MiB / 192MiB",7.45
2026-09-22T05:52:42.640Z,seaweedfs,28.26,"140.5MiB / 256MiB",54.86
2026-09-22T05:52:42.640Z,seaweedfs-metadata-etcd,12.95,"77.95MiB / 96MiB",81.20
2026-09-22T05:52:42.640Z,openbao,3.12,"36.63MiB / 512MiB",7.15
2026-09-22T05:52:42.640Z,spilo,2.07,"260.1MiB / 1.922GiB",13.22
2026-09-22T05:52:42.640Z,etcd,1.64,"53.11MiB / 1.922GiB",2.70
2026-09-22T05:52:50.160Z,grafana,0.95,"234.4MiB / 512MiB",45.78
2026-09-22T05:52:50.160Z,lorawan-gateway-evidence-verifier-1,17.59,"13.29MiB / 192MiB",6.92
2026-09-22T05:52:50.160Z,node-red-node-red-1,19.70,"81.99MiB / 1.922GiB",4.17
2026-09-22T05:52:50.160Z,lorawan-gateway-evidence-collector-1,0.58,"14.31MiB / 192MiB",7.45
2026-09-22T05:52:50.160Z,seaweedfs,19.37,"140.5MiB / 256MiB",54.88
2026-09-22T05:52:50.160Z,seaweedfs-metadata-etcd,7.93,"77.95MiB / 96MiB",81.20
2026-09-22T05:52:50.160Z,openbao,0.93,"36.63MiB / 512MiB",7.15
2026-09-22T05:52:50.160Z,spilo,2.26,"260.3MiB / 1.922GiB",13.23
2026-09-22T05:52:50.160Z,etcd,1.14,"53.11MiB / 1.922GiB",2.70
2026-09-22T05:52:57.738Z,grafana,1.51,"234.4MiB / 512MiB",45.78
2026-09-22T05:52:57.738Z,lorawan-gateway-evidence-verifier-1,19.67,"13.39MiB / 192MiB",6.97
2026-09-22T05:52:57.738Z,node-red-node-red-1,0.00,"81.99MiB / 1.922GiB",4.17
2026-09-22T05:52:57.738Z,lorawan-gateway-evidence-collector-1,0.28,"14.31MiB / 192MiB",7.45
2026-09-22T05:52:57.738Z,seaweedfs,16.29,"140.5MiB / 256MiB",54.87
2026-09-22T05:52:57.738Z,seaweedfs-metadata-etcd,8.12,"77.95MiB / 96MiB",81.20
2026-09-22T05:52:57.738Z,openbao,0.85,"36.63MiB / 512MiB",7.15
2026-09-22T05:52:57.738Z,spilo,2.16,"260.3MiB / 1.922GiB",13.23
2026-09-22T05:52:57.738Z,etcd,0.96,"53.11MiB / 1.922GiB",2.70
2026-09-22T05:53:05.270Z,grafana,1.13,"234.4MiB / 512MiB",45.78
2026-09-22T05:53:05.270Z,lorawan-gateway-evidence-verifier-1,19.13,"12.84MiB / 192MiB",6.69
2026-09-22T05:53:05.270Z,node-red-node-red-1,1.87,"81.98MiB / 1.922GiB",4.17
2026-09-22T05:53:05.270Z,lorawan-gateway-evidence-collector-1,0.82,"14.31MiB / 192MiB",7.45
2026-09-22T05:53:05.270Z,seaweedfs,24.16,"141.1MiB / 256MiB",55.11
2026-09-22T05:53:05.270Z,seaweedfs-metadata-etcd,10.31,"77.95MiB / 96MiB",81.20
2026-09-22T05:53:05.270Z,openbao,1.26,"36.63MiB / 512MiB",7.15
2026-09-22T05:53:05.270Z,spilo,2.35,"260.3MiB / 1.922GiB",13.23
2026-09-22T05:53:05.270Z,etcd,2.15,"53.11MiB / 1.922GiB",2.70
2026-09-22T05:53:12.917Z,grafana,1.00,"234.4MiB / 512MiB",45.78
2026-09-22T05:53:12.917Z,lorawan-gateway-evidence-verifier-1,15.95,"12.77MiB / 192MiB",6.65
2026-09-22T05:53:12.917Z,node-red-node-red-1,0.00,"81.98MiB / 1.922GiB",4.17
2026-09-22T05:53:12.917Z,lorawan-gateway-evidence-collector-1,0.33,"14.31MiB / 192MiB",7.45
2026-09-22T05:53:12.917Z,seaweedfs,22.56,"141.1MiB / 256MiB",55.13
2026-09-22T05:53:12.917Z,seaweedfs-metadata-etcd,10.79,"77.95MiB / 96MiB",81.20
2026-09-22T05:53:12.917Z,openbao,1.34,"36.63MiB / 512MiB",7.15
2026-09-22T05:53:12.917Z,spilo,1.11,"260.4MiB / 1.922GiB",13.23
2026-09-22T05:53:12.917Z,etcd,0.94,"53.11MiB / 1.922GiB",2.70
2026-09-22T05:53:20.493Z,grafana,0.96,"234.4MiB / 512MiB",45.78
2026-09-22T05:53:20.493Z,lorawan-gateway-evidence-verifier-1,11.29,"13.27MiB / 192MiB",6.91
2026-09-22T05:53:20.493Z,node-red-node-red-1,16.74,"94.35MiB / 1.922GiB",4.79
2026-09-22T05:53:20.493Z,lorawan-gateway-evidence-collector-1,1.06,"14.44MiB / 192MiB",7.52
2026-09-22T05:53:20.493Z,seaweedfs,24.63,"140.7MiB / 256MiB",54.97
2026-09-22T05:53:20.493Z,seaweedfs-metadata-etcd,8.99,"77.95MiB / 96MiB",81.20
2026-09-22T05:53:20.493Z,openbao,1.42,"36.63MiB / 512MiB",7.15
2026-09-22T05:53:20.493Z,spilo,2.16,"260.4MiB / 1.922GiB",13.23
2026-09-22T05:53:20.493Z,etcd,1.00,"53.11MiB / 1.922GiB",2.70
2026-09-22T05:53:28.103Z,grafana,1.27,"234.4MiB / 512MiB",45.78
2026-09-22T05:53:28.103Z,lorawan-gateway-evidence-verifier-1,13.79,"13.21MiB / 192MiB",6.88
2026-09-22T05:53:28.103Z,node-red-node-red-1,0.00,"82.02MiB / 1.922GiB",4.17
2026-09-22T05:53:28.103Z,lorawan-gateway-evidence-collector-1,0.27,"14.44MiB / 192MiB",7.52
2026-09-22T05:53:28.103Z,seaweedfs,25.83,"139.5MiB / 256MiB",54.50
2026-09-22T05:53:28.103Z,seaweedfs-metadata-etcd,9.59,"77.95MiB / 96MiB",81.20
2026-09-22T05:53:28.103Z,openbao,1.38,"36.63MiB / 512MiB",7.15
2026-09-22T05:53:28.103Z,spilo,0.73,"260.4MiB / 1.922GiB",13.23
2026-09-22T05:53:28.103Z,etcd,1.14,"53.11MiB / 1.922GiB",2.70
2026-09-22T05:53:35.494Z,grafana,0.90,"234.6MiB / 512MiB",45.82
2026-09-22T05:53:35.494Z,lorawan-gateway-evidence-verifier-1,11.01,"13.3MiB / 192MiB",6.93
2026-09-22T05:53:35.494Z,node-red-node-red-1,1.44,"82.05MiB / 1.922GiB",4.17
2026-09-22T05:53:35.494Z,lorawan-gateway-evidence-collector-1,0.54,"14.44MiB / 192MiB",7.52
2026-09-22T05:53:35.494Z,seaweedfs,23.69,"140.5MiB / 256MiB",54.90
2026-09-22T05:53:35.494Z,seaweedfs-metadata-etcd,10.01,"77.96MiB / 96MiB",81.21
2026-09-22T05:53:35.494Z,openbao,1.68,"36.63MiB / 512MiB",7.15
2026-09-22T05:53:35.494Z,spilo,2.27,"260.4MiB / 1.922GiB",13.23
2026-09-22T05:53:35.494Z,etcd,2.29,"53.28MiB / 1.922GiB",2.71
2026-09-22T05:53:43.035Z,grafana,0.93,"234.6MiB / 512MiB",45.82
2026-09-22T05:53:43.035Z,lorawan-gateway-evidence-verifier-1,14.77,"13.46MiB / 192MiB",7.01
2026-09-22T05:53:43.035Z,node-red-node-red-1,0.00,"82.05MiB / 1.922GiB",4.17
2026-09-22T05:53:43.035Z,lorawan-gateway-evidence-collector-1,0.32,"14.44MiB / 192MiB",7.52
2026-09-22T05:53:43.035Z,seaweedfs,25.58,"140.4MiB / 256MiB",54.86
2026-09-22T05:53:43.035Z,seaweedfs-metadata-etcd,12.46,"77.96MiB / 96MiB",81.21
2026-09-22T05:53:43.035Z,openbao,1.29,"36.63MiB / 512MiB",7.15
2026-09-22T05:53:43.035Z,spilo,1.22,"260.4MiB / 1.922GiB",13.23
2026-09-22T05:53:43.035Z,etcd,0.97,"53.28MiB / 1.922GiB",2.71
2026-09-22T05:53:50.705Z,grafana,1.00,"234.6MiB / 512MiB",45.82
2026-09-22T05:53:50.705Z,lorawan-gateway-evidence-verifier-1,19.01,"13.02MiB / 192MiB",6.78
2026-09-22T05:53:50.705Z,node-red-node-red-1,0.00,"82.04MiB / 1.922GiB",4.17
2026-09-22T05:53:50.705Z,lorawan-gateway-evidence-collector-1,0.26,"14.44MiB / 192MiB",7.52
2026-09-22T05:53:50.705Z,seaweedfs,19.15,"140.4MiB / 256MiB",54.86
2026-09-22T05:53:50.705Z,seaweedfs-metadata-etcd,9.59,"77.96MiB / 96MiB",81.21
2026-09-22T05:53:50.705Z,openbao,0.97,"36.76MiB / 512MiB",7.18
2026-09-22T05:53:50.705Z,spilo,2.31,"260.5MiB / 1.922GiB",13.24
2026-09-22T05:53:50.705Z,etcd,1.35,"53.28MiB / 1.922GiB",2.71
2026-09-22T05:53:58.251Z,grafana,1.72,"234.6MiB / 512MiB",45.82
2026-09-22T05:53:58.251Z,lorawan-gateway-evidence-verifier-1,21.05,"13.38MiB / 192MiB",6.97
2026-09-22T05:53:58.251Z,node-red-node-red-1,0.00,"82.05MiB / 1.922GiB",4.17
2026-09-22T05:53:58.251Z,lorawan-gateway-evidence-collector-1,0.33,"14.44MiB / 192MiB",7.52
2026-09-22T05:53:58.251Z,seaweedfs,26.16,"139.3MiB / 256MiB",54.43
2026-09-22T05:53:58.251Z,seaweedfs-metadata-etcd,11.67,"77.95MiB / 96MiB",81.19
2026-09-22T05:53:58.251Z,openbao,1.30,"36.76MiB / 512MiB",7.18
2026-09-22T05:53:58.251Z,spilo,1.72,"260.5MiB / 1.922GiB",13.24
2026-09-22T05:53:58.251Z,etcd,1.12,"53.28MiB / 1.922GiB",2.71
2026-09-22T05:54:05.939Z,grafana,1.09,"234.7MiB / 512MiB",45.84
2026-09-22T05:54:05.939Z,lorawan-gateway-evidence-verifier-1,20.07,"12.95MiB / 192MiB",6.75
2026-09-22T05:54:05.939Z,node-red-node-red-1,0.00,"82.05MiB / 1.922GiB",4.17
2026-09-22T05:54:05.939Z,lorawan-gateway-evidence-collector-1,0.31,"14.44MiB / 192MiB",7.52
2026-09-22T05:54:05.939Z,seaweedfs,18.94,"140.4MiB / 256MiB",54.85
2026-09-22T05:54:05.939Z,seaweedfs-metadata-etcd,10.17,"77.96MiB / 96MiB",81.21
2026-09-22T05:54:05.939Z,openbao,0.90,"36.76MiB / 512MiB",7.18
2026-09-22T05:54:05.939Z,spilo,1.50,"260.5MiB / 1.922GiB",13.24
2026-09-22T05:54:05.939Z,etcd,2.12,"53.28MiB / 1.922GiB",2.71
2026-09-22T05:54:13.574Z,grafana,1.08,"234.7MiB / 512MiB",45.84
2026-09-22T05:54:13.574Z,lorawan-gateway-evidence-verifier-1,12.84,"12.8MiB / 192MiB",6.67
2026-09-22T05:54:13.574Z,node-red-node-red-1,0.00,"82.05MiB / 1.922GiB",4.17
2026-09-22T05:54:13.574Z,lorawan-gateway-evidence-collector-1,0.35,"14.44MiB / 192MiB",7.52
2026-09-22T05:54:13.574Z,seaweedfs,24.65,"140.2MiB / 256MiB",54.76
2026-09-22T05:54:13.574Z,seaweedfs-metadata-etcd,11.30,"77.95MiB / 96MiB",81.20
2026-09-22T05:54:13.574Z,openbao,1.43,"36.76MiB / 512MiB",7.18
2026-09-22T05:54:13.574Z,spilo,1.33,"260.5MiB / 1.922GiB",13.24
2026-09-22T05:54:13.574Z,etcd,1.14,"53.28MiB / 1.922GiB",2.71
2026-09-22T05:54:21.078Z,grafana,1.05,"234.7MiB / 512MiB",45.84
2026-09-22T05:54:21.078Z,lorawan-gateway-evidence-verifier-1,14.96,"12.77MiB / 192MiB",6.65
2026-09-22T05:54:21.078Z,node-red-node-red-1,0.00,"82.05MiB / 1.922GiB",4.17
2026-09-22T05:54:21.078Z,lorawan-gateway-evidence-collector-1,0.28,"14.44MiB / 192MiB",7.52
2026-09-22T05:54:21.078Z,seaweedfs,22.00,"139.1MiB / 256MiB",54.32
2026-09-22T05:54:21.078Z,seaweedfs-metadata-etcd,6.86,"77.95MiB / 96MiB",81.20
2026-09-22T05:54:21.078Z,openbao,1.30,"36.76MiB / 512MiB",7.18
2026-09-22T05:54:21.078Z,spilo,1.80,"260.5MiB / 1.922GiB",13.24
2026-09-22T05:54:21.078Z,etcd,1.10,"53.28MiB / 1.922GiB",2.71
2026-09-22T05:54:28.728Z,grafana,1.86,"234.7MiB / 512MiB",45.84
2026-09-22T05:54:28.728Z,lorawan-gateway-evidence-verifier-1,0.00,"12.89MiB / 192MiB",6.72
2026-09-22T05:54:28.728Z,node-red-node-red-1,0.02,"82.05MiB / 1.922GiB",4.17
2026-09-22T05:54:28.728Z,lorawan-gateway-evidence-collector-1,0.40,"14.44MiB / 192MiB",7.52
2026-09-22T05:54:28.728Z,seaweedfs,0.56,"139.1MiB / 256MiB",54.32
2026-09-22T05:54:28.728Z,seaweedfs-metadata-etcd,0.89,"77.95MiB / 96MiB",81.19
2026-09-22T05:54:28.728Z,openbao,1.50,"36.76MiB / 512MiB",7.18
2026-09-22T05:54:28.728Z,spilo,0.69,"260.6MiB / 1.922GiB",13.24
2026-09-22T05:54:28.728Z,etcd,0.93,"53.28MiB / 1.922GiB",2.71
2026-09-22T05:54:35.950Z,grafana,1.17,"234.7MiB / 512MiB",45.84
2026-09-22T05:54:35.950Z,lorawan-gateway-evidence-verifier-1,0.08,"12.89MiB / 192MiB",6.72
2026-09-22T05:54:35.950Z,node-red-node-red-1,0.00,"82.05MiB / 1.922GiB",4.17
2026-09-22T05:54:35.950Z,lorawan-gateway-evidence-collector-1,0.31,"14.43MiB / 192MiB",7.52
2026-09-22T05:54:35.950Z,seaweedfs,6.75,"139.1MiB / 256MiB",54.32
2026-09-22T05:54:35.950Z,seaweedfs-metadata-etcd,8.13,"77.95MiB / 96MiB",81.20
2026-09-22T05:54:35.950Z,openbao,1.40,"36.76MiB / 512MiB",7.18
2026-09-22T05:54:35.950Z,spilo,1.70,"260.6MiB / 1.922GiB",13.24
2026-09-22T05:54:35.950Z,etcd,2.25,"53.28MiB / 1.922GiB",2.71
2026-09-22T05:54:43.248Z,grafana,1.14,"234.8MiB / 512MiB",45.86
2026-09-22T05:54:43.248Z,lorawan-gateway-evidence-verifier-1,0.00,"12.89MiB / 192MiB",6.72
2026-09-22T05:54:43.248Z,node-red-node-red-1,0.00,"82.05MiB / 1.922GiB",4.17
2026-09-22T05:54:43.248Z,lorawan-gateway-evidence-collector-1,0.41,"14.43MiB / 192MiB",7.52
2026-09-22T05:54:43.248Z,seaweedfs,0.58,"139MiB / 256MiB",54.32
2026-09-22T05:54:43.248Z,seaweedfs-metadata-etcd,0.98,"77.95MiB / 96MiB",81.19
2026-09-22T05:54:43.248Z,openbao,1.38,"36.76MiB / 512MiB",7.18
2026-09-22T05:54:43.248Z,spilo,0.89,"260.6MiB / 1.922GiB",13.24
2026-09-22T05:54:43.248Z,etcd,1.55,"53.28MiB / 1.922GiB",2.71
2026-09-22T05:54:50.459Z,grafana,1.03,"234.8MiB / 512MiB",45.86
2026-09-22T05:54:50.459Z,lorawan-gateway-evidence-verifier-1,11.28,"13.36MiB / 192MiB",6.96
2026-09-22T05:54:50.459Z,node-red-node-red-1,0.00,"82.05MiB / 1.922GiB",4.17
2026-09-22T05:54:50.459Z,lorawan-gateway-evidence-collector-1,0.28,"14.43MiB / 192MiB",7.52
2026-09-22T05:54:50.459Z,seaweedfs,25.29,"139.1MiB / 256MiB",54.32
2026-09-22T05:54:50.459Z,seaweedfs-metadata-etcd,10.82,"77.95MiB / 96MiB",81.19
2026-09-22T05:54:50.459Z,openbao,1.19,"36.76MiB / 512MiB",7.18
2026-09-22T05:54:50.459Z,spilo,1.52,"260.6MiB / 1.922GiB",13.24
2026-09-22T05:54:50.459Z,etcd,1.27,"53.28MiB / 1.922GiB",2.71
2026-09-22T05:54:57.823Z,grafana,1.33,"234.8MiB / 512MiB",45.86
2026-09-22T05:54:57.823Z,lorawan-gateway-evidence-verifier-1,0.15,"13.45MiB / 192MiB",7.00
2026-09-22T05:54:57.823Z,node-red-node-red-1,0.00,"82.05MiB / 1.922GiB",4.17
2026-09-22T05:54:57.823Z,lorawan-gateway-evidence-collector-1,0.40,"14.43MiB / 192MiB",7.52
2026-09-22T05:54:57.823Z,seaweedfs,0.89,"139MiB / 256MiB",54.30
2026-09-22T05:54:57.823Z,seaweedfs-metadata-etcd,0.84,"77.95MiB / 96MiB",81.19
2026-09-22T05:54:57.823Z,openbao,1.44,"36.76MiB / 512MiB",7.18
2026-09-22T05:54:57.823Z,spilo,2.42,"260.6MiB / 1.922GiB",13.24
2026-09-22T05:54:57.823Z,etcd,1.44,"53.28MiB / 1.922GiB",2.71
2026-09-22T05:55:05.005Z,grafana,1.79,"234.8MiB / 512MiB",45.86
2026-09-22T05:55:05.005Z,lorawan-gateway-evidence-verifier-1,0.00,"13.45MiB / 192MiB",7.00
2026-09-22T05:55:05.005Z,node-red-node-red-1,0.00,"82.05MiB / 1.922GiB",4.17
2026-09-22T05:55:05.005Z,lorawan-gateway-evidence-collector-1,0.55,"14.43MiB / 192MiB",7.52
2026-09-22T05:55:05.005Z,seaweedfs,0.83,"139MiB / 256MiB",54.30
2026-09-22T05:55:05.005Z,seaweedfs-metadata-etcd,1.11,"77.95MiB / 96MiB",81.19
2026-09-22T05:55:05.005Z,openbao,1.31,"36.76MiB / 512MiB",7.18
2026-09-22T05:55:05.005Z,spilo,2.59,"260.6MiB / 1.922GiB",13.24
2026-09-22T05:55:05.005Z,etcd,1.94,"53.28MiB / 1.922GiB",2.71
2026-09-22T05:55:12.367Z,grafana,1.15,"234.8MiB / 512MiB",45.86
2026-09-22T05:55:12.367Z,lorawan-gateway-evidence-verifier-1,12.70,"12.85MiB / 192MiB",6.69
2026-09-22T05:55:12.367Z,node-red-node-red-1,0.00,"82.33MiB / 1.922GiB",4.18
2026-09-22T05:55:12.367Z,lorawan-gateway-evidence-collector-1,0.38,"14.25MiB / 192MiB",7.42
2026-09-22T05:55:12.367Z,seaweedfs,22.81,"140.5MiB / 256MiB",54.90
2026-09-22T05:55:12.367Z,seaweedfs-metadata-etcd,10.86,"78MiB / 96MiB",81.25
2026-09-22T05:55:12.367Z,openbao,1.08,"36.76MiB / 512MiB",7.18
2026-09-22T05:55:12.367Z,spilo,1.45,"260.6MiB / 1.922GiB",13.24
2026-09-22T05:55:12.367Z,etcd,1.19,"53.28MiB / 1.922GiB",2.71
2026-09-22T05:55:19.925Z,grafana,1.49,"235.1MiB / 512MiB",45.91
2026-09-22T05:55:19.925Z,lorawan-gateway-evidence-verifier-1,0.48,"13.46MiB / 192MiB",7.01
2026-09-22T05:55:19.925Z,node-red-node-red-1,2.07,"82.34MiB / 1.922GiB",4.18
2026-09-22T05:55:19.925Z,lorawan-gateway-evidence-collector-1,0.69,"14.25MiB / 192MiB",7.42
2026-09-22T05:55:19.925Z,seaweedfs,5.96,"140.1MiB / 256MiB",54.72
2026-09-22T05:55:19.925Z,seaweedfs-metadata-etcd,2.35,"77.99MiB / 96MiB",81.24
2026-09-22T05:55:19.925Z,openbao,1.71,"36.86MiB / 512MiB",7.20
2026-09-22T05:55:19.925Z,spilo,2.22,"260.6MiB / 1.922GiB",13.24
2026-09-22T05:55:19.925Z,etcd,1.77,"53.28MiB / 1.922GiB",2.71
2026-09-22T05:55:27.298Z,grafana,1.03,"235.1MiB / 512MiB",45.91
2026-09-22T05:55:27.298Z,lorawan-gateway-evidence-verifier-1,12.57,"13.46MiB / 192MiB",7.01
2026-09-22T05:55:27.298Z,node-red-node-red-1,0.00,"82.34MiB / 1.922GiB",4.18
2026-09-22T05:55:27.298Z,lorawan-gateway-evidence-collector-1,0.29,"14.25MiB / 192MiB",7.42
2026-09-22T05:55:27.298Z,seaweedfs,26.87,"140.7MiB / 256MiB",54.97
2026-09-22T05:55:27.298Z,seaweedfs-metadata-etcd,11.50,"77.99MiB / 96MiB",81.24
2026-09-22T05:55:27.298Z,openbao,1.48,"36.86MiB / 512MiB",7.20
2026-09-22T05:55:27.298Z,spilo,1.64,"261MiB / 1.922GiB",13.26
2026-09-22T05:55:27.298Z,etcd,1.24,"53.28MiB / 1.922GiB",2.71
2026-09-22T05:55:34.781Z,grafana,1.34,"235.1MiB / 512MiB",45.91
2026-09-22T05:55:34.781Z,lorawan-gateway-evidence-verifier-1,0.00,"13.02MiB / 192MiB",6.78
2026-09-22T05:55:34.781Z,node-red-node-red-1,0.00,"82.34MiB / 1.922GiB",4.18
2026-09-22T05:55:34.781Z,lorawan-gateway-evidence-collector-1,0.84,"14.25MiB / 192MiB",7.42
2026-09-22T05:55:34.781Z,seaweedfs,2.14,"140.9MiB / 256MiB",55.05
2026-09-22T05:55:34.781Z,seaweedfs-metadata-etcd,1.87,"77.99MiB / 96MiB",81.24
2026-09-22T05:55:34.781Z,openbao,1.29,"36.86MiB / 512MiB",7.20
2026-09-22T05:55:34.781Z,spilo,1.61,"261MiB / 1.922GiB",13.26
2026-09-22T05:55:34.781Z,etcd,1.89,"53.28MiB / 1.922GiB",2.71
2026-09-22T05:55:42.022Z,grafana,1.37,"235.1MiB / 512MiB",45.91
2026-09-22T05:55:42.022Z,lorawan-gateway-evidence-verifier-1,0.13,"13.02MiB / 192MiB",6.78
2026-09-22T05:55:42.022Z,node-red-node-red-1,0.00,"82.38MiB / 1.922GiB",4.19
2026-09-22T05:55:42.022Z,lorawan-gateway-evidence-collector-1,0.70,"14.25MiB / 192MiB",7.42
2026-09-22T05:55:42.022Z,seaweedfs,2.16,"139.8MiB / 256MiB",54.61
2026-09-22T05:55:42.022Z,seaweedfs-metadata-etcd,1.79,"77.99MiB / 96MiB",81.24
2026-09-22T05:55:42.022Z,openbao,1.44,"36.86MiB / 512MiB",7.20
2026-09-22T05:55:42.022Z,spilo,1.88,"261MiB / 1.922GiB",13.26
2026-09-22T05:55:42.022Z,etcd,1.24,"53.28MiB / 1.922GiB",2.71
2026-09-22T05:55:49.295Z,grafana,1.19,"235.1MiB / 512MiB",45.91
2026-09-22T05:55:49.295Z,lorawan-gateway-evidence-verifier-1,12.96,"12.59MiB / 192MiB",6.56
2026-09-22T05:55:49.295Z,node-red-node-red-1,0.00,"82.38MiB / 1.922GiB",4.19
2026-09-22T05:55:49.295Z,lorawan-gateway-evidence-collector-1,0.39,"14.25MiB / 192MiB",7.42
2026-09-22T05:55:49.295Z,seaweedfs,25.09,"140.8MiB / 256MiB",54.99
2026-09-22T05:55:49.295Z,seaweedfs-metadata-etcd,13.37,"77.99MiB / 96MiB",81.24
2026-09-22T05:55:49.295Z,openbao,1.59,"36.86MiB / 512MiB",7.20
2026-09-22T05:55:49.295Z,spilo,1.44,"261MiB / 1.922GiB",13.26
2026-09-22T05:55:49.295Z,etcd,1.18,"53.28MiB / 1.922GiB",2.71
2026-09-22T05:55:57.050Z,grafana,0.88,"235.1MiB / 512MiB",45.91
2026-09-22T05:55:57.050Z,lorawan-gateway-evidence-verifier-1,14.87,"13.12MiB / 192MiB",6.84
2026-09-22T05:55:57.050Z,node-red-node-red-1,0.00,"82.42MiB / 1.922GiB",4.19
2026-09-22T05:55:57.050Z,lorawan-gateway-evidence-collector-1,0.26,"14.25MiB / 192MiB",7.42
2026-09-22T05:55:57.050Z,seaweedfs,24.60,"140.7MiB / 256MiB",54.97
2026-09-22T05:55:57.050Z,seaweedfs-metadata-etcd,6.93,"78MiB / 96MiB",81.25
2026-09-22T05:55:57.050Z,openbao,0.91,"36.86MiB / 512MiB",7.20
2026-09-22T05:55:57.050Z,spilo,1.47,"261MiB / 1.922GiB",13.26
2026-09-22T05:55:57.050Z,etcd,0.84,"53.28MiB / 1.922GiB",2.71
2026-09-22T05:56:04.341Z,grafana,1.01,"235.1MiB / 512MiB",45.91
2026-09-22T05:56:04.341Z,lorawan-gateway-evidence-verifier-1,11.73,"13.44MiB / 192MiB",7.00
2026-09-22T05:56:04.341Z,node-red-node-red-1,1.39,"82.45MiB / 1.922GiB",4.19
2026-09-22T05:56:04.341Z,lorawan-gateway-evidence-collector-1,0.50,"14.25MiB / 192MiB",7.42
2026-09-22T05:56:04.341Z,seaweedfs,25.40,"140.7MiB / 256MiB",54.95
2026-09-22T05:56:04.341Z,seaweedfs-metadata-etcd,10.56,"78MiB / 96MiB",81.25
2026-09-22T05:56:04.341Z,openbao,1.31,"36.86MiB / 512MiB",7.20
2026-09-22T05:56:04.341Z,spilo,2.16,"261MiB / 1.922GiB",13.26
2026-09-22T05:56:04.341Z,etcd,1.40,"53.28MiB / 1.922GiB",2.71
2026-09-22T05:56:12.098Z,grafana,1.36,"235.1MiB / 512MiB",45.91
2026-09-22T05:56:12.098Z,lorawan-gateway-evidence-verifier-1,0.10,"13.46MiB / 192MiB",7.01
2026-09-22T05:56:12.098Z,node-red-node-red-1,0.00,"82.45MiB / 1.922GiB",4.19
2026-09-22T05:56:12.098Z,lorawan-gateway-evidence-collector-1,1.10,"14.25MiB / 192MiB",7.42
2026-09-22T05:56:12.098Z,seaweedfs,10.61,"141.2MiB / 256MiB",55.15
2026-09-22T05:56:12.098Z,seaweedfs-metadata-etcd,8.76,"77.99MiB / 96MiB",81.24
2026-09-22T05:56:12.098Z,openbao,1.55,"36.86MiB / 512MiB",7.20
2026-09-22T05:56:12.098Z,spilo,2.01,"261MiB / 1.922GiB",13.26
2026-09-22T05:56:12.098Z,etcd,1.09,"53.28MiB / 1.922GiB",2.71
2026-09-22T05:56:19.339Z,grafana,1.38,"235.1MiB / 512MiB",45.91
2026-09-22T05:56:19.339Z,lorawan-gateway-evidence-verifier-1,0.00,"13.46MiB / 192MiB",7.01
2026-09-22T05:56:19.339Z,node-red-node-red-1,0.00,"82.45MiB / 1.922GiB",4.19
2026-09-22T05:56:19.339Z,lorawan-gateway-evidence-collector-1,0.34,"14.25MiB / 192MiB",7.42
2026-09-22T05:56:19.339Z,seaweedfs,8.58,"141.3MiB / 256MiB",55.18
2026-09-22T05:56:19.339Z,seaweedfs-metadata-etcd,9.67,"78MiB / 96MiB",81.25
2026-09-22T05:56:19.339Z,openbao,1.47,"36.86MiB / 512MiB",7.20
2026-09-22T05:56:19.339Z,spilo,0.57,"261MiB / 1.922GiB",13.26
2026-09-22T05:56:19.339Z,etcd,1.65,"53.28MiB / 1.922GiB",2.71
2026-09-22T05:56:26.620Z,grafana,0.94,"235.1MiB / 512MiB",45.91
2026-09-22T05:56:26.620Z,lorawan-gateway-evidence-verifier-1,9.36,"13.46MiB / 192MiB",7.01
2026-09-22T05:56:26.620Z,node-red-node-red-1,0.00,"82.49MiB / 1.922GiB",4.19
2026-09-22T05:56:26.620Z,lorawan-gateway-evidence-collector-1,0.28,"14.25MiB / 192MiB",7.42
2026-09-22T05:56:26.620Z,seaweedfs,17.54,"139.6MiB / 256MiB",54.52
2026-09-22T05:56:26.620Z,seaweedfs-metadata-etcd,8.87,"78MiB / 96MiB",81.25
2026-09-22T05:56:26.620Z,openbao,1.32,"36.86MiB / 512MiB",7.20
2026-09-22T05:56:26.620Z,spilo,0.74,"261MiB / 1.922GiB",13.26
2026-09-22T05:56:26.620Z,etcd,1.17,"53.28MiB / 1.922GiB",2.71
2026-09-22T05:56:34.101Z,grafana,1.20,"235.2MiB / 512MiB",45.93
2026-09-22T05:56:34.101Z,lorawan-gateway-evidence-verifier-1,0.13,"12.71MiB / 192MiB",6.62
2026-09-22T05:56:34.101Z,node-red-node-red-1,0.00,"82.48MiB / 1.922GiB",4.19
2026-09-22T05:56:34.101Z,lorawan-gateway-evidence-collector-1,0.32,"14.25MiB / 192MiB",7.42
2026-09-22T05:56:34.101Z,seaweedfs,7.46,"139.5MiB / 256MiB",54.49
2026-09-22T05:56:34.101Z,seaweedfs-metadata-etcd,4.49,"77.99MiB / 96MiB",81.24
2026-09-22T05:56:34.101Z,openbao,3.25,"36.86MiB / 512MiB",7.20
2026-09-22T05:56:34.101Z,spilo,1.36,"261MiB / 1.922GiB",13.26
2026-09-22T05:56:34.101Z,etcd,1.31,"53.28MiB / 1.922GiB",2.71
2026-09-22T05:56:41.312Z,grafana,1.00,"235.2MiB / 512MiB",45.93
2026-09-22T05:56:41.312Z,lorawan-gateway-evidence-verifier-1,13.07,"13.18MiB / 192MiB",6.87
2026-09-22T05:56:41.312Z,node-red-node-red-1,0.00,"82.52MiB / 1.922GiB",4.19
2026-09-22T05:56:41.312Z,lorawan-gateway-evidence-collector-1,0.39,"14.25MiB / 192MiB",7.42
2026-09-22T05:56:41.312Z,seaweedfs,25.63,"139.6MiB / 256MiB",54.53
2026-09-22T05:56:41.312Z,seaweedfs-metadata-etcd,10.53,"78MiB / 96MiB",81.25
2026-09-22T05:56:41.312Z,openbao,1.00,"36.86MiB / 512MiB",7.20
2026-09-22T05:56:41.312Z,spilo,1.22,"261MiB / 1.922GiB",13.26
2026-09-22T05:56:41.312Z,etcd,0.94,"53.28MiB / 1.922GiB",2.71
2026-09-22T05:56:48.722Z,grafana,1.44,"235.2MiB / 512MiB",45.93
2026-09-22T05:56:48.722Z,lorawan-gateway-evidence-verifier-1,0.00,"13.21MiB / 192MiB",6.88
2026-09-22T05:56:48.722Z,node-red-node-red-1,0.00,"82.52MiB / 1.922GiB",4.19
2026-09-22T05:56:48.722Z,lorawan-gateway-evidence-collector-1,0.40,"14.25MiB / 192MiB",7.42
2026-09-22T05:56:48.722Z,seaweedfs,0.67,"139.7MiB / 256MiB",54.59
2026-09-22T05:56:48.722Z,seaweedfs-metadata-etcd,0.99,"77.99MiB / 96MiB",81.24
2026-09-22T05:56:48.722Z,openbao,1.42,"36.86MiB / 512MiB",7.20
2026-09-22T05:56:48.722Z,spilo,1.13,"261MiB / 1.922GiB",13.26
2026-09-22T05:56:48.722Z,etcd,1.19,"53.28MiB / 1.922GiB",2.71
2026-09-22T05:56:56.102Z,grafana,0.99,"235.2MiB / 512MiB",45.93
2026-09-22T05:56:56.102Z,lorawan-gateway-evidence-verifier-1,10.40,"13.48MiB / 192MiB",7.02
2026-09-22T05:56:56.102Z,node-red-node-red-1,0.00,"82.57MiB / 1.922GiB",4.20
2026-09-22T05:56:56.102Z,lorawan-gateway-evidence-collector-1,0.28,"14.25MiB / 192MiB",7.42
2026-09-22T05:56:56.102Z,seaweedfs,23.68,"139.9MiB / 256MiB",54.63
2026-09-22T05:56:56.102Z,seaweedfs-metadata-etcd,10.24,"78MiB / 96MiB",81.25
2026-09-22T05:56:56.102Z,openbao,1.46,"36.86MiB / 512MiB",7.20
2026-09-22T05:56:56.102Z,spilo,1.08,"261.1MiB / 1.922GiB",13.27
2026-09-22T05:56:56.102Z,etcd,0.89,"53.28MiB / 1.922GiB",2.71
2026-09-22T05:57:03.852Z,grafana,0.97,"235.2MiB / 512MiB",45.93
2026-09-22T05:57:03.852Z,lorawan-gateway-evidence-verifier-1,9.87,"13.33MiB / 192MiB",6.94
2026-09-22T05:57:03.852Z,node-red-node-red-1,0.00,"82.57MiB / 1.922GiB",4.20
2026-09-22T05:57:03.852Z,lorawan-gateway-evidence-collector-1,0.30,"14.25MiB / 192MiB",7.42
2026-09-22T05:57:03.852Z,seaweedfs,19.90,"139.6MiB / 256MiB",54.52
2026-09-22T05:57:03.852Z,seaweedfs-metadata-etcd,8.89,"78MiB / 96MiB",81.25
2026-09-22T05:57:03.852Z,openbao,1.56,"36.86MiB / 512MiB",7.20
2026-09-22T05:57:03.852Z,spilo,1.50,"261.1MiB / 1.922GiB",13.27
2026-09-22T05:57:03.852Z,etcd,0.99,"53.28MiB / 1.922GiB",2.71
2026-09-22T05:57:11.243Z,grafana,1.07,"235.2MiB / 512MiB",45.93
2026-09-22T05:57:11.243Z,lorawan-gateway-evidence-verifier-1,12.40,"12.96MiB / 192MiB",6.75
2026-09-22T05:57:11.243Z,node-red-node-red-1,0.00,"82.89MiB / 1.922GiB",4.21
2026-09-22T05:57:11.243Z,lorawan-gateway-evidence-collector-1,0.54,"14.25MiB / 192MiB",7.42
2026-09-22T05:57:11.243Z,seaweedfs,24.50,"140MiB / 256MiB",54.67
2026-09-22T05:57:11.243Z,seaweedfs-metadata-etcd,11.58,"78MiB / 96MiB",81.25
2026-09-22T05:57:11.243Z,openbao,1.17,"36.86MiB / 512MiB",7.20
2026-09-22T05:57:11.243Z,spilo,1.06,"261.2MiB / 1.922GiB",13.27
2026-09-22T05:57:11.243Z,etcd,1.06,"53.28MiB / 1.922GiB",2.71
2026-09-22T05:57:18.827Z,grafana,1.27,"235.2MiB / 512MiB",45.93
2026-09-22T05:57:18.827Z,lorawan-gateway-evidence-verifier-1,11.31,"13.14MiB / 192MiB",6.84
2026-09-22T05:57:18.827Z,node-red-node-red-1,0.00,"82.88MiB / 1.922GiB",4.21
2026-09-22T05:57:18.827Z,lorawan-gateway-evidence-collector-1,0.29,"14.25MiB / 192MiB",7.42
2026-09-22T05:57:18.827Z,seaweedfs,20.87,"139.7MiB / 256MiB",54.56
2026-09-22T05:57:18.827Z,seaweedfs-metadata-etcd,11.75,"77.99MiB / 96MiB",81.24
2026-09-22T05:57:18.827Z,openbao,1.57,"36.86MiB / 512MiB",7.20
2026-09-22T05:57:18.827Z,spilo,1.64,"261.2MiB / 1.922GiB",13.27
2026-09-22T05:57:18.827Z,etcd,1.39,"53.28MiB / 1.922GiB",2.71
2026-09-22T05:57:26.240Z,grafana,1.01,"235.2MiB / 512MiB",45.93
2026-09-22T05:57:26.240Z,lorawan-gateway-evidence-verifier-1,11.98,"13.46MiB / 192MiB",7.01
2026-09-22T05:57:26.240Z,node-red-node-red-1,0.01,"82.94MiB / 1.922GiB",4.21
2026-09-22T05:57:26.240Z,lorawan-gateway-evidence-collector-1,0.27,"14.25MiB / 192MiB",7.42
2026-09-22T05:57:26.240Z,seaweedfs,20.67,"139.5MiB / 256MiB",54.48
2026-09-22T05:57:26.240Z,seaweedfs-metadata-etcd,10.03,"78MiB / 96MiB",81.25
2026-09-22T05:57:26.240Z,openbao,1.67,"36.86MiB / 512MiB",7.20
2026-09-22T05:57:26.240Z,spilo,1.37,"261.2MiB / 1.922GiB",13.27
2026-09-22T05:57:26.240Z,etcd,1.05,"53.28MiB / 1.922GiB",2.71
2026-09-22T05:57:33.772Z,grafana,1.05,"235.4MiB / 512MiB",45.97
2026-09-22T05:57:33.772Z,lorawan-gateway-evidence-verifier-1,12.58,"13.29MiB / 192MiB",6.92
2026-09-22T05:57:33.772Z,node-red-node-red-1,0.00,"82.93MiB / 1.922GiB",4.21
2026-09-22T05:57:33.772Z,lorawan-gateway-evidence-collector-1,0.28,"14.25MiB / 192MiB",7.42
2026-09-22T05:57:33.772Z,seaweedfs,25.82,"139.8MiB / 256MiB",54.62
2026-09-22T05:57:33.772Z,seaweedfs-metadata-etcd,11.01,"78MiB / 96MiB",81.25
2026-09-22T05:57:33.772Z,openbao,1.51,"36.86MiB / 512MiB",7.20
2026-09-22T05:57:33.772Z,spilo,2.11,"261.2MiB / 1.922GiB",13.27
2026-09-22T05:57:33.772Z,etcd,0.89,"53.28MiB / 1.922GiB",2.71
2026-09-22T05:57:41.184Z,grafana,0.99,"235.5MiB / 512MiB",46.00
2026-09-22T05:57:41.184Z,lorawan-gateway-evidence-verifier-1,13.95,"13.41MiB / 192MiB",6.98
2026-09-22T05:57:41.184Z,node-red-node-red-1,0.00,"82.93MiB / 1.922GiB",4.21
2026-09-22T05:57:41.184Z,lorawan-gateway-evidence-collector-1,0.27,"14.25MiB / 192MiB",7.42
2026-09-22T05:57:41.184Z,seaweedfs,23.30,"139.9MiB / 256MiB",54.65
2026-09-22T05:57:41.184Z,seaweedfs-metadata-etcd,10.66,"78MiB / 96MiB",81.25
2026-09-22T05:57:41.184Z,openbao,0.95,"36.86MiB / 512MiB",7.20
2026-09-22T05:57:41.184Z,spilo,0.60,"261.2MiB / 1.922GiB",13.27
2026-09-22T05:57:41.184Z,etcd,0.91,"53.28MiB / 1.922GiB",2.71
2026-09-22T05:57:48.602Z,grafana,1.23,"235.5MiB / 512MiB",46.00
2026-09-22T05:57:48.602Z,lorawan-gateway-evidence-verifier-1,6.78,"13.22MiB / 192MiB",6.89
2026-09-22T05:57:48.602Z,node-red-node-red-1,0.00,"82.93MiB / 1.922GiB",4.21
2026-09-22T05:57:48.602Z,lorawan-gateway-evidence-collector-1,0.32,"14.25MiB / 192MiB",7.42
2026-09-22T05:57:48.602Z,seaweedfs,15.28,"139.6MiB / 256MiB",54.53
2026-09-22T05:57:48.602Z,seaweedfs-metadata-etcd,9.98,"78MiB / 96MiB",81.25
2026-09-22T05:57:48.602Z,openbao,1.85,"36.86MiB / 512MiB",7.20
2026-09-22T05:57:48.602Z,spilo,1.44,"261.2MiB / 1.922GiB",13.27
2026-09-22T05:57:48.602Z,etcd,0.84,"53.28MiB / 1.922GiB",2.71
2026-09-22T05:57:56.221Z,grafana,0.92,"235.5MiB / 512MiB",46.00
2026-09-22T05:57:56.221Z,lorawan-gateway-evidence-verifier-1,11.43,"13.3MiB / 192MiB",6.93
2026-09-22T05:57:56.221Z,node-red-node-red-1,15.43,"83.01MiB / 1.922GiB",4.22
2026-09-22T05:57:56.221Z,lorawan-gateway-evidence-collector-1,0.23,"14.25MiB / 192MiB",7.42
2026-09-22T05:57:56.221Z,seaweedfs,25.24,"139.5MiB / 256MiB",54.50
2026-09-22T05:57:56.221Z,seaweedfs-metadata-etcd,10.35,"78MiB / 96MiB",81.25
2026-09-22T05:57:56.221Z,openbao,1.24,"36.86MiB / 512MiB",7.20
2026-09-22T05:57:56.221Z,spilo,1.30,"261.2MiB / 1.922GiB",13.27
2026-09-22T05:57:56.221Z,etcd,1.51,"53.28MiB / 1.922GiB",2.71
2026-09-22T05:58:03.651Z,grafana,1.10,"235.5MiB / 512MiB",46.00
2026-09-22T05:58:03.651Z,lorawan-gateway-evidence-verifier-1,10.35,"12.74MiB / 192MiB",6.63
2026-09-22T05:58:03.651Z,node-red-node-red-1,0.00,"83.01MiB / 1.922GiB",4.22
2026-09-22T05:58:03.651Z,lorawan-gateway-evidence-collector-1,0.25,"14.25MiB / 192MiB",7.42
2026-09-22T05:58:03.651Z,seaweedfs,23.47,"139.5MiB / 256MiB",54.48
2026-09-22T05:58:03.651Z,seaweedfs-metadata-etcd,10.85,"78MiB / 96MiB",81.25
2026-09-22T05:58:03.651Z,openbao,0.99,"36.86MiB / 512MiB",7.20
2026-09-22T05:58:03.651Z,spilo,1.36,"261.2MiB / 1.922GiB",13.27
2026-09-22T05:58:03.651Z,etcd,0.92,"53.28MiB / 1.922GiB",2.71
2026-09-22T05:58:11.048Z,grafana,1.02,"235.5MiB / 512MiB",46.00
2026-09-22T05:58:11.048Z,lorawan-gateway-evidence-verifier-1,20.99,"13.14MiB / 192MiB",6.84
2026-09-22T05:58:11.048Z,node-red-node-red-1,0.00,"83.04MiB / 1.922GiB",4.22
2026-09-22T05:58:11.048Z,lorawan-gateway-evidence-collector-1,0.32,"14.25MiB / 192MiB",7.42
2026-09-22T05:58:11.048Z,seaweedfs,17.18,"139.6MiB / 256MiB",54.52
2026-09-22T05:58:11.048Z,seaweedfs-metadata-etcd,8.05,"78MiB / 96MiB",81.25
2026-09-22T05:58:11.048Z,openbao,1.39,"36.86MiB / 512MiB",7.20
2026-09-22T05:58:11.048Z,spilo,0.61,"261.2MiB / 1.922GiB",13.27
2026-09-22T05:58:11.048Z,etcd,1.58,"53.29MiB / 1.922GiB",2.71
2026-09-22T05:58:18.566Z,grafana,1.47,"235.5MiB / 512MiB",46.00
2026-09-22T05:58:18.566Z,lorawan-gateway-evidence-verifier-1,20.96,"13.04MiB / 192MiB",6.79
2026-09-22T05:58:18.566Z,node-red-node-red-1,0.00,"83.04MiB / 1.922GiB",4.22
2026-09-22T05:58:18.566Z,lorawan-gateway-evidence-collector-1,0.32,"14.25MiB / 192MiB",7.42
2026-09-22T05:58:18.566Z,seaweedfs,19.46,"139.8MiB / 256MiB",54.62
2026-09-22T05:58:18.566Z,seaweedfs-metadata-etcd,10.05,"78MiB / 96MiB",81.25
2026-09-22T05:58:18.566Z,openbao,1.80,"36.86MiB / 512MiB",7.20
2026-09-22T05:58:18.566Z,spilo,1.90,"261.2MiB / 1.922GiB",13.27
2026-09-22T05:58:18.566Z,etcd,1.43,"53.28MiB / 1.922GiB",2.71
2026-09-22T05:58:26.078Z,grafana,0.93,"235.5MiB / 512MiB",46.00
2026-09-22T05:58:26.078Z,lorawan-gateway-evidence-verifier-1,18.84,"12.71MiB / 192MiB",6.62
2026-09-22T05:58:26.078Z,node-red-node-red-1,19.56,"83.09MiB / 1.922GiB",4.22
2026-09-22T05:58:26.078Z,lorawan-gateway-evidence-collector-1,0.25,"14.25MiB / 192MiB",7.42
2026-09-22T05:58:26.078Z,seaweedfs,20.28,"139.5MiB / 256MiB",54.47
2026-09-22T05:58:26.078Z,seaweedfs-metadata-etcd,9.51,"78MiB / 96MiB",81.25
2026-09-22T05:58:26.078Z,openbao,1.37,"36.86MiB / 512MiB",7.20
2026-09-22T05:58:26.078Z,spilo,1.14,"261.8MiB / 1.922GiB",13.30
2026-09-22T05:58:26.078Z,etcd,1.58,"53.36MiB / 1.922GiB",2.71
2026-09-22T05:58:33.744Z,grafana,1.15,"235.8MiB / 512MiB",46.06
2026-09-22T05:58:33.744Z,lorawan-gateway-evidence-verifier-1,12.76,"13.38MiB / 192MiB",6.97
2026-09-22T05:58:33.744Z,node-red-node-red-1,0.00,"83.09MiB / 1.922GiB",4.22
2026-09-22T05:58:33.744Z,lorawan-gateway-evidence-collector-1,0.26,"14.25MiB / 192MiB",7.42
2026-09-22T05:58:33.744Z,seaweedfs,28.08,"139.6MiB / 256MiB",54.52
2026-09-22T05:58:33.744Z,seaweedfs-metadata-etcd,11.69,"78MiB / 96MiB",81.25
2026-09-22T05:58:33.744Z,openbao,1.10,"36.86MiB / 512MiB",7.20
2026-09-22T05:58:33.744Z,spilo,1.42,"261.8MiB / 1.922GiB",13.30
2026-09-22T05:58:33.744Z,etcd,0.83,"53.36MiB / 1.922GiB",2.71
2026-09-22T05:58:41.208Z,grafana,0.98,"235.8MiB / 512MiB",46.06
2026-09-22T05:58:41.208Z,lorawan-gateway-evidence-verifier-1,13.36,"13.44MiB / 192MiB",7.00
2026-09-22T05:58:41.208Z,node-red-node-red-1,0.00,"83.09MiB / 1.922GiB",4.22
2026-09-22T05:58:41.208Z,lorawan-gateway-evidence-collector-1,0.27,"14.25MiB / 192MiB",7.42
2026-09-22T05:58:41.208Z,seaweedfs,22.98,"139.5MiB / 256MiB",54.51
2026-09-22T05:58:41.208Z,seaweedfs-metadata-etcd,9.92,"78MiB / 96MiB",81.25
2026-09-22T05:58:41.208Z,openbao,1.32,"36.86MiB / 512MiB",7.20
2026-09-22T05:58:41.208Z,spilo,0.76,"261.8MiB / 1.922GiB",13.30
2026-09-22T05:58:41.208Z,etcd,0.96,"53.36MiB / 1.922GiB",2.71
2026-09-22T05:58:48.643Z,grafana,1.37,"235.8MiB / 512MiB",46.06
2026-09-22T05:58:48.643Z,lorawan-gateway-evidence-verifier-1,20.92,"12.96MiB / 192MiB",6.75
2026-09-22T05:58:48.643Z,node-red-node-red-1,0.00,"83.09MiB / 1.922GiB",4.22
2026-09-22T05:58:48.643Z,lorawan-gateway-evidence-collector-1,0.32,"14.25MiB / 192MiB",7.42
2026-09-22T05:58:48.643Z,seaweedfs,18.15,"139.6MiB / 256MiB",54.52
2026-09-22T05:58:48.643Z,seaweedfs-metadata-etcd,8.46,"78MiB / 96MiB",81.25
2026-09-22T05:58:48.643Z,openbao,1.69,"36.86MiB / 512MiB",7.20
2026-09-22T05:58:48.643Z,spilo,1.56,"261.8MiB / 1.922GiB",13.30
2026-09-22T05:58:48.643Z,etcd,0.94,"53.36MiB / 1.922GiB",2.71
2026-09-22T05:58:56.037Z,grafana,0.96,"235.8MiB / 512MiB",46.06
2026-09-22T05:58:56.037Z,lorawan-gateway-evidence-verifier-1,20.38,"13.09MiB / 192MiB",6.82
2026-09-22T05:58:56.037Z,node-red-node-red-1,0.00,"83.09MiB / 1.922GiB",4.22
2026-09-22T05:58:56.037Z,lorawan-gateway-evidence-collector-1,0.26,"14.25MiB / 192MiB",7.42
2026-09-22T05:58:56.037Z,seaweedfs,20.42,"139.9MiB / 256MiB",54.63
2026-09-22T05:58:56.037Z,seaweedfs-metadata-etcd,9.71,"78MiB / 96MiB",81.25
2026-09-22T05:58:56.037Z,openbao,1.12,"36.86MiB / 512MiB",7.20
2026-09-22T05:58:56.037Z,spilo,0.77,"261.8MiB / 1.922GiB",13.30
2026-09-22T05:58:56.037Z,etcd,2.03,"53.36MiB / 1.922GiB",2.71
2026-09-22T05:59:03.631Z,grafana,1.03,"235.8MiB / 512MiB",46.06
2026-09-22T05:59:03.631Z,lorawan-gateway-evidence-verifier-1,19.12,"13.02MiB / 192MiB",6.78
2026-09-22T05:59:03.631Z,node-red-node-red-1,0.01,"83.09MiB / 1.922GiB",4.22
2026-09-22T05:59:03.631Z,lorawan-gateway-evidence-collector-1,0.31,"14.25MiB / 192MiB",7.42
2026-09-22T05:59:03.631Z,seaweedfs,17.10,"139.6MiB / 256MiB",54.53
2026-09-22T05:59:03.631Z,seaweedfs-metadata-etcd,9.01,"78MiB / 96MiB",81.25
2026-09-22T05:59:03.631Z,openbao,0.86,"36.86MiB / 512MiB",7.20
2026-09-22T05:59:03.631Z,spilo,2.07,"261.8MiB / 1.922GiB",13.30
2026-09-22T05:59:03.631Z,etcd,0.97,"53.36MiB / 1.922GiB",2.71
2026-09-22T05:59:11.046Z,grafana,0.99,"235.8MiB / 512MiB",46.06
2026-09-22T05:59:11.046Z,lorawan-gateway-evidence-verifier-1,19.79,"13.05MiB / 192MiB",6.80
2026-09-22T05:59:11.046Z,node-red-node-red-1,0.00,"83.09MiB / 1.922GiB",4.22
2026-09-22T05:59:11.046Z,lorawan-gateway-evidence-collector-1,0.29,"14.25MiB / 192MiB",7.42
2026-09-22T05:59:11.046Z,seaweedfs,17.85,"139.9MiB / 256MiB",54.66
2026-09-22T05:59:11.046Z,seaweedfs-metadata-etcd,8.19,"78.01MiB / 96MiB",81.26
2026-09-22T05:59:11.046Z,openbao,1.27,"36.86MiB / 512MiB",7.20
2026-09-22T05:59:11.046Z,spilo,0.89,"261.8MiB / 1.922GiB",13.30
2026-09-22T05:59:11.046Z,etcd,1.36,"53.36MiB / 1.922GiB",2.71
2026-09-22T05:59:18.452Z,grafana,1.86,"236.3MiB / 512MiB",46.15
2026-09-22T05:59:18.452Z,lorawan-gateway-evidence-verifier-1,14.08,"13.32MiB / 192MiB",6.94
2026-09-22T05:59:18.452Z,node-red-node-red-1,0.00,"83.09MiB / 1.922GiB",4.22
2026-09-22T05:59:18.452Z,lorawan-gateway-evidence-collector-1,0.41,"14.25MiB / 192MiB",7.42
2026-09-22T05:59:18.452Z,seaweedfs,28.13,"139.4MiB / 256MiB",54.45
2026-09-22T05:59:18.452Z,seaweedfs-metadata-etcd,12.37,"78MiB / 96MiB",81.25
2026-09-22T05:59:18.452Z,openbao,1.50,"36.86MiB / 512MiB",7.20
2026-09-22T05:59:18.452Z,spilo,2.10,"261.8MiB / 1.922GiB",13.30
2026-09-22T05:59:18.452Z,etcd,1.42,"53.36MiB / 1.922GiB",2.71
2026-09-22T05:59:26.122Z,grafana,0.98,"236.3MiB / 512MiB",46.15
2026-09-22T05:59:26.122Z,lorawan-gateway-evidence-verifier-1,14.55,"13.1MiB / 192MiB",6.82
2026-09-22T05:59:26.122Z,node-red-node-red-1,0.00,"83.09MiB / 1.922GiB",4.22
2026-09-22T05:59:26.122Z,lorawan-gateway-evidence-collector-1,0.28,"14.25MiB / 192MiB",7.42
2026-09-22T05:59:26.122Z,seaweedfs,24.24,"139.8MiB / 256MiB",54.61
2026-09-22T05:59:26.122Z,seaweedfs-metadata-etcd,10.01,"78MiB / 96MiB",81.25
2026-09-22T05:59:26.122Z,openbao,1.14,"36.86MiB / 512MiB",7.20
2026-09-22T05:59:26.122Z,spilo,0.54,"261.8MiB / 1.922GiB",13.30
2026-09-22T05:59:26.122Z,etcd,2.28,"53.36MiB / 1.922GiB",2.71
2026-09-22T05:59:33.561Z,grafana,1.37,"236.3MiB / 512MiB",46.15
2026-09-22T05:59:33.561Z,lorawan-gateway-evidence-verifier-1,0.00,"13.14MiB / 192MiB",6.84
2026-09-22T05:59:33.561Z,node-red-node-red-1,0.01,"83.09MiB / 1.922GiB",4.22
2026-09-22T05:59:33.561Z,lorawan-gateway-evidence-collector-1,0.38,"14.25MiB / 192MiB",7.42
2026-09-22T05:59:33.561Z,seaweedfs,0.74,"139.4MiB / 256MiB",54.44
2026-09-22T05:59:33.561Z,seaweedfs-metadata-etcd,1.04,"78MiB / 96MiB",81.25
2026-09-22T05:59:33.561Z,openbao,1.51,"36.86MiB / 512MiB",7.20
2026-09-22T05:59:33.561Z,spilo,0.89,"261.8MiB / 1.922GiB",13.30
2026-09-22T05:59:33.561Z,etcd,1.13,"53.36MiB / 1.922GiB",2.71
2026-09-22T05:59:40.775Z,grafana,1.13,"236.3MiB / 512MiB",46.15
2026-09-22T05:59:40.775Z,lorawan-gateway-evidence-verifier-1,0.00,"13.14MiB / 192MiB",6.84
2026-09-22T05:59:40.775Z,node-red-node-red-1,0.00,"83.09MiB / 1.922GiB",4.22
2026-09-22T05:59:40.775Z,lorawan-gateway-evidence-collector-1,0.34,"14.25MiB / 192MiB",7.42
2026-09-22T05:59:40.775Z,seaweedfs,0.72,"139.4MiB / 256MiB",54.44
2026-09-22T05:59:40.775Z,seaweedfs-metadata-etcd,0.82,"78MiB / 96MiB",81.25
2026-09-22T05:59:40.775Z,openbao,1.56,"36.86MiB / 512MiB",7.20
2026-09-22T05:59:40.775Z,spilo,1.03,"261.8MiB / 1.922GiB",13.30
2026-09-22T05:59:40.775Z,etcd,1.10,"53.36MiB / 1.922GiB",2.71
2026-09-22T05:59:47.972Z,grafana,1.80,"236.3MiB / 512MiB",46.15
2026-09-22T05:59:47.972Z,lorawan-gateway-evidence-verifier-1,0.15,"13.14MiB / 192MiB",6.84
2026-09-22T05:59:47.972Z,node-red-node-red-1,0.00,"83.09MiB / 1.922GiB",4.22
2026-09-22T05:59:47.972Z,lorawan-gateway-evidence-collector-1,0.37,"14.25MiB / 192MiB",7.42
2026-09-22T05:59:47.972Z,seaweedfs,0.88,"139.4MiB / 256MiB",54.44
2026-09-22T05:59:47.972Z,seaweedfs-metadata-etcd,1.27,"78MiB / 96MiB",81.25
2026-09-22T05:59:47.972Z,openbao,1.40,"36.86MiB / 512MiB",7.20
2026-09-22T05:59:47.972Z,spilo,0.50,"261.8MiB / 1.922GiB",13.30
2026-09-22T05:59:47.972Z,etcd,1.17,"53.36MiB / 1.922GiB",2.71
2026-09-22T05:59:55.195Z,grafana,1.30,"236.3MiB / 512MiB",46.15
2026-09-22T05:59:55.195Z,lorawan-gateway-evidence-verifier-1,0.00,"13.14MiB / 192MiB",6.84
2026-09-22T05:59:55.195Z,node-red-node-red-1,0.00,"83.09MiB / 1.922GiB",4.22
2026-09-22T05:59:55.195Z,lorawan-gateway-evidence-collector-1,0.32,"14.25MiB / 192MiB",7.42
2026-09-22T05:59:55.195Z,seaweedfs,0.69,"139.4MiB / 256MiB",54.44
2026-09-22T05:59:55.195Z,seaweedfs-metadata-etcd,1.00,"78MiB / 96MiB",81.25
2026-09-22T05:59:55.195Z,openbao,1.94,"36.86MiB / 512MiB",7.20
2026-09-22T05:59:55.195Z,spilo,2.08,"261.8MiB / 1.922GiB",13.30
2026-09-22T05:59:55.195Z,etcd,1.52,"53.36MiB / 1.922GiB",2.71
2026-09-22T06:00:02.415Z,grafana,2.88,"236.3MiB / 512MiB",46.15
2026-09-22T06:00:02.415Z,lorawan-gateway-evidence-verifier-1,13.75,"13.47MiB / 192MiB",7.02
2026-09-22T06:00:02.415Z,node-red-node-red-1,0.00,"83.09MiB / 1.922GiB",4.22
2026-09-22T06:00:02.415Z,lorawan-gateway-evidence-collector-1,0.54,"14.25MiB / 192MiB",7.42
2026-09-22T06:00:02.415Z,seaweedfs,28.12,"139.4MiB / 256MiB",54.47
2026-09-22T06:00:02.415Z,seaweedfs-metadata-etcd,19.23,"78MiB / 96MiB",81.25
2026-09-22T06:00:02.415Z,openbao,5.37,"36.86MiB / 512MiB",7.20
2026-09-22T06:00:02.415Z,spilo,11.14,"261.8MiB / 1.922GiB",13.30
2026-09-22T06:00:02.415Z,etcd,9.47,"53.36MiB / 1.922GiB",2.71
2026-09-22T06:00:10.433Z,grafana,2.25,"236.3MiB / 512MiB",46.15
2026-09-22T06:00:10.433Z,lorawan-gateway-evidence-verifier-1,4.33,"13.33MiB / 192MiB",6.94
2026-09-22T06:00:10.433Z,node-red-node-red-1,0.00,"83.09MiB / 1.922GiB",4.22
2026-09-22T06:00:10.433Z,lorawan-gateway-evidence-collector-1,0.84,"14.25MiB / 192MiB",7.42
2026-09-22T06:00:10.433Z,seaweedfs,10.12,"139.5MiB / 256MiB",54.50
2026-09-22T06:00:10.433Z,seaweedfs-metadata-etcd,3.81,"78MiB / 96MiB",81.25
2026-09-22T06:00:10.433Z,openbao,2.10,"36.86MiB / 512MiB",7.20
2026-09-22T06:00:10.433Z,spilo,1.99,"261.8MiB / 1.922GiB",13.30
2026-09-22T06:00:10.433Z,etcd,3.75,"53.36MiB / 1.922GiB",2.71
2026-09-22T06:00:18.030Z,grafana,2.00,"236.3MiB / 512MiB",46.15
2026-09-22T06:00:18.030Z,lorawan-gateway-evidence-verifier-1,0.16,"13.33MiB / 192MiB",6.94
2026-09-22T06:00:18.030Z,node-red-node-red-1,0.00,"83.09MiB / 1.922GiB",4.22
2026-09-22T06:00:18.030Z,lorawan-gateway-evidence-collector-1,0.61,"13.12MiB / 192MiB",6.83
2026-09-22T06:00:18.030Z,seaweedfs,1.38,"139.5MiB / 256MiB",54.50
2026-09-22T06:00:18.030Z,seaweedfs-metadata-etcd,1.45,"78MiB / 96MiB",81.25
2026-09-22T06:00:18.030Z,openbao,1.33,"36.86MiB / 512MiB",7.20
2026-09-22T06:00:18.030Z,spilo,1.47,"261.8MiB / 1.922GiB",13.30
2026-09-22T06:00:18.030Z,etcd,1.91,"53.39MiB / 1.922GiB",2.71
2026-09-22T06:00:25.309Z,grafana,1.60,"236.3MiB / 512MiB",46.15
2026-09-22T06:00:25.309Z,lorawan-gateway-evidence-verifier-1,0.00,"13.33MiB / 192MiB",6.94
2026-09-22T06:00:25.309Z,node-red-node-red-1,0.00,"83.09MiB / 1.922GiB",4.22
2026-09-22T06:00:25.309Z,lorawan-gateway-evidence-collector-1,0.45,"13.12MiB / 192MiB",6.83
2026-09-22T06:00:25.309Z,seaweedfs,1.29,"139.5MiB / 256MiB",54.50
2026-09-22T06:00:25.309Z,seaweedfs-metadata-etcd,1.76,"78MiB / 96MiB",81.25
2026-09-22T06:00:25.309Z,openbao,3.38,"37.15MiB / 512MiB",7.26
2026-09-22T06:00:25.309Z,spilo,2.74,"261.8MiB / 1.922GiB",13.30
2026-09-22T06:00:25.309Z,etcd,3.71,"53.4MiB / 1.922GiB",2.71
2026-09-22T06:00:32.676Z,grafana,1.42,"236.3MiB / 512MiB",46.15
2026-09-22T06:00:32.676Z,lorawan-gateway-evidence-verifier-1,0.05,"13.33MiB / 192MiB",6.94
2026-09-22T06:00:32.676Z,node-red-node-red-1,0.00,"83.09MiB / 1.922GiB",4.22
2026-09-22T06:00:32.676Z,lorawan-gateway-evidence-collector-1,0.45,"13.12MiB / 192MiB",6.83
2026-09-22T06:00:32.676Z,seaweedfs,0.86,"139.5MiB / 256MiB",54.50
2026-09-22T06:00:32.676Z,seaweedfs-metadata-etcd,0.95,"78MiB / 96MiB",81.25
2026-09-22T06:00:32.676Z,openbao,1.13,"37.15MiB / 512MiB",7.26
2026-09-22T06:00:32.676Z,spilo,1.80,"261.8MiB / 1.922GiB",13.30
2026-09-22T06:00:32.676Z,etcd,1.79,"53.39MiB / 1.922GiB",2.71
2026-09-22T06:00:39.941Z,grafana,1.32,"236.3MiB / 512MiB",46.15
2026-09-22T06:00:39.941Z,lorawan-gateway-evidence-verifier-1,0.17,"13.33MiB / 192MiB",6.94
2026-09-22T06:00:39.941Z,node-red-node-red-1,0.00,"83.09MiB / 1.922GiB",4.22
2026-09-22T06:00:39.941Z,lorawan-gateway-evidence-collector-1,0.50,"13.12MiB / 192MiB",6.83
2026-09-22T06:00:39.941Z,seaweedfs,6.69,"139.5MiB / 256MiB",54.50
2026-09-22T06:00:39.941Z,seaweedfs-metadata-etcd,8.25,"78MiB / 96MiB",81.25
2026-09-22T06:00:39.941Z,openbao,1.38,"37.15MiB / 512MiB",7.26
2026-09-22T06:00:39.941Z,spilo,1.15,"261.8MiB / 1.922GiB",13.30
2026-09-22T06:00:39.941Z,etcd,1.44,"53.39MiB / 1.922GiB",2.71
2026-09-22T06:00:47.284Z,grafana,1.28,"236.3MiB / 512MiB",46.15
2026-09-22T06:00:47.284Z,lorawan-gateway-evidence-verifier-1,0.00,"13.33MiB / 192MiB",6.94
2026-09-22T06:00:47.284Z,node-red-node-red-1,0.00,"83.09MiB / 1.922GiB",4.22
2026-09-22T06:00:47.284Z,lorawan-gateway-evidence-collector-1,0.51,"13.12MiB / 192MiB",6.83
2026-09-22T06:00:47.284Z,seaweedfs,1.06,"139.5MiB / 256MiB",54.49
2026-09-22T06:00:47.284Z,seaweedfs-metadata-etcd,1.12,"78MiB / 96MiB",81.25
2026-09-22T06:00:47.284Z,openbao,1.57,"37.15MiB / 512MiB",7.26
2026-09-22T06:00:47.284Z,spilo,1.40,"261.8MiB / 1.922GiB",13.30
2026-09-22T06:00:47.284Z,etcd,1.72,"53.39MiB / 1.922GiB",2.71
2026-09-22T06:00:54.549Z,grafana,1.66,"236.3MiB / 512MiB",46.15
2026-09-22T06:00:54.549Z,lorawan-gateway-evidence-verifier-1,0.18,"13.33MiB / 192MiB",6.94
2026-09-22T06:00:54.549Z,node-red-node-red-1,0.00,"83.09MiB / 1.922GiB",4.22
2026-09-22T06:00:54.549Z,lorawan-gateway-evidence-collector-1,0.47,"13.12MiB / 192MiB",6.83
2026-09-22T06:00:54.549Z,seaweedfs,1.06,"139.5MiB / 256MiB",54.49
2026-09-22T06:00:54.549Z,seaweedfs-metadata-etcd,1.10,"78MiB / 96MiB",81.25
2026-09-22T06:00:54.549Z,openbao,1.45,"37.15MiB / 512MiB",7.26
2026-09-22T06:00:54.549Z,spilo,2.11,"261.8MiB / 1.922GiB",13.30
2026-09-22T06:00:54.549Z,etcd,1.58,"53.39MiB / 1.922GiB",2.71
2026-09-22T06:01:01.818Z,grafana,4.48,"236.3MiB / 512MiB",46.15
2026-09-22T06:01:01.818Z,lorawan-gateway-evidence-verifier-1,0.28,"13.33MiB / 192MiB",6.94
2026-09-22T06:01:01.818Z,node-red-node-red-1,0.00,"83.1MiB / 1.922GiB",4.22
2026-09-22T06:01:01.818Z,lorawan-gateway-evidence-collector-1,0.42,"13.12MiB / 192MiB",6.83
2026-09-22T06:01:01.818Z,seaweedfs,1.15,"139.6MiB / 256MiB",54.51
2026-09-22T06:01:01.818Z,seaweedfs-metadata-etcd,1.27,"78MiB / 96MiB",81.25
2026-09-22T06:01:01.818Z,openbao,1.57,"37.15MiB / 512MiB",7.26
2026-09-22T06:01:01.818Z,spilo,1.45,"261.8MiB / 1.922GiB",13.30
2026-09-22T06:01:01.818Z,etcd,1.86,"53.39MiB / 1.922GiB",2.71
2026-09-22T06:01:09.293Z,grafana,1.34,"236.3MiB / 512MiB",46.15
2026-09-22T06:01:09.293Z,lorawan-gateway-evidence-verifier-1,0.00,"13.33MiB / 192MiB",6.94
2026-09-22T06:01:09.293Z,node-red-node-red-1,0.00,"83.1MiB / 1.922GiB",4.22
2026-09-22T06:01:09.293Z,lorawan-gateway-evidence-collector-1,0.55,"13.12MiB / 192MiB",6.83
2026-09-22T06:01:09.293Z,seaweedfs,1.02,"139.6MiB / 256MiB",54.51
2026-09-22T06:01:09.293Z,seaweedfs-metadata-etcd,0.96,"78MiB / 96MiB",81.25
2026-09-22T06:01:09.293Z,openbao,1.92,"37.15MiB / 512MiB",7.26
2026-09-22T06:01:09.293Z,spilo,1.96,"261.8MiB / 1.922GiB",13.30
2026-09-22T06:01:09.293Z,etcd,1.44,"53.39MiB / 1.922GiB",2.71
2026-09-22T06:01:16.641Z,grafana,2.17,"236.3MiB / 512MiB",46.15
2026-09-22T06:01:16.641Z,lorawan-gateway-evidence-verifier-1,0.00,"13.47MiB / 192MiB",7.01
2026-09-22T06:01:16.641Z,node-red-node-red-1,0.00,"83.1MiB / 1.922GiB",4.22
2026-09-22T06:01:16.641Z,lorawan-gateway-evidence-collector-1,0.39,"13.12MiB / 192MiB",6.83
2026-09-22T06:01:16.641Z,seaweedfs,7.91,"139.6MiB / 256MiB",54.51
2026-09-22T06:01:16.641Z,seaweedfs-metadata-etcd,8.18,"78MiB / 96MiB",81.25
2026-09-22T06:01:16.641Z,openbao,1.06,"37.15MiB / 512MiB",7.26
2026-09-22T06:01:16.641Z,spilo,1.35,"261.8MiB / 1.922GiB",13.30
2026-09-22T06:01:16.641Z,etcd,1.32,"53.39MiB / 1.922GiB",2.71
2026-09-22T06:01:23.960Z,grafana,1.60,"236.3MiB / 512MiB",46.15
2026-09-22T06:01:23.960Z,lorawan-gateway-evidence-verifier-1,0.22,"13.47MiB / 192MiB",7.01
2026-09-22T06:01:23.960Z,node-red-node-red-1,0.00,"83.1MiB / 1.922GiB",4.22
2026-09-22T06:01:23.960Z,lorawan-gateway-evidence-collector-1,0.40,"13.12MiB / 192MiB",6.83
2026-09-22T06:01:23.960Z,seaweedfs,0.91,"139.6MiB / 256MiB",54.51
2026-09-22T06:01:23.960Z,seaweedfs-metadata-etcd,1.27,"78MiB / 96MiB",81.25
2026-09-22T06:01:23.960Z,openbao,2.04,"37.15MiB / 512MiB",7.26
2026-09-22T06:01:23.960Z,spilo,0.55,"261.8MiB / 1.922GiB",13.30
2026-09-22T06:01:23.960Z,etcd,1.17,"53.39MiB / 1.922GiB",2.71
2026-09-22T06:01:31.214Z,grafana,12.87,"236.6MiB / 512MiB",46.22
2026-09-22T06:01:31.214Z,lorawan-gateway-evidence-verifier-1,0.00,"13.47MiB / 192MiB",7.01
2026-09-22T06:01:31.214Z,node-red-node-red-1,0.00,"83.1MiB / 1.922GiB",4.22
2026-09-22T06:01:31.214Z,lorawan-gateway-evidence-collector-1,0.38,"13.12MiB / 192MiB",6.83
2026-09-22T06:01:31.214Z,seaweedfs,0.79,"139MiB / 256MiB",54.29
2026-09-22T06:01:31.214Z,seaweedfs-metadata-etcd,0.92,"78MiB / 96MiB",81.25
2026-09-22T06:01:31.214Z,openbao,1.47,"37.15MiB / 512MiB",7.26
2026-09-22T06:01:31.214Z,spilo,0.97,"261.8MiB / 1.922GiB",13.30
2026-09-22T06:01:31.214Z,etcd,1.75,"53.39MiB / 1.922GiB",2.71
2026-09-22T06:01:38.494Z,grafana,1.90,"236.6MiB / 512MiB",46.22
2026-09-22T06:01:38.494Z,lorawan-gateway-evidence-verifier-1,0.17,"13.47MiB / 192MiB",7.01
2026-09-22T06:01:38.494Z,node-red-node-red-1,0.01,"83.1MiB / 1.922GiB",4.22
2026-09-22T06:01:38.494Z,lorawan-gateway-evidence-collector-1,0.40,"13.12MiB / 192MiB",6.83
2026-09-22T06:01:38.494Z,seaweedfs,0.84,"139MiB / 256MiB",54.29
2026-09-22T06:01:38.494Z,seaweedfs-metadata-etcd,0.98,"78MiB / 96MiB",81.25
2026-09-22T06:01:38.494Z,openbao,1.38,"37.15MiB / 512MiB",7.26
2026-09-22T06:01:38.494Z,spilo,0.58,"261.8MiB / 1.922GiB",13.30
2026-09-22T06:01:38.494Z,etcd,1.16,"53.39MiB / 1.922GiB",2.71
2026-09-22T06:01:45.690Z,grafana,1.19,"236.6MiB / 512MiB",46.22
2026-09-22T06:01:45.690Z,lorawan-gateway-evidence-verifier-1,0.14,"13.47MiB / 192MiB",7.01
2026-09-22T06:01:45.690Z,node-red-node-red-1,0.08,"83.1MiB / 1.922GiB",4.22
2026-09-22T06:01:45.690Z,lorawan-gateway-evidence-collector-1,0.44,"13.12MiB / 192MiB",6.83
2026-09-22T06:01:45.690Z,seaweedfs,1.79,"139MiB / 256MiB",54.29
2026-09-22T06:01:45.690Z,seaweedfs-metadata-etcd,1.35,"78MiB / 96MiB",81.25
2026-09-22T06:01:45.690Z,openbao,1.44,"37.15MiB / 512MiB",7.26
2026-09-22T06:01:45.690Z,spilo,1.30,"261.8MiB / 1.922GiB",13.30
2026-09-22T06:01:45.690Z,etcd,2.37,"53.45MiB / 1.922GiB",2.72
2026-09-22T06:01:52.921Z,grafana,1.35,"236.6MiB / 512MiB",46.22
2026-09-22T06:01:52.921Z,lorawan-gateway-evidence-verifier-1,0.00,"13.47MiB / 192MiB",7.01
2026-09-22T06:01:52.921Z,node-red-node-red-1,0.02,"83.1MiB / 1.922GiB",4.22
2026-09-22T06:01:52.921Z,lorawan-gateway-evidence-collector-1,0.36,"13.12MiB / 192MiB",6.83
2026-09-22T06:01:52.921Z,seaweedfs,4.38,"139MiB / 256MiB",54.29
2026-09-22T06:01:52.921Z,seaweedfs-metadata-etcd,5.01,"78MiB / 96MiB",81.25
2026-09-22T06:01:52.921Z,openbao,1.05,"37.15MiB / 512MiB",7.26
2026-09-22T06:01:52.921Z,spilo,1.21,"261.8MiB / 1.922GiB",13.30
2026-09-22T06:01:52.921Z,etcd,1.56,"53.45MiB / 1.922GiB",2.72
2026-09-22T06:02:00.164Z,grafana,1.66,"236.6MiB / 512MiB",46.22
2026-09-22T06:02:00.164Z,lorawan-gateway-evidence-verifier-1,0.18,"13.47MiB / 192MiB",7.01
2026-09-22T06:02:00.164Z,node-red-node-red-1,0.01,"83.1MiB / 1.922GiB",4.22
2026-09-22T06:02:00.164Z,lorawan-gateway-evidence-collector-1,0.47,"13.12MiB / 192MiB",6.83
2026-09-22T06:02:00.164Z,seaweedfs,1.13,"139MiB / 256MiB",54.29
2026-09-22T06:02:00.164Z,seaweedfs-metadata-etcd,1.51,"78MiB / 96MiB",81.25
2026-09-22T06:02:00.164Z,openbao,2.60,"37.15MiB / 512MiB",7.26
2026-09-22T06:02:00.164Z,spilo,1.60,"261.8MiB / 1.922GiB",13.31
2026-09-22T06:02:00.164Z,etcd,1.92,"53.45MiB / 1.922GiB",2.72
2026-09-22T06:02:07.431Z,grafana,1.41,"236.6MiB / 512MiB",46.22
2026-09-22T06:02:07.431Z,lorawan-gateway-evidence-verifier-1,0.00,"13.47MiB / 192MiB",7.01
2026-09-22T06:02:07.431Z,node-red-node-red-1,0.00,"83.1MiB / 1.922GiB",4.22
2026-09-22T06:02:07.431Z,lorawan-gateway-evidence-collector-1,0.44,"13.12MiB / 192MiB",6.83
2026-09-22T06:02:07.431Z,seaweedfs,1.08,"139.1MiB / 256MiB",54.32
2026-09-22T06:02:07.431Z,seaweedfs-metadata-etcd,1.19,"65.12MiB / 96MiB",67.83
2026-09-22T06:02:07.431Z,openbao,1.90,"37.15MiB / 512MiB",7.26
2026-09-22T06:02:07.431Z,spilo,2.02,"261.9MiB / 1.922GiB",13.31
2026-09-22T06:02:07.431Z,etcd,1.85,"53.49MiB / 1.922GiB",2.72
2026-09-22T06:02:14.716Z,grafana,1.48,"236.6MiB / 512MiB",46.22
2026-09-22T06:02:14.716Z,lorawan-gateway-evidence-verifier-1,0.02,"12.66MiB / 192MiB",6.59
2026-09-22T06:02:14.716Z,node-red-node-red-1,0.00,"83.1MiB / 1.922GiB",4.22
2026-09-22T06:02:14.716Z,lorawan-gateway-evidence-collector-1,0.42,"12.75MiB / 192MiB",6.64
2026-09-22T06:02:14.716Z,seaweedfs,1.08,"139.1MiB / 256MiB",54.32
2026-09-22T06:02:14.716Z,seaweedfs-metadata-etcd,1.21,"65.12MiB / 96MiB",67.83
2026-09-22T06:02:14.716Z,openbao,1.40,"37.15MiB / 512MiB",7.26
2026-09-22T06:02:14.716Z,spilo,1.79,"261.9MiB / 1.922GiB",13.31
2026-09-22T06:02:14.716Z,etcd,2.12,"53.49MiB / 1.922GiB",2.72
2026-09-22T06:02:22.007Z,grafana,1.71,"236.6MiB / 512MiB",46.22
2026-09-22T06:02:22.007Z,lorawan-gateway-evidence-verifier-1,0.14,"12.66MiB / 192MiB",6.59
2026-09-22T06:02:22.007Z,node-red-node-red-1,0.00,"83.1MiB / 1.922GiB",4.22
2026-09-22T06:02:22.007Z,lorawan-gateway-evidence-collector-1,0.48,"12.75MiB / 192MiB",6.64
2026-09-22T06:02:22.007Z,seaweedfs,9.14,"139.1MiB / 256MiB",54.32
2026-09-22T06:02:22.007Z,seaweedfs-metadata-etcd,12.35,"65.13MiB / 96MiB",67.84
2026-09-22T06:02:22.007Z,openbao,1.85,"37.15MiB / 512MiB",7.26
2026-09-22T06:02:22.007Z,spilo,2.13,"261.9MiB / 1.922GiB",13.31
2026-09-22T06:02:22.007Z,etcd,1.51,"53.49MiB / 1.922GiB",2.72
2026-09-22T06:02:29.430Z,grafana,1.40,"236.6MiB / 512MiB",46.22
2026-09-22T06:02:29.430Z,lorawan-gateway-evidence-verifier-1,0.00,"12.66MiB / 192MiB",6.59
2026-09-22T06:02:29.430Z,node-red-node-red-1,22.16,"83.1MiB / 1.922GiB",4.22
2026-09-22T06:02:29.430Z,lorawan-gateway-evidence-collector-1,0.50,"12.75MiB / 192MiB",6.64
2026-09-22T06:02:29.430Z,seaweedfs,0.86,"139.2MiB / 256MiB",54.37
2026-09-22T06:02:29.430Z,seaweedfs-metadata-etcd,0.98,"65.12MiB / 96MiB",67.83
2026-09-22T06:02:29.430Z,openbao,1.71,"37.15MiB / 512MiB",7.26
2026-09-22T06:02:29.430Z,spilo,1.31,"261.9MiB / 1.922GiB",13.31
2026-09-22T06:02:29.430Z,etcd,1.51,"53.49MiB / 1.922GiB",2.72
2026-09-22T06:02:36.688Z,grafana,1.49,"236.6MiB / 512MiB",46.22
2026-09-22T06:02:36.688Z,lorawan-gateway-evidence-verifier-1,0.07,"12.66MiB / 192MiB",6.59
2026-09-22T06:02:36.688Z,node-red-node-red-1,0.00,"83.1MiB / 1.922GiB",4.22
2026-09-22T06:02:36.688Z,lorawan-gateway-evidence-collector-1,0.43,"12.75MiB / 192MiB",6.64
2026-09-22T06:02:36.688Z,seaweedfs,0.80,"139.2MiB / 256MiB",54.37
2026-09-22T06:02:36.688Z,seaweedfs-metadata-etcd,1.06,"65.12MiB / 96MiB",67.83
2026-09-22T06:02:36.688Z,openbao,1.52,"37.15MiB / 512MiB",7.26
2026-09-22T06:02:36.688Z,spilo,0.58,"261.9MiB / 1.922GiB",13.31
2026-09-22T06:02:36.688Z,etcd,1.42,"53.49MiB / 1.922GiB",2.72
2026-09-22T06:02:43.944Z,grafana,1.32,"236.6MiB / 512MiB",46.22
2026-09-22T06:02:43.944Z,lorawan-gateway-evidence-verifier-1,0.13,"12.66MiB / 192MiB",6.59
2026-09-22T06:02:43.944Z,node-red-node-red-1,0.00,"83.1MiB / 1.922GiB",4.22
2026-09-22T06:02:43.944Z,lorawan-gateway-evidence-collector-1,0.40,"12.75MiB / 192MiB",6.64
2026-09-22T06:02:43.944Z,seaweedfs,0.84,"139.2MiB / 256MiB",54.37
2026-09-22T06:02:43.944Z,seaweedfs-metadata-etcd,1.24,"65.12MiB / 96MiB",67.83
2026-09-22T06:02:43.944Z,openbao,1.73,"37.15MiB / 512MiB",7.26
2026-09-22T06:02:43.944Z,spilo,1.47,"261.9MiB / 1.922GiB",13.31
2026-09-22T06:02:43.944Z,etcd,1.12,"53.49MiB / 1.922GiB",2.72
2026-09-22T06:02:51.150Z,grafana,1.34,"236.6MiB / 512MiB",46.22
2026-09-22T06:02:51.150Z,lorawan-gateway-evidence-verifier-1,0.00,"12.66MiB / 192MiB",6.59
2026-09-22T06:02:51.150Z,node-red-node-red-1,0.00,"83.1MiB / 1.922GiB",4.22
2026-09-22T06:02:51.150Z,lorawan-gateway-evidence-collector-1,0.41,"12.75MiB / 192MiB",6.64
2026-09-22T06:02:51.150Z,seaweedfs,0.92,"139.2MiB / 256MiB",54.37
2026-09-22T06:02:51.150Z,seaweedfs-metadata-etcd,1.06,"65.12MiB / 96MiB",67.83
2026-09-22T06:02:51.150Z,openbao,1.43,"37.15MiB / 512MiB",7.26
2026-09-22T06:02:51.150Z,spilo,0.91,"261.9MiB / 1.922GiB",13.31
2026-09-22T06:02:51.150Z,etcd,1.62,"53.49MiB / 1.922GiB",2.72
2026-09-22T06:02:58.390Z,grafana,3.25,"236.6MiB / 512MiB",46.22
2026-09-22T06:02:58.390Z,lorawan-gateway-evidence-verifier-1,0.15,"12.66MiB / 192MiB",6.59
2026-09-22T06:02:58.390Z,node-red-node-red-1,0.00,"83.1MiB / 1.922GiB",4.22
2026-09-22T06:02:58.390Z,lorawan-gateway-evidence-collector-1,0.50,"12.75MiB / 192MiB",6.64
2026-09-22T06:02:58.390Z,seaweedfs,8.96,"139.2MiB / 256MiB",54.37
2026-09-22T06:02:58.390Z,seaweedfs-metadata-etcd,11.77,"65.13MiB / 96MiB",67.84
2026-09-22T06:02:58.390Z,openbao,3.55,"37.15MiB / 512MiB",7.26
2026-09-22T06:02:58.390Z,spilo,2.75,"261.9MiB / 1.922GiB",13.31
2026-09-22T06:02:58.390Z,etcd,1.19,"53.49MiB / 1.922GiB",2.72
2026-09-22T06:03:05.711Z,grafana,1.45,"236.6MiB / 512MiB",46.22
2026-09-22T06:03:05.711Z,lorawan-gateway-evidence-verifier-1,0.13,"12.66MiB / 192MiB",6.59
2026-09-22T06:03:05.711Z,node-red-node-red-1,0.00,"83.11MiB / 1.922GiB",4.22
2026-09-22T06:03:05.711Z,lorawan-gateway-evidence-collector-1,0.36,"12.75MiB / 192MiB",6.64
2026-09-22T06:03:05.711Z,seaweedfs,1.05,"139.2MiB / 256MiB",54.37
2026-09-22T06:03:05.711Z,seaweedfs-metadata-etcd,0.96,"65.12MiB / 96MiB",67.83
2026-09-22T06:03:05.711Z,openbao,1.91,"37.15MiB / 512MiB",7.26
2026-09-22T06:03:05.711Z,spilo,0.81,"261.9MiB / 1.922GiB",13.31
2026-09-22T06:03:05.711Z,etcd,2.42,"53.49MiB / 1.922GiB",2.72
2026-09-22T06:03:12.954Z,grafana,1.15,"236.6MiB / 512MiB",46.22
2026-09-22T06:03:12.954Z,lorawan-gateway-evidence-verifier-1,0.00,"12.66MiB / 192MiB",6.59
2026-09-22T06:03:12.954Z,node-red-node-red-1,0.00,"83.11MiB / 1.922GiB",4.22
2026-09-22T06:03:12.954Z,lorawan-gateway-evidence-collector-1,0.40,"12.75MiB / 192MiB",6.64
2026-09-22T06:03:12.954Z,seaweedfs,0.71,"139.2MiB / 256MiB",54.37
2026-09-22T06:03:12.954Z,seaweedfs-metadata-etcd,0.89,"65.12MiB / 96MiB",67.83
2026-09-22T06:03:12.954Z,openbao,1.53,"37.15MiB / 512MiB",7.26
2026-09-22T06:03:12.954Z,spilo,0.73,"261.9MiB / 1.922GiB",13.31
2026-09-22T06:03:12.954Z,etcd,1.15,"53.49MiB / 1.922GiB",2.72
2026-09-22T06:03:20.202Z,grafana,1.26,"236.6MiB / 512MiB",46.22
2026-09-22T06:03:20.202Z,lorawan-gateway-evidence-verifier-1,0.14,"12.66MiB / 192MiB",6.59
2026-09-22T06:03:20.202Z,node-red-node-red-1,0.00,"83.11MiB / 1.922GiB",4.22
2026-09-22T06:03:20.202Z,lorawan-gateway-evidence-collector-1,0.44,"12.75MiB / 192MiB",6.64
2026-09-22T06:03:20.202Z,seaweedfs,0.85,"139.2MiB / 256MiB",54.37
2026-09-22T06:03:20.202Z,seaweedfs-metadata-etcd,1.46,"65.12MiB / 96MiB",67.83
2026-09-22T06:03:20.202Z,openbao,1.84,"37.15MiB / 512MiB",7.26
2026-09-22T06:03:20.202Z,spilo,1.50,"261.9MiB / 1.922GiB",13.31
2026-09-22T06:03:20.202Z,etcd,1.12,"53.49MiB / 1.922GiB",2.72
2026-09-22T06:03:27.413Z,grafana,1.46,"236.6MiB / 512MiB",46.22
2026-09-22T06:03:27.413Z,lorawan-gateway-evidence-verifier-1,0.00,"12.66MiB / 192MiB",6.59
2026-09-22T06:03:27.413Z,node-red-node-red-1,0.00,"83.11MiB / 1.922GiB",4.22
2026-09-22T06:03:27.413Z,lorawan-gateway-evidence-collector-1,0.45,"12.75MiB / 192MiB",6.64
2026-09-22T06:03:27.413Z,seaweedfs,1.03,"139.2MiB / 256MiB",54.36
2026-09-22T06:03:27.413Z,seaweedfs-metadata-etcd,1.18,"65.12MiB / 96MiB",67.83
2026-09-22T06:03:27.413Z,openbao,1.84,"37.15MiB / 512MiB",7.26
2026-09-22T06:03:27.413Z,spilo,1.02,"261.9MiB / 1.922GiB",13.31
2026-09-22T06:03:27.413Z,etcd,1.52,"53.49MiB / 1.922GiB",2.72
2026-09-22T06:03:34.643Z,grafana,1.37,"236.7MiB / 512MiB",46.23
2026-09-22T06:03:34.643Z,lorawan-gateway-evidence-verifier-1,0.15,"12.66MiB / 192MiB",6.59
2026-09-22T06:03:34.643Z,node-red-node-red-1,0.00,"83.11MiB / 1.922GiB",4.22
2026-09-22T06:03:34.643Z,lorawan-gateway-evidence-collector-1,0.42,"12.75MiB / 192MiB",6.64
2026-09-22T06:03:34.643Z,seaweedfs,0.93,"139.2MiB / 256MiB",54.36
2026-09-22T06:03:34.643Z,seaweedfs-metadata-etcd,1.46,"65.12MiB / 96MiB",67.83
2026-09-22T06:03:34.643Z,openbao,1.38,"37.15MiB / 512MiB",7.26
2026-09-22T06:03:34.643Z,spilo,2.03,"261.9MiB / 1.922GiB",13.31
2026-09-22T06:03:34.643Z,etcd,1.57,"53.49MiB / 1.922GiB",2.72
2026-09-22T06:03:41.898Z,grafana,1.37,"236.7MiB / 512MiB",46.23
2026-09-22T06:03:41.898Z,lorawan-gateway-evidence-verifier-1,0.16,"12.66MiB / 192MiB",6.59
2026-09-22T06:03:41.898Z,node-red-node-red-1,0.00,"83.11MiB / 1.922GiB",4.22
2026-09-22T06:03:41.898Z,lorawan-gateway-evidence-collector-1,0.38,"12.75MiB / 192MiB",6.64
2026-09-22T06:03:41.898Z,seaweedfs,0.87,"139.2MiB / 256MiB",54.36
2026-09-22T06:03:41.898Z,seaweedfs-metadata-etcd,1.01,"65.12MiB / 96MiB",67.83
2026-09-22T06:03:41.898Z,openbao,1.23,"37.15MiB / 512MiB",7.26
2026-09-22T06:03:41.898Z,spilo,0.87,"261.9MiB / 1.922GiB",13.31
2026-09-22T06:03:41.898Z,etcd,1.19,"53.49MiB / 1.922GiB",2.72
2026-09-22T06:03:49.110Z,grafana,1.48,"236.7MiB / 512MiB",46.23
2026-09-22T06:03:49.110Z,lorawan-gateway-evidence-verifier-1,0.00,"12.66MiB / 192MiB",6.59
2026-09-22T06:03:49.110Z,node-red-node-red-1,0.00,"83.11MiB / 1.922GiB",4.22
2026-09-22T06:03:49.110Z,lorawan-gateway-evidence-collector-1,0.41,"12.74MiB / 192MiB",6.64
2026-09-22T06:03:49.110Z,seaweedfs,1.02,"139.2MiB / 256MiB",54.36
2026-09-22T06:03:49.110Z,seaweedfs-metadata-etcd,0.97,"66.43MiB / 96MiB",69.19
2026-09-22T06:03:49.110Z,openbao,1.24,"37.15MiB / 512MiB",7.26
2026-09-22T06:03:49.110Z,spilo,1.26,"261.9MiB / 1.922GiB",13.31
2026-09-22T06:03:49.110Z,etcd,1.36,"53.49MiB / 1.922GiB",2.72
2026-09-22T06:03:56.334Z,grafana,1.33,"236.7MiB / 512MiB",46.23
2026-09-22T06:03:56.334Z,lorawan-gateway-evidence-verifier-1,0.13,"12.66MiB / 192MiB",6.59
2026-09-22T06:03:56.334Z,node-red-node-red-1,0.00,"83.11MiB / 1.922GiB",4.22
2026-09-22T06:03:56.334Z,lorawan-gateway-evidence-collector-1,0.39,"12.74MiB / 192MiB",6.64
2026-09-22T06:03:56.334Z,seaweedfs,0.81,"139.2MiB / 256MiB",54.36
2026-09-22T06:03:56.334Z,seaweedfs-metadata-etcd,1.26,"66.43MiB / 96MiB",69.20
2026-09-22T06:03:56.334Z,openbao,1.53,"37.15MiB / 512MiB",7.26
2026-09-22T06:03:56.334Z,spilo,0.77,"261.9MiB / 1.922GiB",13.31
2026-09-22T06:03:56.334Z,etcd,1.44,"53.49MiB / 1.922GiB",2.72
2026-09-22T06:04:03.589Z,grafana,1.80,"236.7MiB / 512MiB",46.23
2026-09-22T06:04:03.589Z,lorawan-gateway-evidence-verifier-1,1.03,"12.92MiB / 192MiB",6.73
2026-09-22T06:04:03.589Z,node-red-node-red-1,0.00,"83.11MiB / 1.922GiB",4.22
2026-09-22T06:04:03.589Z,lorawan-gateway-evidence-collector-1,0.40,"12.74MiB / 192MiB",6.64
2026-09-22T06:04:03.589Z,seaweedfs,10.28,"139.2MiB / 256MiB",54.39
2026-09-22T06:04:03.589Z,seaweedfs-metadata-etcd,10.36,"66.43MiB / 96MiB",69.20
2026-09-22T06:04:03.589Z,openbao,1.65,"37.15MiB / 512MiB",7.26
2026-09-22T06:04:03.589Z,spilo,1.98,"261.8MiB / 1.922GiB",13.31
2026-09-22T06:04:03.589Z,etcd,2.11,"53.49MiB / 1.922GiB",2.72
2026-09-22T06:04:11.051Z,grafana,1.49,"236.7MiB / 512MiB",46.23
2026-09-22T06:04:11.051Z,lorawan-gateway-evidence-verifier-1,0.00,"13.86MiB / 192MiB",7.22
2026-09-22T06:04:11.051Z,node-red-node-red-1,0.00,"83.11MiB / 1.922GiB",4.22
2026-09-22T06:04:11.051Z,lorawan-gateway-evidence-collector-1,0.42,"12.74MiB / 192MiB",6.64
2026-09-22T06:04:11.051Z,seaweedfs,1.02,"139.8MiB / 256MiB",54.61
2026-09-22T06:04:11.051Z,seaweedfs-metadata-etcd,1.02,"65.35MiB / 96MiB",68.07
2026-09-22T06:04:11.051Z,openbao,1.37,"37.15MiB / 512MiB",7.26
2026-09-22T06:04:11.051Z,spilo,1.40,"261.8MiB / 1.922GiB",13.31
2026-09-22T06:04:11.051Z,etcd,1.93,"53.49MiB / 1.922GiB",2.72
2026-09-22T06:04:18.365Z,grafana,1.78,"236.8MiB / 512MiB",46.25
2026-09-22T06:04:18.365Z,lorawan-gateway-evidence-verifier-1,0.15,"13.86MiB / 192MiB",7.22
2026-09-22T06:04:18.365Z,node-red-node-red-1,0.00,"83.11MiB / 1.922GiB",4.22
2026-09-22T06:04:18.365Z,lorawan-gateway-evidence-collector-1,0.41,"12.74MiB / 192MiB",6.64
2026-09-22T06:04:18.365Z,seaweedfs,0.87,"139.8MiB / 256MiB",54.61
2026-09-22T06:04:18.365Z,seaweedfs-metadata-etcd,1.03,"65.35MiB / 96MiB",68.07
2026-09-22T06:04:18.365Z,openbao,1.97,"37.15MiB / 512MiB",7.26
2026-09-22T06:04:18.365Z,spilo,0.73,"261.8MiB / 1.922GiB",13.31
2026-09-22T06:04:18.365Z,etcd,1.38,"53.49MiB / 1.922GiB",2.72
2026-09-22T06:04:25.618Z,grafana,1.32,"236.8MiB / 512MiB",46.25
2026-09-22T06:04:25.618Z,lorawan-gateway-evidence-verifier-1,0.00,"13.86MiB / 192MiB",7.22
2026-09-22T06:04:25.618Z,node-red-node-red-1,0.00,"83.11MiB / 1.922GiB",4.22
2026-09-22T06:04:25.618Z,lorawan-gateway-evidence-collector-1,0.40,"12.74MiB / 192MiB",6.64
2026-09-22T06:04:25.618Z,seaweedfs,0.83,"139.8MiB / 256MiB",54.61
2026-09-22T06:04:25.618Z,seaweedfs-metadata-etcd,0.91,"65.35MiB / 96MiB",68.07
2026-09-22T06:04:25.618Z,openbao,1.37,"37.15MiB / 512MiB",7.26
2026-09-22T06:04:25.618Z,spilo,1.31,"261.8MiB / 1.922GiB",13.31
2026-09-22T06:04:25.618Z,etcd,2.15,"53.49MiB / 1.922GiB",2.72
2026-09-22T06:04:32.839Z,grafana,1.36,"236.8MiB / 512MiB",46.25
2026-09-22T06:04:32.839Z,lorawan-gateway-evidence-verifier-1,0.00,"13.86MiB / 192MiB",7.22
2026-09-22T06:04:32.839Z,node-red-node-red-1,0.00,"83.11MiB / 1.922GiB",4.22
2026-09-22T06:04:32.839Z,lorawan-gateway-evidence-collector-1,0.41,"12.74MiB / 192MiB",6.64
2026-09-22T06:04:32.839Z,seaweedfs,0.71,"139.8MiB / 256MiB",54.61
2026-09-22T06:04:32.839Z,seaweedfs-metadata-etcd,0.92,"65.35MiB / 96MiB",68.07
2026-09-22T06:04:32.839Z,openbao,1.52,"37.15MiB / 512MiB",7.26
2026-09-22T06:04:32.839Z,spilo,1.45,"261.8MiB / 1.922GiB",13.31
2026-09-22T06:04:32.839Z,etcd,1.42,"53.49MiB / 1.922GiB",2.72
2026-09-22T06:04:40.213Z,grafana,0.94,"236.8MiB / 512MiB",46.25
2026-09-22T06:04:40.213Z,lorawan-gateway-evidence-verifier-1,17.14,"13.61MiB / 192MiB",7.09
2026-09-22T06:04:40.213Z,node-red-node-red-1,0.00,"83.11MiB / 1.922GiB",4.22
2026-09-22T06:04:40.213Z,lorawan-gateway-evidence-collector-1,0.33,"12.74MiB / 192MiB",6.64
2026-09-22T06:04:40.213Z,seaweedfs,24.78,"139.4MiB / 256MiB",54.46
2026-09-22T06:04:40.213Z,seaweedfs-metadata-etcd,8.43,"65.35MiB / 96MiB",68.07
2026-09-22T06:04:40.213Z,openbao,1.69,"37.15MiB / 512MiB",7.26
2026-09-22T06:04:40.213Z,spilo,1.72,"261.8MiB / 1.922GiB",13.31
2026-09-22T06:04:40.213Z,etcd,0.95,"53.49MiB / 1.922GiB",2.72
2026-09-22T06:04:47.759Z,grafana,1.46,"236.8MiB / 512MiB",46.25
2026-09-22T06:04:47.759Z,lorawan-gateway-evidence-verifier-1,0.13,"13.67MiB / 192MiB",7.12
2026-09-22T06:04:47.759Z,node-red-node-red-1,0.00,"83.11MiB / 1.922GiB",4.22
2026-09-22T06:04:47.759Z,lorawan-gateway-evidence-collector-1,0.43,"12.74MiB / 192MiB",6.64
2026-09-22T06:04:47.759Z,seaweedfs,1.09,"139.4MiB / 256MiB",54.45
2026-09-22T06:04:47.759Z,seaweedfs-metadata-etcd,1.25,"65.35MiB / 96MiB",68.07
2026-09-22T06:04:47.759Z,openbao,1.85,"37.15MiB / 512MiB",7.26
2026-09-22T06:04:47.759Z,spilo,1.61,"261.8MiB / 1.922GiB",13.31
2026-09-22T06:04:47.759Z,etcd,1.32,"53.49MiB / 1.922GiB",2.72
2026-09-22T06:04:55.001Z,grafana,1.45,"236.8MiB / 512MiB",46.25
2026-09-22T06:04:55.001Z,lorawan-gateway-evidence-verifier-1,0.00,"13.67MiB / 192MiB",7.12
2026-09-22T06:04:55.001Z,node-red-node-red-1,0.00,"83.11MiB / 1.922GiB",4.22
2026-09-22T06:04:55.001Z,lorawan-gateway-evidence-collector-1,0.43,"12.74MiB / 192MiB",6.64
2026-09-22T06:04:55.001Z,seaweedfs,1.00,"139.4MiB / 256MiB",54.45
2026-09-22T06:04:55.001Z,seaweedfs-metadata-etcd,1.20,"65.35MiB / 96MiB",68.07
2026-09-22T06:04:55.001Z,openbao,2.34,"37.15MiB / 512MiB",7.26
2026-09-22T06:04:55.001Z,spilo,1.55,"261.8MiB / 1.922GiB",13.31
2026-09-22T06:04:55.001Z,etcd,1.75,"53.49MiB / 1.922GiB",2.72
2026-09-22T06:05:02.223Z,grafana,2.11,"236.9MiB / 512MiB",46.26
2026-09-22T06:05:02.223Z,lorawan-gateway-evidence-verifier-1,0.00,"13.67MiB / 192MiB",7.12
2026-09-22T06:05:02.223Z,node-red-node-red-1,0.02,"83.11MiB / 1.922GiB",4.22
2026-09-22T06:05:02.223Z,lorawan-gateway-evidence-collector-1,0.38,"12.74MiB / 192MiB",6.64
2026-09-22T06:05:02.223Z,seaweedfs,1.10,"139.4MiB / 256MiB",54.45
2026-09-22T06:05:02.223Z,seaweedfs-metadata-etcd,1.87,"65.35MiB / 96MiB",68.07
2026-09-22T06:05:02.223Z,openbao,3.77,"37.15MiB / 512MiB",7.26
2026-09-22T06:05:02.223Z,spilo,3.78,"261.9MiB / 1.922GiB",13.31
2026-09-22T06:05:02.223Z,etcd,4.02,"53.49MiB / 1.922GiB",2.72
2026-09-22T06:05:10.034Z,grafana,2.07,"236.9MiB / 512MiB",46.26
2026-09-22T06:05:10.034Z,lorawan-gateway-evidence-verifier-1,0.14,"13.67MiB / 192MiB",7.12
2026-09-22T06:05:10.034Z,node-red-node-red-1,0.00,"83.11MiB / 1.922GiB",4.22
2026-09-22T06:05:10.034Z,lorawan-gateway-evidence-collector-1,0.50,"12.74MiB / 192MiB",6.64
2026-09-22T06:05:10.034Z,seaweedfs,6.54,"139.4MiB / 256MiB",54.46
2026-09-22T06:05:10.034Z,seaweedfs-metadata-etcd,7.44,"65.36MiB / 96MiB",68.08
2026-09-22T06:05:10.034Z,openbao,2.54,"37.15MiB / 512MiB",7.26
2026-09-22T06:05:10.034Z,spilo,1.61,"261.9MiB / 1.922GiB",13.31
2026-09-22T06:05:10.034Z,etcd,2.73,"53.49MiB / 1.922GiB",2.72
2026-09-22T06:05:17.363Z,grafana,1.95,"236.9MiB / 512MiB",46.26
2026-09-22T06:05:17.363Z,lorawan-gateway-evidence-verifier-1,0.00,"13.67MiB / 192MiB",7.12
2026-09-22T06:05:17.363Z,node-red-node-red-1,0.00,"83.11MiB / 1.922GiB",4.22
2026-09-22T06:05:17.363Z,lorawan-gateway-evidence-collector-1,0.41,"12.74MiB / 192MiB",6.64
2026-09-22T06:05:17.363Z,seaweedfs,7.70,"139.8MiB / 256MiB",54.59
2026-09-22T06:05:17.363Z,seaweedfs-metadata-etcd,9.21,"65.36MiB / 96MiB",68.08
2026-09-22T06:05:17.363Z,openbao,1.27,"37.15MiB / 512MiB",7.26
2026-09-22T06:05:17.363Z,spilo,1.38,"261.9MiB / 1.922GiB",13.31
2026-09-22T06:05:17.363Z,etcd,1.46,"53.49MiB / 1.922GiB",2.72
2026-09-22T06:05:24.695Z,grafana,1.61,"236.9MiB / 512MiB",46.26
2026-09-22T06:05:24.695Z,lorawan-gateway-evidence-verifier-1,0.00,"13.67MiB / 192MiB",7.12
2026-09-22T06:05:24.695Z,node-red-node-red-1,0.00,"83.11MiB / 1.922GiB",4.22
2026-09-22T06:05:24.695Z,lorawan-gateway-evidence-collector-1,0.45,"12.74MiB / 192MiB",6.64
2026-09-22T06:05:24.695Z,seaweedfs,0.84,"139.8MiB / 256MiB",54.59
2026-09-22T06:05:24.695Z,seaweedfs-metadata-etcd,1.17,"65.35MiB / 96MiB",68.07
2026-09-22T06:05:24.695Z,openbao,2.53,"37.15MiB / 512MiB",7.26
2026-09-22T06:05:24.695Z,spilo,3.95,"261.9MiB / 1.922GiB",13.31
2026-09-22T06:05:24.695Z,etcd,2.11,"53.49MiB / 1.922GiB",2.72
2026-09-22T06:05:32.037Z,grafana,17.07,"236.9MiB / 512MiB",46.26
2026-09-22T06:05:32.037Z,lorawan-gateway-evidence-verifier-1,0.16,"13.67MiB / 192MiB",7.12
2026-09-22T06:05:32.037Z,node-red-node-red-1,22.62,"83.11MiB / 1.922GiB",4.22
2026-09-22T06:05:32.037Z,lorawan-gateway-evidence-collector-1,0.35,"12.74MiB / 192MiB",6.64
2026-09-22T06:05:32.037Z,seaweedfs,0.84,"139.8MiB / 256MiB",54.59
2026-09-22T06:05:32.037Z,seaweedfs-metadata-etcd,1.35,"65.35MiB / 96MiB",68.07
2026-09-22T06:05:32.037Z,openbao,1.27,"37.15MiB / 512MiB",7.26
2026-09-22T06:05:32.037Z,spilo,1.70,"261.9MiB / 1.922GiB",13.31
2026-09-22T06:05:32.037Z,etcd,1.55,"53.53MiB / 1.922GiB",2.72
2026-09-22T06:05:39.277Z,grafana,1.94,"236.9MiB / 512MiB",46.26
2026-09-22T06:05:39.277Z,lorawan-gateway-evidence-verifier-1,0.00,"13.67MiB / 192MiB",7.12
2026-09-22T06:05:39.277Z,node-red-node-red-1,0.00,"83.11MiB / 1.922GiB",4.22
2026-09-22T06:05:39.277Z,lorawan-gateway-evidence-collector-1,0.47,"12.74MiB / 192MiB",6.64
2026-09-22T06:05:39.277Z,seaweedfs,1.16,"139.8MiB / 256MiB",54.59
2026-09-22T06:05:39.277Z,seaweedfs-metadata-etcd,1.30,"65.35MiB / 96MiB",68.07
2026-09-22T06:05:39.277Z,openbao,2.14,"37.15MiB / 512MiB",7.26
2026-09-22T06:05:39.277Z,spilo,0.56,"261.9MiB / 1.922GiB",13.31
2026-09-22T06:05:39.277Z,etcd,1.97,"53.53MiB / 1.922GiB",2.72
2026-09-22T06:05:46.525Z,grafana,1.94,"236.9MiB / 512MiB",46.26
2026-09-22T06:05:46.525Z,lorawan-gateway-evidence-verifier-1,15.01,"13.86MiB / 192MiB",7.22
2026-09-22T06:05:46.525Z,node-red-node-red-1,0.00,"83.11MiB / 1.922GiB",4.22
2026-09-22T06:05:46.525Z,lorawan-gateway-evidence-collector-1,0.31,"12.74MiB / 192MiB",6.64
2026-09-22T06:05:46.525Z,seaweedfs,22.42,"139.8MiB / 256MiB",54.60
2026-09-22T06:05:46.525Z,seaweedfs-metadata-etcd,7.68,"65.35MiB / 96MiB",68.07
2026-09-22T06:05:46.525Z,openbao,1.27,"37.15MiB / 512MiB",7.26
2026-09-22T06:05:46.525Z,spilo,1.48,"261.9MiB / 1.922GiB",13.31
2026-09-22T06:05:46.525Z,etcd,1.51,"53.53MiB / 1.922GiB",2.72
2026-09-22T06:05:54.056Z,grafana,1.36,"236.9MiB / 512MiB",46.26
2026-09-22T06:05:54.056Z,lorawan-gateway-evidence-verifier-1,0.13,"13.46MiB / 192MiB",7.01
2026-09-22T06:05:54.056Z,node-red-node-red-1,0.00,"83.11MiB / 1.922GiB",4.22
2026-09-22T06:05:54.056Z,lorawan-gateway-evidence-collector-1,0.41,"12.74MiB / 192MiB",6.64
2026-09-22T06:05:54.056Z,seaweedfs,1.01,"139.4MiB / 256MiB",54.46
2026-09-22T06:05:54.056Z,seaweedfs-metadata-etcd,0.95,"65.35MiB / 96MiB",68.07
2026-09-22T06:05:54.056Z,openbao,1.40,"37.15MiB / 512MiB",7.26
2026-09-22T06:05:54.056Z,spilo,1.00,"261.9MiB / 1.922GiB",13.31
2026-09-22T06:05:54.056Z,etcd,1.68,"53.53MiB / 1.922GiB",2.72
2026-09-22T06:06:01.323Z,grafana,3.52,"236.9MiB / 512MiB",46.28
2026-09-22T06:06:01.323Z,lorawan-gateway-evidence-verifier-1,0.00,"13.46MiB / 192MiB",7.01
2026-09-22T06:06:01.323Z,node-red-node-red-1,0.00,"83.11MiB / 1.922GiB",4.22
2026-09-22T06:06:01.323Z,lorawan-gateway-evidence-collector-1,0.39,"12.74MiB / 192MiB",6.64
2026-09-22T06:06:01.323Z,seaweedfs,1.19,"139.4MiB / 256MiB",54.46
2026-09-22T06:06:01.323Z,seaweedfs-metadata-etcd,1.98,"65.35MiB / 96MiB",68.07
2026-09-22T06:06:01.323Z,openbao,2.26,"37.15MiB / 512MiB",7.26
2026-09-22T06:06:01.323Z,spilo,1.88,"261.9MiB / 1.922GiB",13.31
2026-09-22T06:06:01.323Z,etcd,1.96,"53.53MiB / 1.922GiB",2.72
2026-09-22T06:06:08.777Z,grafana,1.92,"236.9MiB / 512MiB",46.28
2026-09-22T06:06:08.777Z,lorawan-gateway-evidence-verifier-1,0.00,"13.46MiB / 192MiB",7.01
2026-09-22T06:06:08.777Z,node-red-node-red-1,0.01,"83.11MiB / 1.922GiB",4.22
2026-09-22T06:06:08.777Z,lorawan-gateway-evidence-collector-1,0.43,"12.74MiB / 192MiB",6.64
2026-09-22T06:06:08.777Z,seaweedfs,0.85,"139.4MiB / 256MiB",54.46
2026-09-22T06:06:08.777Z,seaweedfs-metadata-etcd,1.38,"64.97MiB / 96MiB",67.68
2026-09-22T06:06:08.777Z,openbao,2.11,"37.15MiB / 512MiB",7.26
2026-09-22T06:06:08.777Z,spilo,1.80,"261.9MiB / 1.922GiB",13.31
2026-09-22T06:06:08.777Z,etcd,1.28,"53.53MiB / 1.922GiB",2.72
2026-09-22T06:06:16.015Z,grafana,1.35,"236.9MiB / 512MiB",46.28
2026-09-22T06:06:16.015Z,lorawan-gateway-evidence-verifier-1,0.16,"13.46MiB / 192MiB",7.01
2026-09-22T06:06:16.015Z,node-red-node-red-1,0.01,"83.11MiB / 1.922GiB",4.22
2026-09-22T06:06:16.015Z,lorawan-gateway-evidence-collector-1,0.43,"12.49MiB / 192MiB",6.51
2026-09-22T06:06:16.015Z,seaweedfs,0.96,"139.4MiB / 256MiB",54.46
2026-09-22T06:06:16.015Z,seaweedfs-metadata-etcd,1.09,"64.97MiB / 96MiB",67.68
2026-09-22T06:06:16.015Z,openbao,1.29,"37.15MiB / 512MiB",7.26
2026-09-22T06:06:16.015Z,spilo,1.41,"261.9MiB / 1.922GiB",13.31
2026-09-22T06:06:16.015Z,etcd,1.80,"53.53MiB / 1.922GiB",2.72
2026-09-22T06:06:23.273Z,grafana,1.46,"236.9MiB / 512MiB",46.28
2026-09-22T06:06:23.273Z,lorawan-gateway-evidence-verifier-1,0.00,"13.46MiB / 192MiB",7.01
2026-09-22T06:06:23.273Z,node-red-node-red-1,0.02,"83.11MiB / 1.922GiB",4.22
2026-09-22T06:06:23.273Z,lorawan-gateway-evidence-collector-1,0.38,"12.49MiB / 192MiB",6.51
2026-09-22T06:06:23.273Z,seaweedfs,7.90,"139.4MiB / 256MiB",54.46
2026-09-22T06:06:23.273Z,seaweedfs-metadata-etcd,8.50,"64.98MiB / 96MiB",67.69
2026-09-22T06:06:23.273Z,openbao,1.50,"37.15MiB / 512MiB",7.26
2026-09-22T06:06:23.273Z,spilo,1.26,"261.9MiB / 1.922GiB",13.31
2026-09-22T06:06:23.273Z,etcd,1.74,"53.53MiB / 1.922GiB",2.72
2026-09-22T06:06:30.568Z,grafana,1.72,"236.9MiB / 512MiB",46.28
2026-09-22T06:06:30.568Z,lorawan-gateway-evidence-verifier-1,0.14,"13.46MiB / 192MiB",7.01
2026-09-22T06:06:30.568Z,node-red-node-red-1,0.00,"83.11MiB / 1.922GiB",4.22
2026-09-22T06:06:30.568Z,lorawan-gateway-evidence-collector-1,0.40,"12.49MiB / 192MiB",6.51
2026-09-22T06:06:30.568Z,seaweedfs,0.83,"139.3MiB / 256MiB",54.43
2026-09-22T06:06:30.568Z,seaweedfs-metadata-etcd,1.16,"64.97MiB / 96MiB",67.68
2026-09-22T06:06:30.568Z,openbao,1.42,"37.15MiB / 512MiB",7.26
2026-09-22T06:06:30.568Z,spilo,0.91,"261.9MiB / 1.922GiB",13.31
2026-09-22T06:06:30.568Z,etcd,1.75,"53.53MiB / 1.922GiB",2.72
2026-09-22T06:06:37.806Z,grafana,1.24,"236.9MiB / 512MiB",46.28
2026-09-22T06:06:37.806Z,lorawan-gateway-evidence-verifier-1,0.12,"13.46MiB / 192MiB",7.01
2026-09-22T06:06:37.806Z,node-red-node-red-1,0.01,"83.12MiB / 1.922GiB",4.22
2026-09-22T06:06:37.806Z,lorawan-gateway-evidence-collector-1,0.37,"12.49MiB / 192MiB",6.51
2026-09-22T06:06:37.806Z,seaweedfs,0.82,"139.4MiB / 256MiB",54.43
2026-09-22T06:06:37.806Z,seaweedfs-metadata-etcd,0.84,"64.97MiB / 96MiB",67.68
2026-09-22T06:06:37.806Z,openbao,1.02,"37.15MiB / 512MiB",7.26
2026-09-22T06:06:37.806Z,spilo,1.26,"261.9MiB / 1.922GiB",13.31
2026-09-22T06:06:37.806Z,etcd,1.14,"53.53MiB / 1.922GiB",2.72
2026-09-22T06:06:45.001Z,grafana,1.51,"236.9MiB / 512MiB",46.28
2026-09-22T06:06:45.001Z,lorawan-gateway-evidence-verifier-1,0.00,"13.46MiB / 192MiB",7.01
2026-09-22T06:06:45.001Z,node-red-node-red-1,0.00,"83.12MiB / 1.922GiB",4.22
2026-09-22T06:06:45.001Z,lorawan-gateway-evidence-collector-1,0.46,"12.49MiB / 192MiB",6.51
2026-09-22T06:06:45.001Z,seaweedfs,0.63,"139.4MiB / 256MiB",54.45
2026-09-22T06:06:45.001Z,seaweedfs-metadata-etcd,1.11,"64.97MiB / 96MiB",67.68
2026-09-22T06:06:45.001Z,openbao,1.58,"37.15MiB / 512MiB",7.26
2026-09-22T06:06:45.001Z,spilo,1.87,"261.9MiB / 1.922GiB",13.31
2026-09-22T06:06:45.001Z,etcd,1.03,"53.53MiB / 1.922GiB",2.72
2026-09-22T06:06:52.280Z,grafana,1.30,"236.9MiB / 512MiB",46.28
2026-09-22T06:06:52.280Z,lorawan-gateway-evidence-verifier-1,0.12,"13.46MiB / 192MiB",7.01
2026-09-22T06:06:52.280Z,node-red-node-red-1,0.00,"83.12MiB / 1.922GiB",4.22
2026-09-22T06:06:52.280Z,lorawan-gateway-evidence-collector-1,0.44,"12.49MiB / 192MiB",6.51
2026-09-22T06:06:52.280Z,seaweedfs,6.89,"139.6MiB / 256MiB",54.54
2026-09-22T06:06:52.280Z,seaweedfs-metadata-etcd,6.92,"64.98MiB / 96MiB",67.69
2026-09-22T06:06:52.280Z,openbao,0.98,"37.15MiB / 512MiB",7.26
2026-09-22T06:06:52.280Z,spilo,1.28,"261.9MiB / 1.922GiB",13.31
2026-09-22T06:06:52.280Z,etcd,1.26,"53.53MiB / 1.922GiB",2.72
2026-09-22T06:06:59.508Z,grafana,1.60,"236.9MiB / 512MiB",46.28
2026-09-22T06:06:59.508Z,lorawan-gateway-evidence-verifier-1,0.00,"13.46MiB / 192MiB",7.01
2026-09-22T06:06:59.508Z,node-red-node-red-1,0.00,"83.12MiB / 1.922GiB",4.22
2026-09-22T06:06:59.508Z,lorawan-gateway-evidence-collector-1,0.68,"12.49MiB / 192MiB",6.51
2026-09-22T06:06:59.508Z,seaweedfs,4.58,"139.6MiB / 256MiB",54.54
2026-09-22T06:06:59.508Z,seaweedfs-metadata-etcd,5.75,"64.97MiB / 96MiB",67.68
2026-09-22T06:06:59.508Z,openbao,1.83,"37.15MiB / 512MiB",7.26
2026-09-22T06:06:59.508Z,spilo,2.94,"261.9MiB / 1.922GiB",13.31
2026-09-22T06:06:59.508Z,etcd,2.46,"53.53MiB / 1.922GiB",2.72
2026-09-22T06:07:06.851Z,grafana,1.64,"236.9MiB / 512MiB",46.28
2026-09-22T06:07:06.851Z,lorawan-gateway-evidence-verifier-1,0.00,"13.46MiB / 192MiB",7.01
2026-09-22T06:07:06.851Z,node-red-node-red-1,0.00,"83.12MiB / 1.922GiB",4.22
2026-09-22T06:07:06.851Z,lorawan-gateway-evidence-collector-1,0.39,"12.49MiB / 192MiB",6.51
2026-09-22T06:07:06.851Z,seaweedfs,1.03,"139.6MiB / 256MiB",54.54
2026-09-22T06:07:06.851Z,seaweedfs-metadata-etcd,1.09,"64.97MiB / 96MiB",67.68
2026-09-22T06:07:06.851Z,openbao,1.44,"37.15MiB / 512MiB",7.26
2026-09-22T06:07:06.851Z,spilo,1.41,"261.9MiB / 1.922GiB",13.31
2026-09-22T06:07:06.851Z,etcd,1.71,"53.53MiB / 1.922GiB",2.72
2026-09-22T06:07:14.089Z,grafana,1.14,"236.9MiB / 512MiB",46.28
2026-09-22T06:07:14.089Z,lorawan-gateway-evidence-verifier-1,0.13,"13.46MiB / 192MiB",7.01
2026-09-22T06:07:14.089Z,node-red-node-red-1,0.00,"83.12MiB / 1.922GiB",4.22
2026-09-22T06:07:14.089Z,lorawan-gateway-evidence-collector-1,0.36,"12.49MiB / 192MiB",6.51
2026-09-22T06:07:14.089Z,seaweedfs,0.97,"139.6MiB / 256MiB",54.54
2026-09-22T06:07:14.089Z,seaweedfs-metadata-etcd,0.97,"64.97MiB / 96MiB",67.68
2026-09-22T06:07:14.089Z,openbao,1.27,"37.15MiB / 512MiB",7.26
2026-09-22T06:07:14.089Z,spilo,1.65,"261.9MiB / 1.922GiB",13.31
2026-09-22T06:07:14.089Z,etcd,1.33,"53.53MiB / 1.922GiB",2.72
2026-09-22T06:07:21.265Z,grafana,1.65,"236.9MiB / 512MiB",46.28
2026-09-22T06:07:21.265Z,lorawan-gateway-evidence-verifier-1,0.00,"13.46MiB / 192MiB",7.01
2026-09-22T06:07:21.265Z,node-red-node-red-1,0.00,"83.12MiB / 1.922GiB",4.22
2026-09-22T06:07:21.265Z,lorawan-gateway-evidence-collector-1,0.41,"12.49MiB / 192MiB",6.51
2026-09-22T06:07:21.265Z,seaweedfs,0.92,"139.6MiB / 256MiB",54.54
2026-09-22T06:07:21.265Z,seaweedfs-metadata-etcd,1.11,"64.97MiB / 96MiB",67.68
2026-09-22T06:07:21.265Z,openbao,1.57,"37.15MiB / 512MiB",7.26
2026-09-22T06:07:21.265Z,spilo,0.91,"261.9MiB / 1.922GiB",13.31
2026-09-22T06:07:21.265Z,etcd,1.69,"53.53MiB / 1.922GiB",2.72
2026-09-22T06:07:28.506Z,grafana,2.53,"236.9MiB / 512MiB",46.28
2026-09-22T06:07:28.506Z,lorawan-gateway-evidence-verifier-1,0.13,"13.46MiB / 192MiB",7.01
2026-09-22T06:07:28.506Z,node-red-node-red-1,0.00,"83.12MiB / 1.922GiB",4.22
2026-09-22T06:07:28.506Z,lorawan-gateway-evidence-collector-1,0.40,"12.49MiB / 192MiB",6.51
2026-09-22T06:07:28.506Z,seaweedfs,9.59,"139.6MiB / 256MiB",54.54
2026-09-22T06:07:28.506Z,seaweedfs-metadata-etcd,10.00,"64.98MiB / 96MiB",67.68
2026-09-22T06:07:28.506Z,openbao,1.99,"37.15MiB / 512MiB",7.26
2026-09-22T06:07:28.506Z,spilo,2.84,"261.9MiB / 1.922GiB",13.31
2026-09-22T06:07:28.506Z,etcd,1.08,"53.53MiB / 1.922GiB",2.72
2026-09-22T06:07:35.879Z,grafana,1.35,"236.9MiB / 512MiB",46.28
2026-09-22T06:07:35.879Z,lorawan-gateway-evidence-verifier-1,0.18,"13.46MiB / 192MiB",7.01
2026-09-22T06:07:35.879Z,node-red-node-red-1,0.00,"83.12MiB / 1.922GiB",4.22
2026-09-22T06:07:35.879Z,lorawan-gateway-evidence-collector-1,0.35,"12.49MiB / 192MiB",6.51
2026-09-22T06:07:35.879Z,seaweedfs,0.89,"139.6MiB / 256MiB",54.54
2026-09-22T06:07:35.879Z,seaweedfs-metadata-etcd,1.13,"64.97MiB / 96MiB",67.68
2026-09-22T06:07:35.879Z,openbao,1.58,"37.15MiB / 512MiB",7.26
2026-09-22T06:07:35.879Z,spilo,0.72,"261.9MiB / 1.922GiB",13.31
2026-09-22T06:07:35.879Z,etcd,2.76,"53.53MiB / 1.922GiB",2.72
2026-09-22T06:07:43.080Z,grafana,1.53,"236.9MiB / 512MiB",46.28
2026-09-22T06:07:43.080Z,lorawan-gateway-evidence-verifier-1,0.00,"13.46MiB / 192MiB",7.01
2026-09-22T06:07:43.080Z,node-red-node-red-1,0.00,"83.12MiB / 1.922GiB",4.22
2026-09-22T06:07:43.080Z,lorawan-gateway-evidence-collector-1,0.42,"12.49MiB / 192MiB",6.51
2026-09-22T06:07:43.080Z,seaweedfs,0.79,"139.6MiB / 256MiB",54.54
2026-09-22T06:07:43.080Z,seaweedfs-metadata-etcd,1.06,"64.97MiB / 96MiB",67.68
2026-09-22T06:07:43.080Z,openbao,2.13,"37.15MiB / 512MiB",7.26
2026-09-22T06:07:43.080Z,spilo,0.97,"261.9MiB / 1.922GiB",13.31
2026-09-22T06:07:43.080Z,etcd,1.72,"53.53MiB / 1.922GiB",2.72
2026-09-22T06:07:50.259Z,grafana,1.26,"237.1MiB / 512MiB",46.31
2026-09-22T06:07:50.259Z,lorawan-gateway-evidence-verifier-1,0.13,"13.46MiB / 192MiB",7.01
2026-09-22T06:07:50.259Z,node-red-node-red-1,0.00,"83.12MiB / 1.922GiB",4.22
2026-09-22T06:07:50.259Z,lorawan-gateway-evidence-collector-1,0.39,"12.49MiB / 192MiB",6.51
2026-09-22T06:07:50.259Z,seaweedfs,0.96,"139.6MiB / 256MiB",54.54
2026-09-22T06:07:50.259Z,seaweedfs-metadata-etcd,1.11,"64.97MiB / 96MiB",67.68
2026-09-22T06:07:50.259Z,openbao,1.77,"37.15MiB / 512MiB",7.26
2026-09-22T06:07:50.259Z,spilo,1.20,"261.9MiB / 1.922GiB",13.31
2026-09-22T06:07:50.259Z,etcd,1.30,"53.53MiB / 1.922GiB",2.72
2026-09-22T06:07:57.536Z,grafana,1.48,"237.1MiB / 512MiB",46.31
2026-09-22T06:07:57.536Z,lorawan-gateway-evidence-verifier-1,0.00,"13.09MiB / 192MiB",6.82
2026-09-22T06:07:57.536Z,node-red-node-red-1,0.00,"83.12MiB / 1.922GiB",4.22
2026-09-22T06:07:57.536Z,lorawan-gateway-evidence-collector-1,0.37,"12.49MiB / 192MiB",6.51
2026-09-22T06:07:57.536Z,seaweedfs,0.92,"139.6MiB / 256MiB",54.54
2026-09-22T06:07:57.536Z,seaweedfs-metadata-etcd,0.96,"64.97MiB / 96MiB",67.68
2026-09-22T06:07:57.536Z,openbao,2.13,"37.15MiB / 512MiB",7.26
2026-09-22T06:07:57.536Z,spilo,2.36,"261.8MiB / 1.922GiB",13.31
2026-09-22T06:07:57.536Z,etcd,1.21,"53.53MiB / 1.922GiB",2.72
2026-09-22T06:08:04.782Z,grafana,1.59,"237.1MiB / 512MiB",46.31
2026-09-22T06:08:04.782Z,lorawan-gateway-evidence-verifier-1,11.39,"13.68MiB / 192MiB",7.12
2026-09-22T06:08:04.782Z,node-red-node-red-1,0.00,"83.12MiB / 1.922GiB",4.22
2026-09-22T06:08:04.782Z,lorawan-gateway-evidence-collector-1,0.37,"12.49MiB / 192MiB",6.51
2026-09-22T06:08:04.782Z,seaweedfs,22.63,"139.6MiB / 256MiB",54.55
2026-09-22T06:08:04.782Z,seaweedfs-metadata-etcd,10.02,"64.98MiB / 96MiB",67.68
2026-09-22T06:08:04.782Z,openbao,2.51,"37.15MiB / 512MiB",7.26
2026-09-22T06:08:04.782Z,spilo,3.17,"261.9MiB / 1.922GiB",13.31
2026-09-22T06:08:04.782Z,etcd,1.35,"53.53MiB / 1.922GiB",2.72
2026-09-22T06:08:12.158Z,grafana,1.49,"237.1MiB / 512MiB",46.31
2026-09-22T06:08:12.158Z,lorawan-gateway-evidence-verifier-1,0.13,"13.48MiB / 192MiB",7.02
2026-09-22T06:08:12.158Z,node-red-node-red-1,0.00,"83.12MiB / 1.922GiB",4.22
2026-09-22T06:08:12.158Z,lorawan-gateway-evidence-collector-1,0.79,"12.49MiB / 192MiB",6.51
2026-09-22T06:08:12.158Z,seaweedfs,1.29,"139.5MiB / 256MiB",54.50
2026-09-22T06:08:12.158Z,seaweedfs-metadata-etcd,1.27,"64.97MiB / 96MiB",67.68
2026-09-22T06:08:12.158Z,openbao,1.64,"37.15MiB / 512MiB",7.26
2026-09-22T06:08:12.158Z,spilo,1.40,"261.9MiB / 1.922GiB",13.31
2026-09-22T06:08:12.158Z,etcd,1.60,"53.53MiB / 1.922GiB",2.72
2026-09-22T06:08:19.461Z,grafana,1.63,"237.1MiB / 512MiB",46.31
2026-09-22T06:08:19.461Z,lorawan-gateway-evidence-verifier-1,0.00,"13.48MiB / 192MiB",7.02
2026-09-22T06:08:19.461Z,node-red-node-red-1,0.00,"83.12MiB / 1.922GiB",4.22
2026-09-22T06:08:19.461Z,lorawan-gateway-evidence-collector-1,0.45,"12.49MiB / 192MiB",6.51
2026-09-22T06:08:19.461Z,seaweedfs,1.17,"139.5MiB / 256MiB",54.50
2026-09-22T06:08:19.461Z,seaweedfs-metadata-etcd,1.15,"64.97MiB / 96MiB",67.68
2026-09-22T06:08:19.461Z,openbao,2.25,"37.15MiB / 512MiB",7.26
2026-09-22T06:08:19.461Z,spilo,1.04,"261.9MiB / 1.922GiB",13.31
2026-09-22T06:08:19.461Z,etcd,1.73,"53.53MiB / 1.922GiB",2.72
2026-09-22T06:08:26.705Z,grafana,1.48,"237.1MiB / 512MiB",46.31
2026-09-22T06:08:26.705Z,lorawan-gateway-evidence-verifier-1,0.00,"13.48MiB / 192MiB",7.02
2026-09-22T06:08:26.705Z,node-red-node-red-1,0.00,"83.12MiB / 1.922GiB",4.22
2026-09-22T06:08:26.705Z,lorawan-gateway-evidence-collector-1,0.38,"12.49MiB / 192MiB",6.51
2026-09-22T06:08:26.705Z,seaweedfs,0.69,"139.5MiB / 256MiB",54.50
2026-09-22T06:08:26.705Z,seaweedfs-metadata-etcd,0.96,"64.97MiB / 96MiB",67.68
2026-09-22T06:08:26.705Z,openbao,1.72,"37.15MiB / 512MiB",7.26
2026-09-22T06:08:26.705Z,spilo,1.81,"261.9MiB / 1.922GiB",13.31
2026-09-22T06:08:26.705Z,etcd,1.98,"53.53MiB / 1.922GiB",2.72
2026-09-22T06:08:33.931Z,grafana,1.36,"237.1MiB / 512MiB",46.31
2026-09-22T06:08:33.931Z,lorawan-gateway-evidence-verifier-1,0.20,"13.48MiB / 192MiB",7.02
2026-09-22T06:08:33.931Z,node-red-node-red-1,20.85,"83.12MiB / 1.922GiB",4.22
2026-09-22T06:08:33.931Z,lorawan-gateway-evidence-collector-1,0.38,"12.49MiB / 192MiB",6.51
2026-09-22T06:08:33.931Z,seaweedfs,0.69,"139.5MiB / 256MiB",54.50
2026-09-22T06:08:33.931Z,seaweedfs-metadata-etcd,0.92,"64.97MiB / 96MiB",67.68
2026-09-22T06:08:33.931Z,openbao,1.90,"37.15MiB / 512MiB",7.26
2026-09-22T06:08:33.931Z,spilo,0.60,"261.8MiB / 1.922GiB",13.31
2026-09-22T06:08:33.931Z,etcd,1.24,"53.53MiB / 1.922GiB",2.72
2026-09-22T06:08:41.157Z,grafana,1.12,"237.1MiB / 512MiB",46.31
2026-09-22T06:08:41.157Z,lorawan-gateway-evidence-verifier-1,14.57,"13.47MiB / 192MiB",7.01
2026-09-22T06:08:41.157Z,node-red-node-red-1,0.00,"83.12MiB / 1.922GiB",4.22
2026-09-22T06:08:41.157Z,lorawan-gateway-evidence-collector-1,0.31,"12.49MiB / 192MiB",6.51
2026-09-22T06:08:41.157Z,seaweedfs,25.37,"139.6MiB / 256MiB",54.53
2026-09-22T06:08:41.157Z,seaweedfs-metadata-etcd,7.47,"64.98MiB / 96MiB",67.68
2026-09-22T06:08:41.157Z,openbao,1.66,"37.15MiB / 512MiB",7.26
2026-09-22T06:08:41.157Z,spilo,2.18,"261.9MiB / 1.922GiB",13.31
2026-09-22T06:08:41.157Z,etcd,1.28,"53.53MiB / 1.922GiB",2.72
2026-09-22T06:08:48.537Z,grafana,1.87,"237.1MiB / 512MiB",46.31
2026-09-22T06:08:48.537Z,lorawan-gateway-evidence-verifier-1,0.15,"13.8MiB / 192MiB",7.19
2026-09-22T06:08:48.537Z,node-red-node-red-1,0.00,"83.12MiB / 1.922GiB",4.22
2026-09-22T06:08:48.537Z,lorawan-gateway-evidence-collector-1,0.41,"12.49MiB / 192MiB",6.51
2026-09-22T06:08:48.537Z,seaweedfs,0.78,"139.6MiB / 256MiB",54.55
2026-09-22T06:08:48.537Z,seaweedfs-metadata-etcd,1.24,"64.97MiB / 96MiB",67.68
2026-09-22T06:08:48.537Z,openbao,1.55,"37.15MiB / 512MiB",7.26
2026-09-22T06:08:48.537Z,spilo,0.91,"261.9MiB / 1.922GiB",13.31
2026-09-22T06:08:48.537Z,etcd,1.20,"53.53MiB / 1.922GiB",2.72
2026-09-22T06:08:55.865Z,grafana,1.37,"237.1MiB / 512MiB",46.31
2026-09-22T06:08:55.865Z,lorawan-gateway-evidence-verifier-1,0.14,"13.8MiB / 192MiB",7.19
2026-09-22T06:08:55.865Z,node-red-node-red-1,0.00,"83.12MiB / 1.922GiB",4.22
2026-09-22T06:08:55.865Z,lorawan-gateway-evidence-collector-1,0.41,"12.49MiB / 192MiB",6.51
2026-09-22T06:08:55.865Z,seaweedfs,0.71,"139.6MiB / 256MiB",54.55
2026-09-22T06:08:55.865Z,seaweedfs-metadata-etcd,1.16,"64.97MiB / 96MiB",67.68
2026-09-22T06:08:55.865Z,openbao,1.68,"37.15MiB / 512MiB",7.26
2026-09-22T06:08:55.865Z,spilo,1.12,"261.9MiB / 1.922GiB",13.31
2026-09-22T06:08:55.865Z,etcd,2.82,"53.53MiB / 1.922GiB",2.72
2026-09-22T06:09:03.119Z,grafana,1.94,"237.1MiB / 512MiB",46.31
2026-09-22T06:09:03.119Z,lorawan-gateway-evidence-verifier-1,0.00,"13.8MiB / 192MiB",7.19
2026-09-22T06:09:03.119Z,node-red-node-red-1,0.00,"83.12MiB / 1.922GiB",4.22
2026-09-22T06:09:03.119Z,lorawan-gateway-evidence-collector-1,0.56,"12.49MiB / 192MiB",6.51
2026-09-22T06:09:03.119Z,seaweedfs,0.97,"139.6MiB / 256MiB",54.55
2026-09-22T06:09:03.119Z,seaweedfs-metadata-etcd,1.51,"64.97MiB / 96MiB",67.68
2026-09-22T06:09:03.119Z,openbao,2.31,"37.15MiB / 512MiB",7.26
2026-09-22T06:09:03.119Z,spilo,3.57,"261.9MiB / 1.922GiB",13.31
2026-09-22T06:09:03.119Z,etcd,3.69,"53.53MiB / 1.922GiB",2.72
2026-09-22T06:09:10.656Z,grafana,1.47,"237.1MiB / 512MiB",46.31
2026-09-22T06:09:10.656Z,lorawan-gateway-evidence-verifier-1,0.00,"13.8MiB / 192MiB",7.19
2026-09-22T06:09:10.656Z,node-red-node-red-1,0.01,"83.12MiB / 1.922GiB",4.22
2026-09-22T06:09:10.656Z,lorawan-gateway-evidence-collector-1,0.45,"12.49MiB / 192MiB",6.51
2026-09-22T06:09:10.656Z,seaweedfs,0.91,"139.6MiB / 256MiB",54.55
2026-09-22T06:09:10.656Z,seaweedfs-metadata-etcd,1.40,"64.97MiB / 96MiB",67.68
2026-09-22T06:09:10.656Z,openbao,1.63,"37.15MiB / 512MiB",7.26
2026-09-22T06:09:10.656Z,spilo,1.41,"261.9MiB / 1.922GiB",13.31
2026-09-22T06:09:10.656Z,etcd,2.48,"53.53MiB / 1.922GiB",2.72
2026-09-22T06:09:17.931Z,grafana,1.69,"237.1MiB / 512MiB",46.32
2026-09-22T06:09:17.931Z,lorawan-gateway-evidence-verifier-1,12.32,"13.59MiB / 192MiB",7.08
2026-09-22T06:09:17.931Z,node-red-node-red-1,0.00,"83.12MiB / 1.922GiB",4.22
2026-09-22T06:09:17.931Z,lorawan-gateway-evidence-collector-1,0.41,"12.49MiB / 192MiB",6.51
2026-09-22T06:09:17.931Z,seaweedfs,19.79,"139.6MiB / 256MiB",54.52
2026-09-22T06:09:17.931Z,seaweedfs-metadata-etcd,6.74,"64.97MiB / 96MiB",67.68
2026-09-22T06:09:17.931Z,openbao,1.91,"37.15MiB / 512MiB",7.26
2026-09-22T06:09:17.931Z,spilo,1.30,"261.9MiB / 1.922GiB",13.31
2026-09-22T06:09:17.931Z,etcd,1.11,"53.53MiB / 1.922GiB",2.72
2026-09-22T06:09:25.571Z,grafana,1.42,"237.1MiB / 512MiB",46.32
2026-09-22T06:09:25.571Z,lorawan-gateway-evidence-verifier-1,0.00,"13.59MiB / 192MiB",7.08
2026-09-22T06:09:25.571Z,node-red-node-red-1,0.00,"83.12MiB / 1.922GiB",4.22
2026-09-22T06:09:25.571Z,lorawan-gateway-evidence-collector-1,0.42,"12.49MiB / 192MiB",6.51
2026-09-22T06:09:25.571Z,seaweedfs,0.81,"139.6MiB / 256MiB",54.52
2026-09-22T06:09:25.571Z,seaweedfs-metadata-etcd,0.99,"64.97MiB / 96MiB",67.68
2026-09-22T06:09:25.571Z,openbao,2.25,"37.15MiB / 512MiB",7.26
2026-09-22T06:09:25.571Z,spilo,0.87,"261.9MiB / 1.922GiB",13.31
2026-09-22T06:09:25.571Z,etcd,2.62,"53.53MiB / 1.922GiB",2.72
2026-09-22T06:09:32.780Z,grafana,13.82,"237.1MiB / 512MiB",46.32
2026-09-22T06:09:32.780Z,lorawan-gateway-evidence-verifier-1,0.00,"13.59MiB / 192MiB",7.08
2026-09-22T06:09:32.780Z,node-red-node-red-1,0.00,"83.12MiB / 1.922GiB",4.22
2026-09-22T06:09:32.780Z,lorawan-gateway-evidence-collector-1,0.39,"12.49MiB / 192MiB",6.51
2026-09-22T06:09:32.780Z,seaweedfs,1.18,"139.6MiB / 256MiB",54.52
2026-09-22T06:09:32.780Z,seaweedfs-metadata-etcd,1.07,"64.97MiB / 96MiB",67.68
2026-09-22T06:09:32.780Z,openbao,2.03,"37.15MiB / 512MiB",7.26
2026-09-22T06:09:32.780Z,spilo,3.85,"261.9MiB / 1.922GiB",13.31
2026-09-22T06:09:32.780Z,etcd,1.26,"53.53MiB / 1.922GiB",2.72
2026-09-22T06:09:40.029Z,grafana,1.86,"237.1MiB / 512MiB",46.32
2026-09-22T06:09:40.029Z,lorawan-gateway-evidence-verifier-1,0.11,"13.59MiB / 192MiB",7.08
2026-09-22T06:09:40.029Z,node-red-node-red-1,0.00,"83.12MiB / 1.922GiB",4.22
2026-09-22T06:09:40.029Z,lorawan-gateway-evidence-collector-1,0.37,"12.49MiB / 192MiB",6.51
2026-09-22T06:09:40.029Z,seaweedfs,0.71,"139.6MiB / 256MiB",54.52
2026-09-22T06:09:40.029Z,seaweedfs-metadata-etcd,1.25,"64.97MiB / 96MiB",67.68
2026-09-22T06:09:40.029Z,openbao,2.14,"37.15MiB / 512MiB",7.26
2026-09-22T06:09:40.029Z,spilo,0.55,"261.9MiB / 1.922GiB",13.31
2026-09-22T06:09:40.029Z,etcd,1.20,"53.53MiB / 1.922GiB",2.72
2026-09-22T06:09:47.312Z,grafana,1.19,"237.1MiB / 512MiB",46.32
2026-09-22T06:09:47.312Z,lorawan-gateway-evidence-verifier-1,0.00,"13.59MiB / 192MiB",7.08
2026-09-22T06:09:47.312Z,node-red-node-red-1,0.00,"83.12MiB / 1.922GiB",4.22
2026-09-22T06:09:47.312Z,lorawan-gateway-evidence-collector-1,0.38,"12.49MiB / 192MiB",6.51
2026-09-22T06:09:47.312Z,seaweedfs,0.82,"139.6MiB / 256MiB",54.52
2026-09-22T06:09:47.312Z,seaweedfs-metadata-etcd,1.11,"64.97MiB / 96MiB",67.68
2026-09-22T06:09:47.312Z,openbao,1.71,"37.15MiB / 512MiB",7.26
2026-09-22T06:09:47.312Z,spilo,1.47,"261.9MiB / 1.922GiB",13.31
2026-09-22T06:09:47.312Z,etcd,2.37,"53.53MiB / 1.922GiB",2.72
2026-09-22T06:09:54.519Z,grafana,1.27,"237.1MiB / 512MiB",46.32
2026-09-22T06:09:54.519Z,lorawan-gateway-evidence-verifier-1,0.00,"13.61MiB / 192MiB",7.09
2026-09-22T06:09:54.519Z,node-red-node-red-1,0.00,"83.12MiB / 1.922GiB",4.22
2026-09-22T06:09:54.519Z,lorawan-gateway-evidence-collector-1,0.34,"12.49MiB / 192MiB",6.51
2026-09-22T06:09:54.519Z,seaweedfs,0.90,"139.6MiB / 256MiB",54.54
2026-09-22T06:09:54.519Z,seaweedfs-metadata-etcd,1.03,"64.97MiB / 96MiB",67.68
2026-09-22T06:09:54.519Z,openbao,1.29,"37.15MiB / 512MiB",7.26
2026-09-22T06:09:54.519Z,spilo,1.88,"261.9MiB / 1.922GiB",13.31
2026-09-22T06:09:54.519Z,etcd,1.73,"53.53MiB / 1.922GiB",2.72
2026-09-22T06:10:01.930Z,grafana,6.60,"237.3MiB / 512MiB",46.35
2026-09-22T06:10:01.930Z,lorawan-gateway-evidence-verifier-1,0.46,"13.61MiB / 192MiB",7.09
2026-09-22T06:10:01.930Z,node-red-node-red-1,0.00,"83.12MiB / 1.922GiB",4.22
2026-09-22T06:10:01.930Z,lorawan-gateway-evidence-collector-1,0.43,"12.49MiB / 192MiB",6.51
2026-09-22T06:10:01.930Z,seaweedfs,1.81,"139.6MiB / 256MiB",54.54
2026-09-22T06:10:01.930Z,seaweedfs-metadata-etcd,1.31,"64.97MiB / 96MiB",67.68
2026-09-22T06:10:01.930Z,openbao,3.67,"37.15MiB / 512MiB",7.26
2026-09-22T06:10:01.930Z,spilo,4.50,"261.9MiB / 1.922GiB",13.31
2026-09-22T06:10:01.930Z,etcd,2.83,"53.54MiB / 1.922GiB",2.72
2026-09-22T06:10:09.526Z,grafana,1.31,"237.4MiB / 512MiB",46.37
2026-09-22T06:10:09.526Z,lorawan-gateway-evidence-verifier-1,0.41,"13.61MiB / 192MiB",7.09
2026-09-22T06:10:09.526Z,node-red-node-red-1,0.00,"83.13MiB / 1.922GiB",4.22
2026-09-22T06:10:09.526Z,lorawan-gateway-evidence-collector-1,0.46,"12.49MiB / 192MiB",6.51
2026-09-22T06:10:09.526Z,seaweedfs,1.24,"139.6MiB / 256MiB",54.54
2026-09-22T06:10:09.526Z,seaweedfs-metadata-etcd,1.29,"64.72MiB / 96MiB",67.42
2026-09-22T06:10:09.526Z,openbao,2.82,"37.15MiB / 512MiB",7.26
2026-09-22T06:10:09.526Z,spilo,1.38,"261.9MiB / 1.922GiB",13.31
2026-09-22T06:10:09.526Z,etcd,2.06,"53.53MiB / 1.922GiB",2.72
2026-09-22T06:10:16.954Z,grafana,2.46,"237.4MiB / 512MiB",46.37
2026-09-22T06:10:16.954Z,lorawan-gateway-evidence-verifier-1,0.00,"13.61MiB / 192MiB",7.09
2026-09-22T06:10:16.954Z,node-red-node-red-1,0.00,"83.13MiB / 1.922GiB",4.22
2026-09-22T06:10:16.954Z,lorawan-gateway-evidence-collector-1,0.60,"12.49MiB / 192MiB",6.51
2026-09-22T06:10:16.954Z,seaweedfs,0.80,"139.6MiB / 256MiB",54.54
2026-09-22T06:10:16.954Z,seaweedfs-metadata-etcd,1.12,"64.72MiB / 96MiB",67.42
2026-09-22T06:10:16.954Z,openbao,1.84,"37.15MiB / 512MiB",7.26
2026-09-22T06:10:16.954Z,spilo,2.02,"261.9MiB / 1.922GiB",13.31
2026-09-22T06:10:16.954Z,etcd,1.49,"53.53MiB / 1.922GiB",2.72
2026-09-22T06:10:24.272Z,grafana,1.72,"237.4MiB / 512MiB",46.37
2026-09-22T06:10:24.272Z,lorawan-gateway-evidence-verifier-1,9.23,"13.87MiB / 192MiB",7.22
2026-09-22T06:10:24.272Z,node-red-node-red-1,0.00,"83.13MiB / 1.922GiB",4.22
2026-09-22T06:10:24.272Z,lorawan-gateway-evidence-collector-1,0.38,"12.49MiB / 192MiB",6.51
2026-09-22T06:10:24.272Z,seaweedfs,20.11,"139.6MiB / 256MiB",54.54
2026-09-22T06:10:24.272Z,seaweedfs-metadata-etcd,13.68,"64.73MiB / 96MiB",67.43
2026-09-22T06:10:24.272Z,openbao,2.11,"37.15MiB / 512MiB",7.26
2026-09-22T06:10:24.272Z,spilo,4.43,"261.9MiB / 1.922GiB",13.31
2026-09-22T06:10:24.272Z,etcd,1.64,"53.53MiB / 1.922GiB",2.72
2026-09-22T06:10:31.680Z,grafana,3.78,"237.4MiB / 512MiB",46.37
2026-09-22T06:10:31.680Z,lorawan-gateway-evidence-verifier-1,0.17,"13.59MiB / 192MiB",7.08
2026-09-22T06:10:31.680Z,node-red-node-red-1,0.00,"83.13MiB / 1.922GiB",4.22
2026-09-22T06:10:31.680Z,lorawan-gateway-evidence-collector-1,0.42,"12.49MiB / 192MiB",6.51
2026-09-22T06:10:31.680Z,seaweedfs,1.01,"139.6MiB / 256MiB",54.51
2026-09-22T06:10:31.680Z,seaweedfs-metadata-etcd,1.48,"64.72MiB / 96MiB",67.42
2026-09-22T06:10:31.680Z,openbao,1.45,"37.15MiB / 512MiB",7.26
2026-09-22T06:10:31.680Z,spilo,1.45,"261.9MiB / 1.922GiB",13.31
2026-09-22T06:10:31.680Z,etcd,1.43,"53.53MiB / 1.922GiB",2.72
2026-09-22T06:10:38.956Z,grafana,2.08,"237.4MiB / 512MiB",46.37
2026-09-22T06:10:38.956Z,lorawan-gateway-evidence-verifier-1,0.00,"13.59MiB / 192MiB",7.08
2026-09-22T06:10:38.956Z,node-red-node-red-1,0.00,"83.13MiB / 1.922GiB",4.22
2026-09-22T06:10:38.956Z,lorawan-gateway-evidence-collector-1,0.49,"12.49MiB / 192MiB",6.51
2026-09-22T06:10:38.956Z,seaweedfs,0.87,"139.6MiB / 256MiB",54.51
2026-09-22T06:10:38.956Z,seaweedfs-metadata-etcd,1.05,"64.72MiB / 96MiB",67.42
2026-09-22T06:10:38.956Z,openbao,3.15,"37.15MiB / 512MiB",7.26
2026-09-22T06:10:38.956Z,spilo,1.89,"261.9MiB / 1.922GiB",13.31
2026-09-22T06:10:38.956Z,etcd,2.72,"53.53MiB / 1.922GiB",2.72
2026-09-22T06:10:46.209Z,grafana,2.11,"237.4MiB / 512MiB",46.37
2026-09-22T06:10:46.209Z,lorawan-gateway-evidence-verifier-1,0.17,"13.59MiB / 192MiB",7.08
2026-09-22T06:10:46.209Z,node-red-node-red-1,0.10,"83.13MiB / 1.922GiB",4.22
2026-09-22T06:10:46.209Z,lorawan-gateway-evidence-collector-1,0.39,"12.49MiB / 192MiB",6.51
2026-09-22T06:10:46.209Z,seaweedfs,0.88,"139.6MiB / 256MiB",54.51
2026-09-22T06:10:46.209Z,seaweedfs-metadata-etcd,1.07,"64.72MiB / 96MiB",67.42
2026-09-22T06:10:46.209Z,openbao,1.53,"37.15MiB / 512MiB",7.26
2026-09-22T06:10:46.209Z,spilo,0.61,"261.9MiB / 1.922GiB",13.31
2026-09-22T06:10:46.209Z,etcd,1.88,"53.53MiB / 1.922GiB",2.72
2026-09-22T06:10:53.544Z,grafana,1.69,"237.4MiB / 512MiB",46.37
2026-09-22T06:10:53.544Z,lorawan-gateway-evidence-verifier-1,0.00,"13.59MiB / 192MiB",7.08
2026-09-22T06:10:53.544Z,node-red-node-red-1,0.01,"83.13MiB / 1.922GiB",4.22
2026-09-22T06:10:53.544Z,lorawan-gateway-evidence-collector-1,0.50,"12.49MiB / 192MiB",6.51
2026-09-22T06:10:53.544Z,seaweedfs,0.93,"139.6MiB / 256MiB",54.51
2026-09-22T06:10:53.544Z,seaweedfs-metadata-etcd,1.05,"64.72MiB / 96MiB",67.42
2026-09-22T06:10:53.544Z,openbao,2.00,"37.15MiB / 512MiB",7.26
2026-09-22T06:10:53.544Z,spilo,1.89,"261.9MiB / 1.922GiB",13.31
2026-09-22T06:10:53.544Z,etcd,1.54,"53.53MiB / 1.922GiB",2.72
2026-09-22T06:11:00.892Z,grafana,2.80,"237.4MiB / 512MiB",46.37
2026-09-22T06:11:00.892Z,lorawan-gateway-evidence-verifier-1,8.68,"13.73MiB / 192MiB",7.15
2026-09-22T06:11:00.892Z,node-red-node-red-1,0.00,"83.13MiB / 1.922GiB",4.22
2026-09-22T06:11:00.892Z,lorawan-gateway-evidence-collector-1,0.32,"12.49MiB / 192MiB",6.51
2026-09-22T06:11:00.892Z,seaweedfs,21.14,"139.6MiB / 256MiB",54.52
2026-09-22T06:11:00.892Z,seaweedfs-metadata-etcd,10.76,"64.73MiB / 96MiB",67.42
2026-09-22T06:11:00.892Z,openbao,1.84,"37.15MiB / 512MiB",7.26
2026-09-22T06:11:00.892Z,spilo,0.95,"261.9MiB / 1.922GiB",13.31
2026-09-22T06:11:00.892Z,etcd,2.15,"53.53MiB / 1.922GiB",2.72
2026-09-22T06:11:08.454Z,grafana,1.84,"237.4MiB / 512MiB",46.37
2026-09-22T06:11:08.454Z,lorawan-gateway-evidence-verifier-1,0.15,"13.21MiB / 192MiB",6.88
2026-09-22T06:11:08.454Z,node-red-node-red-1,0.01,"83.13MiB / 1.922GiB",4.22
2026-09-22T06:11:08.454Z,lorawan-gateway-evidence-collector-1,0.57,"12.49MiB / 192MiB",6.51
2026-09-22T06:11:08.454Z,seaweedfs,0.77,"139.4MiB / 256MiB",54.47
2026-09-22T06:11:08.454Z,seaweedfs-metadata-etcd,1.25,"64.72MiB / 96MiB",67.42
2026-09-22T06:11:08.454Z,openbao,1.63,"37.15MiB / 512MiB",7.26
2026-09-22T06:11:08.454Z,spilo,1.50,"262MiB / 1.922GiB",13.31
2026-09-22T06:11:08.454Z,etcd,1.13,"53.53MiB / 1.922GiB",2.72
2026-09-22T06:11:15.680Z,grafana,1.30,"237.4MiB / 512MiB",46.37
2026-09-22T06:11:15.680Z,lorawan-gateway-evidence-verifier-1,0.02,"13.21MiB / 192MiB",6.88
2026-09-22T06:11:15.680Z,node-red-node-red-1,0.01,"83.13MiB / 1.922GiB",4.22
2026-09-22T06:11:15.680Z,lorawan-gateway-evidence-collector-1,0.38,"12.49MiB / 192MiB",6.51
2026-09-22T06:11:15.680Z,seaweedfs,0.80,"139.4MiB / 256MiB",54.47
2026-09-22T06:11:15.680Z,seaweedfs-metadata-etcd,1.14,"64.72MiB / 96MiB",67.42
2026-09-22T06:11:15.680Z,openbao,1.35,"37.15MiB / 512MiB",7.26
2026-09-22T06:11:15.680Z,spilo,1.32,"262MiB / 1.922GiB",13.31
2026-09-22T06:11:15.680Z,etcd,2.01,"53.53MiB / 1.922GiB",2.72
2026-09-22T06:11:22.869Z,grafana,1.51,"237.4MiB / 512MiB",46.37
2026-09-22T06:11:22.869Z,lorawan-gateway-evidence-verifier-1,0.00,"13.21MiB / 192MiB",6.88
2026-09-22T06:11:22.869Z,node-red-node-red-1,0.02,"83.13MiB / 1.922GiB",4.22
2026-09-22T06:11:22.869Z,lorawan-gateway-evidence-collector-1,0.44,"12.49MiB / 192MiB",6.51
2026-09-22T06:11:22.869Z,seaweedfs,0.77,"139.4MiB / 256MiB",54.47
2026-09-22T06:11:22.869Z,seaweedfs-metadata-etcd,1.08,"64.72MiB / 96MiB",67.42
2026-09-22T06:11:22.869Z,openbao,1.41,"37.15MiB / 512MiB",7.26
2026-09-22T06:11:22.869Z,spilo,1.01,"262MiB / 1.922GiB",13.31
2026-09-22T06:11:22.869Z,etcd,1.68,"53.53MiB / 1.922GiB",2.72
2026-09-22T06:11:30.124Z,grafana,1.49,"237.4MiB / 512MiB",46.37
2026-09-22T06:11:30.124Z,lorawan-gateway-evidence-verifier-1,0.14,"13.21MiB / 192MiB",6.88
2026-09-22T06:11:30.124Z,node-red-node-red-1,0.00,"83.13MiB / 1.922GiB",4.22
2026-09-22T06:11:30.124Z,lorawan-gateway-evidence-collector-1,0.47,"12.49MiB / 192MiB",6.51
2026-09-22T06:11:30.124Z,seaweedfs,0.73,"139.4MiB / 256MiB",54.47
2026-09-22T06:11:30.124Z,seaweedfs-metadata-etcd,1.12,"64.72MiB / 96MiB",67.42
2026-09-22T06:11:30.124Z,openbao,2.36,"37.15MiB / 512MiB",7.26
2026-09-22T06:11:30.124Z,spilo,1.32,"262MiB / 1.922GiB",13.31
2026-09-22T06:11:30.124Z,etcd,1.37,"53.53MiB / 1.922GiB",2.72
2026-09-22T06:11:37.397Z,grafana,1.12,"237.4MiB / 512MiB",46.37
2026-09-22T06:11:37.397Z,lorawan-gateway-evidence-verifier-1,14.97,"13.61MiB / 192MiB",7.09
2026-09-22T06:11:37.397Z,node-red-node-red-1,0.00,"83.13MiB / 1.922GiB",4.22
2026-09-22T06:11:37.397Z,lorawan-gateway-evidence-collector-1,0.30,"12.49MiB / 192MiB",6.51
2026-09-22T06:11:37.397Z,seaweedfs,25.47,"139.5MiB / 256MiB",54.48
2026-09-22T06:11:37.397Z,seaweedfs-metadata-etcd,8.58,"64.73MiB / 96MiB",67.42
2026-09-22T06:11:37.397Z,openbao,1.21,"37.15MiB / 512MiB",7.26
2026-09-22T06:11:37.397Z,spilo,1.22,"262MiB / 1.922GiB",13.31
2026-09-22T06:11:37.397Z,etcd,1.01,"53.53MiB / 1.922GiB",2.72
2026-09-22T06:11:44.845Z,grafana,1.20,"237.4MiB / 512MiB",46.37
2026-09-22T06:11:44.845Z,lorawan-gateway-evidence-verifier-1,0.00,"13.54MiB / 192MiB",7.05
2026-09-22T06:11:44.845Z,node-red-node-red-1,0.00,"83.13MiB / 1.922GiB",4.22
2026-09-22T06:11:44.845Z,lorawan-gateway-evidence-collector-1,0.38,"12.49MiB / 192MiB",6.51
2026-09-22T06:11:44.845Z,seaweedfs,0.82,"139.7MiB / 256MiB",54.58
2026-09-22T06:11:44.845Z,seaweedfs-metadata-etcd,0.96,"64.72MiB / 96MiB",67.42
2026-09-22T06:11:44.845Z,openbao,1.32,"37.15MiB / 512MiB",7.26
2026-09-22T06:11:44.845Z,spilo,2.30,"262MiB / 1.922GiB",13.31
2026-09-22T06:11:44.845Z,etcd,1.13,"53.53MiB / 1.922GiB",2.72
2026-09-22T06:11:52.052Z,grafana,1.38,"237.4MiB / 512MiB",46.37
2026-09-22T06:11:52.052Z,lorawan-gateway-evidence-verifier-1,0.16,"13.54MiB / 192MiB",7.05
2026-09-22T06:11:52.052Z,node-red-node-red-1,0.00,"83.13MiB / 1.922GiB",4.22
2026-09-22T06:11:52.052Z,lorawan-gateway-evidence-collector-1,0.43,"12.49MiB / 192MiB",6.51
2026-09-22T06:11:52.052Z,seaweedfs,0.90,"139.7MiB / 256MiB",54.58
2026-09-22T06:11:52.052Z,seaweedfs-metadata-etcd,1.41,"64.72MiB / 96MiB",67.42
2026-09-22T06:11:52.052Z,openbao,1.35,"37.15MiB / 512MiB",7.26
2026-09-22T06:11:52.052Z,spilo,1.19,"262MiB / 1.922GiB",13.31
2026-09-22T06:11:52.052Z,etcd,1.39,"53.53MiB / 1.922GiB",2.72
2026-09-22T06:11:59.278Z,grafana,1.54,"237.4MiB / 512MiB",46.37
2026-09-22T06:11:59.278Z,lorawan-gateway-evidence-verifier-1,0.00,"13.54MiB / 192MiB",7.05
2026-09-22T06:11:59.278Z,node-red-node-red-1,0.00,"83.13MiB / 1.922GiB",4.22
2026-09-22T06:11:59.278Z,lorawan-gateway-evidence-collector-1,0.57,"12.49MiB / 192MiB",6.51
2026-09-22T06:11:59.278Z,seaweedfs,1.52,"139.7MiB / 256MiB",54.58
2026-09-22T06:11:59.278Z,seaweedfs-metadata-etcd,1.91,"64.72MiB / 96MiB",67.42
2026-09-22T06:11:59.278Z,openbao,1.74,"37.15MiB / 512MiB",7.26
2026-09-22T06:11:59.278Z,spilo,4.41,"262MiB / 1.922GiB",13.31
2026-09-22T06:11:59.278Z,etcd,1.97,"53.53MiB / 1.922GiB",2.72
2026-09-22T06:12:06.621Z,grafana,1.46,"237.4MiB / 512MiB",46.37
2026-09-22T06:12:06.621Z,lorawan-gateway-evidence-verifier-1,0.14,"13.54MiB / 192MiB",7.05
2026-09-22T06:12:06.621Z,node-red-node-red-1,18.70,"83.13MiB / 1.922GiB",4.22
2026-09-22T06:12:06.621Z,lorawan-gateway-evidence-collector-1,0.40,"12.49MiB / 192MiB",6.51
2026-09-22T06:12:06.621Z,seaweedfs,0.93,"139.7MiB / 256MiB",54.59
2026-09-22T06:12:06.621Z,seaweedfs-metadata-etcd,1.09,"63.8MiB / 96MiB",66.46
2026-09-22T06:12:06.621Z,openbao,1.46,"37.15MiB / 512MiB",7.26
2026-09-22T06:12:06.621Z,spilo,1.14,"262MiB / 1.922GiB",13.31
2026-09-22T06:12:06.621Z,etcd,2.06,"53.53MiB / 1.922GiB",2.72
2026-09-22T06:12:13.941Z,grafana,1.26,"237.4MiB / 512MiB",46.37
2026-09-22T06:12:13.941Z,lorawan-gateway-evidence-verifier-1,3.36,"13.66MiB / 192MiB",7.11
2026-09-22T06:12:13.941Z,node-red-node-red-1,0.00,"83.13MiB / 1.922GiB",4.22
2026-09-22T06:12:13.941Z,lorawan-gateway-evidence-collector-1,0.35,"12.49MiB / 192MiB",6.51
2026-09-22T06:12:13.941Z,seaweedfs,4.95,"139.5MiB / 256MiB",54.51
2026-09-22T06:12:13.941Z,seaweedfs-metadata-etcd,2.53,"63.8MiB / 96MiB",66.46
2026-09-22T06:12:13.941Z,openbao,1.25,"37.15MiB / 512MiB",7.26
2026-09-22T06:12:13.941Z,spilo,2.14,"262MiB / 1.922GiB",13.31
2026-09-22T06:12:13.941Z,etcd,0.95,"53.53MiB / 1.922GiB",2.72
2026-09-22T06:12:21.473Z,grafana,1.42,"237.4MiB / 512MiB",46.37
2026-09-22T06:12:21.473Z,lorawan-gateway-evidence-verifier-1,0.00,"13.66MiB / 192MiB",7.11
2026-09-22T06:12:21.473Z,node-red-node-red-1,0.00,"83.13MiB / 1.922GiB",4.22
2026-09-22T06:12:21.473Z,lorawan-gateway-evidence-collector-1,0.41,"12.49MiB / 192MiB",6.51
2026-09-22T06:12:21.473Z,seaweedfs,1.05,"139.5MiB / 256MiB",54.51
2026-09-22T06:12:21.473Z,seaweedfs-metadata-etcd,0.99,"63.8MiB / 96MiB",66.46
2026-09-22T06:12:21.473Z,openbao,1.06,"37.15MiB / 512MiB",7.26
2026-09-22T06:12:21.473Z,spilo,1.28,"262MiB / 1.922GiB",13.31
2026-09-22T06:12:21.473Z,etcd,1.66,"53.53MiB / 1.922GiB",2.72
2026-09-22T06:12:28.736Z,grafana,1.86,"237.4MiB / 512MiB",46.37
2026-09-22T06:12:28.736Z,lorawan-gateway-evidence-verifier-1,0.00,"13.66MiB / 192MiB",7.11
2026-09-22T06:12:28.736Z,node-red-node-red-1,0.00,"83.13MiB / 1.922GiB",4.22
2026-09-22T06:12:28.736Z,lorawan-gateway-evidence-collector-1,0.40,"12.49MiB / 192MiB",6.51
2026-09-22T06:12:28.736Z,seaweedfs,0.70,"139.5MiB / 256MiB",54.51
2026-09-22T06:12:28.736Z,seaweedfs-metadata-etcd,0.85,"63.8MiB / 96MiB",66.46
2026-09-22T06:12:28.736Z,openbao,2.07,"37.15MiB / 512MiB",7.26
2026-09-22T06:12:28.736Z,spilo,0.56,"262MiB / 1.922GiB",13.31
2026-09-22T06:12:28.736Z,etcd,1.12,"53.53MiB / 1.922GiB",2.72
2026-09-22T06:12:35.948Z,grafana,1.37,"237.4MiB / 512MiB",46.37
2026-09-22T06:12:35.948Z,lorawan-gateway-evidence-verifier-1,0.12,"13.66MiB / 192MiB",7.11
2026-09-22T06:12:35.948Z,node-red-node-red-1,0.00,"83.13MiB / 1.922GiB",4.22
2026-09-22T06:12:35.948Z,lorawan-gateway-evidence-collector-1,0.39,"12.49MiB / 192MiB",6.51
2026-09-22T06:12:35.948Z,seaweedfs,0.82,"139.5MiB / 256MiB",54.51
2026-09-22T06:12:35.948Z,seaweedfs-metadata-etcd,1.06,"63.8MiB / 96MiB",66.46
2026-09-22T06:12:35.948Z,openbao,1.51,"37.15MiB / 512MiB",7.26
2026-09-22T06:12:35.948Z,spilo,1.53,"262MiB / 1.922GiB",13.31
2026-09-22T06:12:35.948Z,etcd,2.18,"53.53MiB / 1.922GiB",2.72
2026-09-22T06:12:43.200Z,grafana,1.28,"237.4MiB / 512MiB",46.37
2026-09-22T06:12:43.200Z,lorawan-gateway-evidence-verifier-1,0.00,"13.66MiB / 192MiB",7.11
2026-09-22T06:12:43.200Z,node-red-node-red-1,0.01,"83.14MiB / 1.922GiB",4.22
2026-09-22T06:12:43.200Z,lorawan-gateway-evidence-collector-1,0.41,"12.49MiB / 192MiB",6.51
2026-09-22T06:12:43.200Z,seaweedfs,7.05,"139.5MiB / 256MiB",54.51
2026-09-22T06:12:43.200Z,seaweedfs-metadata-etcd,8.28,"63.81MiB / 96MiB",66.47
2026-09-22T06:12:43.200Z,openbao,1.60,"37.15MiB / 512MiB",7.26
2026-09-22T06:12:43.200Z,spilo,0.64,"262MiB / 1.922GiB",13.31
2026-09-22T06:12:43.200Z,etcd,1.60,"53.53MiB / 1.922GiB",2.72
2026-09-22T06:12:50.476Z,grafana,1.19,"237.4MiB / 512MiB",46.37
2026-09-22T06:12:50.476Z,lorawan-gateway-evidence-verifier-1,0.13,"13.86MiB / 192MiB",7.22
2026-09-22T06:12:50.476Z,node-red-node-red-1,0.00,"83.14MiB / 1.922GiB",4.22
2026-09-22T06:12:50.476Z,lorawan-gateway-evidence-collector-1,0.36,"12.49MiB / 192MiB",6.51
2026-09-22T06:12:50.476Z,seaweedfs,0.77,"139.7MiB / 256MiB",54.58
2026-09-22T06:12:50.476Z,seaweedfs-metadata-etcd,0.79,"63.8MiB / 96MiB",66.46
2026-09-22T06:12:50.476Z,openbao,1.57,"37.15MiB / 512MiB",7.26
2026-09-22T06:12:50.476Z,spilo,1.33,"262MiB / 1.922GiB",13.31
2026-09-22T06:12:50.476Z,etcd,1.27,"53.53MiB / 1.922GiB",2.72
