timestamp_utc,container,cpu_percent,memory_usage,memory_percent
2026-09-22T05:42:40.164Z,lorawan-gateway-evidence-fabric-adapter-1,0.08,"12.18MiB / 192MiB",6.35
2026-09-22T05:42:40.164Z,lorawan-gateway-evidence-ingest-1,0.00,"12.78MiB / 192MiB",6.66
2026-09-22T05:42:40.164Z,lorawan-gateway-evidence-collector-1,0.30,"11.26MiB / 192MiB",5.87
2026-09-22T05:42:40.164Z,seaweedfs,6.43,"181.1MiB / 256MiB",70.75
2026-09-22T05:42:40.164Z,seaweedfs-metadata-etcd,9.19,"80.69MiB / 96MiB",84.05
2026-09-22T05:42:40.164Z,openbao,1.35,"34.96MiB / 512MiB",6.83
2026-09-22T05:42:40.164Z,chirpstack,0.32,"58.78MiB / 1.922GiB",2.99
2026-09-22T05:42:40.164Z,spilo,3.57,"342.5MiB / 1.922GiB",17.40
2026-09-22T05:42:40.164Z,etcd,0.76,"46.52MiB / 1.922GiB",2.36
2026-09-22T05:42:47.400Z,lorawan-gateway-evidence-fabric-adapter-1,0.00,"12.42MiB / 192MiB",6.47
2026-09-22T05:42:47.400Z,lorawan-gateway-evidence-ingest-1,0.00,"12.78MiB / 192MiB",6.66
2026-09-22T05:42:47.400Z,lorawan-gateway-evidence-collector-1,0.32,"11.26MiB / 192MiB",5.87
2026-09-22T05:42:47.400Z,seaweedfs,9.11,"190MiB / 256MiB",74.21
2026-09-22T05:42:47.400Z,seaweedfs-metadata-etcd,13.46,"80.69MiB / 96MiB",84.05
2026-09-22T05:42:47.400Z,openbao,1.25,"34.96MiB / 512MiB",6.83
2026-09-22T05:42:47.400Z,chirpstack,0.27,"58.78MiB / 1.922GiB",2.99
2026-09-22T05:42:47.400Z,spilo,2.76,"342.5MiB / 1.922GiB",17.40
2026-09-22T05:42:47.400Z,etcd,1.09,"46.51MiB / 1.922GiB",2.36
2026-09-22T05:42:54.685Z,lorawan-gateway-evidence-fabric-adapter-1,0.74,"12.66MiB / 192MiB",6.59
2026-09-22T05:42:54.685Z,lorawan-gateway-evidence-ingest-1,0.00,"12.78MiB / 192MiB",6.66
2026-09-22T05:42:54.685Z,lorawan-gateway-evidence-collector-1,0.30,"11.26MiB / 192MiB",5.87
2026-09-22T05:42:54.685Z,seaweedfs,9.37,"181.5MiB / 256MiB",70.88
2026-09-22T05:42:54.685Z,seaweedfs-metadata-etcd,14.10,"80.69MiB / 96MiB",84.05
2026-09-22T05:42:54.685Z,openbao,1.45,"34.96MiB / 512MiB",6.83
2026-09-22T05:42:54.685Z,chirpstack,0.26,"58.78MiB / 1.922GiB",2.99
2026-09-22T05:42:54.685Z,spilo,4.66,"342.5MiB / 1.922GiB",17.40
2026-09-22T05:42:54.685Z,etcd,1.27,"46.52MiB / 1.922GiB",2.36
2026-09-22T05:43:02.070Z,lorawan-gateway-evidence-fabric-adapter-1,0.07,"12.95MiB / 192MiB",6.74
2026-09-22T05:43:02.070Z,lorawan-gateway-evidence-ingest-1,0.00,"12.78MiB / 192MiB",6.66
2026-09-22T05:43:02.070Z,lorawan-gateway-evidence-collector-1,0.39,"11.26MiB / 192MiB",5.87
2026-09-22T05:43:02.070Z,seaweedfs,7.56,"183.7MiB / 256MiB",71.75
2026-09-22T05:43:02.070Z,seaweedfs-metadata-etcd,13.09,"80.7MiB / 96MiB",84.06
2026-09-22T05:43:02.070Z,openbao,1.39,"34.96MiB / 512MiB",6.83
2026-09-22T05:43:02.070Z,chirpstack,0.39,"58.78MiB / 1.922GiB",2.99
2026-09-22T05:43:02.070Z,spilo,3.80,"342.5MiB / 1.922GiB",17.40
2026-09-22T05:43:02.070Z,etcd,0.81,"46.51MiB / 1.922GiB",2.36
2026-09-22T05:43:09.439Z,lorawan-gateway-evidence-fabric-adapter-1,0.40,"13MiB / 192MiB",6.77
2026-09-22T05:43:09.439Z,lorawan-gateway-evidence-ingest-1,0.00,"12.78MiB / 192MiB",6.66
2026-09-22T05:43:09.439Z,lorawan-gateway-evidence-collector-1,0.31,"11.26MiB / 192MiB",5.87
2026-09-22T05:43:09.439Z,seaweedfs,8.06,"188.4MiB / 256MiB",73.60
2026-09-22T05:43:09.439Z,seaweedfs-metadata-etcd,11.72,"80.68MiB / 96MiB",84.05
2026-09-22T05:43:09.439Z,openbao,1.42,"34.96MiB / 512MiB",6.83
2026-09-22T05:43:09.439Z,chirpstack,0.37,"58.78MiB / 1.922GiB",2.99
2026-09-22T05:43:09.439Z,spilo,3.91,"342.5MiB / 1.922GiB",17.40
2026-09-22T05:43:09.439Z,etcd,0.83,"46.51MiB / 1.922GiB",2.36
2026-09-22T05:43:16.706Z,lorawan-gateway-evidence-fabric-adapter-1,0.88,"13MiB / 192MiB",6.77
2026-09-22T05:43:16.706Z,lorawan-gateway-evidence-ingest-1,0.00,"12.78MiB / 192MiB",6.65
2026-09-22T05:43:16.706Z,lorawan-gateway-evidence-collector-1,0.28,"11.26MiB / 192MiB",5.87
2026-09-22T05:43:16.706Z,seaweedfs,9.24,"188.9MiB / 256MiB",73.78
2026-09-22T05:43:16.706Z,seaweedfs-metadata-etcd,12.54,"80.7MiB / 96MiB",84.06
2026-09-22T05:43:16.706Z,openbao,1.58,"34.96MiB / 512MiB",6.83
2026-09-22T05:43:16.706Z,chirpstack,0.31,"58.78MiB / 1.922GiB",2.99
2026-09-22T05:43:16.706Z,spilo,22.90,"342.5MiB / 1.922GiB",17.40
2026-09-22T05:43:16.706Z,etcd,0.88,"46.52MiB / 1.922GiB",2.36
2026-09-22T05:43:23.994Z,lorawan-gateway-evidence-fabric-adapter-1,0.00,"13MiB / 192MiB",6.77
2026-09-22T05:43:23.994Z,lorawan-gateway-evidence-ingest-1,0.00,"12.78MiB / 192MiB",6.65
2026-09-22T05:43:23.994Z,lorawan-gateway-evidence-collector-1,0.27,"11.26MiB / 192MiB",5.87
2026-09-22T05:43:23.994Z,seaweedfs,6.71,"188.9MiB / 256MiB",73.78
2026-09-22T05:43:23.994Z,seaweedfs-metadata-etcd,11.11,"80.69MiB / 96MiB",84.05
2026-09-22T05:43:23.994Z,openbao,1.17,"34.96MiB / 512MiB",6.83
2026-09-22T05:43:23.994Z,chirpstack,0.32,"58.78MiB / 1.922GiB",2.99
2026-09-22T05:43:23.994Z,spilo,5.05,"342MiB / 1.922GiB",17.38
2026-09-22T05:43:23.994Z,etcd,0.66,"46.52MiB / 1.922GiB",2.36
2026-09-22T05:43:31.391Z,lorawan-gateway-evidence-fabric-adapter-1,0.00,"13MiB / 192MiB",6.77
2026-09-22T05:43:31.391Z,lorawan-gateway-evidence-ingest-1,0.00,"12.78MiB / 192MiB",6.65
2026-09-22T05:43:31.391Z,lorawan-gateway-evidence-collector-1,0.32,"11.26MiB / 192MiB",5.87
2026-09-22T05:43:31.391Z,seaweedfs,7.00,"182.7MiB / 256MiB",71.35
2026-09-22T05:43:31.391Z,seaweedfs-metadata-etcd,10.78,"80.69MiB / 96MiB",84.05
2026-09-22T05:43:31.391Z,openbao,1.46,"34.96MiB / 512MiB",6.83
2026-09-22T05:43:31.391Z,chirpstack,0.26,"58.78MiB / 1.922GiB",2.99
2026-09-22T05:43:31.391Z,spilo,2.80,"343MiB / 1.922GiB",17.43
2026-09-22T05:43:31.391Z,etcd,0.99,"46.52MiB / 1.922GiB",2.36
2026-09-22T05:43:38.671Z,lorawan-gateway-evidence-fabric-adapter-1,0.08,"13.08MiB / 192MiB",6.81
2026-09-22T05:43:38.671Z,lorawan-gateway-evidence-ingest-1,0.00,"12.78MiB / 192MiB",6.65
2026-09-22T05:43:38.671Z,lorawan-gateway-evidence-collector-1,0.28,"11.26MiB / 192MiB",5.87
2026-09-22T05:43:38.671Z,seaweedfs,9.18,"182.7MiB / 256MiB",71.38
2026-09-22T05:43:38.671Z,seaweedfs-metadata-etcd,11.01,"80.69MiB / 96MiB",84.05
2026-09-22T05:43:38.671Z,openbao,1.65,"34.96MiB / 512MiB",6.83
2026-09-22T05:43:38.671Z,chirpstack,0.25,"58.78MiB / 1.922GiB",2.99
2026-09-22T05:43:38.671Z,spilo,5.15,"342.2MiB / 1.922GiB",17.39
2026-09-22T05:43:38.671Z,etcd,1.04,"46.52MiB / 1.922GiB",2.36
2026-09-22T05:43:45.982Z,lorawan-gateway-evidence-fabric-adapter-1,0.08,"13.08MiB / 192MiB",6.81
2026-09-22T05:43:45.982Z,lorawan-gateway-evidence-ingest-1,0.00,"12.78MiB / 192MiB",6.65
2026-09-22T05:43:45.982Z,lorawan-gateway-evidence-collector-1,0.29,"11.26MiB / 192MiB",5.87
2026-09-22T05:43:45.982Z,seaweedfs,10.21,"181.5MiB / 256MiB",70.90
2026-09-22T05:43:45.982Z,seaweedfs-metadata-etcd,15.22,"80.69MiB / 96MiB",84.05
2026-09-22T05:43:45.982Z,openbao,2.80,"34.96MiB / 512MiB",6.83
2026-09-22T05:43:45.982Z,chirpstack,0.32,"58.78MiB / 1.922GiB",2.99
2026-09-22T05:43:45.982Z,spilo,6.41,"342.4MiB / 1.922GiB",17.40
2026-09-22T05:43:45.982Z,etcd,1.32,"46.52MiB / 1.922GiB",2.36
2026-09-22T05:43:53.317Z,lorawan-gateway-evidence-fabric-adapter-1,0.00,"13.08MiB / 192MiB",6.81
2026-09-22T05:43:53.317Z,lorawan-gateway-evidence-ingest-1,0.00,"12.78MiB / 192MiB",6.65
2026-09-22T05:43:53.317Z,lorawan-gateway-evidence-collector-1,0.33,"11.26MiB / 192MiB",5.87
2026-09-22T05:43:53.317Z,seaweedfs,1.13,"181.5MiB / 256MiB",70.90
2026-09-22T05:43:53.317Z,seaweedfs-metadata-etcd,2.05,"80.69MiB / 96MiB",84.05
2026-09-22T05:43:53.317Z,openbao,1.45,"34.96MiB / 512MiB",6.83
2026-09-22T05:43:53.317Z,chirpstack,0.28,"58.78MiB / 1.922GiB",2.99
2026-09-22T05:43:53.317Z,spilo,2.53,"342.4MiB / 1.922GiB",17.40
2026-09-22T05:43:53.317Z,etcd,0.74,"46.52MiB / 1.922GiB",2.36
2026-09-22T05:44:00.579Z,lorawan-gateway-evidence-fabric-adapter-1,0.12,"13.08MiB / 192MiB",6.81
2026-09-22T05:44:00.579Z,lorawan-gateway-evidence-ingest-1,0.00,"12.78MiB / 192MiB",6.65
2026-09-22T05:44:00.579Z,lorawan-gateway-evidence-collector-1,0.53,"11.26MiB / 192MiB",5.87
2026-09-22T05:44:00.579Z,seaweedfs,1.17,"181.5MiB / 256MiB",70.90
2026-09-22T05:44:00.579Z,seaweedfs-metadata-etcd,1.37,"80.69MiB / 96MiB",84.05
2026-09-22T05:44:00.579Z,openbao,3.59,"34.96MiB / 512MiB",6.83
2026-09-22T05:44:00.579Z,chirpstack,0.37,"58.78MiB / 1.922GiB",2.99
2026-09-22T05:44:00.579Z,spilo,3.87,"342.4MiB / 1.922GiB",17.40
2026-09-22T05:44:00.579Z,etcd,1.17,"46.52MiB / 1.922GiB",2.36
2026-09-22T05:44:07.896Z,lorawan-gateway-evidence-fabric-adapter-1,0.00,"13.08MiB / 192MiB",6.81
2026-09-22T05:44:07.896Z,lorawan-gateway-evidence-ingest-1,0.00,"12.78MiB / 192MiB",6.65
2026-09-22T05:44:07.896Z,lorawan-gateway-evidence-collector-1,0.31,"11.26MiB / 192MiB",5.87
2026-09-22T05:44:07.896Z,seaweedfs,11.92,"183.5MiB / 256MiB",71.69
2026-09-22T05:44:07.896Z,seaweedfs-metadata-etcd,13.72,"80.69MiB / 96MiB",84.05
2026-09-22T05:44:07.896Z,openbao,1.19,"34.96MiB / 512MiB",6.83
2026-09-22T05:44:07.896Z,chirpstack,0.31,"58.78MiB / 1.922GiB",2.99
2026-09-22T05:44:07.896Z,spilo,1.88,"342.5MiB / 1.922GiB",17.40
2026-09-22T05:44:07.896Z,etcd,0.79,"46.52MiB / 1.922GiB",2.36
2026-09-22T05:44:15.159Z,lorawan-gateway-evidence-fabric-adapter-1,0.00,"13.08MiB / 192MiB",6.81
2026-09-22T05:44:15.159Z,lorawan-gateway-evidence-ingest-1,0.00,"12.81MiB / 192MiB",6.67
2026-09-22T05:44:15.159Z,lorawan-gateway-evidence-collector-1,0.32,"11.26MiB / 192MiB",5.87
2026-09-22T05:44:15.159Z,seaweedfs,4.83,"183.6MiB / 256MiB",71.70
2026-09-22T05:44:15.159Z,seaweedfs-metadata-etcd,9.11,"80.69MiB / 96MiB",84.05
2026-09-22T05:44:15.159Z,openbao,1.45,"34.96MiB / 512MiB",6.83
2026-09-22T05:44:15.159Z,chirpstack,0.23,"58.78MiB / 1.922GiB",2.99
2026-09-22T05:44:15.159Z,spilo,5.52,"342.4MiB / 1.922GiB",17.40
2026-09-22T05:44:15.159Z,etcd,1.19,"46.52MiB / 1.922GiB",2.36
2026-09-22T05:44:22.450Z,lorawan-gateway-evidence-fabric-adapter-1,0.09,"13.08MiB / 192MiB",6.81
2026-09-22T05:44:22.450Z,lorawan-gateway-evidence-ingest-1,0.00,"12.81MiB / 192MiB",6.67
2026-09-22T05:44:22.450Z,lorawan-gateway-evidence-collector-1,0.31,"11.26MiB / 192MiB",5.87
2026-09-22T05:44:22.450Z,seaweedfs,8.52,"183.3MiB / 256MiB",71.58
2026-09-22T05:44:22.450Z,seaweedfs-metadata-etcd,12.24,"80.7MiB / 96MiB",84.06
2026-09-22T05:44:22.450Z,openbao,1.44,"34.96MiB / 512MiB",6.83
2026-09-22T05:44:22.450Z,chirpstack,0.30,"58.78MiB / 1.922GiB",2.99
2026-09-22T05:44:22.450Z,spilo,3.00,"342.1MiB / 1.922GiB",17.38
2026-09-22T05:44:22.450Z,etcd,0.94,"46.52MiB / 1.922GiB",2.36
2026-09-22T05:44:29.765Z,lorawan-gateway-evidence-fabric-adapter-1,0.00,"13.08MiB / 192MiB",6.81
2026-09-22T05:44:29.765Z,lorawan-gateway-evidence-ingest-1,0.00,"12.81MiB / 192MiB",6.67
2026-09-22T05:44:29.765Z,lorawan-gateway-evidence-collector-1,0.30,"11.26MiB / 192MiB",5.87
2026-09-22T05:44:29.765Z,seaweedfs,0.83,"186.4MiB / 256MiB",72.81
2026-09-22T05:44:29.765Z,seaweedfs-metadata-etcd,1.72,"80.69MiB / 96MiB",84.05
2026-09-22T05:44:29.765Z,openbao,1.79,"34.96MiB / 512MiB",6.83
2026-09-22T05:44:29.765Z,chirpstack,0.35,"58.78MiB / 1.922GiB",2.99
2026-09-22T05:44:29.765Z,spilo,5.42,"342.4MiB / 1.922GiB",17.40
2026-09-22T05:44:29.765Z,etcd,0.95,"46.52MiB / 1.922GiB",2.36
2026-09-22T05:44:36.971Z,lorawan-gateway-evidence-fabric-adapter-1,0.07,"13.08MiB / 192MiB",6.81
2026-09-22T05:44:36.971Z,lorawan-gateway-evidence-ingest-1,0.00,"12.81MiB / 192MiB",6.67
2026-09-22T05:44:36.971Z,lorawan-gateway-evidence-collector-1,0.26,"11.26MiB / 192MiB",5.87
2026-09-22T05:44:36.971Z,seaweedfs,6.03,"187.9MiB / 256MiB",73.38
2026-09-22T05:44:36.971Z,seaweedfs-metadata-etcd,11.42,"80.69MiB / 96MiB",84.05
2026-09-22T05:44:36.971Z,openbao,1.80,"34.96MiB / 512MiB",6.83
2026-09-22T05:44:36.971Z,chirpstack,0.28,"58.78MiB / 1.922GiB",2.99
2026-09-22T05:44:36.971Z,spilo,2.38,"342.5MiB / 1.922GiB",17.40
2026-09-22T05:44:36.971Z,etcd,0.78,"46.52MiB / 1.922GiB",2.36
2026-09-22T05:44:44.214Z,lorawan-gateway-evidence-fabric-adapter-1,0.09,"13.07MiB / 192MiB",6.81
2026-09-22T05:44:44.214Z,lorawan-gateway-evidence-ingest-1,0.00,"12.81MiB / 192MiB",6.67
2026-09-22T05:44:44.214Z,lorawan-gateway-evidence-collector-1,0.29,"11.26MiB / 192MiB",5.87
2026-09-22T05:44:44.214Z,seaweedfs,6.32,"183MiB / 256MiB",71.47
2026-09-22T05:44:44.214Z,seaweedfs-metadata-etcd,10.24,"80.7MiB / 96MiB",84.06
2026-09-22T05:44:44.214Z,openbao,1.51,"34.96MiB / 512MiB",6.83
2026-09-22T05:44:44.214Z,chirpstack,0.27,"58.78MiB / 1.922GiB",2.99
2026-09-22T05:44:44.214Z,spilo,3.58,"342.4MiB / 1.922GiB",17.40
2026-09-22T05:44:44.214Z,etcd,0.62,"46.52MiB / 1.922GiB",2.36
2026-09-22T05:44:51.549Z,lorawan-gateway-evidence-fabric-adapter-1,0.00,"13.07MiB / 192MiB",6.81
2026-09-22T05:44:51.549Z,lorawan-gateway-evidence-ingest-1,0.00,"12.81MiB / 192MiB",6.67
2026-09-22T05:44:51.549Z,lorawan-gateway-evidence-collector-1,0.26,"11.26MiB / 192MiB",5.87
2026-09-22T05:44:51.549Z,seaweedfs,6.06,"183.4MiB / 256MiB",71.62
2026-09-22T05:44:51.549Z,seaweedfs-metadata-etcd,9.92,"80.7MiB / 96MiB",84.06
2026-09-22T05:44:51.549Z,openbao,1.64,"34.96MiB / 512MiB",6.83
2026-09-22T05:44:51.549Z,chirpstack,0.36,"58.78MiB / 1.922GiB",2.99
2026-09-22T05:44:51.549Z,spilo,6.44,"338.3MiB / 1.922GiB",17.19
2026-09-22T05:44:51.549Z,etcd,0.80,"46.52MiB / 1.922GiB",2.36
2026-09-22T05:44:58.874Z,lorawan-gateway-evidence-fabric-adapter-1,0.14,"13.07MiB / 192MiB",6.81
2026-09-22T05:44:58.874Z,lorawan-gateway-evidence-ingest-1,0.00,"12.81MiB / 192MiB",6.67
2026-09-22T05:44:58.874Z,lorawan-gateway-evidence-collector-1,0.35,"11.26MiB / 192MiB",5.87
2026-09-22T05:44:58.874Z,seaweedfs,6.50,"183.5MiB / 256MiB",71.69
2026-09-22T05:44:58.874Z,seaweedfs-metadata-etcd,10.39,"80.69MiB / 96MiB",84.05
2026-09-22T05:44:58.874Z,openbao,1.91,"34.96MiB / 512MiB",6.83
2026-09-22T05:44:58.874Z,chirpstack,0.31,"58.78MiB / 1.922GiB",2.99
2026-09-22T05:44:58.874Z,spilo,3.77,"338.7MiB / 1.922GiB",17.21
2026-09-22T05:44:58.874Z,etcd,1.14,"46.52MiB / 1.922GiB",2.36
2026-09-22T05:45:06.247Z,lorawan-gateway-evidence-fabric-adapter-1,0.08,"13.07MiB / 192MiB",6.81
2026-09-22T05:45:06.247Z,lorawan-gateway-evidence-ingest-1,0.00,"12.81MiB / 192MiB",6.67
2026-09-22T05:45:06.247Z,lorawan-gateway-evidence-collector-1,0.38,"11.26MiB / 192MiB",5.87
2026-09-22T05:45:06.247Z,seaweedfs,5.07,"183.5MiB / 256MiB",71.69
2026-09-22T05:45:06.247Z,seaweedfs-metadata-etcd,7.50,"80.7MiB / 96MiB",84.06
2026-09-22T05:45:06.247Z,openbao,1.71,"34.96MiB / 512MiB",6.83
2026-09-22T05:45:06.247Z,chirpstack,0.39,"58.78MiB / 1.922GiB",2.99
2026-09-22T05:45:06.247Z,spilo,6.57,"338.7MiB / 1.922GiB",17.21
2026-09-22T05:45:06.247Z,etcd,1.75,"46.52MiB / 1.922GiB",2.36
2026-09-22T05:45:13.723Z,lorawan-gateway-evidence-fabric-adapter-1,0.00,"13.07MiB / 192MiB",6.81
2026-09-22T05:45:13.723Z,lorawan-gateway-evidence-ingest-1,0.00,"12.81MiB / 192MiB",6.67
2026-09-22T05:45:13.723Z,lorawan-gateway-evidence-collector-1,0.31,"11.32MiB / 192MiB",5.90
2026-09-22T05:45:13.723Z,seaweedfs,6.28,"183.2MiB / 256MiB",71.58
2026-09-22T05:45:13.723Z,seaweedfs-metadata-etcd,11.12,"80.7MiB / 96MiB",84.06
2026-09-22T05:45:13.723Z,openbao,1.63,"34.96MiB / 512MiB",6.83
2026-09-22T05:45:13.723Z,chirpstack,0.44,"58.78MiB / 1.922GiB",2.99
2026-09-22T05:45:13.723Z,spilo,7.93,"338.7MiB / 1.922GiB",17.21
2026-09-22T05:45:13.723Z,etcd,0.82,"46.52MiB / 1.922GiB",2.36
2026-09-22T05:45:21.054Z,lorawan-gateway-evidence-fabric-adapter-1,0.00,"13.07MiB / 192MiB",6.81
2026-09-22T05:45:21.054Z,lorawan-gateway-evidence-ingest-1,0.00,"12.81MiB / 192MiB",6.67
2026-09-22T05:45:21.054Z,lorawan-gateway-evidence-collector-1,0.30,"11.32MiB / 192MiB",5.90
2026-09-22T05:45:21.054Z,seaweedfs,10.24,"189MiB / 256MiB",73.81
2026-09-22T05:45:21.054Z,seaweedfs-metadata-etcd,12.94,"80.7MiB / 96MiB",84.06
2026-09-22T05:45:21.054Z,openbao,1.77,"34.96MiB / 512MiB",6.83
2026-09-22T05:45:21.054Z,chirpstack,0.30,"58.78MiB / 1.922GiB",2.99
2026-09-22T05:45:21.054Z,spilo,3.04,"338.7MiB / 1.922GiB",17.21
2026-09-22T05:45:21.054Z,etcd,1.06,"46.52MiB / 1.922GiB",2.36
2026-09-22T05:45:28.354Z,lorawan-gateway-evidence-fabric-adapter-1,0.10,"13.07MiB / 192MiB",6.81
2026-09-22T05:45:28.354Z,lorawan-gateway-evidence-ingest-1,0.00,"12.81MiB / 192MiB",6.67
2026-09-22T05:45:28.354Z,lorawan-gateway-evidence-collector-1,0.30,"11.32MiB / 192MiB",5.90
2026-09-22T05:45:28.354Z,seaweedfs,8.42,"183.3MiB / 256MiB",71.60
2026-09-22T05:45:28.354Z,seaweedfs-metadata-etcd,12.03,"80.7MiB / 96MiB",84.06
2026-09-22T05:45:28.354Z,openbao,1.40,"34.96MiB / 512MiB",6.83
2026-09-22T05:45:28.354Z,chirpstack,0.35,"58.78MiB / 1.922GiB",2.99
2026-09-22T05:45:28.354Z,spilo,4.50,"338.7MiB / 1.922GiB",17.21
2026-09-22T05:45:28.354Z,etcd,0.82,"46.52MiB / 1.922GiB",2.36
2026-09-22T05:45:35.614Z,lorawan-gateway-evidence-fabric-adapter-1,0.00,"12.52MiB / 192MiB",6.52
2026-09-22T05:45:35.614Z,lorawan-gateway-evidence-ingest-1,0.00,"12.81MiB / 192MiB",6.67
2026-09-22T05:45:35.614Z,lorawan-gateway-evidence-collector-1,0.52,"11.33MiB / 192MiB",5.90
2026-09-22T05:45:35.614Z,seaweedfs,11.03,"183.3MiB / 256MiB",71.59
2026-09-22T05:45:35.614Z,seaweedfs-metadata-etcd,12.11,"80.7MiB / 96MiB",84.06
2026-09-22T05:45:35.614Z,openbao,1.50,"34.96MiB / 512MiB",6.83
2026-09-22T05:45:35.614Z,chirpstack,2.48,"58.78MiB / 1.922GiB",2.99
2026-09-22T05:45:35.614Z,spilo,6.02,"338.7MiB / 1.922GiB",17.21
2026-09-22T05:45:35.614Z,etcd,1.28,"46.52MiB / 1.922GiB",2.36
2026-09-22T05:45:42.950Z,lorawan-gateway-evidence-fabric-adapter-1,0.09,"12.52MiB / 192MiB",6.52
2026-09-22T05:45:42.950Z,lorawan-gateway-evidence-ingest-1,0.03,"12.81MiB / 192MiB",6.67
2026-09-22T05:45:42.950Z,lorawan-gateway-evidence-collector-1,0.30,"11.33MiB / 192MiB",5.90
2026-09-22T05:45:42.950Z,seaweedfs,6.30,"183.3MiB / 256MiB",71.59
2026-09-22T05:45:42.950Z,seaweedfs-metadata-etcd,8.78,"80.7MiB / 96MiB",84.06
2026-09-22T05:45:42.950Z,openbao,1.31,"34.96MiB / 512MiB",6.83
2026-09-22T05:45:42.950Z,chirpstack,0.26,"58.78MiB / 1.922GiB",2.99
2026-09-22T05:45:42.950Z,spilo,1.58,"338.4MiB / 1.922GiB",17.20
2026-09-22T05:45:42.950Z,etcd,1.13,"46.52MiB / 1.922GiB",2.36
2026-09-22T05:45:50.199Z,lorawan-gateway-evidence-fabric-adapter-1,0.09,"12.52MiB / 192MiB",6.52
2026-09-22T05:45:50.199Z,lorawan-gateway-evidence-ingest-1,0.00,"12.81MiB / 192MiB",6.67
2026-09-22T05:45:50.199Z,lorawan-gateway-evidence-collector-1,0.65,"11.33MiB / 192MiB",5.90
2026-09-22T05:45:50.199Z,seaweedfs,7.15,"183.6MiB / 256MiB",71.71
2026-09-22T05:45:50.199Z,seaweedfs-metadata-etcd,8.50,"80.7MiB / 96MiB",84.06
2026-09-22T05:45:50.199Z,openbao,1.58,"34.96MiB / 512MiB",6.83
2026-09-22T05:45:50.199Z,chirpstack,2.60,"58.78MiB / 1.922GiB",2.99
2026-09-22T05:45:50.199Z,spilo,7.76,"338.7MiB / 1.922GiB",17.21
2026-09-22T05:45:50.199Z,etcd,0.76,"46.52MiB / 1.922GiB",2.36
2026-09-22T05:45:57.428Z,lorawan-gateway-evidence-fabric-adapter-1,0.00,"12.52MiB / 192MiB",6.52
2026-09-22T05:45:57.428Z,lorawan-gateway-evidence-ingest-1,0.00,"12.81MiB / 192MiB",6.67
2026-09-22T05:45:57.428Z,lorawan-gateway-evidence-collector-1,0.30,"11.33MiB / 192MiB",5.90
2026-09-22T05:45:57.428Z,seaweedfs,9.92,"183.2MiB / 256MiB",71.55
2026-09-22T05:45:57.428Z,seaweedfs-metadata-etcd,14.15,"80.7MiB / 96MiB",84.06
2026-09-22T05:45:57.428Z,openbao,1.62,"34.96MiB / 512MiB",6.83
2026-09-22T05:45:57.428Z,chirpstack,0.21,"58.78MiB / 1.922GiB",2.99
2026-09-22T05:45:57.428Z,spilo,7.27,"338.4MiB / 1.922GiB",17.20
2026-09-22T05:45:57.428Z,etcd,0.84,"46.52MiB / 1.922GiB",2.36
2026-09-22T05:46:04.752Z,lorawan-gateway-evidence-fabric-adapter-1,0.10,"12.52MiB / 192MiB",6.52
2026-09-22T05:46:04.752Z,lorawan-gateway-evidence-ingest-1,0.00,"12.81MiB / 192MiB",6.67
2026-09-22T05:46:04.752Z,lorawan-gateway-evidence-collector-1,0.62,"11.33MiB / 192MiB",5.90
2026-09-22T05:46:04.752Z,seaweedfs,10.73,"188.2MiB / 256MiB",73.50
2026-09-22T05:46:04.752Z,seaweedfs-metadata-etcd,14.73,"80.7MiB / 96MiB",84.06
2026-09-22T05:46:04.752Z,openbao,1.43,"34.96MiB / 512MiB",6.83
2026-09-22T05:46:04.752Z,chirpstack,0.31,"58.78MiB / 1.922GiB",2.99
2026-09-22T05:46:04.752Z,spilo,4.98,"338.7MiB / 1.922GiB",17.21
2026-09-22T05:46:04.752Z,etcd,1.20,"46.52MiB / 1.922GiB",2.36
2026-09-22T05:46:12.177Z,lorawan-gateway-evidence-fabric-adapter-1,0.10,"12.52MiB / 192MiB",6.52
2026-09-22T05:46:12.177Z,lorawan-gateway-evidence-ingest-1,0.00,"12.81MiB / 192MiB",6.67
2026-09-22T05:46:12.177Z,lorawan-gateway-evidence-collector-1,0.54,"11.33MiB / 192MiB",5.90
2026-09-22T05:46:12.177Z,seaweedfs,12.42,"189.9MiB / 256MiB",74.20
2026-09-22T05:46:12.177Z,seaweedfs-metadata-etcd,14.94,"80.7MiB / 96MiB",84.06
2026-09-22T05:46:12.177Z,openbao,1.61,"34.96MiB / 512MiB",6.83
2026-09-22T05:46:12.177Z,chirpstack,0.68,"58.78MiB / 1.922GiB",2.99
2026-09-22T05:46:12.177Z,spilo,4.15,"338.7MiB / 1.922GiB",17.21
2026-09-22T05:46:12.177Z,etcd,0.75,"46.52MiB / 1.922GiB",2.36
2026-09-22T05:46:19.540Z,lorawan-gateway-evidence-fabric-adapter-1,0.00,"12.52MiB / 192MiB",6.52
2026-09-22T05:46:19.540Z,lorawan-gateway-evidence-ingest-1,0.00,"12.81MiB / 192MiB",6.67
2026-09-22T05:46:19.540Z,lorawan-gateway-evidence-collector-1,0.49,"11.33MiB / 192MiB",5.90
2026-09-22T05:46:19.540Z,seaweedfs,10.47,"182MiB / 256MiB",71.10
2026-09-22T05:46:19.540Z,seaweedfs-metadata-etcd,16.74,"80.7MiB / 96MiB",84.06
2026-09-22T05:46:19.540Z,openbao,1.54,"34.96MiB / 512MiB",6.83
2026-09-22T05:46:19.540Z,chirpstack,0.23,"58.78MiB / 1.922GiB",2.99
2026-09-22T05:46:19.540Z,spilo,2.66,"338.7MiB / 1.922GiB",17.21
2026-09-22T05:46:19.540Z,etcd,0.86,"46.52MiB / 1.922GiB",2.36
2026-09-22T05:46:26.863Z,lorawan-gateway-evidence-fabric-adapter-1,0.07,"12.52MiB / 192MiB",6.52
2026-09-22T05:46:26.863Z,lorawan-gateway-evidence-ingest-1,0.00,"12.81MiB / 192MiB",6.67
2026-09-22T05:46:26.863Z,lorawan-gateway-evidence-collector-1,0.28,"11.33MiB / 192MiB",5.90
2026-09-22T05:46:26.863Z,seaweedfs,9.55,"183MiB / 256MiB",71.48
2026-09-22T05:46:26.863Z,seaweedfs-metadata-etcd,13.55,"80.7MiB / 96MiB",84.06
2026-09-22T05:46:26.863Z,openbao,1.25,"34.96MiB / 512MiB",6.83
2026-09-22T05:46:26.863Z,chirpstack,0.27,"58.78MiB / 1.922GiB",2.99
2026-09-22T05:46:26.863Z,spilo,2.00,"338.7MiB / 1.922GiB",17.21
2026-09-22T05:46:26.863Z,etcd,1.04,"46.52MiB / 1.922GiB",2.36
2026-09-22T05:46:34.119Z,lorawan-gateway-evidence-fabric-adapter-1,0.07,"12.52MiB / 192MiB",6.52
2026-09-22T05:46:34.119Z,lorawan-gateway-evidence-ingest-1,0.00,"12.81MiB / 192MiB",6.67
2026-09-22T05:46:34.119Z,lorawan-gateway-evidence-collector-1,0.30,"11.33MiB / 192MiB",5.90
2026-09-22T05:46:34.119Z,seaweedfs,9.11,"183MiB / 256MiB",71.49
2026-09-22T05:46:34.119Z,seaweedfs-metadata-etcd,13.54,"80.7MiB / 96MiB",84.06
2026-09-22T05:46:34.119Z,openbao,3.25,"34.96MiB / 512MiB",6.83
2026-09-22T05:46:34.119Z,chirpstack,0.28,"58.78MiB / 1.922GiB",2.99
2026-09-22T05:46:34.119Z,spilo,5.40,"338.7MiB / 1.922GiB",17.21
2026-09-22T05:46:34.119Z,etcd,0.87,"46.52MiB / 1.922GiB",2.36
2026-09-22T05:46:41.462Z,lorawan-gateway-evidence-fabric-adapter-1,0.00,"12.52MiB / 192MiB",6.52
2026-09-22T05:46:41.462Z,lorawan-gateway-evidence-ingest-1,0.00,"12.81MiB / 192MiB",6.67
2026-09-22T05:46:41.462Z,lorawan-gateway-evidence-collector-1,0.28,"11.33MiB / 192MiB",5.90
2026-09-22T05:46:41.462Z,seaweedfs,10.56,"182.4MiB / 256MiB",71.26
2026-09-22T05:46:41.462Z,seaweedfs-metadata-etcd,14.78,"80.69MiB / 96MiB",84.05
2026-09-22T05:46:41.462Z,openbao,1.46,"34.96MiB / 512MiB",6.83
2026-09-22T05:46:41.462Z,chirpstack,0.20,"58.78MiB / 1.922GiB",2.99
2026-09-22T05:46:41.462Z,spilo,4.27,"338.7MiB / 1.922GiB",17.21
2026-09-22T05:46:41.462Z,etcd,0.82,"46.52MiB / 1.922GiB",2.36
2026-09-22T05:46:48.761Z,lorawan-gateway-evidence-fabric-adapter-1,0.07,"12.52MiB / 192MiB",6.52
2026-09-22T05:46:48.761Z,lorawan-gateway-evidence-ingest-1,0.00,"12.28MiB / 192MiB",6.40
2026-09-22T05:46:48.761Z,lorawan-gateway-evidence-collector-1,0.28,"11.33MiB / 192MiB",5.90
2026-09-22T05:46:48.761Z,seaweedfs,5.96,"182.4MiB / 256MiB",71.26
2026-09-22T05:46:48.761Z,seaweedfs-metadata-etcd,10.44,"80.69MiB / 96MiB",84.05
2026-09-22T05:46:48.761Z,openbao,0.97,"34.96MiB / 512MiB",6.83
2026-09-22T05:46:48.761Z,chirpstack,0.33,"58.78MiB / 1.922GiB",2.99
2026-09-22T05:46:48.761Z,spilo,5.97,"338.7MiB / 1.922GiB",17.21
2026-09-22T05:46:48.761Z,etcd,0.77,"46.55MiB / 1.922GiB",2.37
2026-09-22T05:46:56.008Z,lorawan-gateway-evidence-fabric-adapter-1,0.11,"12.52MiB / 192MiB",6.52
2026-09-22T05:46:56.008Z,lorawan-gateway-evidence-ingest-1,0.00,"12.28MiB / 192MiB",6.40
2026-09-22T05:46:56.008Z,lorawan-gateway-evidence-collector-1,0.27,"11.33MiB / 192MiB",5.90
2026-09-22T05:46:56.008Z,seaweedfs,7.90,"182.9MiB / 256MiB",71.46
2026-09-22T05:46:56.008Z,seaweedfs-metadata-etcd,13.60,"80.7MiB / 96MiB",84.06
2026-09-22T05:46:56.008Z,openbao,1.11,"34.96MiB / 512MiB",6.83
2026-09-22T05:46:56.008Z,chirpstack,0.29,"58.64MiB / 1.922GiB",2.98
2026-09-22T05:46:56.008Z,spilo,5.01,"338.7MiB / 1.922GiB",17.21
2026-09-22T05:46:56.008Z,etcd,1.33,"46.55MiB / 1.922GiB",2.37
2026-09-22T05:47:03.392Z,lorawan-gateway-evidence-fabric-adapter-1,0.00,"12.52MiB / 192MiB",6.52
2026-09-22T05:47:03.392Z,lorawan-gateway-evidence-ingest-1,0.00,"12.28MiB / 192MiB",6.40
2026-09-22T05:47:03.392Z,lorawan-gateway-evidence-collector-1,0.29,"11.33MiB / 192MiB",5.90
2026-09-22T05:47:03.392Z,seaweedfs,9.49,"182.9MiB / 256MiB",71.46
2026-09-22T05:47:03.392Z,seaweedfs-metadata-etcd,15.80,"80.7MiB / 96MiB",84.06
2026-09-22T05:47:03.392Z,openbao,1.36,"34.96MiB / 512MiB",6.83
2026-09-22T05:47:03.392Z,chirpstack,0.35,"58.64MiB / 1.922GiB",2.98
2026-09-22T05:47:03.392Z,spilo,8.36,"338.7MiB / 1.922GiB",17.21
2026-09-22T05:47:03.392Z,etcd,1.47,"46.55MiB / 1.922GiB",2.37
2026-09-22T05:47:10.838Z,lorawan-gateway-evidence-fabric-adapter-1,0.11,"12.52MiB / 192MiB",6.52
2026-09-22T05:47:10.838Z,lorawan-gateway-evidence-ingest-1,0.00,"12.28MiB / 192MiB",6.40
2026-09-22T05:47:10.838Z,lorawan-gateway-evidence-collector-1,0.31,"11.33MiB / 192MiB",5.90
2026-09-22T05:47:10.838Z,seaweedfs,10.21,"182.6MiB / 256MiB",71.31
2026-09-22T05:47:10.838Z,seaweedfs-metadata-etcd,15.64,"80.71MiB / 96MiB",84.07
2026-09-22T05:47:10.838Z,openbao,1.28,"34.96MiB / 512MiB",6.83
2026-09-22T05:47:10.838Z,chirpstack,0.27,"58.64MiB / 1.922GiB",2.98
2026-09-22T05:47:10.838Z,spilo,4.64,"338.7MiB / 1.922GiB",17.21
2026-09-22T05:47:10.838Z,etcd,1.21,"46.55MiB / 1.922GiB",2.37
2026-09-22T05:47:18.136Z,lorawan-gateway-evidence-fabric-adapter-1,0.08,"12.52MiB / 192MiB",6.52
2026-09-22T05:47:18.136Z,lorawan-gateway-evidence-ingest-1,0.00,"12.28MiB / 192MiB",6.39
2026-09-22T05:47:18.136Z,lorawan-gateway-evidence-collector-1,0.34,"10.89MiB / 192MiB",5.67
2026-09-22T05:47:18.136Z,seaweedfs,10.72,"185.5MiB / 256MiB",72.47
2026-09-22T05:47:18.136Z,seaweedfs-metadata-etcd,14.01,"80.69MiB / 96MiB",84.05
2026-09-22T05:47:18.136Z,openbao,1.20,"34.96MiB / 512MiB",6.83
2026-09-22T05:47:18.136Z,chirpstack,0.38,"58.68MiB / 1.922GiB",2.98
2026-09-22T05:47:18.136Z,spilo,3.64,"338.4MiB / 1.922GiB",17.19
2026-09-22T05:47:18.136Z,etcd,0.95,"46.55MiB / 1.922GiB",2.37
2026-09-22T05:47:25.555Z,lorawan-gateway-evidence-fabric-adapter-1,0.00,"12.52MiB / 192MiB",6.52
2026-09-22T05:47:25.555Z,lorawan-gateway-evidence-ingest-1,0.00,"12.28MiB / 192MiB",6.39
2026-09-22T05:47:25.555Z,lorawan-gateway-evidence-collector-1,0.30,"10.89MiB / 192MiB",5.67
2026-09-22T05:47:25.555Z,seaweedfs,13.35,"183.4MiB / 256MiB",71.63
2026-09-22T05:47:25.555Z,seaweedfs-metadata-etcd,14.97,"80.7MiB / 96MiB",84.07
2026-09-22T05:47:25.555Z,openbao,1.39,"34.96MiB / 512MiB",6.83
2026-09-22T05:47:25.555Z,chirpstack,0.36,"58.61MiB / 1.922GiB",2.98
2026-09-22T05:47:25.555Z,spilo,2.68,"338.8MiB / 1.922GiB",17.22
2026-09-22T05:47:25.555Z,etcd,1.37,"46.55MiB / 1.922GiB",2.37
2026-09-22T05:47:32.892Z,lorawan-gateway-evidence-fabric-adapter-1,0.12,"12.52MiB / 192MiB",6.52
2026-09-22T05:47:32.892Z,lorawan-gateway-evidence-ingest-1,0.00,"13.03MiB / 192MiB",6.79
2026-09-22T05:47:32.892Z,lorawan-gateway-evidence-collector-1,0.44,"10.89MiB / 192MiB",5.67
2026-09-22T05:47:32.892Z,seaweedfs,15.21,"183.7MiB / 256MiB",71.76
2026-09-22T05:47:32.892Z,seaweedfs-metadata-etcd,17.53,"80.7MiB / 96MiB",84.06
2026-09-22T05:47:32.892Z,openbao,1.33,"34.96MiB / 512MiB",6.83
2026-09-22T05:47:32.892Z,chirpstack,0.41,"58.61MiB / 1.922GiB",2.98
2026-09-22T05:47:32.892Z,spilo,3.12,"338.8MiB / 1.922GiB",17.22
2026-09-22T05:47:32.892Z,etcd,0.97,"46.55MiB / 1.922GiB",2.37
2026-09-22T05:47:40.221Z,lorawan-gateway-evidence-fabric-adapter-1,1.15,"11.84MiB / 192MiB",6.17
2026-09-22T05:47:40.221Z,lorawan-gateway-evidence-ingest-1,0.00,"13.03MiB / 192MiB",6.79
2026-09-22T05:47:40.221Z,lorawan-gateway-evidence-collector-1,0.32,"11.08MiB / 192MiB",5.77
2026-09-22T05:47:40.221Z,seaweedfs,10.37,"183.4MiB / 256MiB",71.63
2026-09-22T05:47:40.221Z,seaweedfs-metadata-etcd,10.36,"80.7MiB / 96MiB",84.06
2026-09-22T05:47:40.221Z,openbao,1.15,"34.96MiB / 512MiB",6.83
2026-09-22T05:47:40.221Z,chirpstack,0.26,"58.61MiB / 1.922GiB",2.98
2026-09-22T05:47:40.221Z,spilo,8.12,"338.6MiB / 1.922GiB",17.20
2026-09-22T05:47:40.221Z,etcd,0.79,"46.55MiB / 1.922GiB",2.37
2026-09-22T05:47:47.543Z,lorawan-gateway-evidence-fabric-adapter-1,0.00,"11.9MiB / 192MiB",6.20
2026-09-22T05:47:47.543Z,lorawan-gateway-evidence-ingest-1,0.00,"13.03MiB / 192MiB",6.79
2026-09-22T05:47:47.543Z,lorawan-gateway-evidence-collector-1,0.34,"11.25MiB / 192MiB",5.86
2026-09-22T05:47:47.543Z,seaweedfs,10.19,"183.6MiB / 256MiB",71.72
2026-09-22T05:47:47.543Z,seaweedfs-metadata-etcd,10.86,"80.7MiB / 96MiB",84.06
2026-09-22T05:47:47.543Z,openbao,1.36,"34.96MiB / 512MiB",6.83
2026-09-22T05:47:47.543Z,chirpstack,0.23,"58.61MiB / 1.922GiB",2.98
2026-09-22T05:47:47.543Z,spilo,1.79,"338.6MiB / 1.922GiB",17.21
2026-09-22T05:47:47.543Z,etcd,0.95,"46.55MiB / 1.922GiB",2.37
2026-09-22T05:47:54.838Z,lorawan-gateway-evidence-fabric-adapter-1,0.32,"12.31MiB / 192MiB",6.41
2026-09-22T05:47:54.838Z,lorawan-gateway-evidence-ingest-1,0.00,"13.03MiB / 192MiB",6.79
2026-09-22T05:47:54.838Z,lorawan-gateway-evidence-collector-1,0.30,"11.3MiB / 192MiB",5.89
2026-09-22T05:47:54.838Z,seaweedfs,12.97,"183.3MiB / 256MiB",71.62
2026-09-22T05:47:54.838Z,seaweedfs-metadata-etcd,13.83,"80.7MiB / 96MiB",84.06
2026-09-22T05:47:54.838Z,openbao,1.16,"34.96MiB / 512MiB",6.83
2026-09-22T05:47:54.838Z,chirpstack,0.32,"58.61MiB / 1.922GiB",2.98
2026-09-22T05:47:54.838Z,spilo,3.81,"338.8MiB / 1.922GiB",17.22
2026-09-22T05:47:54.838Z,etcd,1.19,"46.55MiB / 1.922GiB",2.37
2026-09-22T05:48:02.236Z,lorawan-gateway-evidence-fabric-adapter-1,0.38,"12.81MiB / 192MiB",6.67
2026-09-22T05:48:02.236Z,lorawan-gateway-evidence-ingest-1,0.00,"13.03MiB / 192MiB",6.79
2026-09-22T05:48:02.236Z,lorawan-gateway-evidence-collector-1,0.71,"11.3MiB / 192MiB",5.89
2026-09-22T05:48:02.236Z,seaweedfs,13.40,"183.3MiB / 256MiB",71.62
2026-09-22T05:48:02.236Z,seaweedfs-metadata-etcd,19.62,"80.7MiB / 96MiB",84.07
2026-09-22T05:48:02.236Z,openbao,2.14,"34.96MiB / 512MiB",6.83
2026-09-22T05:48:02.236Z,chirpstack,0.42,"58.61MiB / 1.922GiB",2.98
2026-09-22T05:48:02.236Z,spilo,6.91,"338.8MiB / 1.922GiB",17.22
2026-09-22T05:48:02.236Z,etcd,1.30,"46.55MiB / 1.922GiB",2.37
2026-09-22T05:48:09.808Z,lorawan-gateway-evidence-fabric-adapter-1,0.00,"12.82MiB / 192MiB",6.68
2026-09-22T05:48:09.808Z,lorawan-gateway-evidence-ingest-1,0.00,"13.03MiB / 192MiB",6.79
2026-09-22T05:48:09.808Z,lorawan-gateway-evidence-collector-1,0.33,"11.3MiB / 192MiB",5.89
2026-09-22T05:48:09.808Z,seaweedfs,8.89,"182.5MiB / 256MiB",71.28
2026-09-22T05:48:09.808Z,seaweedfs-metadata-etcd,10.31,"80.7MiB / 96MiB",84.06
2026-09-22T05:48:09.808Z,openbao,1.43,"34.96MiB / 512MiB",6.83
2026-09-22T05:48:09.808Z,chirpstack,0.28,"58.61MiB / 1.922GiB",2.98
2026-09-22T05:48:09.808Z,spilo,4.39,"338.8MiB / 1.922GiB",17.22
2026-09-22T05:48:09.808Z,etcd,0.84,"46.55MiB / 1.922GiB",2.37
2026-09-22T05:48:17.081Z,lorawan-gateway-evidence-fabric-adapter-1,0.10,"12.97MiB / 192MiB",6.75
2026-09-22T05:48:17.081Z,lorawan-gateway-evidence-ingest-1,0.00,"13.04MiB / 192MiB",6.79
2026-09-22T05:48:17.081Z,lorawan-gateway-evidence-collector-1,0.36,"11.3MiB / 192MiB",5.89
2026-09-22T05:48:17.081Z,seaweedfs,9.13,"188.8MiB / 256MiB",73.73
2026-09-22T05:48:17.081Z,seaweedfs-metadata-etcd,12.43,"80.71MiB / 96MiB",84.07
2026-09-22T05:48:17.081Z,openbao,1.28,"34.96MiB / 512MiB",6.83
2026-09-22T05:48:17.081Z,chirpstack,0.34,"58.61MiB / 1.922GiB",2.98
2026-09-22T05:48:17.081Z,spilo,4.36,"338.9MiB / 1.922GiB",17.22
2026-09-22T05:48:17.081Z,etcd,0.89,"46.55MiB / 1.922GiB",2.37
2026-09-22T05:48:24.634Z,lorawan-gateway-evidence-fabric-adapter-1,0.78,"12.97MiB / 192MiB",6.76
2026-09-22T05:48:24.634Z,lorawan-gateway-evidence-ingest-1,0.00,"13.04MiB / 192MiB",6.79
2026-09-22T05:48:24.634Z,lorawan-gateway-evidence-collector-1,0.29,"11.32MiB / 192MiB",5.90
2026-09-22T05:48:24.634Z,seaweedfs,9.17,"183.7MiB / 256MiB",71.75
2026-09-22T05:48:24.634Z,seaweedfs-metadata-etcd,12.81,"80.7MiB / 96MiB",84.06
2026-09-22T05:48:24.634Z,openbao,1.08,"34.96MiB / 512MiB",6.83
2026-09-22T05:48:24.634Z,chirpstack,0.33,"58.61MiB / 1.922GiB",2.98
2026-09-22T05:48:24.634Z,spilo,5.31,"338.9MiB / 1.922GiB",17.22
2026-09-22T05:48:24.634Z,etcd,0.82,"46.55MiB / 1.922GiB",2.37
2026-09-22T05:48:31.944Z,lorawan-gateway-evidence-fabric-adapter-1,0.00,"12.98MiB / 192MiB",6.76
2026-09-22T05:48:31.944Z,lorawan-gateway-evidence-ingest-1,0.00,"13.03MiB / 192MiB",6.79
2026-09-22T05:48:31.944Z,lorawan-gateway-evidence-collector-1,0.26,"11.32MiB / 192MiB",5.90
2026-09-22T05:48:31.944Z,seaweedfs,7.59,"183.1MiB / 256MiB",71.52
2026-09-22T05:48:31.944Z,seaweedfs-metadata-etcd,11.77,"80.7MiB / 96MiB",84.07
2026-09-22T05:48:31.944Z,openbao,1.49,"34.96MiB / 512MiB",6.83
2026-09-22T05:48:31.944Z,chirpstack,0.27,"58.61MiB / 1.922GiB",2.98
2026-09-22T05:48:31.944Z,spilo,3.38,"338.9MiB / 1.922GiB",17.22
2026-09-22T05:48:31.944Z,etcd,0.79,"46.55MiB / 1.922GiB",2.37
2026-09-22T05:48:39.227Z,lorawan-gateway-evidence-fabric-adapter-1,0.00,"12.98MiB / 192MiB",6.76
2026-09-22T05:48:39.227Z,lorawan-gateway-evidence-ingest-1,0.00,"13.03MiB / 192MiB",6.79
2026-09-22T05:48:39.227Z,lorawan-gateway-evidence-collector-1,0.31,"11.33MiB / 192MiB",5.90
2026-09-22T05:48:39.227Z,seaweedfs,6.10,"183.4MiB / 256MiB",71.66
2026-09-22T05:48:39.227Z,seaweedfs-metadata-etcd,10.12,"80.7MiB / 96MiB",84.06
2026-09-22T05:48:39.227Z,openbao,1.29,"34.96MiB / 512MiB",6.83
2026-09-22T05:48:39.227Z,chirpstack,0.29,"58.61MiB / 1.922GiB",2.98
2026-09-22T05:48:39.227Z,spilo,2.93,"338.9MiB / 1.922GiB",17.22
2026-09-22T05:48:39.227Z,etcd,1.15,"46.55MiB / 1.922GiB",2.37
2026-09-22T05:48:46.498Z,lorawan-gateway-evidence-fabric-adapter-1,0.35,"13.03MiB / 192MiB",6.79
2026-09-22T05:48:46.498Z,lorawan-gateway-evidence-ingest-1,0.00,"13.03MiB / 192MiB",6.79
2026-09-22T05:48:46.498Z,lorawan-gateway-evidence-collector-1,0.38,"11.33MiB / 192MiB",5.90
2026-09-22T05:48:46.498Z,seaweedfs,9.95,"183.2MiB / 256MiB",71.57
2026-09-22T05:48:46.498Z,seaweedfs-metadata-etcd,19.78,"80.7MiB / 96MiB",84.07
2026-09-22T05:48:46.498Z,openbao,2.42,"34.96MiB / 512MiB",6.83
2026-09-22T05:48:46.498Z,chirpstack,0.45,"58.61MiB / 1.922GiB",2.98
2026-09-22T05:48:46.498Z,spilo,6.02,"338.9MiB / 1.922GiB",17.22
2026-09-22T05:48:46.498Z,etcd,1.29,"46.55MiB / 1.922GiB",2.37
2026-09-22T05:48:53.829Z,lorawan-gateway-evidence-fabric-adapter-1,0.00,"13.03MiB / 192MiB",6.79
2026-09-22T05:48:53.829Z,lorawan-gateway-evidence-ingest-1,0.00,"13.03MiB / 192MiB",6.79
2026-09-22T05:48:53.829Z,lorawan-gateway-evidence-collector-1,0.28,"11.33MiB / 192MiB",5.90
2026-09-22T05:48:53.829Z,seaweedfs,12.73,"183.4MiB / 256MiB",71.63
2026-09-22T05:48:53.829Z,seaweedfs-metadata-etcd,13.82,"80.71MiB / 96MiB",84.07
2026-09-22T05:48:53.829Z,openbao,1.29,"34.96MiB / 512MiB",6.83
2026-09-22T05:48:53.829Z,chirpstack,0.28,"58.61MiB / 1.922GiB",2.98
2026-09-22T05:48:53.829Z,spilo,1.85,"338.9MiB / 1.922GiB",17.22
2026-09-22T05:48:53.829Z,etcd,0.72,"46.55MiB / 1.922GiB",2.37
2026-09-22T05:49:01.174Z,lorawan-gateway-evidence-fabric-adapter-1,0.00,"13.03MiB / 192MiB",6.79
2026-09-22T05:49:01.174Z,lorawan-gateway-evidence-ingest-1,0.00,"13.03MiB / 192MiB",6.79
2026-09-22T05:49:01.174Z,lorawan-gateway-evidence-collector-1,0.64,"11.33MiB / 192MiB",5.90
2026-09-22T05:49:01.174Z,seaweedfs,15.44,"183.4MiB / 256MiB",71.63
2026-09-22T05:49:01.174Z,seaweedfs-metadata-etcd,21.67,"80.7MiB / 96MiB",84.07
2026-09-22T05:49:01.174Z,openbao,2.11,"34.96MiB / 512MiB",6.83
2026-09-22T05:49:01.174Z,chirpstack,1.21,"58.61MiB / 1.922GiB",2.98
2026-09-22T05:49:01.174Z,spilo,6.30,"338.9MiB / 1.922GiB",17.22
2026-09-22T05:49:01.174Z,etcd,1.18,"46.55MiB / 1.922GiB",2.37
2026-09-22T05:49:08.624Z,lorawan-gateway-evidence-fabric-adapter-1,0.09,"13.03MiB / 192MiB",6.79
2026-09-22T05:49:08.624Z,lorawan-gateway-evidence-ingest-1,0.00,"13.03MiB / 192MiB",6.79
2026-09-22T05:49:08.624Z,lorawan-gateway-evidence-collector-1,0.31,"11.33MiB / 192MiB",5.90
2026-09-22T05:49:08.624Z,seaweedfs,11.36,"182.5MiB / 256MiB",71.29
2026-09-22T05:49:08.624Z,seaweedfs-metadata-etcd,13.07,"80.7MiB / 96MiB",84.07
2026-09-22T05:49:08.624Z,openbao,3.09,"34.96MiB / 512MiB",6.83
2026-09-22T05:49:08.624Z,chirpstack,0.43,"58.61MiB / 1.922GiB",2.98
2026-09-22T05:49:08.624Z,spilo,3.21,"338.6MiB / 1.922GiB",17.21
2026-09-22T05:49:08.624Z,etcd,0.75,"46.55MiB / 1.922GiB",2.37
2026-09-22T05:49:15.995Z,lorawan-gateway-evidence-fabric-adapter-1,0.07,"13.04MiB / 192MiB",6.79
2026-09-22T05:49:15.995Z,lorawan-gateway-evidence-ingest-1,0.00,"13.03MiB / 192MiB",6.79
2026-09-22T05:49:15.995Z,lorawan-gateway-evidence-collector-1,0.36,"11.33MiB / 192MiB",5.90
2026-09-22T05:49:15.995Z,seaweedfs,9.98,"182.5MiB / 256MiB",71.28
2026-09-22T05:49:15.995Z,seaweedfs-metadata-etcd,16.06,"80.7MiB / 96MiB",84.06
2026-09-22T05:49:15.995Z,openbao,1.27,"34.96MiB / 512MiB",6.83
2026-09-22T05:49:15.995Z,chirpstack,0.30,"58.61MiB / 1.922GiB",2.98
2026-09-22T05:49:15.995Z,spilo,5.28,"338.9MiB / 1.922GiB",17.22
2026-09-22T05:49:15.995Z,etcd,1.43,"46.55MiB / 1.922GiB",2.37
2026-09-22T05:49:23.319Z,lorawan-gateway-evidence-fabric-adapter-1,0.00,"13.04MiB / 192MiB",6.79
2026-09-22T05:49:23.319Z,lorawan-gateway-evidence-ingest-1,0.00,"13.03MiB / 192MiB",6.79
2026-09-22T05:49:23.319Z,lorawan-gateway-evidence-collector-1,0.34,"11.33MiB / 192MiB",5.90
2026-09-22T05:49:23.319Z,seaweedfs,0.94,"182.7MiB / 256MiB",71.37
2026-09-22T05:49:23.319Z,seaweedfs-metadata-etcd,1.82,"80.7MiB / 96MiB",84.06
2026-09-22T05:49:23.319Z,openbao,1.33,"34.96MiB / 512MiB",6.83
2026-09-22T05:49:23.319Z,chirpstack,0.37,"58.61MiB / 1.922GiB",2.98
2026-09-22T05:49:23.319Z,spilo,2.93,"338.9MiB / 1.922GiB",17.22
2026-09-22T05:49:23.319Z,etcd,1.70,"46.55MiB / 1.922GiB",2.37
2026-09-22T05:49:30.550Z,lorawan-gateway-evidence-fabric-adapter-1,0.12,"13.04MiB / 192MiB",6.79
2026-09-22T05:49:30.550Z,lorawan-gateway-evidence-ingest-1,0.00,"13.03MiB / 192MiB",6.79
2026-09-22T05:49:30.550Z,lorawan-gateway-evidence-collector-1,0.38,"11.33MiB / 192MiB",5.90
2026-09-22T05:49:30.550Z,seaweedfs,0.82,"182.3MiB / 256MiB",71.21
2026-09-22T05:49:30.550Z,seaweedfs-metadata-etcd,1.50,"80.7MiB / 96MiB",84.06
2026-09-22T05:49:30.550Z,openbao,1.83,"34.96MiB / 512MiB",6.83
2026-09-22T05:49:30.550Z,chirpstack,0.38,"58.61MiB / 1.922GiB",2.98
2026-09-22T05:49:30.550Z,spilo,4.78,"338.9MiB / 1.922GiB",17.22
2026-09-22T05:49:30.550Z,etcd,1.14,"46.55MiB / 1.922GiB",2.37
2026-09-22T05:49:37.765Z,lorawan-gateway-evidence-fabric-adapter-1,0.00,"13.04MiB / 192MiB",6.79
2026-09-22T05:49:37.765Z,lorawan-gateway-evidence-ingest-1,0.00,"13.03MiB / 192MiB",6.79
2026-09-22T05:49:37.765Z,lorawan-gateway-evidence-collector-1,0.35,"11.33MiB / 192MiB",5.90
2026-09-22T05:49:37.765Z,seaweedfs,2.23,"182.3MiB / 256MiB",71.21
2026-09-22T05:49:37.765Z,seaweedfs-metadata-etcd,2.83,"80.7MiB / 96MiB",84.06
2026-09-22T05:49:37.765Z,openbao,1.56,"34.96MiB / 512MiB",6.83
2026-09-22T05:49:37.765Z,chirpstack,0.28,"58.61MiB / 1.922GiB",2.98
2026-09-22T05:49:37.765Z,spilo,5.74,"338.8MiB / 1.922GiB",17.22
2026-09-22T05:49:37.765Z,etcd,1.08,"46.55MiB / 1.922GiB",2.37
2026-09-22T05:49:45.027Z,lorawan-gateway-evidence-fabric-adapter-1,0.09,"13.04MiB / 192MiB",6.79
2026-09-22T05:49:45.027Z,lorawan-gateway-evidence-ingest-1,0.00,"13.03MiB / 192MiB",6.79
2026-09-22T05:49:45.027Z,lorawan-gateway-evidence-collector-1,0.30,"10.89MiB / 192MiB",5.67
2026-09-22T05:49:45.027Z,seaweedfs,7.69,"182.3MiB / 256MiB",71.21
2026-09-22T05:49:45.027Z,seaweedfs-metadata-etcd,12.63,"80.7MiB / 96MiB",84.06
2026-09-22T05:49:45.027Z,openbao,1.79,"34.96MiB / 512MiB",6.83
2026-09-22T05:49:45.027Z,chirpstack,0.44,"58.61MiB / 1.922GiB",2.98
2026-09-22T05:49:45.027Z,spilo,5.13,"338.8MiB / 1.922GiB",17.22
2026-09-22T05:49:45.027Z,etcd,0.93,"46.55MiB / 1.922GiB",2.37
2026-09-22T05:49:52.355Z,lorawan-gateway-evidence-fabric-adapter-1,0.09,"13.05MiB / 192MiB",6.80
2026-09-22T05:49:52.355Z,lorawan-gateway-evidence-ingest-1,0.00,"13.03MiB / 192MiB",6.79
2026-09-22T05:49:52.355Z,lorawan-gateway-evidence-collector-1,0.29,"10.89MiB / 192MiB",5.67
2026-09-22T05:49:52.355Z,seaweedfs,9.11,"182.9MiB / 256MiB",71.44
2026-09-22T05:49:52.355Z,seaweedfs-metadata-etcd,14.45,"80.7MiB / 96MiB",84.06
2026-09-22T05:49:52.355Z,openbao,1.30,"34.96MiB / 512MiB",6.83
2026-09-22T05:49:52.355Z,chirpstack,0.32,"58.61MiB / 1.922GiB",2.98
2026-09-22T05:49:52.355Z,spilo,5.21,"337.8MiB / 1.922GiB",17.17
2026-09-22T05:49:52.355Z,etcd,0.82,"46.55MiB / 1.922GiB",2.37
2026-09-22T05:49:59.633Z,lorawan-gateway-evidence-fabric-adapter-1,0.08,"13.05MiB / 192MiB",6.80
2026-09-22T05:49:59.633Z,lorawan-gateway-evidence-ingest-1,0.00,"13.03MiB / 192MiB",6.79
2026-09-22T05:49:59.633Z,lorawan-gateway-evidence-collector-1,0.61,"10.89MiB / 192MiB",5.67
2026-09-22T05:49:59.633Z,seaweedfs,1.91,"190MiB / 256MiB",74.21
2026-09-22T05:49:59.633Z,seaweedfs-metadata-etcd,10.07,"80.73MiB / 96MiB",84.10
2026-09-22T05:49:59.633Z,openbao,3.10,"34.96MiB / 512MiB",6.83
2026-09-22T05:49:59.633Z,chirpstack,0.29,"58.77MiB / 1.922GiB",2.99
2026-09-22T05:49:59.633Z,spilo,18.38,"341.3MiB / 1.922GiB",17.34
2026-09-22T05:49:59.633Z,etcd,1.20,"46.55MiB / 1.922GiB",2.37
2026-09-22T05:50:07.351Z,lorawan-gateway-evidence-fabric-adapter-1,0.00,"13.05MiB / 192MiB",6.80
2026-09-22T05:50:07.351Z,lorawan-gateway-evidence-ingest-1,0.00,"13.03MiB / 192MiB",6.79
2026-09-22T05:50:07.351Z,lorawan-gateway-evidence-collector-1,1.01,"10.89MiB / 192MiB",5.67
2026-09-22T05:50:07.351Z,seaweedfs,10.61,"190MiB / 256MiB",74.22
2026-09-22T05:50:07.351Z,seaweedfs-metadata-etcd,22.42,"80.74MiB / 96MiB",84.11
2026-09-22T05:50:07.351Z,openbao,3.06,"34.96MiB / 512MiB",6.83
2026-09-22T05:50:07.351Z,chirpstack,0.90,"58.77MiB / 1.922GiB",2.99
2026-09-22T05:50:07.351Z,spilo,4.63,"341.4MiB / 1.922GiB",17.35
2026-09-22T05:50:07.351Z,etcd,3.55,"46.55MiB / 1.922GiB",2.37
2026-09-22T05:50:14.857Z,lorawan-gateway-evidence-fabric-adapter-1,0.10,"13.04MiB / 192MiB",6.79
2026-09-22T05:50:14.857Z,lorawan-gateway-evidence-ingest-1,0.00,"13.03MiB / 192MiB",6.79
2026-09-22T05:50:14.857Z,lorawan-gateway-evidence-collector-1,0.37,"11.02MiB / 192MiB",5.74
2026-09-22T05:50:14.857Z,seaweedfs,10.34,"185.7MiB / 256MiB",72.54
2026-09-22T05:50:14.857Z,seaweedfs-metadata-etcd,14.79,"80.75MiB / 96MiB",84.11
2026-09-22T05:50:14.857Z,openbao,1.40,"34.96MiB / 512MiB",6.83
2026-09-22T05:50:14.857Z,chirpstack,0.50,"58.62MiB / 1.922GiB",2.98
2026-09-22T05:50:14.857Z,spilo,4.07,"342.1MiB / 1.922GiB",17.38
2026-09-22T05:50:14.857Z,etcd,1.46,"46.55MiB / 1.922GiB",2.37
2026-09-22T05:50:22.289Z,lorawan-gateway-evidence-fabric-adapter-1,0.11,"13.04MiB / 192MiB",6.79
2026-09-22T05:50:22.289Z,lorawan-gateway-evidence-ingest-1,0.00,"13.03MiB / 192MiB",6.79
2026-09-22T05:50:22.289Z,lorawan-gateway-evidence-collector-1,0.32,"11.04MiB / 192MiB",5.75
2026-09-22T05:50:22.289Z,seaweedfs,8.54,"180.5MiB / 256MiB",70.52
2026-09-22T05:50:22.289Z,seaweedfs-metadata-etcd,13.66,"80.74MiB / 96MiB",84.11
2026-09-22T05:50:22.289Z,openbao,1.26,"34.96MiB / 512MiB",6.83
2026-09-22T05:50:22.289Z,chirpstack,0.41,"58.62MiB / 1.922GiB",2.98
2026-09-22T05:50:22.289Z,spilo,8.34,"342.2MiB / 1.922GiB",17.39
2026-09-22T05:50:22.289Z,etcd,1.12,"46.55MiB / 1.922GiB",2.37
2026-09-22T05:50:29.692Z,lorawan-gateway-evidence-fabric-adapter-1,0.00,"13.04MiB / 192MiB",6.79
2026-09-22T05:50:29.692Z,lorawan-gateway-evidence-ingest-1,0.00,"13.03MiB / 192MiB",6.79
2026-09-22T05:50:29.692Z,lorawan-gateway-evidence-collector-1,0.38,"11.04MiB / 192MiB",5.75
2026-09-22T05:50:29.692Z,seaweedfs,9.78,"181.1MiB / 256MiB",70.73
2026-09-22T05:50:29.692Z,seaweedfs-metadata-etcd,13.69,"80.75MiB / 96MiB",84.11
2026-09-22T05:50:29.692Z,openbao,1.32,"34.96MiB / 512MiB",6.83
2026-09-22T05:50:29.692Z,chirpstack,0.28,"58.62MiB / 1.922GiB",2.98
2026-09-22T05:50:29.692Z,spilo,2.41,"342.3MiB / 1.922GiB",17.39
2026-09-22T05:50:29.692Z,etcd,1.07,"46.55MiB / 1.922GiB",2.37
2026-09-22T05:50:36.956Z,lorawan-gateway-evidence-fabric-adapter-1,0.09,"13.05MiB / 192MiB",6.80
2026-09-22T05:50:36.956Z,lorawan-gateway-evidence-ingest-1,0.00,"13.03MiB / 192MiB",6.79
2026-09-22T05:50:36.956Z,lorawan-gateway-evidence-collector-1,0.32,"11.04MiB / 192MiB",5.75
2026-09-22T05:50:36.956Z,seaweedfs,7.65,"179MiB / 256MiB",69.92
2026-09-22T05:50:36.956Z,seaweedfs-metadata-etcd,10.95,"80.74MiB / 96MiB",84.11
2026-09-22T05:50:36.956Z,openbao,1.77,"34.96MiB / 512MiB",6.83
2026-09-22T05:50:36.956Z,chirpstack,0.38,"58.62MiB / 1.922GiB",2.98
2026-09-22T05:50:36.956Z,spilo,3.14,"342.3MiB / 1.922GiB",17.39
2026-09-22T05:50:36.956Z,etcd,0.88,"46.55MiB / 1.922GiB",2.37
2026-09-22T05:50:44.231Z,lorawan-gateway-evidence-fabric-adapter-1,0.09,"13.05MiB / 192MiB",6.80
2026-09-22T05:50:44.231Z,lorawan-gateway-evidence-ingest-1,0.00,"12.29MiB / 192MiB",6.40
2026-09-22T05:50:44.231Z,lorawan-gateway-evidence-collector-1,0.30,"11.04MiB / 192MiB",5.75
2026-09-22T05:50:44.231Z,seaweedfs,5.83,"183.3MiB / 256MiB",71.59
2026-09-22T05:50:44.231Z,seaweedfs-metadata-etcd,9.79,"80.74MiB / 96MiB",84.10
2026-09-22T05:50:44.231Z,openbao,1.27,"34.96MiB / 512MiB",6.83
2026-09-22T05:50:44.231Z,chirpstack,0.37,"58.62MiB / 1.922GiB",2.98
2026-09-22T05:50:44.231Z,spilo,6.28,"342.3MiB / 1.922GiB",17.39
2026-09-22T05:50:44.231Z,etcd,0.81,"46.55MiB / 1.922GiB",2.37
2026-09-22T05:50:51.520Z,lorawan-gateway-evidence-fabric-adapter-1,0.00,"13.08MiB / 192MiB",6.81
2026-09-22T05:50:51.520Z,lorawan-gateway-evidence-ingest-1,0.00,"12.29MiB / 192MiB",6.40
2026-09-22T05:50:51.520Z,lorawan-gateway-evidence-collector-1,0.35,"11.04MiB / 192MiB",5.75
2026-09-22T05:50:51.520Z,seaweedfs,10.61,"183.3MiB / 256MiB",71.59
2026-09-22T05:50:51.520Z,seaweedfs-metadata-etcd,15.27,"80.75MiB / 96MiB",84.11
2026-09-22T05:50:51.520Z,openbao,1.64,"34.96MiB / 512MiB",6.83
2026-09-22T05:50:51.520Z,chirpstack,0.35,"58.62MiB / 1.922GiB",2.98
2026-09-22T05:50:51.520Z,spilo,5.39,"342.4MiB / 1.922GiB",17.40
2026-09-22T05:50:51.520Z,etcd,0.98,"46.63MiB / 1.922GiB",2.37
2026-09-22T05:50:58.824Z,lorawan-gateway-evidence-fabric-adapter-1,0.16,"13.08MiB / 192MiB",6.81
2026-09-22T05:50:58.824Z,lorawan-gateway-evidence-ingest-1,0.00,"12.29MiB / 192MiB",6.40
2026-09-22T05:50:58.824Z,lorawan-gateway-evidence-collector-1,0.39,"11.04MiB / 192MiB",5.75
2026-09-22T05:50:58.824Z,seaweedfs,10.66,"183.6MiB / 256MiB",71.72
2026-09-22T05:50:58.824Z,seaweedfs-metadata-etcd,14.79,"80.74MiB / 96MiB",84.11
2026-09-22T05:50:58.824Z,openbao,1.65,"34.96MiB / 512MiB",6.83
2026-09-22T05:50:58.824Z,chirpstack,0.38,"58.62MiB / 1.922GiB",2.98
2026-09-22T05:50:58.824Z,spilo,3.42,"342.4MiB / 1.922GiB",17.40
2026-09-22T05:50:58.824Z,etcd,1.20,"46.74MiB / 1.922GiB",2.37
2026-09-22T05:51:06.107Z,lorawan-gateway-evidence-fabric-adapter-1,0.09,"13.08MiB / 192MiB",6.81
2026-09-22T05:51:06.107Z,lorawan-gateway-evidence-ingest-1,0.00,"12.29MiB / 192MiB",6.40
2026-09-22T05:51:06.107Z,lorawan-gateway-evidence-collector-1,0.33,"11.04MiB / 192MiB",5.75
2026-09-22T05:51:06.107Z,seaweedfs,11.25,"183MiB / 256MiB",71.50
2026-09-22T05:51:06.107Z,seaweedfs-metadata-etcd,14.66,"80.75MiB / 96MiB",84.11
2026-09-22T05:51:06.107Z,openbao,1.46,"34.96MiB / 512MiB",6.83
2026-09-22T05:51:06.107Z,chirpstack,0.26,"58.62MiB / 1.922GiB",2.98
2026-09-22T05:51:06.107Z,spilo,1.97,"342.4MiB / 1.922GiB",17.40
2026-09-22T05:51:06.107Z,etcd,1.71,"46.88MiB / 1.922GiB",2.38
2026-09-22T05:51:13.475Z,lorawan-gateway-evidence-fabric-adapter-1,0.00,"13.08MiB / 192MiB",6.81
2026-09-22T05:51:13.475Z,lorawan-gateway-evidence-ingest-1,0.00,"12.29MiB / 192MiB",6.40
2026-09-22T05:51:13.475Z,lorawan-gateway-evidence-collector-1,0.38,"11.04MiB / 192MiB",5.75
2026-09-22T05:51:13.475Z,seaweedfs,11.16,"186.2MiB / 256MiB",72.75
2026-09-22T05:51:13.475Z,seaweedfs-metadata-etcd,15.81,"80.75MiB / 96MiB",84.11
2026-09-22T05:51:13.475Z,openbao,1.60,"34.96MiB / 512MiB",6.83
2026-09-22T05:51:13.475Z,chirpstack,0.35,"58.62MiB / 1.922GiB",2.98
2026-09-22T05:51:13.475Z,spilo,3.50,"342.4MiB / 1.922GiB",17.40
2026-09-22T05:51:13.475Z,etcd,0.94,"46.9MiB / 1.922GiB",2.38
2026-09-22T05:51:20.872Z,lorawan-gateway-evidence-fabric-adapter-1,0.10,"13.08MiB / 192MiB",6.81
2026-09-22T05:51:20.872Z,lorawan-gateway-evidence-ingest-1,0.00,"12.29MiB / 192MiB",6.40
2026-09-22T05:51:20.872Z,lorawan-gateway-evidence-collector-1,0.38,"11.04MiB / 192MiB",5.75
2026-09-22T05:51:20.872Z,seaweedfs,4.95,"183.2MiB / 256MiB",71.57
2026-09-22T05:51:20.872Z,seaweedfs-metadata-etcd,3.47,"80.74MiB / 96MiB",84.10
2026-09-22T05:51:20.872Z,openbao,1.63,"34.96MiB / 512MiB",6.83
2026-09-22T05:51:20.872Z,chirpstack,0.37,"58.62MiB / 1.922GiB",2.98
2026-09-22T05:51:20.872Z,spilo,4.52,"342.2MiB / 1.922GiB",17.39
2026-09-22T05:51:20.872Z,etcd,1.03,"46.92MiB / 1.922GiB",2.38
2026-09-22T05:51:28.287Z,lorawan-gateway-evidence-fabric-adapter-1,0.10,"13.08MiB / 192MiB",6.81
2026-09-22T05:51:28.287Z,lorawan-gateway-evidence-ingest-1,0.00,"12.29MiB / 192MiB",6.40
2026-09-22T05:51:28.287Z,lorawan-gateway-evidence-collector-1,0.31,"11.04MiB / 192MiB",5.75
2026-09-22T05:51:28.287Z,seaweedfs,7.78,"183.4MiB / 256MiB",71.62
2026-09-22T05:51:28.287Z,seaweedfs-metadata-etcd,13.51,"80.75MiB / 96MiB",84.11
2026-09-22T05:51:28.287Z,openbao,1.70,"34.96MiB / 512MiB",6.83
2026-09-22T05:51:28.287Z,chirpstack,0.26,"58.62MiB / 1.922GiB",2.98
2026-09-22T05:51:28.287Z,spilo,6.20,"342.2MiB / 1.922GiB",17.39
2026-09-22T05:51:28.287Z,etcd,0.63,"46.94MiB / 1.922GiB",2.39
2026-09-22T05:51:35.635Z,lorawan-gateway-evidence-fabric-adapter-1,0.00,"13.08MiB / 192MiB",6.81
2026-09-22T05:51:35.635Z,lorawan-gateway-evidence-ingest-1,0.00,"12.29MiB / 192MiB",6.40
2026-09-22T05:51:35.635Z,lorawan-gateway-evidence-collector-1,0.32,"11.04MiB / 192MiB",5.75
2026-09-22T05:51:35.635Z,seaweedfs,9.14,"183.2MiB / 256MiB",71.57
2026-09-22T05:51:35.635Z,seaweedfs-metadata-etcd,14.53,"80.75MiB / 96MiB",84.11
2026-09-22T05:51:35.635Z,openbao,1.46,"34.96MiB / 512MiB",6.83
2026-09-22T05:51:35.635Z,chirpstack,0.49,"58.62MiB / 1.922GiB",2.98
2026-09-22T05:51:35.635Z,spilo,6.02,"342.2MiB / 1.922GiB",17.39
2026-09-22T05:51:35.635Z,etcd,1.35,"46.95MiB / 1.922GiB",2.39
2026-09-22T05:51:43.059Z,lorawan-gateway-evidence-fabric-adapter-1,0.00,"13.08MiB / 192MiB",6.81
2026-09-22T05:51:43.059Z,lorawan-gateway-evidence-ingest-1,0.02,"12.29MiB / 192MiB",6.40
2026-09-22T05:51:43.059Z,lorawan-gateway-evidence-collector-1,0.33,"11.04MiB / 192MiB",5.75
2026-09-22T05:51:43.059Z,seaweedfs,10.58,"183.5MiB / 256MiB",71.66
2026-09-22T05:51:43.059Z,seaweedfs-metadata-etcd,15.86,"80.74MiB / 96MiB",84.11
2026-09-22T05:51:43.059Z,openbao,3.53,"34.96MiB / 512MiB",6.83
2026-09-22T05:51:43.059Z,chirpstack,0.39,"58.62MiB / 1.922GiB",2.98
2026-09-22T05:51:43.059Z,spilo,3.04,"342.2MiB / 1.922GiB",17.39
2026-09-22T05:51:43.059Z,etcd,1.29,"46.95MiB / 1.922GiB",2.39
2026-09-22T05:51:50.399Z,lorawan-gateway-evidence-fabric-adapter-1,0.08,"13.08MiB / 192MiB",6.81
2026-09-22T05:51:50.399Z,lorawan-gateway-evidence-ingest-1,0.00,"12.29MiB / 192MiB",6.40
2026-09-22T05:51:50.399Z,lorawan-gateway-evidence-collector-1,0.34,"11.04MiB / 192MiB",5.75
2026-09-22T05:51:50.399Z,seaweedfs,11.20,"183.3MiB / 256MiB",71.59
2026-09-22T05:51:50.399Z,seaweedfs-metadata-etcd,15.33,"80.74MiB / 96MiB",84.11
2026-09-22T05:51:50.399Z,openbao,1.76,"34.96MiB / 512MiB",6.83
2026-09-22T05:51:50.399Z,chirpstack,2.63,"58.62MiB / 1.922GiB",2.98
2026-09-22T05:51:50.399Z,spilo,4.27,"342.2MiB / 1.922GiB",17.39
2026-09-22T05:51:50.399Z,etcd,0.81,"46.95MiB / 1.922GiB",2.39
2026-09-22T05:51:57.755Z,lorawan-gateway-evidence-fabric-adapter-1,0.00,"13.08MiB / 192MiB",6.81
2026-09-22T05:51:57.755Z,lorawan-gateway-evidence-ingest-1,0.00,"12.29MiB / 192MiB",6.40
2026-09-22T05:51:57.755Z,lorawan-gateway-evidence-collector-1,0.30,"11.04MiB / 192MiB",5.75
2026-09-22T05:51:57.755Z,seaweedfs,7.39,"183.5MiB / 256MiB",71.66
2026-09-22T05:51:57.755Z,seaweedfs-metadata-etcd,12.19,"80.74MiB / 96MiB",84.11
2026-09-22T05:51:57.755Z,openbao,1.65,"34.96MiB / 512MiB",6.83
2026-09-22T05:51:57.755Z,chirpstack,0.29,"58.62MiB / 1.922GiB",2.98
2026-09-22T05:51:57.755Z,spilo,4.79,"342.2MiB / 1.922GiB",17.39
2026-09-22T05:51:57.755Z,etcd,0.84,"46.95MiB / 1.922GiB",2.39
2026-09-22T05:52:05.140Z,lorawan-gateway-evidence-fabric-adapter-1,0.00,"13.08MiB / 192MiB",6.81
2026-09-22T05:52:05.140Z,lorawan-gateway-evidence-ingest-1,0.00,"12.29MiB / 192MiB",6.40
2026-09-22T05:52:05.140Z,lorawan-gateway-evidence-collector-1,0.96,"11.04MiB / 192MiB",5.75
2026-09-22T05:52:05.140Z,seaweedfs,10.49,"183.2MiB / 256MiB",71.57
2026-09-22T05:52:05.140Z,seaweedfs-metadata-etcd,14.29,"80.74MiB / 96MiB",84.11
2026-09-22T05:52:05.140Z,openbao,2.16,"34.97MiB / 512MiB",6.83
2026-09-22T05:52:05.140Z,chirpstack,0.68,"58.62MiB / 1.922GiB",2.98
2026-09-22T05:52:05.140Z,spilo,8.01,"342.2MiB / 1.922GiB",17.39
2026-09-22T05:52:05.140Z,etcd,1.73,"46.95MiB / 1.922GiB",2.39
2026-09-22T05:52:12.618Z,lorawan-gateway-evidence-fabric-adapter-1,0.08,"13.08MiB / 192MiB",6.81
2026-09-22T05:52:12.618Z,lorawan-gateway-evidence-ingest-1,0.02,"12.29MiB / 192MiB",6.40
2026-09-22T05:52:12.618Z,lorawan-gateway-evidence-collector-1,0.41,"11.04MiB / 192MiB",5.75
2026-09-22T05:52:12.618Z,seaweedfs,14.22,"186.4MiB / 256MiB",72.80
2026-09-22T05:52:12.618Z,seaweedfs-metadata-etcd,19.16,"80.75MiB / 96MiB",84.11
2026-09-22T05:52:12.618Z,openbao,1.49,"34.97MiB / 512MiB",6.83
2026-09-22T05:52:12.618Z,chirpstack,0.36,"58.62MiB / 1.922GiB",2.98
2026-09-22T05:52:12.618Z,spilo,2.10,"342.2MiB / 1.922GiB",17.39
2026-09-22T05:52:12.618Z,etcd,0.98,"46.95MiB / 1.922GiB",2.39
2026-09-22T05:52:19.981Z,lorawan-gateway-evidence-fabric-adapter-1,0.11,"13.08MiB / 192MiB",6.81
2026-09-22T05:52:19.981Z,lorawan-gateway-evidence-ingest-1,0.00,"12.29MiB / 192MiB",6.40
2026-09-22T05:52:19.981Z,lorawan-gateway-evidence-collector-1,0.37,"11.04MiB / 192MiB",5.75
2026-09-22T05:52:19.981Z,seaweedfs,10.64,"183.2MiB / 256MiB",71.57
2026-09-22T05:52:19.981Z,seaweedfs-metadata-etcd,15.19,"80.74MiB / 96MiB",84.11
2026-09-22T05:52:19.981Z,openbao,1.25,"34.97MiB / 512MiB",6.83
2026-09-22T05:52:19.981Z,chirpstack,0.30,"58.62MiB / 1.922GiB",2.98
2026-09-22T05:52:19.981Z,spilo,2.93,"342.2MiB / 1.922GiB",17.39
2026-09-22T05:52:19.981Z,etcd,0.85,"46.95MiB / 1.922GiB",2.39
2026-09-22T05:52:27.389Z,lorawan-gateway-evidence-fabric-adapter-1,0.00,"13.08MiB / 192MiB",6.81
2026-09-22T05:52:27.389Z,lorawan-gateway-evidence-ingest-1,0.00,"12.29MiB / 192MiB",6.40
2026-09-22T05:52:27.389Z,lorawan-gateway-evidence-collector-1,0.32,"11.04MiB / 192MiB",5.75
2026-09-22T05:52:27.389Z,seaweedfs,10.77,"183.2MiB / 256MiB",71.55
2026-09-22T05:52:27.389Z,seaweedfs-metadata-etcd,16.33,"80.75MiB / 96MiB",84.11
2026-09-22T05:52:27.389Z,openbao,1.59,"34.97MiB / 512MiB",6.83
2026-09-22T05:52:27.389Z,chirpstack,0.51,"58.62MiB / 1.922GiB",2.98
2026-09-22T05:52:27.389Z,spilo,5.06,"340.8MiB / 1.922GiB",17.32
2026-09-22T05:52:27.389Z,etcd,1.11,"46.95MiB / 1.922GiB",2.39
2026-09-22T05:52:34.685Z,lorawan-gateway-evidence-fabric-adapter-1,0.11,"13.08MiB / 192MiB",6.81
2026-09-22T05:52:34.685Z,lorawan-gateway-evidence-ingest-1,0.00,"12.29MiB / 192MiB",6.40
2026-09-22T05:52:34.685Z,lorawan-gateway-evidence-collector-1,0.37,"11.04MiB / 192MiB",5.75
2026-09-22T05:52:34.685Z,seaweedfs,11.55,"183.3MiB / 256MiB",71.60
2026-09-22T05:52:34.685Z,seaweedfs-metadata-etcd,18.31,"80.74MiB / 96MiB",84.10
2026-09-22T05:52:34.685Z,openbao,1.78,"34.97MiB / 512MiB",6.83
2026-09-22T05:52:34.685Z,chirpstack,0.77,"58.62MiB / 1.922GiB",2.98
2026-09-22T05:52:34.685Z,spilo,7.33,"340.8MiB / 1.922GiB",17.32
2026-09-22T05:52:34.685Z,etcd,1.27,"46.95MiB / 1.922GiB",2.39
2026-09-22T05:52:42.024Z,lorawan-gateway-evidence-fabric-adapter-1,0.12,"13.08MiB / 192MiB",6.81
2026-09-22T05:52:42.024Z,lorawan-gateway-evidence-ingest-1,1.72,"12.73MiB / 192MiB",6.63
2026-09-22T05:52:42.024Z,lorawan-gateway-evidence-collector-1,0.88,"11.04MiB / 192MiB",5.75
2026-09-22T05:52:42.024Z,seaweedfs,11.09,"183.2MiB / 256MiB",71.56
2026-09-22T05:52:42.024Z,seaweedfs-metadata-etcd,13.82,"80.75MiB / 96MiB",84.11
2026-09-22T05:52:42.024Z,openbao,1.37,"34.97MiB / 512MiB",6.83
2026-09-22T05:52:42.024Z,chirpstack,2.77,"58.62MiB / 1.922GiB",2.98
2026-09-22T05:52:42.024Z,spilo,9.52,"340.8MiB / 1.922GiB",17.32
2026-09-22T05:52:42.024Z,etcd,0.83,"46.95MiB / 1.922GiB",2.39
2026-09-22T05:52:49.357Z,lorawan-gateway-evidence-fabric-adapter-1,0.00,"12.15MiB / 192MiB",6.33
2026-09-22T05:52:49.357Z,lorawan-gateway-evidence-ingest-1,0.00,"12.84MiB / 192MiB",6.69
2026-09-22T05:52:49.357Z,lorawan-gateway-evidence-collector-1,0.35,"11.04MiB / 192MiB",5.75
2026-09-22T05:52:49.357Z,seaweedfs,8.62,"183.3MiB / 256MiB",71.62
2026-09-22T05:52:49.357Z,seaweedfs-metadata-etcd,12.17,"80.75MiB / 96MiB",84.11
2026-09-22T05:52:49.357Z,openbao,1.76,"34.97MiB / 512MiB",6.83
2026-09-22T05:52:49.357Z,chirpstack,0.41,"58.62MiB / 1.922GiB",2.98
2026-09-22T05:52:49.357Z,spilo,3.31,"340.8MiB / 1.922GiB",17.32
2026-09-22T05:52:49.357Z,etcd,1.05,"46.95MiB / 1.922GiB",2.39
2026-09-22T05:52:56.765Z,lorawan-gateway-evidence-fabric-adapter-1,0.38,"12.15MiB / 192MiB",6.33
2026-09-22T05:52:56.765Z,lorawan-gateway-evidence-ingest-1,0.00,"12.84MiB / 192MiB",6.69
2026-09-22T05:52:56.765Z,lorawan-gateway-evidence-collector-1,0.29,"11.04MiB / 192MiB",5.75
2026-09-22T05:52:56.765Z,seaweedfs,9.31,"183.1MiB / 256MiB",71.54
2026-09-22T05:52:56.765Z,seaweedfs-metadata-etcd,12.43,"80.74MiB / 96MiB",84.11
2026-09-22T05:52:56.765Z,openbao,1.43,"34.97MiB / 512MiB",6.83
2026-09-22T05:52:56.765Z,chirpstack,0.29,"58.62MiB / 1.922GiB",2.98
2026-09-22T05:52:56.765Z,spilo,2.63,"341.8MiB / 1.922GiB",17.37
2026-09-22T05:52:56.765Z,etcd,0.72,"46.95MiB / 1.922GiB",2.39
2026-09-22T05:53:04.074Z,lorawan-gateway-evidence-fabric-adapter-1,0.00,"12.24MiB / 192MiB",6.38
2026-09-22T05:53:04.074Z,lorawan-gateway-evidence-ingest-1,0.00,"12.84MiB / 192MiB",6.69
2026-09-22T05:53:04.074Z,lorawan-gateway-evidence-collector-1,0.27,"11.04MiB / 192MiB",5.75
2026-09-22T05:53:04.074Z,seaweedfs,9.56,"186.8MiB / 256MiB",72.98
2026-09-22T05:53:04.074Z,seaweedfs-metadata-etcd,14.19,"80.75MiB / 96MiB",84.11
2026-09-22T05:53:04.074Z,openbao,1.45,"34.97MiB / 512MiB",6.83
2026-09-22T05:53:04.074Z,chirpstack,0.26,"58.62MiB / 1.922GiB",2.98
2026-09-22T05:53:04.074Z,spilo,3.62,"342MiB / 1.922GiB",17.38
2026-09-22T05:53:04.074Z,etcd,0.89,"46.95MiB / 1.922GiB",2.39
2026-09-22T05:53:11.414Z,lorawan-gateway-evidence-fabric-adapter-1,0.00,"12.5MiB / 192MiB",6.51
2026-09-22T05:53:11.414Z,lorawan-gateway-evidence-ingest-1,0.00,"12.84MiB / 192MiB",6.69
2026-09-22T05:53:11.414Z,lorawan-gateway-evidence-collector-1,0.29,"11.04MiB / 192MiB",5.75
2026-09-22T05:53:11.414Z,seaweedfs,9.43,"182.6MiB / 256MiB",71.32
2026-09-22T05:53:11.414Z,seaweedfs-metadata-etcd,14.94,"80.75MiB / 96MiB",84.11
2026-09-22T05:53:11.414Z,openbao,1.53,"34.97MiB / 512MiB",6.83
2026-09-22T05:53:11.414Z,chirpstack,0.45,"58.62MiB / 1.922GiB",2.98
2026-09-22T05:53:11.414Z,spilo,4.69,"342.1MiB / 1.922GiB",17.38
2026-09-22T05:53:11.414Z,etcd,1.04,"46.95MiB / 1.922GiB",2.39
2026-09-22T05:53:18.773Z,lorawan-gateway-evidence-fabric-adapter-1,1.03,"12.96MiB / 192MiB",6.75
2026-09-22T05:53:18.773Z,lorawan-gateway-evidence-ingest-1,0.00,"12.84MiB / 192MiB",6.69
2026-09-22T05:53:18.773Z,lorawan-gateway-evidence-collector-1,0.36,"11.04MiB / 192MiB",5.75
2026-09-22T05:53:18.773Z,seaweedfs,7.75,"181.1MiB / 256MiB",70.73
2026-09-22T05:53:18.773Z,seaweedfs-metadata-etcd,12.37,"80.75MiB / 96MiB",84.11
2026-09-22T05:53:18.773Z,openbao,1.38,"34.97MiB / 512MiB",6.83
2026-09-22T05:53:18.773Z,chirpstack,0.33,"58.62MiB / 1.922GiB",2.98
2026-09-22T05:53:18.773Z,spilo,2.81,"342.1MiB / 1.922GiB",17.39
2026-09-22T05:53:18.773Z,etcd,1.04,"46.95MiB / 1.922GiB",2.39
2026-09-22T05:53:26.244Z,lorawan-gateway-evidence-fabric-adapter-1,1.05,"13MiB / 192MiB",6.77
2026-09-22T05:53:26.244Z,lorawan-gateway-evidence-ingest-1,0.00,"12.84MiB / 192MiB",6.69
2026-09-22T05:53:26.244Z,lorawan-gateway-evidence-collector-1,0.33,"11.04MiB / 192MiB",5.75
2026-09-22T05:53:26.244Z,seaweedfs,10.19,"188.4MiB / 256MiB",73.60
2026-09-22T05:53:26.244Z,seaweedfs-metadata-etcd,13.79,"80.75MiB / 96MiB",84.11
2026-09-22T05:53:26.244Z,openbao,1.46,"34.97MiB / 512MiB",6.83
2026-09-22T05:53:26.244Z,chirpstack,0.28,"58.62MiB / 1.922GiB",2.98
2026-09-22T05:53:26.244Z,spilo,5.65,"342.2MiB / 1.922GiB",17.39
2026-09-22T05:53:26.244Z,etcd,1.27,"46.95MiB / 1.922GiB",2.39
2026-09-22T05:53:33.618Z,lorawan-gateway-evidence-fabric-adapter-1,0.00,"13MiB / 192MiB",6.77
2026-09-22T05:53:33.618Z,lorawan-gateway-evidence-ingest-1,0.00,"12.84MiB / 192MiB",6.69
2026-09-22T05:53:33.618Z,lorawan-gateway-evidence-collector-1,0.32,"11.04MiB / 192MiB",5.75
2026-09-22T05:53:33.618Z,seaweedfs,8.61,"182.7MiB / 256MiB",71.38
2026-09-22T05:53:33.618Z,seaweedfs-metadata-etcd,13.41,"80.75MiB / 96MiB",84.11
2026-09-22T05:53:33.618Z,openbao,1.56,"34.97MiB / 512MiB",6.83
2026-09-22T05:53:33.618Z,chirpstack,0.37,"58.62MiB / 1.922GiB",2.98
2026-09-22T05:53:33.618Z,spilo,2.79,"342.2MiB / 1.922GiB",17.39
2026-09-22T05:53:33.618Z,etcd,0.87,"46.95MiB / 1.922GiB",2.39
2026-09-22T05:53:40.989Z,lorawan-gateway-evidence-fabric-adapter-1,0.09,"13MiB / 192MiB",6.77
2026-09-22T05:53:40.989Z,lorawan-gateway-evidence-ingest-1,0.00,"12.84MiB / 192MiB",6.69
2026-09-22T05:53:40.989Z,lorawan-gateway-evidence-collector-1,0.32,"11.04MiB / 192MiB",5.75
2026-09-22T05:53:40.989Z,seaweedfs,7.48,"183.5MiB / 256MiB",71.67
2026-09-22T05:53:40.989Z,seaweedfs-metadata-etcd,10.66,"80.74MiB / 96MiB",84.11
2026-09-22T05:53:40.989Z,openbao,1.51,"34.97MiB / 512MiB",6.83
2026-09-22T05:53:40.989Z,chirpstack,0.30,"58.62MiB / 1.922GiB",2.98
2026-09-22T05:53:40.989Z,spilo,6.98,"342.4MiB / 1.922GiB",17.40
2026-09-22T05:53:40.989Z,etcd,0.89,"46.95MiB / 1.922GiB",2.39
2026-09-22T05:53:48.258Z,lorawan-gateway-evidence-fabric-adapter-1,0.08,"13.02MiB / 192MiB",6.78
2026-09-22T05:53:48.258Z,lorawan-gateway-evidence-ingest-1,0.00,"12.84MiB / 192MiB",6.69
2026-09-22T05:53:48.258Z,lorawan-gateway-evidence-collector-1,0.32,"11.04MiB / 192MiB",5.75
2026-09-22T05:53:48.258Z,seaweedfs,6.39,"183.3MiB / 256MiB",71.58
2026-09-22T05:53:48.258Z,seaweedfs-metadata-etcd,10.23,"80.75MiB / 96MiB",84.11
2026-09-22T05:53:48.258Z,openbao,1.42,"34.97MiB / 512MiB",6.83
2026-09-22T05:53:48.258Z,chirpstack,0.30,"58.62MiB / 1.922GiB",2.98
2026-09-22T05:53:48.258Z,spilo,3.14,"342.4MiB / 1.922GiB",17.40
2026-09-22T05:53:48.258Z,etcd,0.84,"46.95MiB / 1.922GiB",2.39
2026-09-22T05:53:55.549Z,lorawan-gateway-evidence-fabric-adapter-1,0.00,"13.05MiB / 192MiB",6.80
2026-09-22T05:53:55.549Z,lorawan-gateway-evidence-ingest-1,0.00,"12.84MiB / 192MiB",6.69
2026-09-22T05:53:55.549Z,lorawan-gateway-evidence-collector-1,0.28,"11.04MiB / 192MiB",5.75
2026-09-22T05:53:55.549Z,seaweedfs,7.42,"183.3MiB / 256MiB",71.62
2026-09-22T05:53:55.549Z,seaweedfs-metadata-etcd,11.13,"80.75MiB / 96MiB",84.11
2026-09-22T05:53:55.549Z,openbao,1.25,"34.97MiB / 512MiB",6.83
2026-09-22T05:53:55.549Z,chirpstack,0.31,"58.62MiB / 1.922GiB",2.98
2026-09-22T05:53:55.549Z,spilo,2.58,"342.4MiB / 1.922GiB",17.40
2026-09-22T05:53:55.549Z,etcd,1.43,"46.95MiB / 1.922GiB",2.39
2026-09-22T05:54:02.781Z,lorawan-gateway-evidence-fabric-adapter-1,0.31,"13.05MiB / 192MiB",6.80
2026-09-22T05:54:02.781Z,lorawan-gateway-evidence-ingest-1,0.00,"12.84MiB / 192MiB",6.69
2026-09-22T05:54:02.781Z,lorawan-gateway-evidence-collector-1,0.31,"11.04MiB / 192MiB",5.75
2026-09-22T05:54:02.781Z,seaweedfs,9.16,"183.2MiB / 256MiB",71.56
2026-09-22T05:54:02.781Z,seaweedfs-metadata-etcd,14.22,"80.75MiB / 96MiB",84.11
2026-09-22T05:54:02.781Z,openbao,1.39,"34.97MiB / 512MiB",6.83
2026-09-22T05:54:02.781Z,chirpstack,0.39,"58.62MiB / 1.922GiB",2.98
2026-09-22T05:54:02.781Z,spilo,5.84,"342.4MiB / 1.922GiB",17.40
2026-09-22T05:54:02.781Z,etcd,1.31,"46.95MiB / 1.922GiB",2.39
2026-09-22T05:54:10.119Z,lorawan-gateway-evidence-fabric-adapter-1,0.75,"13.05MiB / 192MiB",6.80
2026-09-22T05:54:10.119Z,lorawan-gateway-evidence-ingest-1,0.00,"12.84MiB / 192MiB",6.69
2026-09-22T05:54:10.119Z,lorawan-gateway-evidence-collector-1,0.31,"11.04MiB / 192MiB",5.75
2026-09-22T05:54:10.119Z,seaweedfs,7.09,"188.1MiB / 256MiB",73.47
2026-09-22T05:54:10.119Z,seaweedfs-metadata-etcd,10.60,"80.75MiB / 96MiB",84.11
2026-09-22T05:54:10.119Z,openbao,1.40,"34.97MiB / 512MiB",6.83
2026-09-22T05:54:10.119Z,chirpstack,0.24,"58.62MiB / 1.922GiB",2.98
2026-09-22T05:54:10.119Z,spilo,5.80,"342.4MiB / 1.922GiB",17.40
2026-09-22T05:54:10.119Z,etcd,0.80,"46.95MiB / 1.922GiB",2.39
2026-09-22T05:54:17.426Z,lorawan-gateway-evidence-fabric-adapter-1,0.00,"13.05MiB / 192MiB",6.80
2026-09-22T05:54:17.426Z,lorawan-gateway-evidence-ingest-1,0.00,"12.84MiB / 192MiB",6.69
2026-09-22T05:54:17.426Z,lorawan-gateway-evidence-collector-1,0.32,"11.05MiB / 192MiB",5.75
2026-09-22T05:54:17.426Z,seaweedfs,8.70,"182.5MiB / 256MiB",71.27
2026-09-22T05:54:17.426Z,seaweedfs-metadata-etcd,12.03,"80.75MiB / 96MiB",84.11
2026-09-22T05:54:17.426Z,openbao,3.35,"34.97MiB / 512MiB",6.83
2026-09-22T05:54:17.426Z,chirpstack,0.31,"58.62MiB / 1.922GiB",2.98
2026-09-22T05:54:17.426Z,spilo,3.63,"342.4MiB / 1.922GiB",17.40
2026-09-22T05:54:17.426Z,etcd,0.93,"46.95MiB / 1.922GiB",2.39
2026-09-22T05:54:24.733Z,lorawan-gateway-evidence-fabric-adapter-1,0.08,"13.05MiB / 192MiB",6.80
2026-09-22T05:54:24.733Z,lorawan-gateway-evidence-ingest-1,0.00,"12.84MiB / 192MiB",6.69
2026-09-22T05:54:24.733Z,lorawan-gateway-evidence-collector-1,0.36,"11.05MiB / 192MiB",5.75
2026-09-22T05:54:24.733Z,seaweedfs,0.74,"182.5MiB / 256MiB",71.28
2026-09-22T05:54:24.733Z,seaweedfs-metadata-etcd,0.99,"80.74MiB / 96MiB",84.11
2026-09-22T05:54:24.733Z,openbao,1.37,"34.97MiB / 512MiB",6.83
2026-09-22T05:54:24.733Z,chirpstack,0.25,"58.62MiB / 1.922GiB",2.98
2026-09-22T05:54:24.733Z,spilo,3.19,"342.4MiB / 1.922GiB",17.40
2026-09-22T05:54:24.733Z,etcd,1.05,"46.95MiB / 1.922GiB",2.39
2026-09-22T05:54:31.941Z,lorawan-gateway-evidence-fabric-adapter-1,0.00,"13.05MiB / 192MiB",6.80
2026-09-22T05:54:31.941Z,lorawan-gateway-evidence-ingest-1,0.00,"12.84MiB / 192MiB",6.69
2026-09-22T05:54:31.941Z,lorawan-gateway-evidence-collector-1,0.33,"11.05MiB / 192MiB",5.75
2026-09-22T05:54:31.941Z,seaweedfs,0.86,"182.5MiB / 256MiB",71.28
2026-09-22T05:54:31.941Z,seaweedfs-metadata-etcd,1.15,"80.74MiB / 96MiB",84.11
2026-09-22T05:54:31.941Z,openbao,1.45,"34.97MiB / 512MiB",6.83
2026-09-22T05:54:31.941Z,chirpstack,0.36,"58.62MiB / 1.922GiB",2.98
2026-09-22T05:54:31.941Z,spilo,5.87,"342.5MiB / 1.922GiB",17.40
2026-09-22T05:54:31.941Z,etcd,0.87,"46.95MiB / 1.922GiB",2.39
2026-09-22T05:54:39.137Z,lorawan-gateway-evidence-fabric-adapter-1,0.00,"13.05MiB / 192MiB",6.80
2026-09-22T05:54:39.137Z,lorawan-gateway-evidence-ingest-1,0.00,"12.84MiB / 192MiB",6.69
2026-09-22T05:54:39.137Z,lorawan-gateway-evidence-collector-1,0.32,"11.04MiB / 192MiB",5.75
2026-09-22T05:54:39.137Z,seaweedfs,0.74,"182.5MiB / 256MiB",71.28
2026-09-22T05:54:39.137Z,seaweedfs-metadata-etcd,0.82,"80.74MiB / 96MiB",84.11
2026-09-22T05:54:39.137Z,openbao,1.30,"34.97MiB / 512MiB",6.83
2026-09-22T05:54:39.137Z,chirpstack,0.24,"58.54MiB / 1.922GiB",2.97
2026-09-22T05:54:39.137Z,spilo,2.96,"342.5MiB / 1.922GiB",17.40
2026-09-22T05:54:39.137Z,etcd,1.26,"46.95MiB / 1.922GiB",2.39
2026-09-22T05:54:46.338Z,lorawan-gateway-evidence-fabric-adapter-1,0.08,"13.05MiB / 192MiB",6.80
2026-09-22T05:54:46.338Z,lorawan-gateway-evidence-ingest-1,0.00,"12.87MiB / 192MiB",6.70
2026-09-22T05:54:46.338Z,lorawan-gateway-evidence-collector-1,0.35,"11.04MiB / 192MiB",5.75
2026-09-22T05:54:46.338Z,seaweedfs,0.89,"182.5MiB / 256MiB",71.28
2026-09-22T05:54:46.338Z,seaweedfs-metadata-etcd,1.09,"80.74MiB / 96MiB",84.11
2026-09-22T05:54:46.338Z,openbao,1.45,"34.97MiB / 512MiB",6.83
2026-09-22T05:54:46.338Z,chirpstack,0.23,"58.54MiB / 1.922GiB",2.97
2026-09-22T05:54:46.338Z,spilo,5.20,"342.5MiB / 1.922GiB",17.41
2026-09-22T05:54:46.338Z,etcd,1.08,"46.95MiB / 1.922GiB",2.39
2026-09-22T05:54:53.535Z,lorawan-gateway-evidence-fabric-adapter-1,0.00,"13.05MiB / 192MiB",6.80
2026-09-22T05:54:53.535Z,lorawan-gateway-evidence-ingest-1,0.00,"12.87MiB / 192MiB",6.70
2026-09-22T05:54:53.535Z,lorawan-gateway-evidence-collector-1,0.31,"11.04MiB / 192MiB",5.75
2026-09-22T05:54:53.535Z,seaweedfs,6.19,"189.1MiB / 256MiB",73.86
2026-09-22T05:54:53.535Z,seaweedfs-metadata-etcd,12.54,"80.75MiB / 96MiB",84.11
2026-09-22T05:54:53.535Z,openbao,1.36,"34.97MiB / 512MiB",6.83
2026-09-22T05:54:53.535Z,chirpstack,0.31,"58.54MiB / 1.922GiB",2.97
2026-09-22T05:54:53.535Z,spilo,5.68,"342.5MiB / 1.922GiB",17.40
2026-09-22T05:54:53.535Z,etcd,0.79,"46.95MiB / 1.922GiB",2.39
2026-09-22T05:55:00.846Z,lorawan-gateway-evidence-fabric-adapter-1,0.10,"13.05MiB / 192MiB",6.80
2026-09-22T05:55:00.846Z,lorawan-gateway-evidence-ingest-1,0.00,"12.87MiB / 192MiB",6.70
2026-09-22T05:55:00.846Z,lorawan-gateway-evidence-collector-1,0.53,"11.04MiB / 192MiB",5.75
2026-09-22T05:55:00.846Z,seaweedfs,1.49,"180.5MiB / 256MiB",70.49
2026-09-22T05:55:00.846Z,seaweedfs-metadata-etcd,2.42,"80.75MiB / 96MiB",84.11
2026-09-22T05:55:00.846Z,openbao,2.98,"34.97MiB / 512MiB",6.83
2026-09-22T05:55:00.846Z,chirpstack,0.89,"58.54MiB / 1.922GiB",2.97
2026-09-22T05:55:00.846Z,spilo,4.16,"342.5MiB / 1.922GiB",17.40
2026-09-22T05:55:00.846Z,etcd,2.73,"46.96MiB / 1.922GiB",2.39
2026-09-22T05:55:08.138Z,lorawan-gateway-evidence-fabric-adapter-1,0.08,"13.05MiB / 192MiB",6.80
2026-09-22T05:55:08.138Z,lorawan-gateway-evidence-ingest-1,0.00,"12.87MiB / 192MiB",6.70
2026-09-22T05:55:08.138Z,lorawan-gateway-evidence-collector-1,1.38,"11.06MiB / 192MiB",5.76
2026-09-22T05:55:08.138Z,seaweedfs,7.16,"190.1MiB / 256MiB",74.25
2026-09-22T05:55:08.138Z,seaweedfs-metadata-etcd,5.95,"80.75MiB / 96MiB",84.12
2026-09-22T05:55:08.138Z,openbao,1.41,"34.97MiB / 512MiB",6.83
2026-09-22T05:55:08.138Z,chirpstack,10.15,"59.22MiB / 1.922GiB",3.01
2026-09-22T05:55:08.138Z,spilo,7.87,"342.5MiB / 1.922GiB",17.41
2026-09-22T05:55:08.138Z,etcd,0.98,"46.96MiB / 1.922GiB",2.39
2026-09-22T05:55:15.436Z,lorawan-gateway-evidence-fabric-adapter-1,0.00,"13.05MiB / 192MiB",6.80
2026-09-22T05:55:15.436Z,lorawan-gateway-evidence-ingest-1,0.00,"12.87MiB / 192MiB",6.70
2026-09-22T05:55:15.436Z,lorawan-gateway-evidence-collector-1,0.32,"11.05MiB / 192MiB",5.76
2026-09-22T05:55:15.436Z,seaweedfs,10.06,"187.4MiB / 256MiB",73.20
2026-09-22T05:55:15.436Z,seaweedfs-metadata-etcd,14.02,"80.75MiB / 96MiB",84.11
2026-09-22T05:55:15.436Z,openbao,1.45,"34.97MiB / 512MiB",6.83
2026-09-22T05:55:15.436Z,chirpstack,0.35,"58.71MiB / 1.922GiB",2.98
2026-09-22T05:55:15.436Z,spilo,1.94,"346.3MiB / 1.922GiB",17.60
2026-09-22T05:55:15.436Z,etcd,1.50,"46.96MiB / 1.922GiB",2.39
2026-09-22T05:55:22.766Z,lorawan-gateway-evidence-fabric-adapter-1,0.08,"13.05MiB / 192MiB",6.80
2026-09-22T05:55:22.766Z,lorawan-gateway-evidence-ingest-1,0.00,"12.87MiB / 192MiB",6.70
2026-09-22T05:55:22.766Z,lorawan-gateway-evidence-collector-1,0.30,"11.05MiB / 192MiB",5.76
2026-09-22T05:55:22.766Z,seaweedfs,9.19,"189.1MiB / 256MiB",73.88
2026-09-22T05:55:22.766Z,seaweedfs-metadata-etcd,12.95,"80.75MiB / 96MiB",84.11
2026-09-22T05:55:22.766Z,openbao,1.69,"34.97MiB / 512MiB",6.83
2026-09-22T05:55:22.766Z,chirpstack,0.29,"58.67MiB / 1.922GiB",2.98
2026-09-22T05:55:22.766Z,spilo,3.07,"346.4MiB / 1.922GiB",17.60
2026-09-22T05:55:22.766Z,etcd,1.19,"46.96MiB / 1.922GiB",2.39
2026-09-22T05:55:29.980Z,lorawan-gateway-evidence-fabric-adapter-1,0.07,"13.05MiB / 192MiB",6.80
2026-09-22T05:55:29.980Z,lorawan-gateway-evidence-ingest-1,0.00,"12.87MiB / 192MiB",6.70
2026-09-22T05:55:29.980Z,lorawan-gateway-evidence-collector-1,0.32,"11.05MiB / 192MiB",5.76
2026-09-22T05:55:29.980Z,seaweedfs,8.22,"183.4MiB / 256MiB",71.62
2026-09-22T05:55:29.980Z,seaweedfs-metadata-etcd,11.79,"80.74MiB / 96MiB",84.11
2026-09-22T05:55:29.980Z,openbao,1.50,"34.97MiB / 512MiB",6.83
2026-09-22T05:55:29.980Z,chirpstack,0.28,"58.67MiB / 1.922GiB",2.98
2026-09-22T05:55:29.980Z,spilo,5.94,"346.4MiB / 1.922GiB",17.60
2026-09-22T05:55:29.980Z,etcd,1.26,"46.96MiB / 1.922GiB",2.39
2026-09-22T05:55:37.329Z,lorawan-gateway-evidence-fabric-adapter-1,0.00,"13.05MiB / 192MiB",6.80
2026-09-22T05:55:37.329Z,lorawan-gateway-evidence-ingest-1,0.00,"12.87MiB / 192MiB",6.70
2026-09-22T05:55:37.329Z,lorawan-gateway-evidence-collector-1,0.33,"11.05MiB / 192MiB",5.76
2026-09-22T05:55:37.329Z,seaweedfs,5.27,"183.3MiB / 256MiB",71.60
2026-09-22T05:55:37.329Z,seaweedfs-metadata-etcd,9.23,"80.75MiB / 96MiB",84.11
2026-09-22T05:55:37.329Z,openbao,1.17,"34.97MiB / 512MiB",6.83
2026-09-22T05:55:37.329Z,chirpstack,0.30,"58.67MiB / 1.922GiB",2.98
2026-09-22T05:55:37.329Z,spilo,1.84,"346.5MiB / 1.922GiB",17.61
2026-09-22T05:55:37.329Z,etcd,0.90,"46.96MiB / 1.922GiB",2.39
2026-09-22T05:55:44.544Z,lorawan-gateway-evidence-fabric-adapter-1,0.09,"13.05MiB / 192MiB",6.80
2026-09-22T05:55:44.544Z,lorawan-gateway-evidence-ingest-1,0.00,"12.87MiB / 192MiB",6.70
2026-09-22T05:55:44.544Z,lorawan-gateway-evidence-collector-1,0.29,"11.05MiB / 192MiB",5.76
2026-09-22T05:55:44.544Z,seaweedfs,6.00,"183.3MiB / 256MiB",71.61
2026-09-22T05:55:44.544Z,seaweedfs-metadata-etcd,8.56,"80.75MiB / 96MiB",84.11
2026-09-22T05:55:44.544Z,openbao,1.14,"34.97MiB / 512MiB",6.83
2026-09-22T05:55:44.544Z,chirpstack,0.24,"58.67MiB / 1.922GiB",2.98
2026-09-22T05:55:44.544Z,spilo,7.18,"346.5MiB / 1.922GiB",17.60
2026-09-22T05:55:44.544Z,etcd,1.03,"46.96MiB / 1.922GiB",2.39
2026-09-22T05:55:51.772Z,lorawan-gateway-evidence-fabric-adapter-1,0.00,"13.05MiB / 192MiB",6.80
2026-09-22T05:55:51.772Z,lorawan-gateway-evidence-ingest-1,0.00,"12.87MiB / 192MiB",6.70
2026-09-22T05:55:51.772Z,lorawan-gateway-evidence-collector-1,0.31,"11.05MiB / 192MiB",5.76
2026-09-22T05:55:51.772Z,seaweedfs,11.54,"183.4MiB / 256MiB",71.62
2026-09-22T05:55:51.772Z,seaweedfs-metadata-etcd,16.00,"80.76MiB / 96MiB",84.12
2026-09-22T05:55:51.772Z,openbao,1.27,"34.97MiB / 512MiB",6.83
2026-09-22T05:55:51.772Z,chirpstack,0.37,"58.67MiB / 1.922GiB",2.98
2026-09-22T05:55:51.772Z,spilo,5.20,"346.5MiB / 1.922GiB",17.61
2026-09-22T05:55:51.772Z,etcd,0.80,"46.96MiB / 1.922GiB",2.39
2026-09-22T05:55:59.179Z,lorawan-gateway-evidence-fabric-adapter-1,0.00,"13.05MiB / 192MiB",6.80
2026-09-22T05:55:59.179Z,lorawan-gateway-evidence-ingest-1,0.00,"12.87MiB / 192MiB",6.70
2026-09-22T05:55:59.179Z,lorawan-gateway-evidence-collector-1,0.43,"11.05MiB / 192MiB",5.76
2026-09-22T05:55:59.179Z,seaweedfs,14.52,"183.3MiB / 256MiB",71.60
2026-09-22T05:55:59.179Z,seaweedfs-metadata-etcd,19.25,"80.75MiB / 96MiB",84.11
2026-09-22T05:55:59.179Z,openbao,1.51,"34.97MiB / 512MiB",6.83
2026-09-22T05:55:59.179Z,chirpstack,0.42,"58.67MiB / 1.922GiB",2.98
2026-09-22T05:55:59.179Z,spilo,4.10,"346.5MiB / 1.922GiB",17.61
2026-09-22T05:55:59.179Z,etcd,1.77,"46.96MiB / 1.922GiB",2.39
2026-09-22T05:56:06.476Z,lorawan-gateway-evidence-fabric-adapter-1,0.09,"13.05MiB / 192MiB",6.80
2026-09-22T05:56:06.476Z,lorawan-gateway-evidence-ingest-1,0.00,"12.87MiB / 192MiB",6.70
2026-09-22T05:56:06.476Z,lorawan-gateway-evidence-collector-1,0.32,"11.05MiB / 192MiB",5.76
2026-09-22T05:56:06.476Z,seaweedfs,11.64,"183.3MiB / 256MiB",71.60
2026-09-22T05:56:06.476Z,seaweedfs-metadata-etcd,17.52,"80.75MiB / 96MiB",84.11
2026-09-22T05:56:06.476Z,openbao,1.37,"34.97MiB / 512MiB",6.83
2026-09-22T05:56:06.476Z,chirpstack,0.25,"58.67MiB / 1.922GiB",2.98
2026-09-22T05:56:06.476Z,spilo,3.43,"346.7MiB / 1.922GiB",17.61
2026-09-22T05:56:06.476Z,etcd,1.05,"46.96MiB / 1.922GiB",2.39
2026-09-22T05:56:13.907Z,lorawan-gateway-evidence-fabric-adapter-1,0.00,"13.05MiB / 192MiB",6.80
2026-09-22T05:56:13.907Z,lorawan-gateway-evidence-ingest-1,0.00,"12.87MiB / 192MiB",6.70
2026-09-22T05:56:13.907Z,lorawan-gateway-evidence-collector-1,0.36,"11.05MiB / 192MiB",5.76
2026-09-22T05:56:13.907Z,seaweedfs,0.94,"185.3MiB / 256MiB",72.37
2026-09-22T05:56:13.907Z,seaweedfs-metadata-etcd,1.54,"80.74MiB / 96MiB",84.11
2026-09-22T05:56:13.907Z,openbao,1.38,"34.97MiB / 512MiB",6.83
2026-09-22T05:56:13.907Z,chirpstack,0.34,"58.67MiB / 1.922GiB",2.98
2026-09-22T05:56:13.907Z,spilo,5.26,"346.7MiB / 1.922GiB",17.61
2026-09-22T05:56:13.907Z,etcd,1.18,"46.96MiB / 1.922GiB",2.39
2026-09-22T05:56:21.212Z,lorawan-gateway-evidence-fabric-adapter-1,0.00,"13.05MiB / 192MiB",6.80
2026-09-22T05:56:21.212Z,lorawan-gateway-evidence-ingest-1,0.00,"12.87MiB / 192MiB",6.70
2026-09-22T05:56:21.212Z,lorawan-gateway-evidence-collector-1,0.30,"11.05MiB / 192MiB",5.76
2026-09-22T05:56:21.212Z,seaweedfs,11.00,"189.1MiB / 256MiB",73.89
2026-09-22T05:56:21.212Z,seaweedfs-metadata-etcd,16.13,"80.75MiB / 96MiB",84.12
2026-09-22T05:56:21.212Z,openbao,1.12,"34.97MiB / 512MiB",6.83
2026-09-22T05:56:21.212Z,chirpstack,0.33,"58.67MiB / 1.922GiB",2.98
2026-09-22T05:56:21.212Z,spilo,4.69,"346.8MiB / 1.922GiB",17.62
2026-09-22T05:56:21.212Z,etcd,0.83,"46.96MiB / 1.922GiB",2.39
2026-09-22T05:56:28.544Z,lorawan-gateway-evidence-fabric-adapter-1,0.13,"13.05MiB / 192MiB",6.80
2026-09-22T05:56:28.544Z,lorawan-gateway-evidence-ingest-1,0.00,"12.87MiB / 192MiB",6.70
2026-09-22T05:56:28.544Z,lorawan-gateway-evidence-collector-1,0.48,"11.05MiB / 192MiB",5.76
2026-09-22T05:56:28.544Z,seaweedfs,13.71,"183MiB / 256MiB",71.49
2026-09-22T05:56:28.544Z,seaweedfs-metadata-etcd,21.63,"80.74MiB / 96MiB",84.11
2026-09-22T05:56:28.544Z,openbao,1.93,"34.97MiB / 512MiB",6.83
2026-09-22T05:56:28.544Z,chirpstack,0.34,"58.67MiB / 1.922GiB",2.98
2026-09-22T05:56:28.544Z,spilo,8.18,"346.8MiB / 1.922GiB",17.62
2026-09-22T05:56:28.544Z,etcd,1.01,"46.96MiB / 1.922GiB",2.39
2026-09-22T05:56:36.118Z,lorawan-gateway-evidence-fabric-adapter-1,0.22,"13.05MiB / 192MiB",6.80
2026-09-22T05:56:36.118Z,lorawan-gateway-evidence-ingest-1,0.00,"12.87MiB / 192MiB",6.70
2026-09-22T05:56:36.118Z,lorawan-gateway-evidence-collector-1,0.37,"11.05MiB / 192MiB",5.76
2026-09-22T05:56:36.118Z,seaweedfs,11.17,"183.3MiB / 256MiB",71.60
2026-09-22T05:56:36.118Z,seaweedfs-metadata-etcd,18.06,"80.75MiB / 96MiB",84.11
2026-09-22T05:56:36.118Z,openbao,1.42,"34.97MiB / 512MiB",6.83
2026-09-22T05:56:36.118Z,chirpstack,0.41,"58.67MiB / 1.922GiB",2.98
2026-09-22T05:56:36.118Z,spilo,6.12,"347MiB / 1.922GiB",17.63
2026-09-22T05:56:36.118Z,etcd,2.01,"46.96MiB / 1.922GiB",2.39
2026-09-22T05:56:43.516Z,lorawan-gateway-evidence-fabric-adapter-1,0.00,"13.05MiB / 192MiB",6.80
2026-09-22T05:56:43.516Z,lorawan-gateway-evidence-ingest-1,0.00,"12.87MiB / 192MiB",6.70
2026-09-22T05:56:43.516Z,lorawan-gateway-evidence-collector-1,0.33,"11.05MiB / 192MiB",5.76
2026-09-22T05:56:43.516Z,seaweedfs,5.63,"183.2MiB / 256MiB",71.55
2026-09-22T05:56:43.516Z,seaweedfs-metadata-etcd,10.20,"80.75MiB / 96MiB",84.11
2026-09-22T05:56:43.516Z,openbao,1.29,"34.97MiB / 512MiB",6.83
2026-09-22T05:56:43.516Z,chirpstack,0.30,"58.67MiB / 1.922GiB",2.98
2026-09-22T05:56:43.516Z,spilo,3.35,"347.1MiB / 1.922GiB",17.64
2026-09-22T05:56:43.516Z,etcd,0.83,"46.96MiB / 1.922GiB",2.39
2026-09-22T05:56:50.920Z,lorawan-gateway-evidence-fabric-adapter-1,0.08,"13.05MiB / 192MiB",6.80
2026-09-22T05:56:50.920Z,lorawan-gateway-evidence-ingest-1,0.00,"12.87MiB / 192MiB",6.70
2026-09-22T05:56:50.920Z,lorawan-gateway-evidence-collector-1,0.43,"11.05MiB / 192MiB",5.76
2026-09-22T05:56:50.920Z,seaweedfs,0.90,"183.2MiB / 256MiB",71.57
2026-09-22T05:56:50.920Z,seaweedfs-metadata-etcd,1.52,"80.74MiB / 96MiB",84.11
2026-09-22T05:56:50.920Z,openbao,1.39,"34.97MiB / 512MiB",6.83
2026-09-22T05:56:50.920Z,chirpstack,2.39,"58.68MiB / 1.922GiB",2.98
2026-09-22T05:56:50.920Z,spilo,4.81,"347MiB / 1.922GiB",17.63
2026-09-22T05:56:50.920Z,etcd,1.38,"46.96MiB / 1.922GiB",2.39
2026-09-22T05:56:58.152Z,lorawan-gateway-evidence-fabric-adapter-1,0.16,"12.05MiB / 192MiB",6.28
2026-09-22T05:56:58.152Z,lorawan-gateway-evidence-ingest-1,0.00,"12.87MiB / 192MiB",6.70
2026-09-22T05:56:58.152Z,lorawan-gateway-evidence-collector-1,0.34,"11.05MiB / 192MiB",5.76
2026-09-22T05:56:58.152Z,seaweedfs,14.57,"183.3MiB / 256MiB",71.62
2026-09-22T05:56:58.152Z,seaweedfs-metadata-etcd,20.06,"80.76MiB / 96MiB",84.12
2026-09-22T05:56:58.152Z,openbao,2.54,"34.98MiB / 512MiB",6.83
2026-09-22T05:56:58.152Z,chirpstack,0.49,"58.68MiB / 1.922GiB",2.98
2026-09-22T05:56:58.152Z,spilo,3.80,"347MiB / 1.922GiB",17.63
2026-09-22T05:56:58.152Z,etcd,0.96,"46.96MiB / 1.922GiB",2.39
2026-09-22T05:57:05.705Z,lorawan-gateway-evidence-fabric-adapter-1,0.00,"12.05MiB / 192MiB",6.28
2026-09-22T05:57:05.705Z,lorawan-gateway-evidence-ingest-1,0.00,"12.87MiB / 192MiB",6.70
2026-09-22T05:57:05.705Z,lorawan-gateway-evidence-collector-1,0.38,"11.05MiB / 192MiB",5.76
2026-09-22T05:57:05.705Z,seaweedfs,14.78,"183.2MiB / 256MiB",71.54
2026-09-22T05:57:05.705Z,seaweedfs-metadata-etcd,19.29,"80.75MiB / 96MiB",84.11
2026-09-22T05:57:05.705Z,openbao,1.78,"34.97MiB / 512MiB",6.83
2026-09-22T05:57:05.705Z,chirpstack,0.43,"58.68MiB / 1.922GiB",2.98
2026-09-22T05:57:05.705Z,spilo,12.16,"347.2MiB / 1.922GiB",17.64
2026-09-22T05:57:05.705Z,etcd,1.85,"46.96MiB / 1.922GiB",2.39
2026-09-22T05:57:13.127Z,lorawan-gateway-evidence-fabric-adapter-1,0.00,"12.05MiB / 192MiB",6.28
2026-09-22T05:57:13.127Z,lorawan-gateway-evidence-ingest-1,0.06,"12.27MiB / 192MiB",6.39
2026-09-22T05:57:13.127Z,lorawan-gateway-evidence-collector-1,0.38,"11.05MiB / 192MiB",5.76
2026-09-22T05:57:13.127Z,seaweedfs,10.99,"187.7MiB / 256MiB",73.32
2026-09-22T05:57:13.127Z,seaweedfs-metadata-etcd,20.08,"80.75MiB / 96MiB",84.11
2026-09-22T05:57:13.127Z,openbao,1.54,"34.97MiB / 512MiB",6.83
2026-09-22T05:57:13.127Z,chirpstack,0.42,"58.69MiB / 1.922GiB",2.98
2026-09-22T05:57:13.127Z,spilo,3.17,"347.2MiB / 1.922GiB",17.64
2026-09-22T05:57:13.127Z,etcd,1.14,"46.96MiB / 1.922GiB",2.39
2026-09-22T05:57:20.501Z,lorawan-gateway-evidence-fabric-adapter-1,0.11,"12.05MiB / 192MiB",6.28
2026-09-22T05:57:20.501Z,lorawan-gateway-evidence-ingest-1,0.00,"12.27MiB / 192MiB",6.39
2026-09-22T05:57:20.501Z,lorawan-gateway-evidence-collector-1,0.35,"11.05MiB / 192MiB",5.76
2026-09-22T05:57:20.501Z,seaweedfs,11.20,"183.2MiB / 256MiB",71.56
2026-09-22T05:57:20.501Z,seaweedfs-metadata-etcd,17.55,"80.75MiB / 96MiB",84.11
2026-09-22T05:57:20.501Z,openbao,1.39,"34.97MiB / 512MiB",6.83
2026-09-22T05:57:20.501Z,chirpstack,0.27,"58.69MiB / 1.922GiB",2.98
2026-09-22T05:57:20.501Z,spilo,8.00,"347.2MiB / 1.922GiB",17.64
2026-09-22T05:57:20.501Z,etcd,1.07,"46.96MiB / 1.922GiB",2.39
2026-09-22T05:57:27.975Z,lorawan-gateway-evidence-fabric-adapter-1,0.11,"12.05MiB / 192MiB",6.28
2026-09-22T05:57:27.975Z,lorawan-gateway-evidence-ingest-1,0.00,"12.27MiB / 192MiB",6.39
2026-09-22T05:57:27.975Z,lorawan-gateway-evidence-collector-1,0.49,"11.05MiB / 192MiB",5.76
2026-09-22T05:57:27.975Z,seaweedfs,10.28,"183.5MiB / 256MiB",71.68
2026-09-22T05:57:27.975Z,seaweedfs-metadata-etcd,16.77,"80.75MiB / 96MiB",84.12
2026-09-22T05:57:27.975Z,openbao,1.62,"34.97MiB / 512MiB",6.83
2026-09-22T05:57:27.975Z,chirpstack,0.37,"58.69MiB / 1.922GiB",2.98
2026-09-22T05:57:27.975Z,spilo,10.13,"345.8MiB / 1.922GiB",17.57
2026-09-22T05:57:27.975Z,etcd,0.91,"46.96MiB / 1.922GiB",2.39
2026-09-22T05:57:35.416Z,lorawan-gateway-evidence-fabric-adapter-1,0.00,"12.05MiB / 192MiB",6.28
2026-09-22T05:57:35.416Z,lorawan-gateway-evidence-ingest-1,0.00,"12.27MiB / 192MiB",6.39
2026-09-22T05:57:35.416Z,lorawan-gateway-evidence-collector-1,0.69,"11.05MiB / 192MiB",5.76
2026-09-22T05:57:35.416Z,seaweedfs,4.05,"183.2MiB / 256MiB",71.57
2026-09-22T05:57:35.416Z,seaweedfs-metadata-etcd,4.83,"80.74MiB / 96MiB",84.11
2026-09-22T05:57:35.416Z,openbao,1.48,"34.97MiB / 512MiB",6.83
2026-09-22T05:57:35.416Z,chirpstack,2.49,"58.69MiB / 1.922GiB",2.98
2026-09-22T05:57:35.416Z,spilo,6.11,"346MiB / 1.922GiB",17.58
2026-09-22T05:57:35.416Z,etcd,2.85,"46.96MiB / 1.922GiB",2.39
2026-09-22T05:57:42.694Z,lorawan-gateway-evidence-fabric-adapter-1,0.09,"12.05MiB / 192MiB",6.28
2026-09-22T05:57:42.694Z,lorawan-gateway-evidence-ingest-1,0.02,"12.27MiB / 192MiB",6.39
2026-09-22T05:57:42.694Z,lorawan-gateway-evidence-collector-1,0.31,"11.13MiB / 192MiB",5.80
2026-09-22T05:57:42.694Z,seaweedfs,10.60,"183.4MiB / 256MiB",71.66
2026-09-22T05:57:42.694Z,seaweedfs-metadata-etcd,16.74,"80.75MiB / 96MiB",84.11
2026-09-22T05:57:42.694Z,openbao,1.38,"34.97MiB / 512MiB",6.83
2026-09-22T05:57:42.694Z,chirpstack,0.25,"58.69MiB / 1.922GiB",2.98
2026-09-22T05:57:42.694Z,spilo,5.01,"346.1MiB / 1.922GiB",17.59
2026-09-22T05:57:42.694Z,etcd,1.14,"46.96MiB / 1.922GiB",2.39
2026-09-22T05:57:50.071Z,lorawan-gateway-evidence-fabric-adapter-1,0.09,"12.05MiB / 192MiB",6.28
2026-09-22T05:57:50.071Z,lorawan-gateway-evidence-ingest-1,0.00,"12.27MiB / 192MiB",6.39
2026-09-22T05:57:50.071Z,lorawan-gateway-evidence-collector-1,0.71,"11.21MiB / 192MiB",5.84
2026-09-22T05:57:50.071Z,seaweedfs,9.65,"183.3MiB / 256MiB",71.59
2026-09-22T05:57:50.071Z,seaweedfs-metadata-etcd,11.62,"80.75MiB / 96MiB",84.12
2026-09-22T05:57:50.071Z,openbao,1.39,"34.97MiB / 512MiB",6.83
2026-09-22T05:57:50.071Z,chirpstack,2.71,"58.69MiB / 1.922GiB",2.98
2026-09-22T05:57:50.071Z,spilo,5.53,"346.3MiB / 1.922GiB",17.59
2026-09-22T05:57:50.071Z,etcd,0.73,"46.96MiB / 1.922GiB",2.39
2026-09-22T05:57:57.399Z,lorawan-gateway-evidence-fabric-adapter-1,0.00,"12.05MiB / 192MiB",6.28
2026-09-22T05:57:57.399Z,lorawan-gateway-evidence-ingest-1,0.00,"12.27MiB / 192MiB",6.39
2026-09-22T05:57:57.399Z,lorawan-gateway-evidence-collector-1,0.28,"11.21MiB / 192MiB",5.84
2026-09-22T05:57:57.399Z,seaweedfs,10.54,"183.4MiB / 256MiB",71.65
2026-09-22T05:57:57.399Z,seaweedfs-metadata-etcd,14.90,"80.76MiB / 96MiB",84.12
2026-09-22T05:57:57.399Z,openbao,1.09,"34.97MiB / 512MiB",6.83
2026-09-22T05:57:57.399Z,chirpstack,0.27,"58.69MiB / 1.922GiB",2.98
2026-09-22T05:57:57.399Z,spilo,2.25,"346.4MiB / 1.922GiB",17.60
2026-09-22T05:57:57.399Z,etcd,0.85,"46.96MiB / 1.922GiB",2.39
2026-09-22T05:58:04.750Z,lorawan-gateway-evidence-fabric-adapter-1,0.08,"12.05MiB / 192MiB",6.28
2026-09-22T05:58:04.750Z,lorawan-gateway-evidence-ingest-1,0.00,"12.84MiB / 192MiB",6.69
2026-09-22T05:58:04.750Z,lorawan-gateway-evidence-collector-1,0.59,"11.23MiB / 192MiB",5.85
2026-09-22T05:58:04.750Z,seaweedfs,9.91,"187.7MiB / 256MiB",73.32
2026-09-22T05:58:04.750Z,seaweedfs-metadata-etcd,14.08,"80.75MiB / 96MiB",84.11
2026-09-22T05:58:04.750Z,openbao,1.50,"34.97MiB / 512MiB",6.83
2026-09-22T05:58:04.750Z,chirpstack,0.32,"58.69MiB / 1.922GiB",2.98
2026-09-22T05:58:04.750Z,spilo,4.60,"346.6MiB / 1.922GiB",17.61
2026-09-22T05:58:04.750Z,etcd,0.83,"46.96MiB / 1.922GiB",2.39
2026-09-22T05:58:12.169Z,lorawan-gateway-evidence-fabric-adapter-1,1.24,"12.06MiB / 192MiB",6.28
2026-09-22T05:58:12.169Z,lorawan-gateway-evidence-ingest-1,0.00,"12.84MiB / 192MiB",6.69
2026-09-22T05:58:12.169Z,lorawan-gateway-evidence-collector-1,0.48,"11.24MiB / 192MiB",5.85
2026-09-22T05:58:12.169Z,seaweedfs,8.86,"190.1MiB / 256MiB",74.25
2026-09-22T05:58:12.169Z,seaweedfs-metadata-etcd,10.66,"80.75MiB / 96MiB",84.11
2026-09-22T05:58:12.169Z,openbao,1.13,"34.98MiB / 512MiB",6.83
2026-09-22T05:58:12.169Z,chirpstack,0.47,"58.69MiB / 1.922GiB",2.98
2026-09-22T05:58:12.169Z,spilo,6.14,"346.6MiB / 1.922GiB",17.61
2026-09-22T05:58:12.169Z,etcd,0.90,"46.97MiB / 1.922GiB",2.39
2026-09-22T05:58:19.470Z,lorawan-gateway-evidence-fabric-adapter-1,0.00,"12.06MiB / 192MiB",6.28
2026-09-22T05:58:19.470Z,lorawan-gateway-evidence-ingest-1,0.00,"12.84MiB / 192MiB",6.69
2026-09-22T05:58:19.470Z,lorawan-gateway-evidence-collector-1,0.37,"11.25MiB / 192MiB",5.86
2026-09-22T05:58:19.470Z,seaweedfs,6.55,"181.1MiB / 256MiB",70.73
2026-09-22T05:58:19.470Z,seaweedfs-metadata-etcd,9.61,"80.75MiB / 96MiB",84.11
2026-09-22T05:58:19.470Z,openbao,1.13,"34.97MiB / 512MiB",6.83
2026-09-22T05:58:19.470Z,chirpstack,0.30,"58.69MiB / 1.922GiB",2.98
2026-09-22T05:58:19.470Z,spilo,2.19,"346.8MiB / 1.922GiB",17.62
2026-09-22T05:58:19.470Z,etcd,1.07,"46.97MiB / 1.922GiB",2.39
2026-09-22T05:58:26.784Z,lorawan-gateway-evidence-fabric-adapter-1,0.30,"12.46MiB / 192MiB",6.49
2026-09-22T05:58:26.784Z,lorawan-gateway-evidence-ingest-1,0.00,"12.84MiB / 192MiB",6.69
2026-09-22T05:58:26.784Z,lorawan-gateway-evidence-collector-1,0.29,"11.25MiB / 192MiB",5.86
2026-09-22T05:58:26.784Z,seaweedfs,8.15,"183.2MiB / 256MiB",71.58
2026-09-22T05:58:26.784Z,seaweedfs-metadata-etcd,13.58,"80.76MiB / 96MiB",84.13
2026-09-22T05:58:26.784Z,openbao,1.23,"34.97MiB / 512MiB",6.83
2026-09-22T05:58:26.784Z,chirpstack,0.23,"58.69MiB / 1.922GiB",2.98
2026-09-22T05:58:26.784Z,spilo,2.65,"346.9MiB / 1.922GiB",17.63
2026-09-22T05:58:26.784Z,etcd,1.05,"46.97MiB / 1.922GiB",2.39
2026-09-22T05:58:34.060Z,lorawan-gateway-evidence-fabric-adapter-1,0.00,"12.93MiB / 192MiB",6.74
2026-09-22T05:58:34.060Z,lorawan-gateway-evidence-ingest-1,0.00,"12.84MiB / 192MiB",6.69
2026-09-22T05:58:34.060Z,lorawan-gateway-evidence-collector-1,0.31,"11.25MiB / 192MiB",5.86
2026-09-22T05:58:34.060Z,seaweedfs,11.57,"183.2MiB / 256MiB",71.56
2026-09-22T05:58:34.060Z,seaweedfs-metadata-etcd,16.34,"80.75MiB / 96MiB",84.11
2026-09-22T05:58:34.060Z,openbao,1.34,"34.97MiB / 512MiB",6.83
2026-09-22T05:58:34.060Z,chirpstack,0.38,"58.69MiB / 1.922GiB",2.98
2026-09-22T05:58:34.060Z,spilo,3.39,"346.9MiB / 1.922GiB",17.63
2026-09-22T05:58:34.060Z,etcd,0.79,"46.96MiB / 1.922GiB",2.39
2026-09-22T05:58:41.437Z,lorawan-gateway-evidence-fabric-adapter-1,0.00,"12.94MiB / 192MiB",6.74
2026-09-22T05:58:41.437Z,lorawan-gateway-evidence-ingest-1,0.00,"12.84MiB / 192MiB",6.69
2026-09-22T05:58:41.437Z,lorawan-gateway-evidence-collector-1,0.28,"11.25MiB / 192MiB",5.86
2026-09-22T05:58:41.437Z,seaweedfs,8.57,"183.2MiB / 256MiB",71.57
2026-09-22T05:58:41.437Z,seaweedfs-metadata-etcd,13.98,"80.76MiB / 96MiB",84.12
2026-09-22T05:58:41.437Z,openbao,1.35,"34.97MiB / 512MiB",6.83
2026-09-22T05:58:41.437Z,chirpstack,0.26,"58.69MiB / 1.922GiB",2.98
2026-09-22T05:58:41.437Z,spilo,9.13,"346.9MiB / 1.922GiB",17.63
2026-09-22T05:58:41.437Z,etcd,0.84,"46.96MiB / 1.922GiB",2.39
2026-09-22T05:58:48.724Z,lorawan-gateway-evidence-fabric-adapter-1,0.08,"13.04MiB / 192MiB",6.79
2026-09-22T05:58:48.724Z,lorawan-gateway-evidence-ingest-1,0.00,"12.84MiB / 192MiB",6.69
2026-09-22T05:58:48.724Z,lorawan-gateway-evidence-collector-1,0.36,"11.25MiB / 192MiB",5.86
2026-09-22T05:58:48.724Z,seaweedfs,7.20,"183.2MiB / 256MiB",71.58
2026-09-22T05:58:48.724Z,seaweedfs-metadata-etcd,11.10,"80.76MiB / 96MiB",84.13
2026-09-22T05:58:48.724Z,openbao,1.48,"34.97MiB / 512MiB",6.83
2026-09-22T05:58:48.724Z,chirpstack,0.22,"58.69MiB / 1.922GiB",2.98
2026-09-22T05:58:48.724Z,spilo,2.55,"346.9MiB / 1.922GiB",17.63
2026-09-22T05:58:48.724Z,etcd,0.80,"46.99MiB / 1.922GiB",2.39
2026-09-22T05:58:55.961Z,lorawan-gateway-evidence-fabric-adapter-1,0.00,"13.04MiB / 192MiB",6.79
2026-09-22T05:58:55.961Z,lorawan-gateway-evidence-ingest-1,0.00,"12.84MiB / 192MiB",6.69
2026-09-22T05:58:55.961Z,lorawan-gateway-evidence-collector-1,0.28,"11.25MiB / 192MiB",5.86
2026-09-22T05:58:55.961Z,seaweedfs,9.00,"183.2MiB / 256MiB",71.56
2026-09-22T05:58:55.961Z,seaweedfs-metadata-etcd,13.67,"80.75MiB / 96MiB",84.12
2026-09-22T05:58:55.961Z,openbao,1.44,"34.97MiB / 512MiB",6.83
2026-09-22T05:58:55.961Z,chirpstack,0.31,"58.57MiB / 1.922GiB",2.98
2026-09-22T05:58:55.961Z,spilo,2.65,"346.9MiB / 1.922GiB",17.63
2026-09-22T05:58:55.961Z,etcd,1.28,"46.99MiB / 1.922GiB",2.39
2026-09-22T05:59:03.258Z,lorawan-gateway-evidence-fabric-adapter-1,0.00,"12.79MiB / 192MiB",6.66
2026-09-22T05:59:03.258Z,lorawan-gateway-evidence-ingest-1,0.00,"12.84MiB / 192MiB",6.69
2026-09-22T05:59:03.258Z,lorawan-gateway-evidence-collector-1,0.28,"11.25MiB / 192MiB",5.86
2026-09-22T05:59:03.258Z,seaweedfs,5.73,"183.2MiB / 256MiB",71.57
2026-09-22T05:59:03.258Z,seaweedfs-metadata-etcd,10.78,"80.75MiB / 96MiB",84.12
2026-09-22T05:59:03.258Z,openbao,1.45,"34.97MiB / 512MiB",6.83
2026-09-22T05:59:03.258Z,chirpstack,0.23,"58.55MiB / 1.922GiB",2.97
2026-09-22T05:59:03.258Z,spilo,5.04,"346.9MiB / 1.922GiB",17.63
2026-09-22T05:59:03.258Z,etcd,1.26,"46.99MiB / 1.922GiB",2.39
2026-09-22T05:59:10.581Z,lorawan-gateway-evidence-fabric-adapter-1,0.28,"12.79MiB / 192MiB",6.66
2026-09-22T05:59:10.581Z,lorawan-gateway-evidence-ingest-1,0.00,"12.84MiB / 192MiB",6.69
2026-09-22T05:59:10.581Z,lorawan-gateway-evidence-collector-1,0.32,"11.25MiB / 192MiB",5.86
2026-09-22T05:59:10.581Z,seaweedfs,8.48,"186.3MiB / 256MiB",72.77
2026-09-22T05:59:10.581Z,seaweedfs-metadata-etcd,10.79,"80.75MiB / 96MiB",84.11
2026-09-22T05:59:10.581Z,openbao,1.57,"34.97MiB / 512MiB",6.83
2026-09-22T05:59:10.581Z,chirpstack,0.30,"58.55MiB / 1.922GiB",2.97
2026-09-22T05:59:10.581Z,spilo,2.55,"346.9MiB / 1.922GiB",17.63
2026-09-22T05:59:10.581Z,etcd,1.05,"46.99MiB / 1.922GiB",2.39
2026-09-22T05:59:17.840Z,lorawan-gateway-evidence-fabric-adapter-1,0.00,"12.79MiB / 192MiB",6.66
2026-09-22T05:59:17.840Z,lorawan-gateway-evidence-ingest-1,0.00,"12.84MiB / 192MiB",6.69
2026-09-22T05:59:17.840Z,lorawan-gateway-evidence-collector-1,0.32,"11.25MiB / 192MiB",5.86
2026-09-22T05:59:17.840Z,seaweedfs,8.75,"182.2MiB / 256MiB",71.18
2026-09-22T05:59:17.840Z,seaweedfs-metadata-etcd,13.60,"81.25MiB / 96MiB",84.64
2026-09-22T05:59:17.840Z,openbao,1.50,"34.97MiB / 512MiB",6.83
2026-09-22T05:59:17.840Z,chirpstack,0.34,"58.53MiB / 1.922GiB",2.97
2026-09-22T05:59:17.840Z,spilo,2.83,"346.9MiB / 1.922GiB",17.63
2026-09-22T05:59:17.840Z,etcd,1.28,"46.99MiB / 1.922GiB",2.39
2026-09-22T05:59:25.197Z,lorawan-gateway-evidence-fabric-adapter-1,0.00,"12.79MiB / 192MiB",6.66
2026-09-22T05:59:25.197Z,lorawan-gateway-evidence-ingest-1,0.00,"12.84MiB / 192MiB",6.69
2026-09-22T05:59:25.197Z,lorawan-gateway-evidence-collector-1,0.26,"11.24MiB / 192MiB",5.86
2026-09-22T05:59:25.197Z,seaweedfs,9.62,"182.2MiB / 256MiB",71.18
2026-09-22T05:59:25.197Z,seaweedfs-metadata-etcd,13.25,"81.26MiB / 96MiB",84.65
2026-09-22T05:59:25.197Z,openbao,1.31,"34.97MiB / 512MiB",6.83
2026-09-22T05:59:25.197Z,chirpstack,0.34,"58.53MiB / 1.922GiB",2.97
2026-09-22T05:59:25.197Z,spilo,2.33,"346.9MiB / 1.922GiB",17.63
2026-09-22T05:59:25.197Z,etcd,1.01,"46.99MiB / 1.922GiB",2.39
2026-09-22T05:59:32.593Z,lorawan-gateway-evidence-fabric-adapter-1,0.69,"12.79MiB / 192MiB",6.66
2026-09-22T05:59:32.593Z,lorawan-gateway-evidence-ingest-1,0.00,"12.84MiB / 192MiB",6.69
2026-09-22T05:59:32.593Z,lorawan-gateway-evidence-collector-1,0.32,"11.24MiB / 192MiB",5.86
2026-09-22T05:59:32.593Z,seaweedfs,0.99,"186.9MiB / 256MiB",73.03
2026-09-22T05:59:32.593Z,seaweedfs-metadata-etcd,1.06,"81.25MiB / 96MiB",84.63
2026-09-22T05:59:32.593Z,openbao,1.35,"34.97MiB / 512MiB",6.83
2026-09-22T05:59:32.593Z,chirpstack,0.27,"58.53MiB / 1.922GiB",2.97
2026-09-22T05:59:32.593Z,spilo,6.73,"346.9MiB / 1.922GiB",17.63
2026-09-22T05:59:32.593Z,etcd,0.88,"46.99MiB / 1.922GiB",2.39
2026-09-22T05:59:39.806Z,lorawan-gateway-evidence-fabric-adapter-1,0.00,"12.79MiB / 192MiB",6.66
2026-09-22T05:59:39.806Z,lorawan-gateway-evidence-ingest-1,0.00,"12.84MiB / 192MiB",6.69
2026-09-22T05:59:39.806Z,lorawan-gateway-evidence-collector-1,0.33,"11.24MiB / 192MiB",5.86
2026-09-22T05:59:39.806Z,seaweedfs,1.00,"187.3MiB / 256MiB",73.18
2026-09-22T05:59:39.806Z,seaweedfs-metadata-etcd,1.08,"81.25MiB / 96MiB",84.63
2026-09-22T05:59:39.806Z,openbao,1.39,"34.97MiB / 512MiB",6.83
2026-09-22T05:59:39.806Z,chirpstack,0.32,"58.53MiB / 1.922GiB",2.97
2026-09-22T05:59:39.806Z,spilo,5.06,"346.9MiB / 1.922GiB",17.63
2026-09-22T05:59:39.806Z,etcd,0.93,"46.99MiB / 1.922GiB",2.39
2026-09-22T05:59:46.998Z,lorawan-gateway-evidence-fabric-adapter-1,0.08,"12.79MiB / 192MiB",6.66
2026-09-22T05:59:46.998Z,lorawan-gateway-evidence-ingest-1,0.00,"12.84MiB / 192MiB",6.69
2026-09-22T05:59:46.998Z,lorawan-gateway-evidence-collector-1,0.36,"10.38MiB / 192MiB",5.41
2026-09-22T05:59:46.998Z,seaweedfs,0.87,"187.8MiB / 256MiB",73.34
2026-09-22T05:59:46.998Z,seaweedfs-metadata-etcd,1.11,"81.25MiB / 96MiB",84.63
2026-09-22T05:59:46.998Z,openbao,1.24,"34.97MiB / 512MiB",6.83
2026-09-22T05:59:46.998Z,chirpstack,0.24,"58.53MiB / 1.922GiB",2.97
2026-09-22T05:59:46.998Z,spilo,2.76,"346.9MiB / 1.922GiB",17.63
2026-09-22T05:59:46.998Z,etcd,1.06,"46.99MiB / 1.922GiB",2.39
2026-09-22T05:59:54.205Z,lorawan-gateway-evidence-fabric-adapter-1,0.10,"12.79MiB / 192MiB",6.66
2026-09-22T05:59:54.205Z,lorawan-gateway-evidence-ingest-1,0.00,"12.84MiB / 192MiB",6.69
2026-09-22T05:59:54.205Z,lorawan-gateway-evidence-collector-1,0.33,"10.38MiB / 192MiB",5.41
2026-09-22T05:59:54.205Z,seaweedfs,0.82,"188.1MiB / 256MiB",73.50
2026-09-22T05:59:54.205Z,seaweedfs-metadata-etcd,0.92,"81.25MiB / 96MiB",84.63
2026-09-22T05:59:54.205Z,openbao,1.26,"34.97MiB / 512MiB",6.83
2026-09-22T05:59:54.205Z,chirpstack,0.35,"58.53MiB / 1.922GiB",2.97
2026-09-22T05:59:54.205Z,spilo,4.97,"346.9MiB / 1.922GiB",17.63
2026-09-22T05:59:54.205Z,etcd,0.91,"46.99MiB / 1.922GiB",2.39
2026-09-22T06:00:01.419Z,lorawan-gateway-evidence-fabric-adapter-1,0.00,"12.79MiB / 192MiB",6.66
2026-09-22T06:00:01.419Z,lorawan-gateway-evidence-ingest-1,0.00,"12.84MiB / 192MiB",6.69
2026-09-22T06:00:01.419Z,lorawan-gateway-evidence-collector-1,0.53,"10.38MiB / 192MiB",5.41
2026-09-22T06:00:01.419Z,seaweedfs,5.51,"189.7MiB / 256MiB",74.10
2026-09-22T06:00:01.419Z,seaweedfs-metadata-etcd,12.91,"81.25MiB / 96MiB",84.64
2026-09-22T06:00:01.419Z,openbao,2.61,"34.97MiB / 512MiB",6.83
2026-09-22T06:00:01.419Z,chirpstack,1.67,"58.53MiB / 1.922GiB",2.97
2026-09-22T06:00:01.419Z,spilo,6.84,"346.9MiB / 1.922GiB",17.63
2026-09-22T06:00:01.419Z,etcd,2.79,"46.99MiB / 1.922GiB",2.39
2026-09-22T06:00:08.814Z,lorawan-gateway-evidence-fabric-adapter-1,0.15,"12.79MiB / 192MiB",6.66
2026-09-22T06:00:08.814Z,lorawan-gateway-evidence-ingest-1,0.00,"12.84MiB / 192MiB",6.69
2026-09-22T06:00:08.814Z,lorawan-gateway-evidence-collector-1,0.47,"10.38MiB / 192MiB",5.41
2026-09-22T06:00:08.814Z,seaweedfs,5.69,"182.1MiB / 256MiB",71.11
2026-09-22T06:00:08.814Z,seaweedfs-metadata-etcd,12.67,"81.25MiB / 96MiB",84.64
2026-09-22T06:00:08.814Z,openbao,2.15,"34.97MiB / 512MiB",6.83
2026-09-22T06:00:08.814Z,chirpstack,0.43,"58.53MiB / 1.922GiB",2.97
2026-09-22T06:00:08.814Z,spilo,4.77,"346.9MiB / 1.922GiB",17.63
2026-09-22T06:00:08.814Z,etcd,1.42,"46.99MiB / 1.922GiB",2.39
2026-09-22T06:00:16.257Z,lorawan-gateway-evidence-fabric-adapter-1,0.08,"12.79MiB / 192MiB",6.66
2026-09-22T06:00:16.257Z,lorawan-gateway-evidence-ingest-1,0.00,"12.84MiB / 192MiB",6.69
2026-09-22T06:00:16.257Z,lorawan-gateway-evidence-collector-1,0.36,"10.38MiB / 192MiB",5.41
2026-09-22T06:00:16.257Z,seaweedfs,1.15,"182.1MiB / 256MiB",71.11
2026-09-22T06:00:16.257Z,seaweedfs-metadata-etcd,1.38,"81.25MiB / 96MiB",84.63
2026-09-22T06:00:16.257Z,openbao,1.96,"34.97MiB / 512MiB",6.83
2026-09-22T06:00:16.257Z,chirpstack,0.37,"58.53MiB / 1.922GiB",2.97
2026-09-22T06:00:16.257Z,spilo,6.01,"346.9MiB / 1.922GiB",17.63
2026-09-22T06:00:16.257Z,etcd,1.82,"46.99MiB / 1.922GiB",2.39
2026-09-22T06:00:23.523Z,lorawan-gateway-evidence-fabric-adapter-1,0.00,"12.79MiB / 192MiB",6.66
2026-09-22T06:00:23.523Z,lorawan-gateway-evidence-ingest-1,0.00,"12.84MiB / 192MiB",6.69
2026-09-22T06:00:23.523Z,lorawan-gateway-evidence-collector-1,0.43,"10.38MiB / 192MiB",5.41
2026-09-22T06:00:23.523Z,seaweedfs,0.86,"182.1MiB / 256MiB",71.11
2026-09-22T06:00:23.523Z,seaweedfs-metadata-etcd,1.52,"81.25MiB / 96MiB",84.63
2026-09-22T06:00:23.523Z,openbao,1.45,"34.97MiB / 512MiB",6.83
2026-09-22T06:00:23.523Z,chirpstack,0.28,"58.53MiB / 1.922GiB",2.97
2026-09-22T06:00:23.523Z,spilo,2.55,"339.7MiB / 1.922GiB",17.26
2026-09-22T06:00:23.523Z,etcd,1.22,"46.99MiB / 1.922GiB",2.39
2026-09-22T06:00:30.749Z,lorawan-gateway-evidence-fabric-adapter-1,0.08,"12.79MiB / 192MiB",6.66
2026-09-22T06:00:30.749Z,lorawan-gateway-evidence-ingest-1,0.00,"12.84MiB / 192MiB",6.69
2026-09-22T06:00:30.749Z,lorawan-gateway-evidence-collector-1,0.41,"10.38MiB / 192MiB",5.41
2026-09-22T06:00:30.749Z,seaweedfs,0.79,"182.1MiB / 256MiB",71.11
2026-09-22T06:00:30.749Z,seaweedfs-metadata-etcd,1.29,"81.25MiB / 96MiB",84.63
2026-09-22T06:00:30.749Z,openbao,1.94,"35.04MiB / 512MiB",6.84
2026-09-22T06:00:30.749Z,chirpstack,0.37,"58.53MiB / 1.922GiB",2.97
2026-09-22T06:00:30.749Z,spilo,1.84,"339.7MiB / 1.922GiB",17.26
2026-09-22T06:00:30.749Z,etcd,1.41,"46.99MiB / 1.922GiB",2.39
2026-09-22T06:00:38.007Z,lorawan-gateway-evidence-fabric-adapter-1,0.00,"12.79MiB / 192MiB",6.66
2026-09-22T06:00:38.007Z,lorawan-gateway-evidence-ingest-1,0.00,"12.84MiB / 192MiB",6.69
2026-09-22T06:00:38.007Z,lorawan-gateway-evidence-collector-1,0.29,"10.38MiB / 192MiB",5.41
2026-09-22T06:00:38.007Z,seaweedfs,2.00,"182.1MiB / 256MiB",71.12
2026-09-22T06:00:38.007Z,seaweedfs-metadata-etcd,3.20,"81.25MiB / 96MiB",84.64
2026-09-22T06:00:38.007Z,openbao,3.30,"35.04MiB / 512MiB",6.84
2026-09-22T06:00:38.007Z,chirpstack,0.35,"58.53MiB / 1.922GiB",2.97
2026-09-22T06:00:38.007Z,spilo,5.32,"339.7MiB / 1.922GiB",17.26
2026-09-22T06:00:38.007Z,etcd,1.08,"46.99MiB / 1.922GiB",2.39
2026-09-22T06:00:45.203Z,lorawan-gateway-evidence-fabric-adapter-1,0.00,"12.79MiB / 192MiB",6.66
2026-09-22T06:00:45.203Z,lorawan-gateway-evidence-ingest-1,0.00,"12.84MiB / 192MiB",6.69
2026-09-22T06:00:45.203Z,lorawan-gateway-evidence-collector-1,0.33,"10.38MiB / 192MiB",5.41
2026-09-22T06:00:45.203Z,seaweedfs,4.33,"182.1MiB / 256MiB",71.12
2026-09-22T06:00:45.203Z,seaweedfs-metadata-etcd,7.58,"81.25MiB / 96MiB",84.64
2026-09-22T06:00:45.203Z,openbao,1.03,"35.04MiB / 512MiB",6.84
2026-09-22T06:00:45.203Z,chirpstack,0.22,"58.53MiB / 1.922GiB",2.97
2026-09-22T06:00:45.203Z,spilo,2.28,"339.7MiB / 1.922GiB",17.26
2026-09-22T06:00:45.203Z,etcd,1.83,"46.99MiB / 1.922GiB",2.39
2026-09-22T06:00:52.470Z,lorawan-gateway-evidence-fabric-adapter-1,0.07,"12.79MiB / 192MiB",6.66
2026-09-22T06:00:52.470Z,lorawan-gateway-evidence-ingest-1,0.00,"12.84MiB / 192MiB",6.69
2026-09-22T06:00:52.470Z,lorawan-gateway-evidence-collector-1,0.34,"10.38MiB / 192MiB",5.41
2026-09-22T06:00:52.470Z,seaweedfs,0.94,"182.1MiB / 256MiB",71.12
2026-09-22T06:00:52.470Z,seaweedfs-metadata-etcd,1.22,"81.25MiB / 96MiB",84.63
2026-09-22T06:00:52.470Z,openbao,1.34,"35.04MiB / 512MiB",6.84
2026-09-22T06:00:52.470Z,chirpstack,0.31,"58.53MiB / 1.922GiB",2.97
2026-09-22T06:00:52.470Z,spilo,4.79,"339.7MiB / 1.922GiB",17.26
2026-09-22T06:00:52.470Z,etcd,0.94,"46.99MiB / 1.922GiB",2.39
2026-09-22T06:00:59.648Z,lorawan-gateway-evidence-fabric-adapter-1,0.00,"12.79MiB / 192MiB",6.66
2026-09-22T06:00:59.648Z,lorawan-gateway-evidence-ingest-1,0.00,"12.84MiB / 192MiB",6.69
2026-09-22T06:00:59.648Z,lorawan-gateway-evidence-collector-1,0.34,"10.38MiB / 192MiB",5.41
2026-09-22T06:00:59.648Z,seaweedfs,0.75,"182.1MiB / 256MiB",71.11
2026-09-22T06:00:59.648Z,seaweedfs-metadata-etcd,1.49,"81.25MiB / 96MiB",84.63
2026-09-22T06:00:59.648Z,openbao,1.42,"35.04MiB / 512MiB",6.84
2026-09-22T06:00:59.648Z,chirpstack,0.24,"58.53MiB / 1.922GiB",2.97
2026-09-22T06:00:59.648Z,spilo,3.72,"339.7MiB / 1.922GiB",17.26
2026-09-22T06:00:59.648Z,etcd,1.17,"46.99MiB / 1.922GiB",2.39
2026-09-22T06:01:06.918Z,lorawan-gateway-evidence-fabric-adapter-1,0.09,"12.79MiB / 192MiB",6.66
2026-09-22T06:01:06.918Z,lorawan-gateway-evidence-ingest-1,0.00,"12.84MiB / 192MiB",6.69
2026-09-22T06:01:06.918Z,lorawan-gateway-evidence-collector-1,0.37,"10.38MiB / 192MiB",5.41
2026-09-22T06:01:06.918Z,seaweedfs,0.89,"182.1MiB / 256MiB",71.11
2026-09-22T06:01:06.918Z,seaweedfs-metadata-etcd,1.19,"81.25MiB / 96MiB",84.63
2026-09-22T06:01:06.918Z,openbao,1.21,"35.04MiB / 512MiB",6.84
2026-09-22T06:01:06.918Z,chirpstack,0.24,"58.53MiB / 1.922GiB",2.97
2026-09-22T06:01:06.918Z,spilo,1.88,"339.7MiB / 1.922GiB",17.26
2026-09-22T06:01:06.918Z,etcd,1.32,"46.99MiB / 1.922GiB",2.39
2026-09-22T06:01:14.144Z,lorawan-gateway-evidence-fabric-adapter-1,0.10,"12.79MiB / 192MiB",6.66
2026-09-22T06:01:14.144Z,lorawan-gateway-evidence-ingest-1,0.00,"12.84MiB / 192MiB",6.69
2026-09-22T06:01:14.144Z,lorawan-gateway-evidence-collector-1,0.33,"10.38MiB / 192MiB",5.41
2026-09-22T06:01:14.144Z,seaweedfs,6.81,"182.1MiB / 256MiB",71.11
2026-09-22T06:01:14.144Z,seaweedfs-metadata-etcd,10.00,"81.25MiB / 96MiB",84.64
2026-09-22T06:01:14.144Z,openbao,1.27,"35.04MiB / 512MiB",6.84
2026-09-22T06:01:14.144Z,chirpstack,0.45,"58.53MiB / 1.922GiB",2.97
2026-09-22T06:01:14.144Z,spilo,4.65,"339.7MiB / 1.922GiB",17.26
2026-09-22T06:01:14.144Z,etcd,0.98,"46.99MiB / 1.922GiB",2.39
2026-09-22T06:01:21.453Z,lorawan-gateway-evidence-fabric-adapter-1,0.00,"12.79MiB / 192MiB",6.66
2026-09-22T06:01:21.453Z,lorawan-gateway-evidence-ingest-1,0.00,"12.84MiB / 192MiB",6.69
2026-09-22T06:01:21.453Z,lorawan-gateway-evidence-collector-1,0.36,"10.38MiB / 192MiB",5.41
2026-09-22T06:01:21.453Z,seaweedfs,0.68,"182.1MiB / 256MiB",71.11
2026-09-22T06:01:21.453Z,seaweedfs-metadata-etcd,0.88,"81.25MiB / 96MiB",84.63
2026-09-22T06:01:21.453Z,openbao,1.06,"35.04MiB / 512MiB",6.84
2026-09-22T06:01:21.453Z,chirpstack,0.28,"58.53MiB / 1.922GiB",2.97
2026-09-22T06:01:21.453Z,spilo,1.89,"339.7MiB / 1.922GiB",17.26
2026-09-22T06:01:21.453Z,etcd,0.90,"46.99MiB / 1.922GiB",2.39
2026-09-22T06:01:28.711Z,lorawan-gateway-evidence-fabric-adapter-1,0.10,"12.43MiB / 192MiB",6.47
2026-09-22T06:01:28.711Z,lorawan-gateway-evidence-ingest-1,0.00,"12.84MiB / 192MiB",6.69
2026-09-22T06:01:28.711Z,lorawan-gateway-evidence-collector-1,0.36,"10.38MiB / 192MiB",5.41
2026-09-22T06:01:28.711Z,seaweedfs,0.70,"182.1MiB / 256MiB",71.11
2026-09-22T06:01:28.711Z,seaweedfs-metadata-etcd,0.97,"81.25MiB / 96MiB",84.63
2026-09-22T06:01:28.711Z,openbao,1.70,"35.04MiB / 512MiB",6.84
2026-09-22T06:01:28.711Z,chirpstack,0.37,"58.53MiB / 1.922GiB",2.97
2026-09-22T06:01:28.711Z,spilo,3.37,"339.7MiB / 1.922GiB",17.26
2026-09-22T06:01:28.711Z,etcd,0.95,"46.99MiB / 1.922GiB",2.39
2026-09-22T06:01:35.910Z,lorawan-gateway-evidence-fabric-adapter-1,0.00,"12.43MiB / 192MiB",6.47
2026-09-22T06:01:35.910Z,lorawan-gateway-evidence-ingest-1,0.00,"12.84MiB / 192MiB",6.69
2026-09-22T06:01:35.910Z,lorawan-gateway-evidence-collector-1,0.33,"10.38MiB / 192MiB",5.41
2026-09-22T06:01:35.910Z,seaweedfs,0.83,"182.1MiB / 256MiB",71.11
2026-09-22T06:01:35.910Z,seaweedfs-metadata-etcd,1.15,"81.25MiB / 96MiB",84.63
2026-09-22T06:01:35.910Z,openbao,1.80,"35.04MiB / 512MiB",6.84
2026-09-22T06:01:35.910Z,chirpstack,0.34,"58.53MiB / 1.922GiB",2.97
2026-09-22T06:01:35.910Z,spilo,5.17,"339.7MiB / 1.922GiB",17.26
2026-09-22T06:01:35.910Z,etcd,0.95,"46.99MiB / 1.922GiB",2.39
2026-09-22T06:01:43.113Z,lorawan-gateway-evidence-fabric-adapter-1,0.00,"12.43MiB / 192MiB",6.47
2026-09-22T06:01:43.113Z,lorawan-gateway-evidence-ingest-1,0.06,"12.27MiB / 192MiB",6.39
2026-09-22T06:01:43.113Z,lorawan-gateway-evidence-collector-1,0.35,"9.691MiB / 192MiB",5.05
2026-09-22T06:01:43.113Z,seaweedfs,0.74,"182.1MiB / 256MiB",71.11
2026-09-22T06:01:43.113Z,seaweedfs-metadata-etcd,1.16,"81.25MiB / 96MiB",84.63
2026-09-22T06:01:43.113Z,openbao,1.74,"35.04MiB / 512MiB",6.84
2026-09-22T06:01:43.113Z,chirpstack,0.24,"58.53MiB / 1.922GiB",2.97
2026-09-22T06:01:43.113Z,spilo,2.02,"339.7MiB / 1.922GiB",17.26
2026-09-22T06:01:43.113Z,etcd,1.22,"46.99MiB / 1.922GiB",2.39
2026-09-22T06:01:50.325Z,lorawan-gateway-evidence-fabric-adapter-1,0.08,"12.43MiB / 192MiB",6.47
2026-09-22T06:01:50.325Z,lorawan-gateway-evidence-ingest-1,0.00,"12.27MiB / 192MiB",6.39
2026-09-22T06:01:50.325Z,lorawan-gateway-evidence-collector-1,0.26,"9.691MiB / 192MiB",5.05
2026-09-22T06:01:50.325Z,seaweedfs,4.17,"183.9MiB / 256MiB",71.85
2026-09-22T06:01:50.325Z,seaweedfs-metadata-etcd,7.13,"81.25MiB / 96MiB",84.64
2026-09-22T06:01:50.325Z,openbao,1.52,"35.04MiB / 512MiB",6.84
2026-09-22T06:01:50.325Z,chirpstack,0.30,"58.53MiB / 1.922GiB",2.97
2026-09-22T06:01:50.325Z,spilo,5.37,"339.7MiB / 1.922GiB",17.26
2026-09-22T06:01:50.325Z,etcd,0.67,"46.99MiB / 1.922GiB",2.39
2026-09-22T06:01:57.565Z,lorawan-gateway-evidence-fabric-adapter-1,0.00,"12.43MiB / 192MiB",6.47
2026-09-22T06:01:57.565Z,lorawan-gateway-evidence-ingest-1,0.00,"12.27MiB / 192MiB",6.39
2026-09-22T06:01:57.565Z,lorawan-gateway-evidence-collector-1,0.30,"9.691MiB / 192MiB",5.05
2026-09-22T06:01:57.565Z,seaweedfs,0.62,"182.5MiB / 256MiB",71.29
2026-09-22T06:01:57.565Z,seaweedfs-metadata-etcd,0.76,"81.25MiB / 96MiB",84.63
2026-09-22T06:01:57.565Z,openbao,1.53,"35.04MiB / 512MiB",6.84
2026-09-22T06:01:57.565Z,chirpstack,0.22,"58.53MiB / 1.922GiB",2.97
2026-09-22T06:01:57.565Z,spilo,2.05,"339.7MiB / 1.922GiB",17.26
2026-09-22T06:01:57.565Z,etcd,0.97,"46.99MiB / 1.922GiB",2.39
2026-09-22T06:02:04.753Z,lorawan-gateway-evidence-fabric-adapter-1,0.09,"12.43MiB / 192MiB",6.47
2026-09-22T06:02:04.753Z,lorawan-gateway-evidence-ingest-1,0.00,"12.27MiB / 192MiB",6.39
2026-09-22T06:02:04.753Z,lorawan-gateway-evidence-collector-1,0.37,"9.691MiB / 192MiB",5.05
2026-09-22T06:02:04.753Z,seaweedfs,0.76,"182.5MiB / 256MiB",71.29
2026-09-22T06:02:04.753Z,seaweedfs-metadata-etcd,1.08,"81.25MiB / 96MiB",84.63
2026-09-22T06:02:04.753Z,openbao,1.65,"35.04MiB / 512MiB",6.84
2026-09-22T06:02:04.753Z,chirpstack,0.34,"58.53MiB / 1.922GiB",2.97
2026-09-22T06:02:04.753Z,spilo,3.31,"339.7MiB / 1.922GiB",17.26
2026-09-22T06:02:04.753Z,etcd,1.02,"46.99MiB / 1.922GiB",2.39
2026-09-22T06:02:12.009Z,lorawan-gateway-evidence-fabric-adapter-1,0.00,"12.43MiB / 192MiB",6.47
2026-09-22T06:02:12.009Z,lorawan-gateway-evidence-ingest-1,0.00,"12.27MiB / 192MiB",6.39
2026-09-22T06:02:12.009Z,lorawan-gateway-evidence-collector-1,0.35,"9.691MiB / 192MiB",5.05
2026-09-22T06:02:12.009Z,seaweedfs,0.93,"182.5MiB / 256MiB",71.29
2026-09-22T06:02:12.009Z,seaweedfs-metadata-etcd,1.40,"81.25MiB / 96MiB",84.63
2026-09-22T06:02:12.009Z,openbao,1.65,"35.04MiB / 512MiB",6.84
2026-09-22T06:02:12.009Z,chirpstack,0.39,"58.53MiB / 1.922GiB",2.97
2026-09-22T06:02:12.009Z,spilo,5.33,"339.7MiB / 1.922GiB",17.26
2026-09-22T06:02:12.009Z,etcd,0.89,"46.99MiB / 1.922GiB",2.39
2026-09-22T06:02:19.213Z,lorawan-gateway-evidence-fabric-adapter-1,0.00,"12.43MiB / 192MiB",6.47
2026-09-22T06:02:19.213Z,lorawan-gateway-evidence-ingest-1,0.00,"12.27MiB / 192MiB",6.39
2026-09-22T06:02:19.213Z,lorawan-gateway-evidence-collector-1,0.39,"9.691MiB / 192MiB",5.05
2026-09-22T06:02:19.213Z,seaweedfs,0.75,"182.5MiB / 256MiB",71.29
2026-09-22T06:02:19.213Z,seaweedfs-metadata-etcd,1.30,"81.25MiB / 96MiB",84.64
2026-09-22T06:02:19.213Z,openbao,1.55,"35.04MiB / 512MiB",6.84
2026-09-22T06:02:19.213Z,chirpstack,0.26,"58.53MiB / 1.922GiB",2.97
2026-09-22T06:02:19.213Z,spilo,2.00,"339.7MiB / 1.922GiB",17.26
2026-09-22T06:02:19.213Z,etcd,1.32,"46.99MiB / 1.922GiB",2.39
2026-09-22T06:02:26.445Z,lorawan-gateway-evidence-fabric-adapter-1,0.11,"12.43MiB / 192MiB",6.47
2026-09-22T06:02:26.445Z,lorawan-gateway-evidence-ingest-1,0.00,"12.27MiB / 192MiB",6.39
2026-09-22T06:02:26.445Z,lorawan-gateway-evidence-collector-1,0.34,"9.691MiB / 192MiB",5.05
2026-09-22T06:02:26.445Z,seaweedfs,6.84,"182.5MiB / 256MiB",71.29
2026-09-22T06:02:26.445Z,seaweedfs-metadata-etcd,10.78,"81.25MiB / 96MiB",84.63
2026-09-22T06:02:26.445Z,openbao,1.52,"35.04MiB / 512MiB",6.84
2026-09-22T06:02:26.445Z,chirpstack,0.42,"58.53MiB / 1.922GiB",2.97
2026-09-22T06:02:26.445Z,spilo,5.77,"339.7MiB / 1.922GiB",17.26
2026-09-22T06:02:26.445Z,etcd,1.03,"46.99MiB / 1.922GiB",2.39
2026-09-22T06:02:33.757Z,lorawan-gateway-evidence-fabric-adapter-1,0.00,"12.43MiB / 192MiB",6.47
2026-09-22T06:02:33.757Z,lorawan-gateway-evidence-ingest-1,0.00,"12.27MiB / 192MiB",6.39
2026-09-22T06:02:33.757Z,lorawan-gateway-evidence-collector-1,0.35,"9.691MiB / 192MiB",5.05
2026-09-22T06:02:33.757Z,seaweedfs,0.55,"182.5MiB / 256MiB",71.29
2026-09-22T06:02:33.757Z,seaweedfs-metadata-etcd,0.91,"81.25MiB / 96MiB",84.63
2026-09-22T06:02:33.757Z,openbao,1.08,"35.04MiB / 512MiB",6.84
2026-09-22T06:02:33.757Z,chirpstack,0.24,"58.53MiB / 1.922GiB",2.97
2026-09-22T06:02:33.757Z,spilo,4.06,"339.7MiB / 1.922GiB",17.26
2026-09-22T06:02:33.757Z,etcd,0.93,"46.99MiB / 1.922GiB",2.39
2026-09-22T06:02:41.037Z,lorawan-gateway-evidence-fabric-adapter-1,0.09,"12.43MiB / 192MiB",6.47
2026-09-22T06:02:41.037Z,lorawan-gateway-evidence-ingest-1,0.00,"12.27MiB / 192MiB",6.39
2026-09-22T06:02:41.037Z,lorawan-gateway-evidence-collector-1,0.39,"9.691MiB / 192MiB",5.05
2026-09-22T06:02:41.037Z,seaweedfs,0.80,"182.5MiB / 256MiB",71.29
2026-09-22T06:02:41.037Z,seaweedfs-metadata-etcd,1.17,"81.25MiB / 96MiB",84.63
2026-09-22T06:02:41.037Z,openbao,1.19,"35.04MiB / 512MiB",6.84
2026-09-22T06:02:41.037Z,chirpstack,0.36,"58.53MiB / 1.922GiB",2.97
2026-09-22T06:02:41.037Z,spilo,3.48,"339.7MiB / 1.922GiB",17.26
2026-09-22T06:02:41.037Z,etcd,0.91,"46.99MiB / 1.922GiB",2.39
2026-09-22T06:02:48.223Z,lorawan-gateway-evidence-fabric-adapter-1,0.11,"12.43MiB / 192MiB",6.47
2026-09-22T06:02:48.223Z,lorawan-gateway-evidence-ingest-1,0.00,"12.27MiB / 192MiB",6.39
2026-09-22T06:02:48.223Z,lorawan-gateway-evidence-collector-1,0.28,"9.691MiB / 192MiB",5.05
2026-09-22T06:02:48.223Z,seaweedfs,0.59,"182.5MiB / 256MiB",71.29
2026-09-22T06:02:48.223Z,seaweedfs-metadata-etcd,0.98,"81.25MiB / 96MiB",84.63
2026-09-22T06:02:48.223Z,openbao,1.14,"35.04MiB / 512MiB",6.84
2026-09-22T06:02:48.223Z,chirpstack,0.31,"58.53MiB / 1.922GiB",2.97
2026-09-22T06:02:48.223Z,spilo,4.85,"339.7MiB / 1.922GiB",17.26
2026-09-22T06:02:48.223Z,etcd,0.93,"46.99MiB / 1.922GiB",2.39
2026-09-22T06:02:55.446Z,lorawan-gateway-evidence-fabric-adapter-1,0.00,"12.43MiB / 192MiB",6.47
2026-09-22T06:02:55.446Z,lorawan-gateway-evidence-ingest-1,0.00,"12.27MiB / 192MiB",6.39
2026-09-22T06:02:55.446Z,lorawan-gateway-evidence-collector-1,0.30,"9.691MiB / 192MiB",5.05
2026-09-22T06:02:55.446Z,seaweedfs,6.34,"182.5MiB / 256MiB",71.29
2026-09-22T06:02:55.446Z,seaweedfs-metadata-etcd,9.19,"81.25MiB / 96MiB",84.64
2026-09-22T06:02:55.446Z,openbao,1.20,"35.04MiB / 512MiB",6.84
2026-09-22T06:02:55.446Z,chirpstack,0.25,"58.53MiB / 1.922GiB",2.97
2026-09-22T06:02:55.446Z,spilo,2.32,"339.7MiB / 1.922GiB",17.26
2026-09-22T06:02:55.446Z,etcd,1.60,"46.99MiB / 1.922GiB",2.39
2026-09-22T06:03:02.681Z,lorawan-gateway-evidence-fabric-adapter-1,0.16,"12.43MiB / 192MiB",6.47
2026-09-22T06:03:02.681Z,lorawan-gateway-evidence-ingest-1,0.00,"12.27MiB / 192MiB",6.39
2026-09-22T06:03:02.681Z,lorawan-gateway-evidence-collector-1,0.40,"9.691MiB / 192MiB",5.05
2026-09-22T06:03:02.681Z,seaweedfs,0.82,"182.5MiB / 256MiB",71.29
2026-09-22T06:03:02.681Z,seaweedfs-metadata-etcd,1.45,"81.25MiB / 96MiB",84.63
2026-09-22T06:03:02.681Z,openbao,1.51,"35.04MiB / 512MiB",6.84
2026-09-22T06:03:02.681Z,chirpstack,0.35,"58.53MiB / 1.922GiB",2.97
2026-09-22T06:03:02.681Z,spilo,3.52,"339.7MiB / 1.922GiB",17.26
2026-09-22T06:03:02.681Z,etcd,1.02,"46.99MiB / 1.922GiB",2.39
2026-09-22T06:03:09.926Z,lorawan-gateway-evidence-fabric-adapter-1,0.00,"12.43MiB / 192MiB",6.47
2026-09-22T06:03:09.926Z,lorawan-gateway-evidence-ingest-1,0.00,"12.27MiB / 192MiB",6.39
2026-09-22T06:03:09.926Z,lorawan-gateway-evidence-collector-1,0.35,"9.691MiB / 192MiB",5.05
2026-09-22T06:03:09.926Z,seaweedfs,0.79,"182.5MiB / 256MiB",71.29
2026-09-22T06:03:09.926Z,seaweedfs-metadata-etcd,1.25,"81.25MiB / 96MiB",84.63
2026-09-22T06:03:09.926Z,openbao,1.31,"35.04MiB / 512MiB",6.84
2026-09-22T06:03:09.926Z,chirpstack,0.26,"58.53MiB / 1.922GiB",2.97
2026-09-22T06:03:09.926Z,spilo,6.37,"339.7MiB / 1.922GiB",17.26
2026-09-22T06:03:09.926Z,etcd,0.96,"46.99MiB / 1.922GiB",2.39
2026-09-22T06:03:17.198Z,lorawan-gateway-evidence-fabric-adapter-1,0.00,"12.43MiB / 192MiB",6.47
2026-09-22T06:03:17.198Z,lorawan-gateway-evidence-ingest-1,0.00,"12.2MiB / 192MiB",6.36
2026-09-22T06:03:17.198Z,lorawan-gateway-evidence-collector-1,0.36,"9.691MiB / 192MiB",5.05
2026-09-22T06:03:17.198Z,seaweedfs,0.65,"182.5MiB / 256MiB",71.29
2026-09-22T06:03:17.198Z,seaweedfs-metadata-etcd,0.85,"81.25MiB / 96MiB",84.63
2026-09-22T06:03:17.198Z,openbao,1.24,"35.04MiB / 512MiB",6.84
2026-09-22T06:03:17.198Z,chirpstack,0.24,"58.53MiB / 1.922GiB",2.97
2026-09-22T06:03:17.198Z,spilo,3.12,"339.7MiB / 1.922GiB",17.26
2026-09-22T06:03:17.198Z,etcd,0.95,"46.99MiB / 1.922GiB",2.39
2026-09-22T06:03:24.386Z,lorawan-gateway-evidence-fabric-adapter-1,0.09,"12.43MiB / 192MiB",6.47
2026-09-22T06:03:24.386Z,lorawan-gateway-evidence-ingest-1,0.00,"12.2MiB / 192MiB",6.36
2026-09-22T06:03:24.386Z,lorawan-gateway-evidence-collector-1,0.36,"9.691MiB / 192MiB",5.05
2026-09-22T06:03:24.386Z,seaweedfs,0.66,"182.5MiB / 256MiB",71.29
2026-09-22T06:03:24.386Z,seaweedfs-metadata-etcd,1.01,"71.82MiB / 96MiB",74.81
2026-09-22T06:03:24.386Z,openbao,1.18,"35.04MiB / 512MiB",6.84
2026-09-22T06:03:24.386Z,chirpstack,0.32,"58.53MiB / 1.922GiB",2.97
2026-09-22T06:03:24.386Z,spilo,6.44,"339.7MiB / 1.922GiB",17.26
2026-09-22T06:03:24.386Z,etcd,0.99,"46.99MiB / 1.922GiB",2.39
2026-09-22T06:03:31.559Z,lorawan-gateway-evidence-fabric-adapter-1,0.00,"11.87MiB / 192MiB",6.18
2026-09-22T06:03:31.559Z,lorawan-gateway-evidence-ingest-1,0.00,"12.2MiB / 192MiB",6.36
2026-09-22T06:03:31.559Z,lorawan-gateway-evidence-collector-1,0.35,"9.688MiB / 192MiB",5.05
2026-09-22T06:03:31.559Z,seaweedfs,6.24,"182.5MiB / 256MiB",71.29
2026-09-22T06:03:31.559Z,seaweedfs-metadata-etcd,11.49,"71.83MiB / 96MiB",74.82
2026-09-22T06:03:31.559Z,openbao,1.71,"35.04MiB / 512MiB",6.84
2026-09-22T06:03:31.559Z,chirpstack,0.21,"58.53MiB / 1.922GiB",2.97
2026-09-22T06:03:31.559Z,spilo,4.60,"336MiB / 1.922GiB",17.07
2026-09-22T06:03:31.559Z,etcd,0.91,"46.99MiB / 1.922GiB",2.39
2026-09-22T06:03:38.861Z,lorawan-gateway-evidence-fabric-adapter-1,0.08,"11.87MiB / 192MiB",6.18
2026-09-22T06:03:38.861Z,lorawan-gateway-evidence-ingest-1,0.00,"12.2MiB / 192MiB",6.36
2026-09-22T06:03:38.861Z,lorawan-gateway-evidence-collector-1,0.40,"9.688MiB / 192MiB",5.05
2026-09-22T06:03:38.861Z,seaweedfs,0.79,"183.5MiB / 256MiB",71.66
2026-09-22T06:03:38.861Z,seaweedfs-metadata-etcd,1.02,"71.82MiB / 96MiB",74.81
2026-09-22T06:03:38.861Z,openbao,2.15,"35.04MiB / 512MiB",6.84
2026-09-22T06:03:38.861Z,chirpstack,0.33,"58.53MiB / 1.922GiB",2.97
2026-09-22T06:03:38.861Z,spilo,2.62,"336MiB / 1.922GiB",17.07
2026-09-22T06:03:38.861Z,etcd,1.26,"46.99MiB / 1.922GiB",2.39
2026-09-22T06:03:46.038Z,lorawan-gateway-evidence-fabric-adapter-1,0.00,"11.87MiB / 192MiB",6.18
2026-09-22T06:03:46.038Z,lorawan-gateway-evidence-ingest-1,0.00,"12.2MiB / 192MiB",6.36
2026-09-22T06:03:46.038Z,lorawan-gateway-evidence-collector-1,0.36,"9.688MiB / 192MiB",5.05
2026-09-22T06:03:46.038Z,seaweedfs,0.89,"183.9MiB / 256MiB",71.82
2026-09-22T06:03:46.038Z,seaweedfs-metadata-etcd,6.33,"72.88MiB / 96MiB",75.92
2026-09-22T06:03:46.038Z,openbao,1.83,"35.04MiB / 512MiB",6.84
2026-09-22T06:03:46.038Z,chirpstack,0.30,"58.53MiB / 1.922GiB",2.97
2026-09-22T06:03:46.038Z,spilo,5.15,"332.9MiB / 1.922GiB",16.91
2026-09-22T06:03:46.038Z,etcd,1.51,"46.99MiB / 1.922GiB",2.39
2026-09-22T06:03:53.267Z,lorawan-gateway-evidence-fabric-adapter-1,0.00,"11.87MiB / 192MiB",6.18
2026-09-22T06:03:53.267Z,lorawan-gateway-evidence-ingest-1,0.00,"12.2MiB / 192MiB",6.36
2026-09-22T06:03:53.267Z,lorawan-gateway-evidence-collector-1,0.40,"9.688MiB / 192MiB",5.05
2026-09-22T06:03:53.267Z,seaweedfs,0.73,"181.9MiB / 256MiB",71.06
2026-09-22T06:03:53.267Z,seaweedfs-metadata-etcd,1.27,"72.88MiB / 96MiB",75.92
2026-09-22T06:03:53.267Z,openbao,1.92,"35.04MiB / 512MiB",6.84
2026-09-22T06:03:53.267Z,chirpstack,0.29,"58.53MiB / 1.922GiB",2.97
2026-09-22T06:03:53.267Z,spilo,2.10,"332.9MiB / 1.922GiB",16.91
2026-09-22T06:03:53.267Z,etcd,0.86,"46.99MiB / 1.922GiB",2.39
2026-09-22T06:04:00.491Z,lorawan-gateway-evidence-fabric-adapter-1,0.10,"11.87MiB / 192MiB",6.18
2026-09-22T06:04:00.491Z,lorawan-gateway-evidence-ingest-1,0.00,"12.2MiB / 192MiB",6.36
2026-09-22T06:04:00.491Z,lorawan-gateway-evidence-collector-1,0.41,"9.688MiB / 192MiB",5.05
2026-09-22T06:04:00.491Z,seaweedfs,1.30,"182MiB / 256MiB",71.10
2026-09-22T06:04:00.491Z,seaweedfs-metadata-etcd,1.90,"72.88MiB / 96MiB",75.92
2026-09-22T06:04:00.491Z,openbao,2.36,"35.04MiB / 512MiB",6.84
2026-09-22T06:04:00.491Z,chirpstack,0.31,"58.53MiB / 1.922GiB",2.97
2026-09-22T06:04:00.491Z,spilo,6.22,"332.5MiB / 1.922GiB",16.90
2026-09-22T06:04:00.491Z,etcd,1.02,"46.99MiB / 1.922GiB",2.39
2026-09-22T06:04:07.837Z,lorawan-gateway-evidence-fabric-adapter-1,0.00,"11.87MiB / 192MiB",6.18
2026-09-22T06:04:07.837Z,lorawan-gateway-evidence-ingest-1,0.00,"12.2MiB / 192MiB",6.36
2026-09-22T06:04:07.837Z,lorawan-gateway-evidence-collector-1,0.33,"9.688MiB / 192MiB",5.05
2026-09-22T06:04:07.837Z,seaweedfs,6.05,"182MiB / 256MiB",71.10
2026-09-22T06:04:07.837Z,seaweedfs-metadata-etcd,9.94,"72.9MiB / 96MiB",75.94
2026-09-22T06:04:07.837Z,openbao,1.75,"35.04MiB / 512MiB",6.84
2026-09-22T06:04:07.837Z,chirpstack,0.34,"58.53MiB / 1.922GiB",2.97
2026-09-22T06:04:07.837Z,spilo,3.54,"332.5MiB / 1.922GiB",16.90
2026-09-22T06:04:07.837Z,etcd,1.09,"46.99MiB / 1.922GiB",2.39
2026-09-22T06:04:15.203Z,lorawan-gateway-evidence-fabric-adapter-1,0.00,"11.87MiB / 192MiB",6.18
2026-09-22T06:04:15.203Z,lorawan-gateway-evidence-ingest-1,0.00,"12.2MiB / 192MiB",6.36
2026-09-22T06:04:15.203Z,lorawan-gateway-evidence-collector-1,0.40,"9.688MiB / 192MiB",5.05
2026-09-22T06:04:15.203Z,seaweedfs,0.68,"182MiB / 256MiB",71.10
2026-09-22T06:04:15.203Z,seaweedfs-metadata-etcd,1.22,"72.88MiB / 96MiB",75.92
2026-09-22T06:04:15.203Z,openbao,2.13,"35.04MiB / 512MiB",6.84
2026-09-22T06:04:15.203Z,chirpstack,0.30,"58.53MiB / 1.922GiB",2.97
2026-09-22T06:04:15.203Z,spilo,3.18,"332.5MiB / 1.922GiB",16.90
2026-09-22T06:04:15.203Z,etcd,1.18,"46.99MiB / 1.922GiB",2.39
2026-09-22T06:04:22.416Z,lorawan-gateway-evidence-fabric-adapter-1,0.09,"11.87MiB / 192MiB",6.18
2026-09-22T06:04:22.416Z,lorawan-gateway-evidence-ingest-1,0.00,"12.2MiB / 192MiB",6.36
2026-09-22T06:04:22.416Z,lorawan-gateway-evidence-collector-1,0.42,"9.688MiB / 192MiB",5.05
2026-09-22T06:04:22.416Z,seaweedfs,1.42,"182MiB / 256MiB",71.10
2026-09-22T06:04:22.416Z,seaweedfs-metadata-etcd,1.36,"72.88MiB / 96MiB",75.92
2026-09-22T06:04:22.416Z,openbao,1.99,"35.04MiB / 512MiB",6.84
2026-09-22T06:04:22.416Z,chirpstack,0.37,"58.53MiB / 1.922GiB",2.97
2026-09-22T06:04:22.416Z,spilo,4.79,"332.5MiB / 1.922GiB",16.90
2026-09-22T06:04:22.416Z,etcd,1.11,"46.99MiB / 1.922GiB",2.39
2026-09-22T06:04:29.645Z,lorawan-gateway-evidence-fabric-adapter-1,0.00,"11.87MiB / 192MiB",6.18
2026-09-22T06:04:29.645Z,lorawan-gateway-evidence-ingest-1,0.00,"12.2MiB / 192MiB",6.36
2026-09-22T06:04:29.645Z,lorawan-gateway-evidence-collector-1,0.49,"9.688MiB / 192MiB",5.05
2026-09-22T06:04:29.645Z,seaweedfs,0.86,"182MiB / 256MiB",71.10
2026-09-22T06:04:29.645Z,seaweedfs-metadata-etcd,1.37,"72.88MiB / 96MiB",75.92
2026-09-22T06:04:29.645Z,openbao,1.83,"35.04MiB / 512MiB",6.84
2026-09-22T06:04:29.645Z,chirpstack,0.26,"58.53MiB / 1.922GiB",2.97
2026-09-22T06:04:29.645Z,spilo,4.65,"332.5MiB / 1.922GiB",16.90
2026-09-22T06:04:29.645Z,etcd,1.08,"46.99MiB / 1.922GiB",2.39
2026-09-22T06:04:36.930Z,lorawan-gateway-evidence-fabric-adapter-1,0.11,"11.87MiB / 192MiB",6.18
2026-09-22T06:04:36.930Z,lorawan-gateway-evidence-ingest-1,0.00,"12.2MiB / 192MiB",6.36
2026-09-22T06:04:36.930Z,lorawan-gateway-evidence-collector-1,0.34,"9.688MiB / 192MiB",5.05
2026-09-22T06:04:36.930Z,seaweedfs,7.58,"182MiB / 256MiB",71.10
2026-09-22T06:04:36.930Z,seaweedfs-metadata-etcd,11.48,"72.89MiB / 96MiB",75.92
2026-09-22T06:04:36.930Z,openbao,2.34,"35.04MiB / 512MiB",6.84
2026-09-22T06:04:36.930Z,chirpstack,0.35,"58.53MiB / 1.922GiB",2.97
2026-09-22T06:04:36.930Z,spilo,2.59,"332.5MiB / 1.922GiB",16.90
2026-09-22T06:04:36.930Z,etcd,0.86,"46.99MiB / 1.922GiB",2.39
2026-09-22T06:04:44.186Z,lorawan-gateway-evidence-fabric-adapter-1,0.10,"11.87MiB / 192MiB",6.18
2026-09-22T06:04:44.186Z,lorawan-gateway-evidence-ingest-1,0.00,"12.2MiB / 192MiB",6.36
2026-09-22T06:04:44.186Z,lorawan-gateway-evidence-collector-1,0.40,"9.688MiB / 192MiB",5.05
2026-09-22T06:04:44.186Z,seaweedfs,0.66,"182MiB / 256MiB",71.10
2026-09-22T06:04:44.186Z,seaweedfs-metadata-etcd,1.35,"72.88MiB / 96MiB",75.92
2026-09-22T06:04:44.186Z,openbao,1.94,"35.04MiB / 512MiB",6.84
2026-09-22T06:04:44.186Z,chirpstack,0.38,"58.53MiB / 1.922GiB",2.97
2026-09-22T06:04:44.186Z,spilo,5.73,"332.5MiB / 1.922GiB",16.90
2026-09-22T06:04:44.186Z,etcd,1.02,"46.99MiB / 1.922GiB",2.39
2026-09-22T06:04:51.478Z,lorawan-gateway-evidence-fabric-adapter-1,0.00,"11.87MiB / 192MiB",6.18
2026-09-22T06:04:51.478Z,lorawan-gateway-evidence-ingest-1,0.00,"12.2MiB / 192MiB",6.36
2026-09-22T06:04:51.478Z,lorawan-gateway-evidence-collector-1,0.35,"9.688MiB / 192MiB",5.05
2026-09-22T06:04:51.478Z,seaweedfs,0.79,"182MiB / 256MiB",71.10
2026-09-22T06:04:51.478Z,seaweedfs-metadata-etcd,1.30,"72.88MiB / 96MiB",75.92
2026-09-22T06:04:51.478Z,openbao,2.12,"35.04MiB / 512MiB",6.84
2026-09-22T06:04:51.478Z,chirpstack,0.22,"58.53MiB / 1.922GiB",2.97
2026-09-22T06:04:51.478Z,spilo,2.46,"332.5MiB / 1.922GiB",16.90
2026-09-22T06:04:51.478Z,etcd,1.28,"46.99MiB / 1.922GiB",2.39
2026-09-22T06:04:58.715Z,lorawan-gateway-evidence-fabric-adapter-1,0.10,"11.87MiB / 192MiB",6.18
2026-09-22T06:04:58.715Z,lorawan-gateway-evidence-ingest-1,0.00,"12.2MiB / 192MiB",6.36
2026-09-22T06:04:58.715Z,lorawan-gateway-evidence-collector-1,0.39,"9.688MiB / 192MiB",5.05
2026-09-22T06:04:58.715Z,seaweedfs,0.87,"182MiB / 256MiB",71.10
2026-09-22T06:04:58.715Z,seaweedfs-metadata-etcd,1.26,"72.88MiB / 96MiB",75.92
2026-09-22T06:04:58.715Z,openbao,2.55,"35.04MiB / 512MiB",6.84
2026-09-22T06:04:58.715Z,chirpstack,0.40,"58.53MiB / 1.922GiB",2.97
2026-09-22T06:04:58.715Z,spilo,3.54,"332.5MiB / 1.922GiB",16.90
2026-09-22T06:04:58.715Z,etcd,1.27,"46.99MiB / 1.922GiB",2.39
2026-09-22T06:05:05.933Z,lorawan-gateway-evidence-fabric-adapter-1,0.26,"11.87MiB / 192MiB",6.18
2026-09-22T06:05:05.933Z,lorawan-gateway-evidence-ingest-1,0.00,"12.2MiB / 192MiB",6.36
2026-09-22T06:05:05.933Z,lorawan-gateway-evidence-collector-1,0.41,"9.688MiB / 192MiB",5.05
2026-09-22T06:05:05.933Z,seaweedfs,1.73,"182MiB / 256MiB",71.10
2026-09-22T06:05:05.933Z,seaweedfs-metadata-etcd,2.10,"72.88MiB / 96MiB",75.92
2026-09-22T06:05:05.933Z,openbao,2.53,"35.04MiB / 512MiB",6.84
2026-09-22T06:05:05.933Z,chirpstack,1.25,"58.53MiB / 1.922GiB",2.97
2026-09-22T06:05:05.933Z,spilo,12.24,"332.5MiB / 1.922GiB",16.90
2026-09-22T06:05:05.933Z,etcd,4.29,"46.99MiB / 1.922GiB",2.39
2026-09-22T06:05:13.389Z,lorawan-gateway-evidence-fabric-adapter-1,0.00,"11.87MiB / 192MiB",6.18
2026-09-22T06:05:13.389Z,lorawan-gateway-evidence-ingest-1,0.00,"12.2MiB / 192MiB",6.36
2026-09-22T06:05:13.389Z,lorawan-gateway-evidence-collector-1,0.39,"9.688MiB / 192MiB",5.05
2026-09-22T06:05:13.389Z,seaweedfs,6.25,"182MiB / 256MiB",71.10
2026-09-22T06:05:13.389Z,seaweedfs-metadata-etcd,11.30,"72.89MiB / 96MiB",75.93
2026-09-22T06:05:13.389Z,openbao,1.67,"35.04MiB / 512MiB",6.84
2026-09-22T06:05:13.389Z,chirpstack,0.32,"58.53MiB / 1.922GiB",2.97
2026-09-22T06:05:13.389Z,spilo,2.25,"332.5MiB / 1.922GiB",16.90
2026-09-22T06:05:13.389Z,etcd,0.98,"46.99MiB / 1.922GiB",2.39
2026-09-22T06:05:20.708Z,lorawan-gateway-evidence-fabric-adapter-1,0.08,"11.87MiB / 192MiB",6.18
2026-09-22T06:05:20.708Z,lorawan-gateway-evidence-ingest-1,0.00,"12.2MiB / 192MiB",6.36
2026-09-22T06:05:20.708Z,lorawan-gateway-evidence-collector-1,0.40,"9.688MiB / 192MiB",5.05
2026-09-22T06:05:20.708Z,seaweedfs,0.97,"182MiB / 256MiB",71.10
2026-09-22T06:05:20.708Z,seaweedfs-metadata-etcd,0.96,"72.75MiB / 96MiB",75.78
2026-09-22T06:05:20.708Z,openbao,1.47,"35.04MiB / 512MiB",6.84
2026-09-22T06:05:20.708Z,chirpstack,0.34,"58.53MiB / 1.922GiB",2.97
2026-09-22T06:05:20.708Z,spilo,3.30,"332.5MiB / 1.922GiB",16.90
2026-09-22T06:05:20.708Z,etcd,1.08,"46.99MiB / 1.922GiB",2.39
2026-09-22T06:05:27.934Z,lorawan-gateway-evidence-fabric-adapter-1,0.00,"11.74MiB / 192MiB",6.12
2026-09-22T06:05:27.934Z,lorawan-gateway-evidence-ingest-1,0.00,"12.2MiB / 192MiB",6.36
2026-09-22T06:05:27.934Z,lorawan-gateway-evidence-collector-1,0.42,"9.688MiB / 192MiB",5.05
2026-09-22T06:05:27.934Z,seaweedfs,0.87,"182MiB / 256MiB",71.10
2026-09-22T06:05:27.934Z,seaweedfs-metadata-etcd,1.66,"72.75MiB / 96MiB",75.78
2026-09-22T06:05:27.934Z,openbao,1.37,"35.04MiB / 512MiB",6.84
2026-09-22T06:05:27.934Z,chirpstack,0.35,"58.53MiB / 1.922GiB",2.97
2026-09-22T06:05:27.934Z,spilo,5.09,"329.1MiB / 1.922GiB",16.72
2026-09-22T06:05:27.934Z,etcd,1.23,"46.99MiB / 1.922GiB",2.39
2026-09-22T06:05:35.171Z,lorawan-gateway-evidence-fabric-adapter-1,0.00,"11.74MiB / 192MiB",6.12
2026-09-22T06:05:35.171Z,lorawan-gateway-evidence-ingest-1,0.00,"12.2MiB / 192MiB",6.36
2026-09-22T06:05:35.171Z,lorawan-gateway-evidence-collector-1,0.38,"9.688MiB / 192MiB",5.05
2026-09-22T06:05:35.171Z,seaweedfs,0.74,"182MiB / 256MiB",71.10
2026-09-22T06:05:35.171Z,seaweedfs-metadata-etcd,1.25,"72.75MiB / 96MiB",75.78
2026-09-22T06:05:35.171Z,openbao,1.51,"35.04MiB / 512MiB",6.84
2026-09-22T06:05:35.171Z,chirpstack,0.44,"58.53MiB / 1.922GiB",2.97
2026-09-22T06:05:35.171Z,spilo,2.70,"329.1MiB / 1.922GiB",16.72
2026-09-22T06:05:35.171Z,etcd,1.35,"46.99MiB / 1.922GiB",2.39
2026-09-22T06:05:42.382Z,lorawan-gateway-evidence-fabric-adapter-1,0.10,"11.74MiB / 192MiB",6.12
2026-09-22T06:05:42.382Z,lorawan-gateway-evidence-ingest-1,0.05,"12.06MiB / 192MiB",6.28
2026-09-22T06:05:42.382Z,lorawan-gateway-evidence-collector-1,0.65,"9.508MiB / 192MiB",4.95
2026-09-22T06:05:42.382Z,seaweedfs,1.07,"182.1MiB / 256MiB",71.15
2026-09-22T06:05:42.382Z,seaweedfs-metadata-etcd,1.08,"72.75MiB / 96MiB",75.78
2026-09-22T06:05:42.382Z,openbao,1.20,"35.04MiB / 512MiB",6.84
2026-09-22T06:05:42.382Z,chirpstack,0.36,"58.53MiB / 1.922GiB",2.97
2026-09-22T06:05:42.382Z,spilo,4.88,"329.1MiB / 1.922GiB",16.72
2026-09-22T06:05:42.382Z,etcd,1.13,"46.99MiB / 1.922GiB",2.39
2026-09-22T06:05:49.594Z,lorawan-gateway-evidence-fabric-adapter-1,0.00,"11.74MiB / 192MiB",6.12
2026-09-22T06:05:49.594Z,lorawan-gateway-evidence-ingest-1,0.00,"12.06MiB / 192MiB",6.28
2026-09-22T06:05:49.594Z,lorawan-gateway-evidence-collector-1,0.34,"9.508MiB / 192MiB",4.95
2026-09-22T06:05:49.594Z,seaweedfs,5.67,"182.6MiB / 256MiB",71.34
2026-09-22T06:05:49.594Z,seaweedfs-metadata-etcd,10.74,"72.76MiB / 96MiB",75.79
2026-09-22T06:05:49.594Z,openbao,1.77,"35.04MiB / 512MiB",6.84
2026-09-22T06:05:49.594Z,chirpstack,0.25,"58.53MiB / 1.922GiB",2.97
2026-09-22T06:05:49.594Z,spilo,3.25,"329.1MiB / 1.922GiB",16.72
2026-09-22T06:05:49.594Z,etcd,0.91,"46.99MiB / 1.922GiB",2.39
2026-09-22T06:05:56.885Z,lorawan-gateway-evidence-fabric-adapter-1,0.10,"11.74MiB / 192MiB",6.12
2026-09-22T06:05:56.885Z,lorawan-gateway-evidence-ingest-1,0.00,"12.06MiB / 192MiB",6.28
2026-09-22T06:05:56.885Z,lorawan-gateway-evidence-collector-1,0.40,"9.508MiB / 192MiB",4.95
2026-09-22T06:05:56.885Z,seaweedfs,0.85,"182.6MiB / 256MiB",71.34
2026-09-22T06:05:56.885Z,seaweedfs-metadata-etcd,1.16,"72.75MiB / 96MiB",75.78
2026-09-22T06:05:56.885Z,openbao,1.62,"35.04MiB / 512MiB",6.84
2026-09-22T06:05:56.885Z,chirpstack,0.56,"58.53MiB / 1.922GiB",2.97
2026-09-22T06:05:56.885Z,spilo,3.07,"329.1MiB / 1.922GiB",16.72
2026-09-22T06:05:56.885Z,etcd,1.04,"46.99MiB / 1.922GiB",2.39
2026-09-22T06:06:04.167Z,lorawan-gateway-evidence-fabric-adapter-1,0.10,"11.74MiB / 192MiB",6.12
2026-09-22T06:06:04.167Z,lorawan-gateway-evidence-ingest-1,0.00,"12.06MiB / 192MiB",6.28
2026-09-22T06:06:04.167Z,lorawan-gateway-evidence-collector-1,0.45,"9.508MiB / 192MiB",4.95
2026-09-22T06:06:04.167Z,seaweedfs,1.04,"182.6MiB / 256MiB",71.34
2026-09-22T06:06:04.167Z,seaweedfs-metadata-etcd,1.47,"72.75MiB / 96MiB",75.78
2026-09-22T06:06:04.167Z,openbao,1.50,"35.04MiB / 512MiB",6.84
2026-09-22T06:06:04.167Z,chirpstack,0.30,"58.53MiB / 1.922GiB",2.97
2026-09-22T06:06:04.167Z,spilo,7.13,"329.1MiB / 1.922GiB",16.72
2026-09-22T06:06:04.167Z,etcd,1.94,"46.99MiB / 1.922GiB",2.39
2026-09-22T06:06:11.567Z,lorawan-gateway-evidence-fabric-adapter-1,0.00,"11.74MiB / 192MiB",6.12
2026-09-22T06:06:11.567Z,lorawan-gateway-evidence-ingest-1,0.00,"12.06MiB / 192MiB",6.28
2026-09-22T06:06:11.567Z,lorawan-gateway-evidence-collector-1,0.37,"9.508MiB / 192MiB",4.95
2026-09-22T06:06:11.567Z,seaweedfs,0.88,"182.6MiB / 256MiB",71.34
2026-09-22T06:06:11.567Z,seaweedfs-metadata-etcd,1.46,"72.75MiB / 96MiB",75.78
2026-09-22T06:06:11.567Z,openbao,1.47,"35.04MiB / 512MiB",6.84
2026-09-22T06:06:11.567Z,chirpstack,0.29,"58.53MiB / 1.922GiB",2.97
2026-09-22T06:06:11.567Z,spilo,2.67,"329.1MiB / 1.922GiB",16.72
2026-09-22T06:06:11.567Z,etcd,1.00,"46.99MiB / 1.922GiB",2.39
2026-09-22T06:06:18.804Z,lorawan-gateway-evidence-fabric-adapter-1,0.06,"11.74MiB / 192MiB",6.12
2026-09-22T06:06:18.804Z,lorawan-gateway-evidence-ingest-1,0.00,"12.06MiB / 192MiB",6.28
2026-09-22T06:06:18.804Z,lorawan-gateway-evidence-collector-1,0.34,"9.508MiB / 192MiB",4.95
2026-09-22T06:06:18.804Z,seaweedfs,6.87,"182.6MiB / 256MiB",71.34
2026-09-22T06:06:18.804Z,seaweedfs-metadata-etcd,11.42,"72.76MiB / 96MiB",75.79
2026-09-22T06:06:18.804Z,openbao,1.27,"35.04MiB / 512MiB",6.84
2026-09-22T06:06:18.804Z,chirpstack,0.45,"58.53MiB / 1.922GiB",2.97
2026-09-22T06:06:18.804Z,spilo,3.31,"329.1MiB / 1.922GiB",16.72
2026-09-22T06:06:18.804Z,etcd,1.29,"46.99MiB / 1.922GiB",2.39
2026-09-22T06:06:26.156Z,lorawan-gateway-evidence-fabric-adapter-1,0.09,"11.74MiB / 192MiB",6.12
2026-09-22T06:06:26.156Z,lorawan-gateway-evidence-ingest-1,0.00,"12.06MiB / 192MiB",6.28
2026-09-22T06:06:26.156Z,lorawan-gateway-evidence-collector-1,0.38,"9.508MiB / 192MiB",4.95
2026-09-22T06:06:26.156Z,seaweedfs,0.91,"182.6MiB / 256MiB",71.34
2026-09-22T06:06:26.156Z,seaweedfs-metadata-etcd,1.54,"72.75MiB / 96MiB",75.78
2026-09-22T06:06:26.156Z,openbao,1.42,"35.04MiB / 512MiB",6.84
2026-09-22T06:06:26.156Z,chirpstack,0.30,"58.53MiB / 1.922GiB",2.97
2026-09-22T06:06:26.156Z,spilo,5.13,"329.1MiB / 1.922GiB",16.72
2026-09-22T06:06:26.156Z,etcd,1.40,"46.99MiB / 1.922GiB",2.39
2026-09-22T06:06:33.463Z,lorawan-gateway-evidence-fabric-adapter-1,0.00,"11.74MiB / 192MiB",6.12
2026-09-22T06:06:33.463Z,lorawan-gateway-evidence-ingest-1,0.00,"12.06MiB / 192MiB",6.28
2026-09-22T06:06:33.463Z,lorawan-gateway-evidence-collector-1,0.49,"9.508MiB / 192MiB",4.95
2026-09-22T06:06:33.463Z,seaweedfs,1.25,"182.6MiB / 256MiB",71.34
2026-09-22T06:06:33.463Z,seaweedfs-metadata-etcd,1.44,"72.75MiB / 96MiB",75.78
2026-09-22T06:06:33.463Z,openbao,2.18,"35.04MiB / 512MiB",6.84
2026-09-22T06:06:33.463Z,chirpstack,0.48,"58.53MiB / 1.922GiB",2.97
2026-09-22T06:06:33.463Z,spilo,3.09,"329.1MiB / 1.922GiB",16.72
2026-09-22T06:06:33.463Z,etcd,1.12,"46.99MiB / 1.922GiB",2.39
2026-09-22T06:06:40.732Z,lorawan-gateway-evidence-fabric-adapter-1,0.08,"11.74MiB / 192MiB",6.12
2026-09-22T06:06:40.732Z,lorawan-gateway-evidence-ingest-1,0.00,"12.06MiB / 192MiB",6.28
2026-09-22T06:06:40.732Z,lorawan-gateway-evidence-collector-1,0.39,"9.508MiB / 192MiB",4.95
2026-09-22T06:06:40.732Z,seaweedfs,0.87,"182.6MiB / 256MiB",71.34
2026-09-22T06:06:40.732Z,seaweedfs-metadata-etcd,1.02,"72.75MiB / 96MiB",75.78
2026-09-22T06:06:40.732Z,openbao,1.78,"35.04MiB / 512MiB",6.84
2026-09-22T06:06:40.732Z,chirpstack,0.38,"58.53MiB / 1.922GiB",2.97
2026-09-22T06:06:40.732Z,spilo,3.56,"329.1MiB / 1.922GiB",16.72
2026-09-22T06:06:40.732Z,etcd,1.03,"46.99MiB / 1.922GiB",2.39
2026-09-22T06:06:47.964Z,lorawan-gateway-evidence-fabric-adapter-1,0.00,"11.74MiB / 192MiB",6.12
2026-09-22T06:06:47.964Z,lorawan-gateway-evidence-ingest-1,0.00,"12.06MiB / 192MiB",6.28
2026-09-22T06:06:47.964Z,lorawan-gateway-evidence-collector-1,0.37,"9.508MiB / 192MiB",4.95
2026-09-22T06:06:47.964Z,seaweedfs,1.03,"182.6MiB / 256MiB",71.34
2026-09-22T06:06:47.964Z,seaweedfs-metadata-etcd,1.27,"72.75MiB / 96MiB",75.78
2026-09-22T06:06:47.964Z,openbao,1.95,"35.04MiB / 512MiB",6.84
2026-09-22T06:06:47.964Z,chirpstack,0.25,"58.53MiB / 1.922GiB",2.97
2026-09-22T06:06:47.964Z,spilo,4.66,"329.1MiB / 1.922GiB",16.72
2026-09-22T06:06:47.964Z,etcd,1.14,"46.99MiB / 1.922GiB",2.39
2026-09-22T06:06:55.225Z,lorawan-gateway-evidence-fabric-adapter-1,0.00,"11.74MiB / 192MiB",6.12
2026-09-22T06:06:55.225Z,lorawan-gateway-evidence-ingest-1,0.00,"12.06MiB / 192MiB",6.28
2026-09-22T06:06:55.225Z,lorawan-gateway-evidence-collector-1,0.39,"9.508MiB / 192MiB",4.95
2026-09-22T06:06:55.225Z,seaweedfs,1.31,"182.6MiB / 256MiB",71.34
2026-09-22T06:06:55.225Z,seaweedfs-metadata-etcd,3.22,"72.75MiB / 96MiB",75.78
2026-09-22T06:06:55.225Z,openbao,1.78,"35.04MiB / 512MiB",6.84
2026-09-22T06:06:55.225Z,chirpstack,0.52,"58.53MiB / 1.922GiB",2.97
2026-09-22T06:06:55.225Z,spilo,4.08,"329.1MiB / 1.922GiB",16.72
2026-09-22T06:06:55.225Z,etcd,1.36,"46.99MiB / 1.922GiB",2.39
2026-09-22T06:07:02.496Z,lorawan-gateway-evidence-fabric-adapter-1,0.10,"11.74MiB / 192MiB",6.12
2026-09-22T06:07:02.496Z,lorawan-gateway-evidence-ingest-1,0.00,"12.06MiB / 192MiB",6.28
2026-09-22T06:07:02.496Z,lorawan-gateway-evidence-collector-1,0.67,"9.508MiB / 192MiB",4.95
2026-09-22T06:07:02.496Z,seaweedfs,1.42,"182.6MiB / 256MiB",71.34
2026-09-22T06:07:02.496Z,seaweedfs-metadata-etcd,2.57,"72.75MiB / 96MiB",75.78
2026-09-22T06:07:02.496Z,openbao,2.26,"35.04MiB / 512MiB",6.84
2026-09-22T06:07:02.496Z,chirpstack,0.89,"58.53MiB / 1.922GiB",2.97
2026-09-22T06:07:02.496Z,spilo,10.65,"329.1MiB / 1.922GiB",16.72
2026-09-22T06:07:02.496Z,etcd,3.45,"46.99MiB / 1.922GiB",2.39
2026-09-22T06:07:09.979Z,lorawan-gateway-evidence-fabric-adapter-1,0.00,"11.74MiB / 192MiB",6.12
2026-09-22T06:07:09.979Z,lorawan-gateway-evidence-ingest-1,0.00,"12.06MiB / 192MiB",6.28
2026-09-22T06:07:09.979Z,lorawan-gateway-evidence-collector-1,0.41,"9.508MiB / 192MiB",4.95
2026-09-22T06:07:09.979Z,seaweedfs,0.93,"182.6MiB / 256MiB",71.34
2026-09-22T06:07:09.979Z,seaweedfs-metadata-etcd,1.24,"72.75MiB / 96MiB",75.78
2026-09-22T06:07:09.979Z,openbao,1.71,"35.04MiB / 512MiB",6.84
2026-09-22T06:07:09.979Z,chirpstack,0.74,"58.53MiB / 1.922GiB",2.97
2026-09-22T06:07:09.979Z,spilo,8.54,"329.1MiB / 1.922GiB",16.72
2026-09-22T06:07:09.979Z,etcd,1.26,"46.99MiB / 1.922GiB",2.39
2026-09-22T06:07:17.210Z,lorawan-gateway-evidence-fabric-adapter-1,0.00,"11.74MiB / 192MiB",6.12
2026-09-22T06:07:17.210Z,lorawan-gateway-evidence-ingest-1,0.00,"12.06MiB / 192MiB",6.28
2026-09-22T06:07:17.210Z,lorawan-gateway-evidence-collector-1,0.41,"9.508MiB / 192MiB",4.95
2026-09-22T06:07:17.210Z,seaweedfs,0.92,"182.6MiB / 256MiB",71.34
2026-09-22T06:07:17.210Z,seaweedfs-metadata-etcd,1.38,"72.75MiB / 96MiB",75.78
2026-09-22T06:07:17.210Z,openbao,2.14,"35.04MiB / 512MiB",6.84
2026-09-22T06:07:17.210Z,chirpstack,0.48,"58.53MiB / 1.922GiB",2.97
2026-09-22T06:07:17.210Z,spilo,3.39,"329.1MiB / 1.922GiB",16.72
2026-09-22T06:07:17.210Z,etcd,1.45,"46.99MiB / 1.922GiB",2.39
2026-09-22T06:07:24.473Z,lorawan-gateway-evidence-fabric-adapter-1,0.10,"11.74MiB / 192MiB",6.12
2026-09-22T06:07:24.473Z,lorawan-gateway-evidence-ingest-1,0.00,"12.06MiB / 192MiB",6.28
2026-09-22T06:07:24.473Z,lorawan-gateway-evidence-collector-1,0.42,"9.508MiB / 192MiB",4.95
2026-09-22T06:07:24.473Z,seaweedfs,0.87,"182.6MiB / 256MiB",71.34
2026-09-22T06:07:24.473Z,seaweedfs-metadata-etcd,2.34,"70.83MiB / 96MiB",73.78
2026-09-22T06:07:24.473Z,openbao,1.59,"35.04MiB / 512MiB",6.84
2026-09-22T06:07:24.473Z,chirpstack,0.45,"58.53MiB / 1.922GiB",2.97
2026-09-22T06:07:24.473Z,spilo,6.93,"329.1MiB / 1.922GiB",16.72
2026-09-22T06:07:24.473Z,etcd,1.53,"46.99MiB / 1.922GiB",2.39
2026-09-22T06:07:31.740Z,lorawan-gateway-evidence-fabric-adapter-1,0.00,"11.74MiB / 192MiB",6.12
2026-09-22T06:07:31.740Z,lorawan-gateway-evidence-ingest-1,0.00,"12.06MiB / 192MiB",6.28
2026-09-22T06:07:31.740Z,lorawan-gateway-evidence-collector-1,0.31,"9.508MiB / 192MiB",4.95
2026-09-22T06:07:31.740Z,seaweedfs,11.62,"182.1MiB / 256MiB",71.13
2026-09-22T06:07:31.740Z,seaweedfs-metadata-etcd,11.28,"70.84MiB / 96MiB",73.79
2026-09-22T06:07:31.740Z,openbao,1.97,"35.04MiB / 512MiB",6.84
2026-09-22T06:07:31.740Z,chirpstack,0.34,"58.53MiB / 1.922GiB",2.97
2026-09-22T06:07:31.740Z,spilo,4.56,"329.1MiB / 1.922GiB",16.72
2026-09-22T06:07:31.740Z,etcd,0.87,"46.99MiB / 1.922GiB",2.39
2026-09-22T06:07:39.105Z,lorawan-gateway-evidence-fabric-adapter-1,0.00,"11.74MiB / 192MiB",6.12
2026-09-22T06:07:39.105Z,lorawan-gateway-evidence-ingest-1,0.00,"12.06MiB / 192MiB",6.28
2026-09-22T06:07:39.105Z,lorawan-gateway-evidence-collector-1,0.39,"9.508MiB / 192MiB",4.95
2026-09-22T06:07:39.105Z,seaweedfs,0.85,"182.1MiB / 256MiB",71.13
2026-09-22T06:07:39.105Z,seaweedfs-metadata-etcd,1.08,"70.83MiB / 96MiB",73.78
2026-09-22T06:07:39.105Z,openbao,1.74,"35.04MiB / 512MiB",6.84
2026-09-22T06:07:39.105Z,chirpstack,0.32,"58.53MiB / 1.922GiB",2.97
2026-09-22T06:07:39.105Z,spilo,4.20,"329.2MiB / 1.922GiB",16.73
2026-09-22T06:07:39.105Z,etcd,1.40,"46.99MiB / 1.922GiB",2.39
2026-09-22T06:07:46.335Z,lorawan-gateway-evidence-fabric-adapter-1,0.12,"11.74MiB / 192MiB",6.12
2026-09-22T06:07:46.335Z,lorawan-gateway-evidence-ingest-1,0.00,"12.06MiB / 192MiB",6.28
2026-09-22T06:07:46.335Z,lorawan-gateway-evidence-collector-1,0.33,"9.508MiB / 192MiB",4.95
2026-09-22T06:07:46.335Z,seaweedfs,0.96,"182.1MiB / 256MiB",71.13
2026-09-22T06:07:46.335Z,seaweedfs-metadata-etcd,1.06,"70.83MiB / 96MiB",73.78
2026-09-22T06:07:46.335Z,openbao,1.82,"35.04MiB / 512MiB",6.84
2026-09-22T06:07:46.335Z,chirpstack,0.27,"58.53MiB / 1.922GiB",2.97
2026-09-22T06:07:46.335Z,spilo,5.00,"329.1MiB / 1.922GiB",16.72
2026-09-22T06:07:46.335Z,etcd,1.20,"46.99MiB / 1.922GiB",2.39
2026-09-22T06:07:53.575Z,lorawan-gateway-evidence-fabric-adapter-1,0.00,"11.74MiB / 192MiB",6.12
2026-09-22T06:07:53.575Z,lorawan-gateway-evidence-ingest-1,0.00,"12.06MiB / 192MiB",6.28
2026-09-22T06:07:53.575Z,lorawan-gateway-evidence-collector-1,0.36,"9.508MiB / 192MiB",4.95
2026-09-22T06:07:53.575Z,seaweedfs,0.88,"182.1MiB / 256MiB",71.13
2026-09-22T06:07:53.575Z,seaweedfs-metadata-etcd,1.06,"70.83MiB / 96MiB",73.78
2026-09-22T06:07:53.575Z,openbao,2.63,"35.04MiB / 512MiB",6.84
2026-09-22T06:07:53.575Z,chirpstack,0.33,"58.53MiB / 1.922GiB",2.97
2026-09-22T06:07:53.575Z,spilo,3.65,"329.2MiB / 1.922GiB",16.73
2026-09-22T06:07:53.575Z,etcd,0.90,"46.99MiB / 1.922GiB",2.39
2026-09-22T06:08:00.831Z,lorawan-gateway-evidence-fabric-adapter-1,0.13,"11.74MiB / 192MiB",6.12
2026-09-22T06:08:00.831Z,lorawan-gateway-evidence-ingest-1,0.00,"12.06MiB / 192MiB",6.28
2026-09-22T06:08:00.831Z,lorawan-gateway-evidence-collector-1,0.48,"9.508MiB / 192MiB",4.95
2026-09-22T06:08:00.831Z,seaweedfs,9.42,"182.1MiB / 256MiB",71.13
2026-09-22T06:08:00.831Z,seaweedfs-metadata-etcd,15.65,"70.83MiB / 96MiB",73.78
2026-09-22T06:08:00.831Z,openbao,3.96,"35.04MiB / 512MiB",6.84
2026-09-22T06:08:00.831Z,chirpstack,1.48,"58.53MiB / 1.922GiB",2.97
2026-09-22T06:08:00.831Z,spilo,5.25,"329.1MiB / 1.922GiB",16.72
2026-09-22T06:08:00.831Z,etcd,1.15,"46.99MiB / 1.922GiB",2.39
2026-09-22T06:08:08.117Z,lorawan-gateway-evidence-fabric-adapter-1,0.10,"11.74MiB / 192MiB",6.12
2026-09-22T06:08:08.117Z,lorawan-gateway-evidence-ingest-1,0.00,"12.06MiB / 192MiB",6.28
2026-09-22T06:08:08.117Z,lorawan-gateway-evidence-collector-1,0.33,"9.508MiB / 192MiB",4.95
2026-09-22T06:08:08.117Z,seaweedfs,4.85,"182.1MiB / 256MiB",71.13
2026-09-22T06:08:08.117Z,seaweedfs-metadata-etcd,7.15,"70.83MiB / 96MiB",73.78
2026-09-22T06:08:08.117Z,openbao,2.00,"35.04MiB / 512MiB",6.84
2026-09-22T06:08:08.117Z,chirpstack,0.27,"58.53MiB / 1.922GiB",2.97
2026-09-22T06:08:08.117Z,spilo,5.47,"329.1MiB / 1.922GiB",16.72
2026-09-22T06:08:08.117Z,etcd,0.87,"46.99MiB / 1.922GiB",2.39
2026-09-22T06:08:15.408Z,lorawan-gateway-evidence-fabric-adapter-1,0.00,"11.74MiB / 192MiB",6.12
2026-09-22T06:08:15.408Z,lorawan-gateway-evidence-ingest-1,0.00,"12.06MiB / 192MiB",6.28
2026-09-22T06:08:15.408Z,lorawan-gateway-evidence-collector-1,0.40,"9.508MiB / 192MiB",4.95
2026-09-22T06:08:15.408Z,seaweedfs,0.67,"182.1MiB / 256MiB",71.13
2026-09-22T06:08:15.408Z,seaweedfs-metadata-etcd,1.42,"70.83MiB / 96MiB",73.78
2026-09-22T06:08:15.408Z,openbao,2.14,"35.04MiB / 512MiB",6.84
2026-09-22T06:08:15.408Z,chirpstack,0.32,"58.53MiB / 1.922GiB",2.97
2026-09-22T06:08:15.408Z,spilo,2.13,"329.1MiB / 1.922GiB",16.72
2026-09-22T06:08:15.408Z,etcd,1.79,"46.99MiB / 1.922GiB",2.39
2026-09-22T06:08:22.715Z,lorawan-gateway-evidence-fabric-adapter-1,0.10,"11.74MiB / 192MiB",6.12
2026-09-22T06:08:22.715Z,lorawan-gateway-evidence-ingest-1,0.00,"12.06MiB / 192MiB",6.28
2026-09-22T06:08:22.715Z,lorawan-gateway-evidence-collector-1,0.39,"9.508MiB / 192MiB",4.95
2026-09-22T06:08:22.715Z,seaweedfs,1.09,"182.1MiB / 256MiB",71.13
2026-09-22T06:08:22.715Z,seaweedfs-metadata-etcd,1.39,"70.83MiB / 96MiB",73.78
2026-09-22T06:08:22.715Z,openbao,1.97,"35.04MiB / 512MiB",6.84
2026-09-22T06:08:22.715Z,chirpstack,0.35,"58.53MiB / 1.922GiB",2.97
2026-09-22T06:08:22.715Z,spilo,2.70,"329.1MiB / 1.922GiB",16.72
2026-09-22T06:08:22.715Z,etcd,1.44,"46.99MiB / 1.922GiB",2.39
2026-09-22T06:08:29.950Z,lorawan-gateway-evidence-fabric-adapter-1,0.00,"11.74MiB / 192MiB",6.12
2026-09-22T06:08:29.950Z,lorawan-gateway-evidence-ingest-1,0.00,"12.06MiB / 192MiB",6.28
2026-09-22T06:08:29.950Z,lorawan-gateway-evidence-collector-1,0.37,"9.508MiB / 192MiB",4.95
2026-09-22T06:08:29.950Z,seaweedfs,0.75,"182.1MiB / 256MiB",71.13
2026-09-22T06:08:29.950Z,seaweedfs-metadata-etcd,1.25,"70.83MiB / 96MiB",73.78
2026-09-22T06:08:29.950Z,openbao,1.95,"35.04MiB / 512MiB",6.84
2026-09-22T06:08:29.950Z,chirpstack,0.28,"58.53MiB / 1.922GiB",2.97
2026-09-22T06:08:29.950Z,spilo,5.14,"329.1MiB / 1.922GiB",16.72
2026-09-22T06:08:29.950Z,etcd,1.15,"46.99MiB / 1.922GiB",2.39
2026-09-22T06:08:37.197Z,lorawan-gateway-evidence-fabric-adapter-1,0.00,"11.74MiB / 192MiB",6.12
2026-09-22T06:08:37.197Z,lorawan-gateway-evidence-ingest-1,0.00,"12.06MiB / 192MiB",6.28
2026-09-22T06:08:37.197Z,lorawan-gateway-evidence-collector-1,0.36,"9.508MiB / 192MiB",4.95
2026-09-22T06:08:37.197Z,seaweedfs,5.78,"182.1MiB / 256MiB",71.13
2026-09-22T06:08:37.197Z,seaweedfs-metadata-etcd,8.25,"70.83MiB / 96MiB",73.78
2026-09-22T06:08:37.197Z,openbao,1.48,"35.04MiB / 512MiB",6.84
2026-09-22T06:08:37.197Z,chirpstack,0.33,"58.53MiB / 1.922GiB",2.97
2026-09-22T06:08:37.197Z,spilo,2.45,"326.2MiB / 1.922GiB",16.58
2026-09-22T06:08:37.197Z,etcd,1.07,"47MiB / 1.922GiB",2.39
2026-09-22T06:08:44.448Z,lorawan-gateway-evidence-fabric-adapter-1,0.08,"11.74MiB / 192MiB",6.12
2026-09-22T06:08:44.448Z,lorawan-gateway-evidence-ingest-1,0.00,"12.06MiB / 192MiB",6.28
2026-09-22T06:08:44.448Z,lorawan-gateway-evidence-collector-1,0.35,"9.508MiB / 192MiB",4.95
2026-09-22T06:08:44.448Z,seaweedfs,0.79,"182.1MiB / 256MiB",71.13
2026-09-22T06:08:44.448Z,seaweedfs-metadata-etcd,1.51,"70.83MiB / 96MiB",73.78
2026-09-22T06:08:44.448Z,openbao,1.53,"35.04MiB / 512MiB",6.84
2026-09-22T06:08:44.448Z,chirpstack,0.30,"58.53MiB / 1.922GiB",2.97
2026-09-22T06:08:44.448Z,spilo,6.24,"326.2MiB / 1.922GiB",16.58
2026-09-22T06:08:44.448Z,etcd,0.89,"46.99MiB / 1.922GiB",2.39
2026-09-22T06:08:51.683Z,lorawan-gateway-evidence-fabric-adapter-1,0.00,"11.74MiB / 192MiB",6.12
2026-09-22T06:08:51.683Z,lorawan-gateway-evidence-ingest-1,0.00,"12.06MiB / 192MiB",6.28
2026-09-22T06:08:51.683Z,lorawan-gateway-evidence-collector-1,0.32,"9.508MiB / 192MiB",4.95
2026-09-22T06:08:51.683Z,seaweedfs,0.84,"182.1MiB / 256MiB",71.13
2026-09-22T06:08:51.683Z,seaweedfs-metadata-etcd,1.35,"70.83MiB / 96MiB",73.78
2026-09-22T06:08:51.683Z,openbao,1.75,"35.04MiB / 512MiB",6.84
2026-09-22T06:08:51.683Z,chirpstack,0.30,"58.53MiB / 1.922GiB",2.97
2026-09-22T06:08:51.683Z,spilo,4.37,"326.2MiB / 1.922GiB",16.58
2026-09-22T06:08:51.683Z,etcd,0.86,"46.99MiB / 1.922GiB",2.39
2026-09-22T06:08:58.932Z,lorawan-gateway-evidence-fabric-adapter-1,0.10,"11.74MiB / 192MiB",6.12
2026-09-22T06:08:58.932Z,lorawan-gateway-evidence-ingest-1,0.00,"12.06MiB / 192MiB",6.28
2026-09-22T06:08:58.932Z,lorawan-gateway-evidence-collector-1,0.38,"9.508MiB / 192MiB",4.95
2026-09-22T06:08:58.932Z,seaweedfs,0.81,"182.1MiB / 256MiB",71.13
2026-09-22T06:08:58.932Z,seaweedfs-metadata-etcd,1.21,"70.83MiB / 96MiB",73.78
2026-09-22T06:08:58.932Z,openbao,1.55,"35.04MiB / 512MiB",6.84
2026-09-22T06:08:58.932Z,chirpstack,0.37,"58.53MiB / 1.922GiB",2.97
2026-09-22T06:08:58.932Z,spilo,1.92,"326.2MiB / 1.922GiB",16.58
2026-09-22T06:08:58.932Z,etcd,1.35,"47MiB / 1.922GiB",2.39
2026-09-22T06:09:06.165Z,lorawan-gateway-evidence-fabric-adapter-1,0.11,"11.74MiB / 192MiB",6.12
2026-09-22T06:09:06.165Z,lorawan-gateway-evidence-ingest-1,0.00,"12.06MiB / 192MiB",6.28
2026-09-22T06:09:06.165Z,lorawan-gateway-evidence-collector-1,0.37,"9.508MiB / 192MiB",4.95
2026-09-22T06:09:06.165Z,seaweedfs,0.93,"182.1MiB / 256MiB",71.13
2026-09-22T06:09:06.165Z,seaweedfs-metadata-etcd,1.02,"70.83MiB / 96MiB",73.78
2026-09-22T06:09:06.165Z,openbao,1.97,"35.04MiB / 512MiB",6.84
2026-09-22T06:09:06.165Z,chirpstack,0.27,"58.53MiB / 1.922GiB",2.97
2026-09-22T06:09:06.165Z,spilo,5.16,"326.2MiB / 1.922GiB",16.58
2026-09-22T06:09:06.165Z,etcd,1.23,"46.99MiB / 1.922GiB",2.39
2026-09-22T06:09:13.422Z,lorawan-gateway-evidence-fabric-adapter-1,0.00,"11.74MiB / 192MiB",6.12
2026-09-22T06:09:13.422Z,lorawan-gateway-evidence-ingest-1,0.00,"12.06MiB / 192MiB",6.28
2026-09-22T06:09:13.422Z,lorawan-gateway-evidence-collector-1,0.38,"9.508MiB / 192MiB",4.95
2026-09-22T06:09:13.422Z,seaweedfs,5.75,"182.1MiB / 256MiB",71.13
2026-09-22T06:09:13.422Z,seaweedfs-metadata-etcd,9.61,"70.83MiB / 96MiB",73.78
2026-09-22T06:09:13.422Z,openbao,2.08,"35.04MiB / 512MiB",6.84
2026-09-22T06:09:13.422Z,chirpstack,0.38,"58.53MiB / 1.922GiB",2.97
2026-09-22T06:09:13.422Z,spilo,3.27,"326.2MiB / 1.922GiB",16.58
2026-09-22T06:09:13.422Z,etcd,1.10,"46.99MiB / 1.922GiB",2.39
2026-09-22T06:09:20.676Z,lorawan-gateway-evidence-fabric-adapter-1,0.09,"11.74MiB / 192MiB",6.12
2026-09-22T06:09:20.676Z,lorawan-gateway-evidence-ingest-1,0.00,"12.06MiB / 192MiB",6.28
2026-09-22T06:09:20.676Z,lorawan-gateway-evidence-collector-1,0.34,"9.508MiB / 192MiB",4.95
2026-09-22T06:09:20.676Z,seaweedfs,0.92,"183.7MiB / 256MiB",71.75
2026-09-22T06:09:20.676Z,seaweedfs-metadata-etcd,1.03,"70.83MiB / 96MiB",73.78
2026-09-22T06:09:20.676Z,openbao,1.39,"35.04MiB / 512MiB",6.84
2026-09-22T06:09:20.676Z,chirpstack,0.43,"58.53MiB / 1.922GiB",2.97
2026-09-22T06:09:20.676Z,spilo,4.03,"326.2MiB / 1.922GiB",16.58
2026-09-22T06:09:20.676Z,etcd,1.10,"46.99MiB / 1.922GiB",2.39
2026-09-22T06:09:27.909Z,lorawan-gateway-evidence-fabric-adapter-1,0.00,"11.74MiB / 192MiB",6.12
2026-09-22T06:09:27.909Z,lorawan-gateway-evidence-ingest-1,0.00,"12.06MiB / 192MiB",6.28
2026-09-22T06:09:27.909Z,lorawan-gateway-evidence-collector-1,0.43,"9.508MiB / 192MiB",4.95
2026-09-22T06:09:27.909Z,seaweedfs,0.74,"181.9MiB / 256MiB",71.04
2026-09-22T06:09:27.909Z,seaweedfs-metadata-etcd,1.78,"70.83MiB / 96MiB",73.78
2026-09-22T06:09:27.909Z,openbao,1.62,"35.04MiB / 512MiB",6.84
2026-09-22T06:09:27.909Z,chirpstack,0.31,"58.53MiB / 1.922GiB",2.97
2026-09-22T06:09:27.909Z,spilo,5.57,"326.2MiB / 1.922GiB",16.58
2026-09-22T06:09:27.909Z,etcd,1.13,"47MiB / 1.922GiB",2.39
2026-09-22T06:09:35.240Z,lorawan-gateway-evidence-fabric-adapter-1,0.00,"11.74MiB / 192MiB",6.12
2026-09-22T06:09:35.240Z,lorawan-gateway-evidence-ingest-1,0.00,"12.06MiB / 192MiB",6.28
2026-09-22T06:09:35.240Z,lorawan-gateway-evidence-collector-1,0.44,"9.508MiB / 192MiB",4.95
2026-09-22T06:09:35.240Z,seaweedfs,1.05,"181.9MiB / 256MiB",71.04
2026-09-22T06:09:35.240Z,seaweedfs-metadata-etcd,1.85,"70.83MiB / 96MiB",73.78
2026-09-22T06:09:35.240Z,openbao,1.60,"35.04MiB / 512MiB",6.84
2026-09-22T06:09:35.240Z,chirpstack,0.46,"58.53MiB / 1.922GiB",2.97
2026-09-22T06:09:35.240Z,spilo,2.65,"326.2MiB / 1.922GiB",16.58
2026-09-22T06:09:35.240Z,etcd,1.18,"47MiB / 1.922GiB",2.39
2026-09-22T06:09:42.534Z,lorawan-gateway-evidence-fabric-adapter-1,0.08,"11.74MiB / 192MiB",6.12
2026-09-22T06:09:42.534Z,lorawan-gateway-evidence-ingest-1,0.11,"12.06MiB / 192MiB",6.28
2026-09-22T06:09:42.534Z,lorawan-gateway-evidence-collector-1,0.63,"9.508MiB / 192MiB",4.95
2026-09-22T06:09:42.534Z,seaweedfs,1.02,"181.9MiB / 256MiB",71.04
2026-09-22T06:09:42.534Z,seaweedfs-metadata-etcd,0.97,"70.83MiB / 96MiB",73.78
2026-09-22T06:09:42.534Z,openbao,1.44,"35.04MiB / 512MiB",6.84
2026-09-22T06:09:42.534Z,chirpstack,0.31,"58.53MiB / 1.922GiB",2.97
2026-09-22T06:09:42.534Z,spilo,5.00,"326.2MiB / 1.922GiB",16.58
2026-09-22T06:09:42.534Z,etcd,1.00,"47MiB / 1.922GiB",2.39
2026-09-22T06:09:49.764Z,lorawan-gateway-evidence-fabric-adapter-1,0.00,"11.74MiB / 192MiB",6.12
2026-09-22T06:09:49.764Z,lorawan-gateway-evidence-ingest-1,0.00,"12.06MiB / 192MiB",6.28
2026-09-22T06:09:49.764Z,lorawan-gateway-evidence-collector-1,0.35,"9.508MiB / 192MiB",4.95
2026-09-22T06:09:49.764Z,seaweedfs,8.63,"181.9MiB / 256MiB",71.05
2026-09-22T06:09:49.764Z,seaweedfs-metadata-etcd,12.01,"70.84MiB / 96MiB",73.79
2026-09-22T06:09:49.764Z,openbao,1.45,"35.04MiB / 512MiB",6.84
2026-09-22T06:09:49.764Z,chirpstack,0.39,"58.53MiB / 1.922GiB",2.97
2026-09-22T06:09:49.764Z,spilo,4.41,"326.2MiB / 1.922GiB",16.58
2026-09-22T06:09:49.764Z,etcd,1.03,"46.99MiB / 1.922GiB",2.39
2026-09-22T06:09:57.110Z,lorawan-gateway-evidence-fabric-adapter-1,0.00,"11.74MiB / 192MiB",6.12
2026-09-22T06:09:57.110Z,lorawan-gateway-evidence-ingest-1,0.00,"12.06MiB / 192MiB",6.28
2026-09-22T06:09:57.110Z,lorawan-gateway-evidence-collector-1,0.39,"9.508MiB / 192MiB",4.95
2026-09-22T06:09:57.110Z,seaweedfs,1.06,"181.9MiB / 256MiB",71.04
2026-09-22T06:09:57.110Z,seaweedfs-metadata-etcd,1.09,"70.83MiB / 96MiB",73.78
2026-09-22T06:09:57.110Z,openbao,1.27,"35.04MiB / 512MiB",6.84
2026-09-22T06:09:57.110Z,chirpstack,0.43,"58.53MiB / 1.922GiB",2.97
2026-09-22T06:09:57.110Z,spilo,2.85,"326.2MiB / 1.922GiB",16.58
2026-09-22T06:09:57.110Z,etcd,1.09,"47MiB / 1.922GiB",2.39
2026-09-22T06:10:04.355Z,lorawan-gateway-evidence-fabric-adapter-1,0.13,"11.74MiB / 192MiB",6.12
2026-09-22T06:10:04.355Z,lorawan-gateway-evidence-ingest-1,0.00,"12.06MiB / 192MiB",6.28
2026-09-22T06:10:04.355Z,lorawan-gateway-evidence-collector-1,0.48,"9.508MiB / 192MiB",4.95
2026-09-22T06:10:04.355Z,seaweedfs,1.20,"181.9MiB / 256MiB",71.04
2026-09-22T06:10:04.355Z,seaweedfs-metadata-etcd,2.32,"70.83MiB / 96MiB",73.78
2026-09-22T06:10:04.355Z,openbao,2.21,"35.04MiB / 512MiB",6.84
2026-09-22T06:10:04.355Z,chirpstack,0.43,"58.53MiB / 1.922GiB",2.97
2026-09-22T06:10:04.355Z,spilo,10.54,"326.2MiB / 1.922GiB",16.58
2026-09-22T06:10:04.355Z,etcd,1.52,"47MiB / 1.922GiB",2.39
2026-09-22T06:10:11.889Z,lorawan-gateway-evidence-fabric-adapter-1,0.00,"11.74MiB / 192MiB",6.12
2026-09-22T06:10:11.889Z,lorawan-gateway-evidence-ingest-1,0.00,"12.06MiB / 192MiB",6.28
2026-09-22T06:10:11.889Z,lorawan-gateway-evidence-collector-1,0.37,"9.508MiB / 192MiB",4.95
2026-09-22T06:10:11.889Z,seaweedfs,1.12,"181.9MiB / 256MiB",71.04
2026-09-22T06:10:11.889Z,seaweedfs-metadata-etcd,1.46,"70.83MiB / 96MiB",73.78
2026-09-22T06:10:11.889Z,openbao,1.52,"35.04MiB / 512MiB",6.84
2026-09-22T06:10:11.889Z,chirpstack,0.36,"58.53MiB / 1.922GiB",2.97
2026-09-22T06:10:11.889Z,spilo,5.94,"326.2MiB / 1.922GiB",16.58
2026-09-22T06:10:11.889Z,etcd,1.07,"47MiB / 1.922GiB",2.39
2026-09-22T06:10:19.173Z,lorawan-gateway-evidence-fabric-adapter-1,0.00,"11.74MiB / 192MiB",6.12
2026-09-22T06:10:19.173Z,lorawan-gateway-evidence-ingest-1,0.00,"12.06MiB / 192MiB",6.28
2026-09-22T06:10:19.173Z,lorawan-gateway-evidence-collector-1,0.41,"9.508MiB / 192MiB",4.95
2026-09-22T06:10:19.173Z,seaweedfs,1.06,"181.9MiB / 256MiB",71.04
2026-09-22T06:10:19.173Z,seaweedfs-metadata-etcd,1.71,"70.83MiB / 96MiB",73.78
2026-09-22T06:10:19.173Z,openbao,1.78,"35.04MiB / 512MiB",6.84
2026-09-22T06:10:19.173Z,chirpstack,0.46,"58.53MiB / 1.922GiB",2.97
2026-09-22T06:10:19.173Z,spilo,4.99,"326.2MiB / 1.922GiB",16.58
2026-09-22T06:10:19.173Z,etcd,2.25,"47MiB / 1.922GiB",2.39
2026-09-22T06:10:26.448Z,lorawan-gateway-evidence-fabric-adapter-1,0.09,"11.74MiB / 192MiB",6.12
2026-09-22T06:10:26.448Z,lorawan-gateway-evidence-ingest-1,0.00,"12.06MiB / 192MiB",6.28
2026-09-22T06:10:26.448Z,lorawan-gateway-evidence-collector-1,0.34,"9.508MiB / 192MiB",4.95
2026-09-22T06:10:26.448Z,seaweedfs,8.00,"181.9MiB / 256MiB",71.05
2026-09-22T06:10:26.448Z,seaweedfs-metadata-etcd,12.84,"70.84MiB / 96MiB",73.79
2026-09-22T06:10:26.448Z,openbao,2.35,"35.04MiB / 512MiB",6.84
2026-09-22T06:10:26.448Z,chirpstack,0.55,"58.53MiB / 1.922GiB",2.97
2026-09-22T06:10:26.448Z,spilo,4.71,"326.2MiB / 1.922GiB",16.58
2026-09-22T06:10:26.448Z,etcd,1.26,"47MiB / 1.922GiB",2.39
2026-09-22T06:10:33.883Z,lorawan-gateway-evidence-fabric-adapter-1,0.00,"11.74MiB / 192MiB",6.12
2026-09-22T06:10:33.883Z,lorawan-gateway-evidence-ingest-1,0.00,"12.06MiB / 192MiB",6.28
2026-09-22T06:10:33.883Z,lorawan-gateway-evidence-collector-1,0.43,"9.508MiB / 192MiB",4.95
2026-09-22T06:10:33.883Z,seaweedfs,0.81,"181.9MiB / 256MiB",71.04
2026-09-22T06:10:33.883Z,seaweedfs-metadata-etcd,1.50,"70.83MiB / 96MiB",73.78
2026-09-22T06:10:33.883Z,openbao,2.13,"35.04MiB / 512MiB",6.84
2026-09-22T06:10:33.883Z,chirpstack,0.33,"58.53MiB / 1.922GiB",2.97
2026-09-22T06:10:33.883Z,spilo,4.76,"326.2MiB / 1.922GiB",16.58
2026-09-22T06:10:33.883Z,etcd,1.11,"47MiB / 1.922GiB",2.39
2026-09-22T06:10:41.143Z,lorawan-gateway-evidence-fabric-adapter-1,0.00,"11.74MiB / 192MiB",6.12
2026-09-22T06:10:41.143Z,lorawan-gateway-evidence-ingest-1,0.00,"12.06MiB / 192MiB",6.28
2026-09-22T06:10:41.143Z,lorawan-gateway-evidence-collector-1,0.35,"9.508MiB / 192MiB",4.95
2026-09-22T06:10:41.143Z,seaweedfs,0.85,"181.9MiB / 256MiB",71.04
2026-09-22T06:10:41.143Z,seaweedfs-metadata-etcd,1.14,"70.83MiB / 96MiB",73.78
2026-09-22T06:10:41.143Z,openbao,1.68,"35.04MiB / 512MiB",6.84
2026-09-22T06:10:41.143Z,chirpstack,0.35,"58.53MiB / 1.922GiB",2.97
2026-09-22T06:10:41.143Z,spilo,4.07,"326.2MiB / 1.922GiB",16.58
2026-09-22T06:10:41.143Z,etcd,1.01,"47MiB / 1.922GiB",2.39
2026-09-22T06:10:48.365Z,lorawan-gateway-evidence-fabric-adapter-1,0.11,"11.74MiB / 192MiB",6.12
2026-09-22T06:10:48.365Z,lorawan-gateway-evidence-ingest-1,0.00,"12.06MiB / 192MiB",6.28
2026-09-22T06:10:48.365Z,lorawan-gateway-evidence-collector-1,0.37,"9.508MiB / 192MiB",4.95
2026-09-22T06:10:48.365Z,seaweedfs,0.68,"181.9MiB / 256MiB",71.04
2026-09-22T06:10:48.365Z,seaweedfs-metadata-etcd,1.32,"70.83MiB / 96MiB",73.78
2026-09-22T06:10:48.365Z,openbao,1.80,"35.04MiB / 512MiB",6.84
2026-09-22T06:10:48.365Z,chirpstack,0.27,"58.53MiB / 1.922GiB",2.97
2026-09-22T06:10:48.365Z,spilo,4.66,"326.2MiB / 1.922GiB",16.58
2026-09-22T06:10:48.365Z,etcd,1.01,"47MiB / 1.922GiB",2.39
2026-09-22T06:10:55.570Z,lorawan-gateway-evidence-fabric-adapter-1,0.00,"11.74MiB / 192MiB",6.12
2026-09-22T06:10:55.570Z,lorawan-gateway-evidence-ingest-1,0.00,"12.06MiB / 192MiB",6.28
2026-09-22T06:10:55.570Z,lorawan-gateway-evidence-collector-1,0.38,"9.508MiB / 192MiB",4.95
2026-09-22T06:10:55.570Z,seaweedfs,0.89,"181.9MiB / 256MiB",71.04
2026-09-22T06:10:55.570Z,seaweedfs-metadata-etcd,1.41,"70.83MiB / 96MiB",73.78
2026-09-22T06:10:55.570Z,openbao,1.21,"35.04MiB / 512MiB",6.84
2026-09-22T06:10:55.570Z,chirpstack,0.35,"58.53MiB / 1.922GiB",2.97
2026-09-22T06:10:55.570Z,spilo,3.41,"326.2MiB / 1.922GiB",16.58
2026-09-22T06:10:55.570Z,etcd,1.14,"47MiB / 1.922GiB",2.39
2026-09-22T06:11:02.831Z,lorawan-gateway-evidence-fabric-adapter-1,0.13,"11.74MiB / 192MiB",6.12
2026-09-22T06:11:02.831Z,lorawan-gateway-evidence-ingest-1,0.00,"12.06MiB / 192MiB",6.28
2026-09-22T06:11:02.831Z,lorawan-gateway-evidence-collector-1,0.39,"9.508MiB / 192MiB",4.95
2026-09-22T06:11:02.831Z,seaweedfs,9.94,"181.9MiB / 256MiB",71.05
2026-09-22T06:11:02.831Z,seaweedfs-metadata-etcd,16.83,"70.83MiB / 96MiB",73.78
2026-09-22T06:11:02.831Z,openbao,1.42,"35.04MiB / 512MiB",6.84
2026-09-22T06:11:02.831Z,chirpstack,0.62,"58.53MiB / 1.922GiB",2.97
2026-09-22T06:11:02.831Z,spilo,6.26,"326.2MiB / 1.922GiB",16.58
2026-09-22T06:11:02.831Z,etcd,1.98,"47MiB / 1.922GiB",2.39
2026-09-22T06:11:10.293Z,lorawan-gateway-evidence-fabric-adapter-1,0.11,"11.74MiB / 192MiB",6.12
2026-09-22T06:11:10.293Z,lorawan-gateway-evidence-ingest-1,0.00,"12.06MiB / 192MiB",6.28
2026-09-22T06:11:10.293Z,lorawan-gateway-evidence-collector-1,0.34,"9.508MiB / 192MiB",4.95
2026-09-22T06:11:10.293Z,seaweedfs,0.78,"181.9MiB / 256MiB",71.04
2026-09-22T06:11:10.293Z,seaweedfs-metadata-etcd,0.92,"70.83MiB / 96MiB",73.78
2026-09-22T06:11:10.293Z,openbao,1.47,"35.04MiB / 512MiB",6.84
2026-09-22T06:11:10.293Z,chirpstack,0.28,"58.53MiB / 1.922GiB",2.97
2026-09-22T06:11:10.293Z,spilo,4.84,"326.3MiB / 1.922GiB",16.58
2026-09-22T06:11:10.293Z,etcd,0.90,"47MiB / 1.922GiB",2.39
2026-09-22T06:11:17.477Z,lorawan-gateway-evidence-fabric-adapter-1,0.00,"11.74MiB / 192MiB",6.12
2026-09-22T06:11:17.477Z,lorawan-gateway-evidence-ingest-1,0.00,"12.06MiB / 192MiB",6.28
2026-09-22T06:11:17.477Z,lorawan-gateway-evidence-collector-1,0.39,"9.508MiB / 192MiB",4.95
2026-09-22T06:11:17.477Z,seaweedfs,1.03,"182.1MiB / 256MiB",71.14
2026-09-22T06:11:17.477Z,seaweedfs-metadata-etcd,0.90,"70.83MiB / 96MiB",73.78
2026-09-22T06:11:17.477Z,openbao,1.13,"35.04MiB / 512MiB",6.84
2026-09-22T06:11:17.477Z,chirpstack,0.40,"58.53MiB / 1.922GiB",2.97
2026-09-22T06:11:17.477Z,spilo,3.05,"326.3MiB / 1.922GiB",16.58
2026-09-22T06:11:17.477Z,etcd,1.10,"47MiB / 1.922GiB",2.39
2026-09-22T06:11:24.733Z,lorawan-gateway-evidence-fabric-adapter-1,0.08,"11.74MiB / 192MiB",6.12
2026-09-22T06:11:24.733Z,lorawan-gateway-evidence-ingest-1,0.00,"12.06MiB / 192MiB",6.28
2026-09-22T06:11:24.733Z,lorawan-gateway-evidence-collector-1,0.35,"9.508MiB / 192MiB",4.95
2026-09-22T06:11:24.733Z,seaweedfs,0.90,"181.8MiB / 256MiB",71.00
2026-09-22T06:11:24.733Z,seaweedfs-metadata-etcd,1.02,"70.83MiB / 96MiB",73.78
2026-09-22T06:11:24.733Z,openbao,1.33,"35.04MiB / 512MiB",6.84
2026-09-22T06:11:24.733Z,chirpstack,0.26,"58.53MiB / 1.922GiB",2.97
2026-09-22T06:11:24.733Z,spilo,3.82,"326.3MiB / 1.922GiB",16.58
2026-09-22T06:11:24.733Z,etcd,1.05,"47MiB / 1.922GiB",2.39
2026-09-22T06:11:31.950Z,lorawan-gateway-evidence-fabric-adapter-1,0.00,"11.74MiB / 192MiB",6.12
2026-09-22T06:11:31.950Z,lorawan-gateway-evidence-ingest-1,0.00,"12.06MiB / 192MiB",6.28
2026-09-22T06:11:31.950Z,lorawan-gateway-evidence-collector-1,0.40,"9.508MiB / 192MiB",4.95
2026-09-22T06:11:31.950Z,seaweedfs,0.79,"182MiB / 256MiB",71.08
2026-09-22T06:11:31.950Z,seaweedfs-metadata-etcd,1.27,"70.83MiB / 96MiB",73.78
2026-09-22T06:11:31.950Z,openbao,1.48,"35.04MiB / 512MiB",6.84
2026-09-22T06:11:31.950Z,chirpstack,0.31,"58.53MiB / 1.922GiB",2.97
2026-09-22T06:11:31.950Z,spilo,5.75,"326.3MiB / 1.922GiB",16.58
2026-09-22T06:11:31.950Z,etcd,0.90,"47MiB / 1.922GiB",2.39
2026-09-22T06:11:39.194Z,lorawan-gateway-evidence-fabric-adapter-1,0.00,"11.74MiB / 192MiB",6.12
2026-09-22T06:11:39.194Z,lorawan-gateway-evidence-ingest-1,0.00,"12.06MiB / 192MiB",6.28
2026-09-22T06:11:39.194Z,lorawan-gateway-evidence-collector-1,0.32,"9.508MiB / 192MiB",4.95
2026-09-22T06:11:39.194Z,seaweedfs,5.27,"182MiB / 256MiB",71.09
2026-09-22T06:11:39.194Z,seaweedfs-metadata-etcd,9.28,"70.83MiB / 96MiB",73.78
2026-09-22T06:11:39.194Z,openbao,1.18,"35.04MiB / 512MiB",6.84
2026-09-22T06:11:39.194Z,chirpstack,0.33,"58.53MiB / 1.922GiB",2.97
2026-09-22T06:11:39.194Z,spilo,4.77,"326.3MiB / 1.922GiB",16.58
2026-09-22T06:11:39.194Z,etcd,1.78,"47MiB / 1.922GiB",2.39
2026-09-22T06:11:46.454Z,lorawan-gateway-evidence-fabric-adapter-1,0.07,"11.74MiB / 192MiB",6.12
2026-09-22T06:11:46.454Z,lorawan-gateway-evidence-ingest-1,0.00,"12.06MiB / 192MiB",6.28
2026-09-22T06:11:46.454Z,lorawan-gateway-evidence-collector-1,0.38,"9.508MiB / 192MiB",4.95
2026-09-22T06:11:46.454Z,seaweedfs,0.85,"182MiB / 256MiB",71.09
2026-09-22T06:11:46.454Z,seaweedfs-metadata-etcd,1.13,"70.83MiB / 96MiB",73.78
2026-09-22T06:11:46.454Z,openbao,1.43,"35.04MiB / 512MiB",6.84
2026-09-22T06:11:46.454Z,chirpstack,0.28,"58.53MiB / 1.922GiB",2.97
2026-09-22T06:11:46.454Z,spilo,5.11,"326.3MiB / 1.922GiB",16.58
2026-09-22T06:11:46.454Z,etcd,1.17,"47MiB / 1.922GiB",2.39
2026-09-22T06:11:53.712Z,lorawan-gateway-evidence-fabric-adapter-1,0.00,"11.74MiB / 192MiB",6.12
2026-09-22T06:11:53.712Z,lorawan-gateway-evidence-ingest-1,0.00,"12.06MiB / 192MiB",6.28
2026-09-22T06:11:53.712Z,lorawan-gateway-evidence-collector-1,0.36,"9.508MiB / 192MiB",4.95
2026-09-22T06:11:53.712Z,seaweedfs,0.89,"182MiB / 256MiB",71.09
2026-09-22T06:11:53.712Z,seaweedfs-metadata-etcd,1.05,"70.83MiB / 96MiB",73.78
2026-09-22T06:11:53.712Z,openbao,1.16,"35.04MiB / 512MiB",6.84
2026-09-22T06:11:53.712Z,chirpstack,0.33,"58.53MiB / 1.922GiB",2.97
2026-09-22T06:11:53.712Z,spilo,4.36,"326.3MiB / 1.922GiB",16.58
2026-09-22T06:11:53.712Z,etcd,0.87,"47MiB / 1.922GiB",2.39
2026-09-22T06:12:00.992Z,lorawan-gateway-evidence-fabric-adapter-1,0.10,"11.74MiB / 192MiB",6.12
2026-09-22T06:12:00.992Z,lorawan-gateway-evidence-ingest-1,0.00,"12.06MiB / 192MiB",6.28
2026-09-22T06:12:00.992Z,lorawan-gateway-evidence-collector-1,0.57,"9.508MiB / 192MiB",4.95
2026-09-22T06:12:00.992Z,seaweedfs,1.33,"182MiB / 256MiB",71.09
2026-09-22T06:12:00.992Z,seaweedfs-metadata-etcd,2.28,"70.83MiB / 96MiB",73.78
2026-09-22T06:12:00.992Z,openbao,3.22,"35.04MiB / 512MiB",6.84
2026-09-22T06:12:00.992Z,chirpstack,0.64,"58.53MiB / 1.922GiB",2.97
2026-09-22T06:12:00.992Z,spilo,5.56,"326.3MiB / 1.922GiB",16.58
2026-09-22T06:12:00.992Z,etcd,2.69,"47MiB / 1.922GiB",2.39
2026-09-22T06:12:08.230Z,lorawan-gateway-evidence-fabric-adapter-1,0.08,"11.74MiB / 192MiB",6.12
2026-09-22T06:12:08.230Z,lorawan-gateway-evidence-ingest-1,0.00,"12.06MiB / 192MiB",6.28
2026-09-22T06:12:08.230Z,lorawan-gateway-evidence-collector-1,0.35,"9.508MiB / 192MiB",4.95
2026-09-22T06:12:08.230Z,seaweedfs,3.42,"182MiB / 256MiB",71.09
2026-09-22T06:12:08.230Z,seaweedfs-metadata-etcd,5.42,"70.84MiB / 96MiB",73.80
2026-09-22T06:12:08.230Z,openbao,1.29,"35.04MiB / 512MiB",6.84
2026-09-22T06:12:08.230Z,chirpstack,0.25,"58.53MiB / 1.922GiB",2.97
2026-09-22T06:12:08.230Z,spilo,5.51,"326.3MiB / 1.922GiB",16.58
2026-09-22T06:12:08.230Z,etcd,0.89,"47MiB / 1.922GiB",2.39
2026-09-22T06:12:15.512Z,lorawan-gateway-evidence-fabric-adapter-1,0.00,"11.74MiB / 192MiB",6.12
2026-09-22T06:12:15.512Z,lorawan-gateway-evidence-ingest-1,0.00,"12.06MiB / 192MiB",6.28
2026-09-22T06:12:15.512Z,lorawan-gateway-evidence-collector-1,0.43,"9.508MiB / 192MiB",4.95
2026-09-22T06:12:15.512Z,seaweedfs,0.76,"182MiB / 256MiB",71.09
2026-09-22T06:12:15.512Z,seaweedfs-metadata-etcd,1.86,"70.83MiB / 96MiB",73.78
2026-09-22T06:12:15.512Z,openbao,1.21,"35.04MiB / 512MiB",6.84
2026-09-22T06:12:15.512Z,chirpstack,0.36,"58.53MiB / 1.922GiB",2.97
2026-09-22T06:12:15.512Z,spilo,3.46,"326.3MiB / 1.922GiB",16.58
2026-09-22T06:12:15.512Z,etcd,1.59,"47MiB / 1.922GiB",2.39
2026-09-22T06:12:22.810Z,lorawan-gateway-evidence-fabric-adapter-1,0.07,"11.74MiB / 192MiB",6.12
2026-09-22T06:12:22.810Z,lorawan-gateway-evidence-ingest-1,0.00,"12.06MiB / 192MiB",6.28
2026-09-22T06:12:22.810Z,lorawan-gateway-evidence-collector-1,0.40,"9.508MiB / 192MiB",4.95
2026-09-22T06:12:22.810Z,seaweedfs,0.98,"182MiB / 256MiB",71.09
2026-09-22T06:12:22.810Z,seaweedfs-metadata-etcd,1.17,"70.83MiB / 96MiB",73.78
2026-09-22T06:12:22.810Z,openbao,1.35,"35.04MiB / 512MiB",6.84
2026-09-22T06:12:22.810Z,chirpstack,0.29,"58.53MiB / 1.922GiB",2.97
2026-09-22T06:12:22.810Z,spilo,3.04,"326.3MiB / 1.922GiB",16.58
2026-09-22T06:12:22.810Z,etcd,1.36,"47MiB / 1.922GiB",2.39
2026-09-22T06:12:30.049Z,lorawan-gateway-evidence-fabric-adapter-1,0.07,"11.74MiB / 192MiB",6.12
2026-09-22T06:12:30.049Z,lorawan-gateway-evidence-ingest-1,0.00,"12.06MiB / 192MiB",6.28
2026-09-22T06:12:30.049Z,lorawan-gateway-evidence-collector-1,0.40,"9.508MiB / 192MiB",4.95
2026-09-22T06:12:30.049Z,seaweedfs,0.97,"182MiB / 256MiB",71.09
2026-09-22T06:12:30.049Z,seaweedfs-metadata-etcd,1.07,"70.83MiB / 96MiB",73.78
2026-09-22T06:12:30.049Z,openbao,1.69,"35.04MiB / 512MiB",6.84
2026-09-22T06:12:30.049Z,chirpstack,0.33,"58.53MiB / 1.922GiB",2.97
2026-09-22T06:12:30.049Z,spilo,4.71,"326.3MiB / 1.922GiB",16.58
2026-09-22T06:12:30.049Z,etcd,1.18,"47MiB / 1.922GiB",2.39
2026-09-22T06:12:37.329Z,lorawan-gateway-evidence-fabric-adapter-1,0.00,"11.74MiB / 192MiB",6.12
2026-09-22T06:12:37.329Z,lorawan-gateway-evidence-ingest-1,0.00,"12.06MiB / 192MiB",6.28
2026-09-22T06:12:37.329Z,lorawan-gateway-evidence-collector-1,0.37,"9.508MiB / 192MiB",4.95
2026-09-22T06:12:37.329Z,seaweedfs,0.94,"182MiB / 256MiB",71.09
2026-09-22T06:12:37.329Z,seaweedfs-metadata-etcd,1.02,"70.83MiB / 96MiB",73.78
2026-09-22T06:12:37.329Z,openbao,1.55,"35.04MiB / 512MiB",6.84
2026-09-22T06:12:37.329Z,chirpstack,0.40,"58.53MiB / 1.922GiB",2.97
2026-09-22T06:12:37.329Z,spilo,2.66,"326.3MiB / 1.922GiB",16.58
2026-09-22T06:12:37.329Z,etcd,1.08,"47MiB / 1.922GiB",2.39
2026-09-22T06:12:44.550Z,lorawan-gateway-evidence-fabric-adapter-1,0.09,"11.74MiB / 192MiB",6.12
2026-09-22T06:12:44.550Z,lorawan-gateway-evidence-ingest-1,0.00,"12.06MiB / 192MiB",6.28
2026-09-22T06:12:44.550Z,lorawan-gateway-evidence-collector-1,0.33,"9.508MiB / 192MiB",4.95
2026-09-22T06:12:44.550Z,seaweedfs,9.53,"182MiB / 256MiB",71.09
2026-09-22T06:12:44.550Z,seaweedfs-metadata-etcd,15.53,"70.84MiB / 96MiB",73.79
2026-09-22T06:12:44.550Z,openbao,1.68,"35.04MiB / 512MiB",6.84
2026-09-22T06:12:44.550Z,chirpstack,0.34,"58.53MiB / 1.922GiB",2.97
2026-09-22T06:12:44.550Z,spilo,3.39,"326.3MiB / 1.922GiB",16.58
2026-09-22T06:12:44.550Z,etcd,2.94,"47MiB / 1.922GiB",2.39
2026-09-22T06:12:51.850Z,lorawan-gateway-evidence-fabric-adapter-1,0.00,"11.74MiB / 192MiB",6.12
2026-09-22T06:12:51.850Z,lorawan-gateway-evidence-ingest-1,0.00,"12.06MiB / 192MiB",6.28
2026-09-22T06:12:51.850Z,lorawan-gateway-evidence-collector-1,0.37,"9.508MiB / 192MiB",4.95
2026-09-22T06:12:51.850Z,seaweedfs,1.02,"182MiB / 256MiB",71.09
2026-09-22T06:12:51.850Z,seaweedfs-metadata-etcd,1.27,"70.83MiB / 96MiB",73.78
2026-09-22T06:12:51.850Z,openbao,1.43,"35.04MiB / 512MiB",6.84
2026-09-22T06:12:51.850Z,chirpstack,0.30,"58.53MiB / 1.922GiB",2.97
2026-09-22T06:12:51.850Z,spilo,4.93,"326.3MiB / 1.922GiB",16.58
2026-09-22T06:12:51.850Z,etcd,0.86,"47MiB / 1.922GiB",2.39
