timestamp_utc,container,cpu_percent,memory_usage,memory_percent
2026-09-22T05:42:40.307Z,lorawan-gateway-evidence-ingest-1,0.00,"3.641MiB / 192MiB",1.90
2026-09-22T05:42:40.307Z,lorawan-gateway-evidence-fabric-adapter-1,0.00,"3.84MiB / 192MiB",2.00
2026-09-22T05:42:40.307Z,lorawan-gateway-evidence-verifier-1,21.05,"10.32MiB / 192MiB",5.38
2026-09-22T05:42:40.307Z,seaweedfs,16.17,"142.4MiB / 256MiB",55.63
2026-09-22T05:42:40.307Z,seaweedfs-metadata-etcd,8.04,"80.33MiB / 96MiB",83.68
2026-09-22T05:42:40.307Z,openbao,2.31,"40.83MiB / 512MiB",7.98
2026-09-22T05:42:40.307Z,chirpstack,0.34,"44.53MiB / 1.922GiB",2.26
2026-09-22T05:42:40.307Z,spilo,0.84,"244.9MiB / 1.922GiB",12.44
2026-09-22T05:42:40.307Z,etcd,0.89,"48.43MiB / 1.922GiB",2.46
2026-09-22T05:42:47.796Z,lorawan-gateway-evidence-ingest-1,0.00,"3.641MiB / 192MiB",1.90
2026-09-22T05:42:47.796Z,lorawan-gateway-evidence-fabric-adapter-1,0.00,"3.84MiB / 192MiB",2.00
2026-09-22T05:42:47.796Z,lorawan-gateway-evidence-verifier-1,13.87,"10.62MiB / 192MiB",5.53
2026-09-22T05:42:47.796Z,seaweedfs,21.27,"143.3MiB / 256MiB",55.97
2026-09-22T05:42:47.796Z,seaweedfs-metadata-etcd,10.89,"80.32MiB / 96MiB",83.67
2026-09-22T05:42:47.796Z,openbao,2.25,"40.83MiB / 512MiB",7.98
2026-09-22T05:42:47.796Z,chirpstack,0.31,"44.53MiB / 1.922GiB",2.26
2026-09-22T05:42:47.796Z,spilo,2.12,"244.9MiB / 1.922GiB",12.44
2026-09-22T05:42:47.796Z,etcd,0.82,"48.43MiB / 1.922GiB",2.46
2026-09-22T05:42:55.370Z,lorawan-gateway-evidence-ingest-1,0.00,"3.641MiB / 192MiB",1.90
2026-09-22T05:42:55.370Z,lorawan-gateway-evidence-fabric-adapter-1,0.00,"3.84MiB / 192MiB",2.00
2026-09-22T05:42:55.370Z,lorawan-gateway-evidence-verifier-1,14.44,"10.79MiB / 192MiB",5.62
2026-09-22T05:42:55.370Z,seaweedfs,27.25,"143MiB / 256MiB",55.85
2026-09-22T05:42:55.370Z,seaweedfs-metadata-etcd,11.61,"80.32MiB / 96MiB",83.67
2026-09-22T05:42:55.370Z,openbao,2.29,"40.83MiB / 512MiB",7.98
2026-09-22T05:42:55.370Z,chirpstack,0.29,"44.53MiB / 1.922GiB",2.26
2026-09-22T05:42:55.370Z,spilo,1.12,"244.9MiB / 1.922GiB",12.44
2026-09-22T05:42:55.370Z,etcd,2.11,"48.43MiB / 1.922GiB",2.46
2026-09-22T05:43:02.922Z,lorawan-gateway-evidence-ingest-1,0.00,"3.641MiB / 192MiB",1.90
2026-09-22T05:43:02.922Z,lorawan-gateway-evidence-fabric-adapter-1,0.00,"3.84MiB / 192MiB",2.00
2026-09-22T05:43:02.922Z,lorawan-gateway-evidence-verifier-1,20.78,"10.81MiB / 192MiB",5.63
2026-09-22T05:43:02.922Z,seaweedfs,17.94,"142.8MiB / 256MiB",55.80
2026-09-22T05:43:02.922Z,seaweedfs-metadata-etcd,8.89,"80.33MiB / 96MiB",83.68
2026-09-22T05:43:02.922Z,openbao,2.67,"40.83MiB / 512MiB",7.98
2026-09-22T05:43:02.922Z,chirpstack,0.45,"44.53MiB / 1.922GiB",2.26
2026-09-22T05:43:02.922Z,spilo,1.21,"244.9MiB / 1.922GiB",12.44
2026-09-22T05:43:02.922Z,etcd,1.73,"48.43MiB / 1.922GiB",2.46
2026-09-22T05:43:10.367Z,lorawan-gateway-evidence-ingest-1,0.00,"3.641MiB / 192MiB",1.90
2026-09-22T05:43:10.367Z,lorawan-gateway-evidence-fabric-adapter-1,0.00,"3.84MiB / 192MiB",2.00
2026-09-22T05:43:10.367Z,lorawan-gateway-evidence-verifier-1,13.71,"10.71MiB / 192MiB",5.58
2026-09-22T05:43:10.367Z,seaweedfs,20.09,"143.1MiB / 256MiB",55.89
2026-09-22T05:43:10.367Z,seaweedfs-metadata-etcd,8.92,"80.33MiB / 96MiB",83.68
2026-09-22T05:43:10.367Z,openbao,2.01,"40.83MiB / 512MiB",7.98
2026-09-22T05:43:10.367Z,chirpstack,0.39,"44.53MiB / 1.922GiB",2.26
2026-09-22T05:43:10.367Z,spilo,0.84,"244.9MiB / 1.922GiB",12.44
2026-09-22T05:43:10.367Z,etcd,0.93,"48.43MiB / 1.922GiB",2.46
2026-09-22T05:43:17.875Z,lorawan-gateway-evidence-ingest-1,0.00,"3.641MiB / 192MiB",1.90
2026-09-22T05:43:17.875Z,lorawan-gateway-evidence-fabric-adapter-1,0.00,"3.84MiB / 192MiB",2.00
2026-09-22T05:43:17.875Z,lorawan-gateway-evidence-verifier-1,14.80,"10.62MiB / 192MiB",5.53
2026-09-22T05:43:17.875Z,seaweedfs,28.13,"142.6MiB / 256MiB",55.71
2026-09-22T05:43:17.875Z,seaweedfs-metadata-etcd,9.22,"80.32MiB / 96MiB",83.67
2026-09-22T05:43:17.875Z,openbao,1.92,"40.84MiB / 512MiB",7.98
2026-09-22T05:43:17.875Z,chirpstack,0.32,"44.53MiB / 1.922GiB",2.26
2026-09-22T05:43:17.875Z,spilo,2.40,"244.9MiB / 1.922GiB",12.44
2026-09-22T05:43:17.875Z,etcd,0.74,"48.43MiB / 1.922GiB",2.46
2026-09-22T05:43:25.265Z,lorawan-gateway-evidence-ingest-1,0.00,"3.641MiB / 192MiB",1.90
2026-09-22T05:43:25.265Z,lorawan-gateway-evidence-fabric-adapter-1,0.00,"3.84MiB / 192MiB",2.00
2026-09-22T05:43:25.265Z,lorawan-gateway-evidence-verifier-1,13.75,"10.95MiB / 192MiB",5.70
2026-09-22T05:43:25.265Z,seaweedfs,26.87,"142.4MiB / 256MiB",55.62
2026-09-22T05:43:25.265Z,seaweedfs-metadata-etcd,10.31,"80.32MiB / 96MiB",83.67
2026-09-22T05:43:25.265Z,openbao,1.98,"40.82MiB / 512MiB",7.97
2026-09-22T05:43:25.265Z,chirpstack,0.24,"44.53MiB / 1.922GiB",2.26
2026-09-22T05:43:25.265Z,spilo,0.86,"244.9MiB / 1.922GiB",12.44
2026-09-22T05:43:25.265Z,etcd,2.28,"48.43MiB / 1.922GiB",2.46
2026-09-22T05:43:32.815Z,lorawan-gateway-evidence-ingest-1,0.00,"3.641MiB / 192MiB",1.90
2026-09-22T05:43:32.815Z,lorawan-gateway-evidence-fabric-adapter-1,0.00,"3.84MiB / 192MiB",2.00
2026-09-22T05:43:32.815Z,lorawan-gateway-evidence-verifier-1,15.38,"10.85MiB / 192MiB",5.65
2026-09-22T05:43:32.815Z,seaweedfs,22.79,"148.3MiB / 256MiB",57.95
2026-09-22T05:43:32.815Z,seaweedfs-metadata-etcd,11.68,"80.34MiB / 96MiB",83.68
2026-09-22T05:43:32.815Z,openbao,2.88,"40.82MiB / 512MiB",7.97
2026-09-22T05:43:32.815Z,chirpstack,0.34,"44.53MiB / 1.922GiB",2.26
2026-09-22T05:43:32.815Z,spilo,1.89,"244.8MiB / 1.922GiB",12.44
2026-09-22T05:43:32.815Z,etcd,0.80,"48.43MiB / 1.922GiB",2.46
2026-09-22T05:43:40.217Z,lorawan-gateway-evidence-ingest-1,0.00,"3.641MiB / 192MiB",1.90
2026-09-22T05:43:40.217Z,lorawan-gateway-evidence-fabric-adapter-1,0.00,"3.84MiB / 192MiB",2.00
2026-09-22T05:43:40.217Z,lorawan-gateway-evidence-verifier-1,19.63,"10.84MiB / 192MiB",5.64
2026-09-22T05:43:40.217Z,seaweedfs,15.96,"144.7MiB / 256MiB",56.54
2026-09-22T05:43:40.217Z,seaweedfs-metadata-etcd,9.31,"80.34MiB / 96MiB",83.68
2026-09-22T05:43:40.217Z,openbao,2.13,"40.82MiB / 512MiB",7.97
2026-09-22T05:43:40.217Z,chirpstack,0.38,"44.53MiB / 1.922GiB",2.26
2026-09-22T05:43:40.217Z,spilo,0.86,"244.9MiB / 1.922GiB",12.44
2026-09-22T05:43:40.217Z,etcd,0.88,"48.43MiB / 1.922GiB",2.46
2026-09-22T05:43:47.757Z,lorawan-gateway-evidence-ingest-1,0.00,"3.641MiB / 192MiB",1.90
2026-09-22T05:43:47.757Z,lorawan-gateway-evidence-fabric-adapter-1,0.00,"3.84MiB / 192MiB",2.00
2026-09-22T05:43:47.757Z,lorawan-gateway-evidence-verifier-1,16.73,"10.84MiB / 192MiB",5.65
2026-09-22T05:43:47.757Z,seaweedfs,25.17,"144.6MiB / 256MiB",56.50
2026-09-22T05:43:47.757Z,seaweedfs-metadata-etcd,7.65,"80.5MiB / 96MiB",83.85
2026-09-22T05:43:47.757Z,openbao,3.67,"40.82MiB / 512MiB",7.97
2026-09-22T05:43:47.757Z,chirpstack,0.28,"44.53MiB / 1.922GiB",2.26
2026-09-22T05:43:47.757Z,spilo,2.28,"244.9MiB / 1.922GiB",12.44
2026-09-22T05:43:47.757Z,etcd,0.78,"48.43MiB / 1.922GiB",2.46
2026-09-22T05:43:55.227Z,lorawan-gateway-evidence-ingest-1,0.00,"3.641MiB / 192MiB",1.90
2026-09-22T05:43:55.227Z,lorawan-gateway-evidence-fabric-adapter-1,0.00,"3.84MiB / 192MiB",2.00
2026-09-22T05:43:55.227Z,lorawan-gateway-evidence-verifier-1,0.00,"10.35MiB / 192MiB",5.39
2026-09-22T05:43:55.227Z,seaweedfs,1.13,"145.2MiB / 256MiB",56.70
2026-09-22T05:43:55.227Z,seaweedfs-metadata-etcd,1.30,"80.49MiB / 96MiB",83.85
2026-09-22T05:43:55.227Z,openbao,2.81,"40.82MiB / 512MiB",7.97
2026-09-22T05:43:55.227Z,chirpstack,0.35,"44.53MiB / 1.922GiB",2.26
2026-09-22T05:43:55.227Z,spilo,1.35,"244.9MiB / 1.922GiB",12.44
2026-09-22T05:43:55.227Z,etcd,1.40,"48.43MiB / 1.922GiB",2.46
2026-09-22T05:44:02.428Z,lorawan-gateway-evidence-ingest-1,0.00,"3.641MiB / 192MiB",1.90
2026-09-22T05:44:02.428Z,lorawan-gateway-evidence-fabric-adapter-1,0.00,"3.84MiB / 192MiB",2.00
2026-09-22T05:44:02.428Z,lorawan-gateway-evidence-verifier-1,0.10,"10.35MiB / 192MiB",5.39
2026-09-22T05:44:02.428Z,seaweedfs,0.60,"145.1MiB / 256MiB",56.70
2026-09-22T05:44:02.428Z,seaweedfs-metadata-etcd,0.86,"80.49MiB / 96MiB",83.85
2026-09-22T05:44:02.428Z,openbao,2.40,"40.82MiB / 512MiB",7.97
2026-09-22T05:44:02.428Z,chirpstack,0.37,"44.53MiB / 1.922GiB",2.26
2026-09-22T05:44:02.428Z,spilo,1.37,"244.9MiB / 1.922GiB",12.44
2026-09-22T05:44:02.428Z,etcd,1.22,"48.43MiB / 1.922GiB",2.46
2026-09-22T05:44:09.661Z,lorawan-gateway-evidence-ingest-1,0.00,"3.641MiB / 192MiB",1.90
2026-09-22T05:44:09.661Z,lorawan-gateway-evidence-fabric-adapter-1,0.00,"3.84MiB / 192MiB",2.00
2026-09-22T05:44:09.661Z,lorawan-gateway-evidence-verifier-1,11.44,"10.75MiB / 192MiB",5.60
2026-09-22T05:44:09.661Z,seaweedfs,21.57,"145.7MiB / 256MiB",56.90
2026-09-22T05:44:09.661Z,seaweedfs-metadata-etcd,9.04,"80.49MiB / 96MiB",83.85
2026-09-22T05:44:09.661Z,openbao,2.72,"40.82MiB / 512MiB",7.97
2026-09-22T05:44:09.661Z,chirpstack,0.44,"44.53MiB / 1.922GiB",2.26
2026-09-22T05:44:09.661Z,spilo,1.30,"244.8MiB / 1.922GiB",12.44
2026-09-22T05:44:09.661Z,etcd,1.87,"48.43MiB / 1.922GiB",2.46
2026-09-22T05:44:17.172Z,lorawan-gateway-evidence-ingest-1,0.00,"3.641MiB / 192MiB",1.90
2026-09-22T05:44:17.172Z,lorawan-gateway-evidence-fabric-adapter-1,0.00,"3.84MiB / 192MiB",2.00
2026-09-22T05:44:17.172Z,lorawan-gateway-evidence-verifier-1,16.26,"10.82MiB / 192MiB",5.63
2026-09-22T05:44:17.172Z,seaweedfs,23.45,"145.7MiB / 256MiB",56.92
2026-09-22T05:44:17.172Z,seaweedfs-metadata-etcd,7.18,"80.5MiB / 96MiB",83.85
2026-09-22T05:44:17.172Z,openbao,1.93,"40.82MiB / 512MiB",7.97
2026-09-22T05:44:17.172Z,chirpstack,0.35,"44.53MiB / 1.922GiB",2.26
2026-09-22T05:44:17.172Z,spilo,2.65,"244.9MiB / 1.922GiB",12.44
2026-09-22T05:44:17.172Z,etcd,0.76,"48.43MiB / 1.922GiB",2.46
2026-09-22T05:44:24.576Z,lorawan-gateway-evidence-ingest-1,0.00,"3.641MiB / 192MiB",1.90
2026-09-22T05:44:24.576Z,lorawan-gateway-evidence-fabric-adapter-1,0.00,"3.84MiB / 192MiB",2.00
2026-09-22T05:44:24.576Z,lorawan-gateway-evidence-verifier-1,10.40,"11.04MiB / 192MiB",5.75
2026-09-22T05:44:24.576Z,seaweedfs,22.66,"145.2MiB / 256MiB",56.70
2026-09-22T05:44:24.576Z,seaweedfs-metadata-etcd,9.56,"80.5MiB / 96MiB",83.85
2026-09-22T05:44:24.576Z,openbao,2.08,"40.82MiB / 512MiB",7.97
2026-09-22T05:44:24.576Z,chirpstack,0.35,"44.53MiB / 1.922GiB",2.26
2026-09-22T05:44:24.576Z,spilo,2.60,"244.9MiB / 1.922GiB",12.44
2026-09-22T05:44:24.576Z,etcd,0.91,"48.43MiB / 1.922GiB",2.46
2026-09-22T05:44:31.838Z,lorawan-gateway-evidence-ingest-1,0.00,"3.641MiB / 192MiB",1.90
2026-09-22T05:44:31.838Z,lorawan-gateway-evidence-fabric-adapter-1,0.00,"3.84MiB / 192MiB",2.00
2026-09-22T05:44:31.838Z,lorawan-gateway-evidence-verifier-1,0.12,"10.34MiB / 192MiB",5.38
2026-09-22T05:44:31.838Z,seaweedfs,0.46,"145.3MiB / 256MiB",56.77
2026-09-22T05:44:31.838Z,seaweedfs-metadata-etcd,1.20,"80.49MiB / 96MiB",83.85
2026-09-22T05:44:31.838Z,openbao,2.34,"40.82MiB / 512MiB",7.97
2026-09-22T05:44:31.838Z,chirpstack,0.31,"44.53MiB / 1.922GiB",2.26
2026-09-22T05:44:31.838Z,spilo,0.84,"244.9MiB / 1.922GiB",12.45
2026-09-22T05:44:31.838Z,etcd,0.94,"48.43MiB / 1.922GiB",2.46
2026-09-22T05:44:39.068Z,lorawan-gateway-evidence-ingest-1,0.00,"3.641MiB / 192MiB",1.90
2026-09-22T05:44:39.068Z,lorawan-gateway-evidence-fabric-adapter-1,0.00,"3.84MiB / 192MiB",2.00
2026-09-22T05:44:39.068Z,lorawan-gateway-evidence-verifier-1,3.48,"10.44MiB / 192MiB",5.44
2026-09-22T05:44:39.068Z,seaweedfs,4.99,"143.2MiB / 256MiB",55.93
2026-09-22T05:44:39.068Z,seaweedfs-metadata-etcd,3.04,"80.49MiB / 96MiB",83.85
2026-09-22T05:44:39.068Z,openbao,2.27,"40.82MiB / 512MiB",7.97
2026-09-22T05:44:39.068Z,chirpstack,0.36,"44.53MiB / 1.922GiB",2.26
2026-09-22T05:44:39.068Z,spilo,1.29,"244.9MiB / 1.922GiB",12.44
2026-09-22T05:44:39.068Z,etcd,1.29,"48.43MiB / 1.922GiB",2.46
2026-09-22T05:44:46.490Z,lorawan-gateway-evidence-ingest-1,0.00,"3.641MiB / 192MiB",1.90
2026-09-22T05:44:46.490Z,lorawan-gateway-evidence-fabric-adapter-1,0.00,"3.84MiB / 192MiB",2.00
2026-09-22T05:44:46.490Z,lorawan-gateway-evidence-verifier-1,0.04,"10.72MiB / 192MiB",5.58
2026-09-22T05:44:46.490Z,seaweedfs,5.91,"145.8MiB / 256MiB",56.97
2026-09-22T05:44:46.490Z,seaweedfs-metadata-etcd,9.12,"80.5MiB / 96MiB",83.85
2026-09-22T05:44:46.490Z,openbao,2.04,"40.82MiB / 512MiB",7.97
2026-09-22T05:44:46.490Z,chirpstack,0.41,"44.53MiB / 1.922GiB",2.26
2026-09-22T05:44:46.490Z,spilo,0.97,"244.9MiB / 1.922GiB",12.44
2026-09-22T05:44:46.490Z,etcd,1.13,"48.43MiB / 1.922GiB",2.46
2026-09-22T05:44:53.925Z,lorawan-gateway-evidence-ingest-1,0.00,"3.641MiB / 192MiB",1.90
2026-09-22T05:44:53.925Z,lorawan-gateway-evidence-fabric-adapter-1,0.00,"3.84MiB / 192MiB",2.00
2026-09-22T05:44:53.925Z,lorawan-gateway-evidence-verifier-1,16.19,"10.54MiB / 192MiB",5.49
2026-09-22T05:44:53.925Z,seaweedfs,27.24,"145.6MiB / 256MiB",56.86
2026-09-22T05:44:53.925Z,seaweedfs-metadata-etcd,12.36,"80.5MiB / 96MiB",83.85
2026-09-22T05:44:53.925Z,openbao,2.22,"40.82MiB / 512MiB",7.97
2026-09-22T05:44:53.925Z,chirpstack,0.31,"44.53MiB / 1.922GiB",2.26
2026-09-22T05:44:53.925Z,spilo,1.61,"244.9MiB / 1.922GiB",12.44
2026-09-22T05:44:53.925Z,etcd,0.76,"48.43MiB / 1.922GiB",2.46
2026-09-22T05:45:01.463Z,lorawan-gateway-evidence-ingest-1,0.00,"3.641MiB / 192MiB",1.90
2026-09-22T05:45:01.463Z,lorawan-gateway-evidence-fabric-adapter-1,0.00,"3.84MiB / 192MiB",2.00
2026-09-22T05:45:01.463Z,lorawan-gateway-evidence-verifier-1,0.17,"10.85MiB / 192MiB",5.65
2026-09-22T05:45:01.463Z,seaweedfs,6.34,"145.5MiB / 256MiB",56.85
2026-09-22T05:45:01.463Z,seaweedfs-metadata-etcd,6.63,"80.49MiB / 96MiB",83.85
2026-09-22T05:45:01.463Z,openbao,3.71,"40.82MiB / 512MiB",7.97
2026-09-22T05:45:01.463Z,chirpstack,0.35,"44.53MiB / 1.922GiB",2.26
2026-09-22T05:45:01.463Z,spilo,0.76,"244.9MiB / 1.922GiB",12.44
2026-09-22T05:45:01.463Z,etcd,1.61,"48.43MiB / 1.922GiB",2.46
2026-09-22T05:45:09.064Z,lorawan-gateway-evidence-ingest-1,0.00,"3.641MiB / 192MiB",1.90
2026-09-22T05:45:09.064Z,lorawan-gateway-evidence-fabric-adapter-1,0.00,"3.84MiB / 192MiB",2.00
2026-09-22T05:45:09.064Z,lorawan-gateway-evidence-verifier-1,15.53,"10.85MiB / 192MiB",5.65
2026-09-22T05:45:09.064Z,seaweedfs,22.93,"145.3MiB / 256MiB",56.76
2026-09-22T05:45:09.064Z,seaweedfs-metadata-etcd,7.85,"80.5MiB / 96MiB",83.85
2026-09-22T05:45:09.064Z,openbao,4.82,"40.82MiB / 512MiB",7.97
2026-09-22T05:45:09.064Z,chirpstack,0.37,"44.54MiB / 1.922GiB",2.26
2026-09-22T05:45:09.064Z,spilo,1.35,"244.9MiB / 1.922GiB",12.44
2026-09-22T05:45:09.064Z,etcd,1.02,"48.43MiB / 1.922GiB",2.46
2026-09-22T05:45:16.511Z,lorawan-gateway-evidence-ingest-1,0.00,"3.641MiB / 192MiB",1.90
2026-09-22T05:45:16.511Z,lorawan-gateway-evidence-fabric-adapter-1,0.00,"3.84MiB / 192MiB",2.00
2026-09-22T05:45:16.511Z,lorawan-gateway-evidence-verifier-1,13.30,"10.54MiB / 192MiB",5.49
2026-09-22T05:45:16.511Z,seaweedfs,23.19,"145.1MiB / 256MiB",56.69
2026-09-22T05:45:16.511Z,seaweedfs-metadata-etcd,11.21,"80.5MiB / 96MiB",83.85
2026-09-22T05:45:16.511Z,openbao,2.35,"40.82MiB / 512MiB",7.97
2026-09-22T05:45:16.511Z,chirpstack,0.46,"44.54MiB / 1.922GiB",2.26
2026-09-22T05:45:16.511Z,spilo,0.91,"244.9MiB / 1.922GiB",12.44
2026-09-22T05:45:16.511Z,etcd,0.88,"48.43MiB / 1.922GiB",2.46
2026-09-22T05:45:24.009Z,lorawan-gateway-evidence-ingest-1,0.00,"3.641MiB / 192MiB",1.90
2026-09-22T05:45:24.009Z,lorawan-gateway-evidence-fabric-adapter-1,0.00,"3.84MiB / 192MiB",2.00
2026-09-22T05:45:24.009Z,lorawan-gateway-evidence-verifier-1,13.65,"10.84MiB / 192MiB",5.65
2026-09-22T05:45:24.009Z,seaweedfs,25.61,"145.3MiB / 256MiB",56.77
2026-09-22T05:45:24.009Z,seaweedfs-metadata-etcd,13.40,"80.5MiB / 96MiB",83.85
2026-09-22T05:45:24.009Z,openbao,3.03,"40.82MiB / 512MiB",7.97
2026-09-22T05:45:24.009Z,chirpstack,1.01,"44.53MiB / 1.922GiB",2.26
2026-09-22T05:45:24.009Z,spilo,3.93,"244.9MiB / 1.922GiB",12.44
2026-09-22T05:45:24.009Z,etcd,0.89,"48.43MiB / 1.922GiB",2.46
2026-09-22T05:45:31.699Z,lorawan-gateway-evidence-ingest-1,0.00,"3.641MiB / 192MiB",1.90
2026-09-22T05:45:31.699Z,lorawan-gateway-evidence-fabric-adapter-1,0.00,"3.84MiB / 192MiB",2.00
2026-09-22T05:45:31.699Z,lorawan-gateway-evidence-verifier-1,12.06,"10.6MiB / 192MiB",5.52
2026-09-22T05:45:31.699Z,seaweedfs,20.60,"145.4MiB / 256MiB",56.78
2026-09-22T05:45:31.699Z,seaweedfs-metadata-etcd,10.26,"80.5MiB / 96MiB",83.85
2026-09-22T05:45:31.699Z,openbao,2.02,"40.82MiB / 512MiB",7.97
2026-09-22T05:45:31.699Z,chirpstack,0.23,"44.53MiB / 1.922GiB",2.26
2026-09-22T05:45:31.699Z,spilo,0.63,"244.9MiB / 1.922GiB",12.44
2026-09-22T05:45:31.699Z,etcd,0.84,"48.43MiB / 1.922GiB",2.46
2026-09-22T05:45:39.138Z,lorawan-gateway-evidence-ingest-1,0.00,"3.641MiB / 192MiB",1.90
2026-09-22T05:45:39.138Z,lorawan-gateway-evidence-fabric-adapter-1,0.00,"3.84MiB / 192MiB",2.00
2026-09-22T05:45:39.138Z,lorawan-gateway-evidence-verifier-1,8.50,"10.84MiB / 192MiB",5.64
2026-09-22T05:45:39.138Z,seaweedfs,15.99,"144.6MiB / 256MiB",56.47
2026-09-22T05:45:39.138Z,seaweedfs-metadata-etcd,11.22,"80.5MiB / 96MiB",83.85
2026-09-22T05:45:39.138Z,openbao,2.61,"40.82MiB / 512MiB",7.97
2026-09-22T05:45:39.138Z,chirpstack,0.47,"44.53MiB / 1.922GiB",2.26
2026-09-22T05:45:39.138Z,spilo,1.59,"244.9MiB / 1.922GiB",12.44
2026-09-22T05:45:39.138Z,etcd,1.27,"48.43MiB / 1.922GiB",2.46
2026-09-22T05:45:46.572Z,lorawan-gateway-evidence-ingest-1,0.00,"3.641MiB / 192MiB",1.90
2026-09-22T05:45:46.572Z,lorawan-gateway-evidence-fabric-adapter-1,0.00,"3.84MiB / 192MiB",2.00
2026-09-22T05:45:46.572Z,lorawan-gateway-evidence-verifier-1,15.19,"10.54MiB / 192MiB",5.49
2026-09-22T05:45:46.572Z,seaweedfs,23.98,"146MiB / 256MiB",57.03
2026-09-22T05:45:46.572Z,seaweedfs-metadata-etcd,7.53,"80.5MiB / 96MiB",83.85
2026-09-22T05:45:46.572Z,openbao,2.11,"40.82MiB / 512MiB",7.97
2026-09-22T05:45:46.572Z,chirpstack,0.49,"44.53MiB / 1.922GiB",2.26
2026-09-22T05:45:46.572Z,spilo,1.19,"244.9MiB / 1.922GiB",12.44
2026-09-22T05:45:46.572Z,etcd,0.85,"48.43MiB / 1.922GiB",2.46
2026-09-22T05:45:53.974Z,lorawan-gateway-evidence-ingest-1,0.00,"3.641MiB / 192MiB",1.90
2026-09-22T05:45:53.974Z,lorawan-gateway-evidence-fabric-adapter-1,0.00,"3.84MiB / 192MiB",2.00
2026-09-22T05:45:53.974Z,lorawan-gateway-evidence-verifier-1,11.91,"10.85MiB / 192MiB",5.65
2026-09-22T05:45:53.974Z,seaweedfs,20.92,"145.7MiB / 256MiB",56.92
2026-09-22T05:45:53.974Z,seaweedfs-metadata-etcd,11.68,"80.5MiB / 96MiB",83.85
2026-09-22T05:45:53.974Z,openbao,2.31,"40.82MiB / 512MiB",7.97
2026-09-22T05:45:53.974Z,chirpstack,0.34,"44.53MiB / 1.922GiB",2.26
2026-09-22T05:45:53.974Z,spilo,2.53,"244.9MiB / 1.922GiB",12.45
2026-09-22T05:45:53.974Z,etcd,0.90,"48.43MiB / 1.922GiB",2.46
2026-09-22T05:46:01.522Z,lorawan-gateway-evidence-ingest-1,0.00,"3.641MiB / 192MiB",1.90
2026-09-22T05:46:01.522Z,lorawan-gateway-evidence-fabric-adapter-1,0.00,"3.84MiB / 192MiB",2.00
2026-09-22T05:46:01.522Z,lorawan-gateway-evidence-verifier-1,11.13,"10.85MiB / 192MiB",5.65
2026-09-22T05:46:01.522Z,seaweedfs,21.30,"145.5MiB / 256MiB",56.83
2026-09-22T05:46:01.522Z,seaweedfs-metadata-etcd,9.83,"80.5MiB / 96MiB",83.85
2026-09-22T05:46:01.522Z,openbao,2.53,"40.82MiB / 512MiB",7.97
2026-09-22T05:46:01.522Z,chirpstack,0.31,"44.53MiB / 1.922GiB",2.26
2026-09-22T05:46:01.522Z,spilo,1.05,"244.9MiB / 1.922GiB",12.45
2026-09-22T05:46:01.522Z,etcd,1.87,"48.43MiB / 1.922GiB",2.46
2026-09-22T05:46:09.048Z,lorawan-gateway-evidence-ingest-1,0.00,"3.641MiB / 192MiB",1.90
2026-09-22T05:46:09.048Z,lorawan-gateway-evidence-fabric-adapter-1,0.00,"3.84MiB / 192MiB",2.00
2026-09-22T05:46:09.048Z,lorawan-gateway-evidence-verifier-1,12.63,"10.22MiB / 192MiB",5.32
2026-09-22T05:46:09.048Z,seaweedfs,23.54,"145.5MiB / 256MiB",56.83
2026-09-22T05:46:09.048Z,seaweedfs-metadata-etcd,10.40,"80.5MiB / 96MiB",83.86
2026-09-22T05:46:09.048Z,openbao,2.31,"40.82MiB / 512MiB",7.97
2026-09-22T05:46:09.048Z,chirpstack,0.40,"44.53MiB / 1.922GiB",2.26
2026-09-22T05:46:09.048Z,spilo,2.23,"244.9MiB / 1.922GiB",12.45
2026-09-22T05:46:09.048Z,etcd,2.20,"48.43MiB / 1.922GiB",2.46
2026-09-22T05:46:16.481Z,lorawan-gateway-evidence-ingest-1,0.00,"3.641MiB / 192MiB",1.90
2026-09-22T05:46:16.481Z,lorawan-gateway-evidence-fabric-adapter-1,0.00,"3.84MiB / 192MiB",2.00
2026-09-22T05:46:16.481Z,lorawan-gateway-evidence-verifier-1,11.36,"10.85MiB / 192MiB",5.65
2026-09-22T05:46:16.481Z,seaweedfs,19.27,"145.6MiB / 256MiB",56.86
2026-09-22T05:46:16.481Z,seaweedfs-metadata-etcd,8.28,"80.5MiB / 96MiB",83.85
2026-09-22T05:46:16.481Z,openbao,2.53,"40.82MiB / 512MiB",7.97
2026-09-22T05:46:16.481Z,chirpstack,0.33,"44.53MiB / 1.922GiB",2.26
2026-09-22T05:46:16.481Z,spilo,1.34,"245MiB / 1.922GiB",12.45
2026-09-22T05:46:16.481Z,etcd,0.92,"48.43MiB / 1.922GiB",2.46
2026-09-22T05:46:24.026Z,lorawan-gateway-evidence-ingest-1,0.00,"3.641MiB / 192MiB",1.90
2026-09-22T05:46:24.026Z,lorawan-gateway-evidence-fabric-adapter-1,0.00,"3.84MiB / 192MiB",2.00
2026-09-22T05:46:24.026Z,lorawan-gateway-evidence-verifier-1,14.50,"10.61MiB / 192MiB",5.52
2026-09-22T05:46:24.026Z,seaweedfs,25.42,"145.4MiB / 256MiB",56.80
2026-09-22T05:46:24.026Z,seaweedfs-metadata-etcd,9.24,"80.5MiB / 96MiB",83.85
2026-09-22T05:46:24.026Z,openbao,1.94,"40.82MiB / 512MiB",7.97
2026-09-22T05:46:24.026Z,chirpstack,0.42,"44.53MiB / 1.922GiB",2.26
2026-09-22T05:46:24.026Z,spilo,1.82,"244.9MiB / 1.922GiB",12.45
2026-09-22T05:46:24.026Z,etcd,0.79,"48.43MiB / 1.922GiB",2.46
2026-09-22T05:46:31.466Z,lorawan-gateway-evidence-ingest-1,0.00,"3.641MiB / 192MiB",1.90
2026-09-22T05:46:31.466Z,lorawan-gateway-evidence-fabric-adapter-1,0.00,"3.84MiB / 192MiB",2.00
2026-09-22T05:46:31.466Z,lorawan-gateway-evidence-verifier-1,12.93,"10.66MiB / 192MiB",5.55
2026-09-22T05:46:31.466Z,seaweedfs,21.94,"148.7MiB / 256MiB",58.07
2026-09-22T05:46:31.466Z,seaweedfs-metadata-etcd,9.87,"80.5MiB / 96MiB",83.85
2026-09-22T05:46:31.466Z,openbao,1.92,"41MiB / 512MiB",8.01
2026-09-22T05:46:31.466Z,chirpstack,0.30,"44.53MiB / 1.922GiB",2.26
2026-09-22T05:46:31.466Z,spilo,0.75,"244.9MiB / 1.922GiB",12.45
2026-09-22T05:46:31.466Z,etcd,0.68,"48.43MiB / 1.922GiB",2.46
2026-09-22T05:46:38.824Z,lorawan-gateway-evidence-ingest-1,0.00,"3.641MiB / 192MiB",1.90
2026-09-22T05:46:38.824Z,lorawan-gateway-evidence-fabric-adapter-1,0.00,"3.84MiB / 192MiB",2.00
2026-09-22T05:46:38.824Z,lorawan-gateway-evidence-verifier-1,13.28,"10.82MiB / 192MiB",5.64
2026-09-22T05:46:38.824Z,seaweedfs,28.21,"151.8MiB / 256MiB",59.31
2026-09-22T05:46:38.824Z,seaweedfs-metadata-etcd,13.10,"80.5MiB / 96MiB",83.86
2026-09-22T05:46:38.824Z,openbao,2.30,"41MiB / 512MiB",8.01
2026-09-22T05:46:38.824Z,chirpstack,0.43,"44.53MiB / 1.922GiB",2.26
2026-09-22T05:46:38.824Z,spilo,1.65,"244.9MiB / 1.922GiB",12.45
2026-09-22T05:46:38.824Z,etcd,1.11,"48.43MiB / 1.922GiB",2.46
2026-09-22T05:46:46.125Z,lorawan-gateway-evidence-ingest-1,0.00,"3.641MiB / 192MiB",1.90
2026-09-22T05:46:46.125Z,lorawan-gateway-evidence-fabric-adapter-1,0.00,"3.84MiB / 192MiB",2.00
2026-09-22T05:46:46.125Z,lorawan-gateway-evidence-verifier-1,12.98,"10.79MiB / 192MiB",5.62
2026-09-22T05:46:46.125Z,seaweedfs,24.03,"143.8MiB / 256MiB",56.16
2026-09-22T05:46:46.125Z,seaweedfs-metadata-etcd,10.90,"80.5MiB / 96MiB",83.85
2026-09-22T05:46:46.125Z,openbao,1.88,"41MiB / 512MiB",8.01
2026-09-22T05:46:46.125Z,chirpstack,0.35,"44.53MiB / 1.922GiB",2.26
2026-09-22T05:46:46.125Z,spilo,0.69,"244.9MiB / 1.922GiB",12.45
2026-09-22T05:46:46.125Z,etcd,1.19,"48.43MiB / 1.922GiB",2.46
2026-09-22T05:46:53.649Z,lorawan-gateway-evidence-ingest-1,0.00,"3.641MiB / 192MiB",1.90
2026-09-22T05:46:53.649Z,lorawan-gateway-evidence-fabric-adapter-1,0.00,"3.84MiB / 192MiB",2.00
2026-09-22T05:46:53.649Z,lorawan-gateway-evidence-verifier-1,15.70,"10.29MiB / 192MiB",5.36
2026-09-22T05:46:53.649Z,seaweedfs,26.55,"143.3MiB / 256MiB",55.96
2026-09-22T05:46:53.649Z,seaweedfs-metadata-etcd,12.64,"80.5MiB / 96MiB",83.85
2026-09-22T05:46:53.649Z,openbao,2.17,"41MiB / 512MiB",8.01
2026-09-22T05:46:53.649Z,chirpstack,0.37,"44.53MiB / 1.922GiB",2.26
2026-09-22T05:46:53.649Z,spilo,1.09,"245MiB / 1.922GiB",12.45
2026-09-22T05:46:53.649Z,etcd,0.76,"48.43MiB / 1.922GiB",2.46
2026-09-22T05:47:00.999Z,lorawan-gateway-evidence-ingest-1,0.00,"3.641MiB / 192MiB",1.90
2026-09-22T05:47:00.999Z,lorawan-gateway-evidence-fabric-adapter-1,0.00,"3.84MiB / 192MiB",2.00
2026-09-22T05:47:00.999Z,lorawan-gateway-evidence-verifier-1,10.13,"10.72MiB / 192MiB",5.58
2026-09-22T05:47:00.999Z,seaweedfs,23.90,"143.4MiB / 256MiB",56.00
2026-09-22T05:47:00.999Z,seaweedfs-metadata-etcd,8.96,"80.49MiB / 96MiB",83.85
2026-09-22T05:47:00.999Z,openbao,2.32,"41MiB / 512MiB",8.01
2026-09-22T05:47:00.999Z,chirpstack,0.36,"44.53MiB / 1.922GiB",2.26
2026-09-22T05:47:00.999Z,spilo,1.43,"245MiB / 1.922GiB",12.45
2026-09-22T05:47:00.999Z,etcd,0.96,"48.43MiB / 1.922GiB",2.46
2026-09-22T05:47:08.491Z,lorawan-gateway-evidence-ingest-1,0.00,"3.641MiB / 192MiB",1.90
2026-09-22T05:47:08.491Z,lorawan-gateway-evidence-fabric-adapter-1,0.00,"3.84MiB / 192MiB",2.00
2026-09-22T05:47:08.491Z,lorawan-gateway-evidence-verifier-1,12.86,"10.73MiB / 192MiB",5.59
2026-09-22T05:47:08.491Z,seaweedfs,26.57,"143.8MiB / 256MiB",56.16
2026-09-22T05:47:08.491Z,seaweedfs-metadata-etcd,12.51,"80.5MiB / 96MiB",83.85
2026-09-22T05:47:08.491Z,openbao,2.97,"41MiB / 512MiB",8.01
2026-09-22T05:47:08.491Z,chirpstack,0.50,"44.53MiB / 1.922GiB",2.26
2026-09-22T05:47:08.491Z,spilo,1.42,"245MiB / 1.922GiB",12.45
2026-09-22T05:47:08.491Z,etcd,0.93,"48.43MiB / 1.922GiB",2.46
2026-09-22T05:47:16.035Z,lorawan-gateway-evidence-ingest-1,0.00,"3.641MiB / 192MiB",1.90
2026-09-22T05:47:16.035Z,lorawan-gateway-evidence-fabric-adapter-1,0.00,"3.84MiB / 192MiB",2.00
2026-09-22T05:47:16.035Z,lorawan-gateway-evidence-verifier-1,11.19,"10.71MiB / 192MiB",5.58
2026-09-22T05:47:16.035Z,seaweedfs,25.26,"145.7MiB / 256MiB",56.91
2026-09-22T05:47:16.035Z,seaweedfs-metadata-etcd,11.49,"80.5MiB / 96MiB",83.86
2026-09-22T05:47:16.035Z,openbao,2.19,"41MiB / 512MiB",8.01
2026-09-22T05:47:16.035Z,chirpstack,0.42,"44.53MiB / 1.922GiB",2.26
2026-09-22T05:47:16.035Z,spilo,1.20,"245MiB / 1.922GiB",12.45
2026-09-22T05:47:16.035Z,etcd,2.20,"48.43MiB / 1.922GiB",2.46
2026-09-22T05:47:23.485Z,lorawan-gateway-evidence-ingest-1,0.00,"3.641MiB / 192MiB",1.90
2026-09-22T05:47:23.485Z,lorawan-gateway-evidence-fabric-adapter-1,0.00,"3.84MiB / 192MiB",2.00
2026-09-22T05:47:23.485Z,lorawan-gateway-evidence-verifier-1,12.07,"10.91MiB / 192MiB",5.68
2026-09-22T05:47:23.485Z,seaweedfs,26.44,"146.2MiB / 256MiB",57.09
2026-09-22T05:47:23.485Z,seaweedfs-metadata-etcd,11.27,"80.5MiB / 96MiB",83.86
2026-09-22T05:47:23.485Z,openbao,2.00,"41MiB / 512MiB",8.01
2026-09-22T05:47:23.485Z,chirpstack,0.31,"44.53MiB / 1.922GiB",2.26
2026-09-22T05:47:23.485Z,spilo,1.31,"245MiB / 1.922GiB",12.45
2026-09-22T05:47:23.485Z,etcd,0.69,"48.43MiB / 1.922GiB",2.46
2026-09-22T05:47:30.988Z,lorawan-gateway-evidence-ingest-1,0.00,"3.641MiB / 192MiB",1.90
2026-09-22T05:47:30.988Z,lorawan-gateway-evidence-fabric-adapter-1,0.00,"3.84MiB / 192MiB",2.00
2026-09-22T05:47:30.988Z,lorawan-gateway-evidence-verifier-1,12.13,"10.22MiB / 192MiB",5.32
2026-09-22T05:47:30.988Z,seaweedfs,24.97,"151.5MiB / 256MiB",59.16
2026-09-22T05:47:30.988Z,seaweedfs-metadata-etcd,10.79,"80.5MiB / 96MiB",83.86
2026-09-22T05:47:30.988Z,openbao,2.19,"41.16MiB / 512MiB",8.04
2026-09-22T05:47:30.988Z,chirpstack,0.32,"44.53MiB / 1.922GiB",2.26
2026-09-22T05:47:30.988Z,spilo,1.92,"252.9MiB / 1.922GiB",12.85
2026-09-22T05:47:30.988Z,etcd,1.21,"48.43MiB / 1.922GiB",2.46
2026-09-22T05:47:38.500Z,lorawan-gateway-evidence-ingest-1,0.00,"3.641MiB / 192MiB",1.90
2026-09-22T05:47:38.500Z,lorawan-gateway-evidence-fabric-adapter-1,0.00,"3.84MiB / 192MiB",2.00
2026-09-22T05:47:38.500Z,lorawan-gateway-evidence-verifier-1,20.23,"10.54MiB / 192MiB",5.49
2026-09-22T05:47:38.500Z,seaweedfs,15.51,"145.7MiB / 256MiB",56.90
2026-09-22T05:47:38.500Z,seaweedfs-metadata-etcd,7.74,"80.5MiB / 96MiB",83.85
2026-09-22T05:47:38.500Z,openbao,1.99,"41.16MiB / 512MiB",8.04
2026-09-22T05:47:38.500Z,chirpstack,0.34,"44.53MiB / 1.922GiB",2.26
2026-09-22T05:47:38.500Z,spilo,1.07,"252.9MiB / 1.922GiB",12.85
2026-09-22T05:47:38.500Z,etcd,0.92,"48.43MiB / 1.922GiB",2.46
2026-09-22T05:47:45.886Z,lorawan-gateway-evidence-ingest-1,0.00,"3.641MiB / 192MiB",1.90
2026-09-22T05:47:45.886Z,lorawan-gateway-evidence-fabric-adapter-1,0.00,"3.84MiB / 192MiB",2.00
2026-09-22T05:47:45.886Z,lorawan-gateway-evidence-verifier-1,13.61,"10.85MiB / 192MiB",5.65
2026-09-22T05:47:45.886Z,seaweedfs,24.62,"146.1MiB / 256MiB",57.08
2026-09-22T05:47:45.886Z,seaweedfs-metadata-etcd,9.02,"80.5MiB / 96MiB",83.86
2026-09-22T05:47:45.886Z,openbao,1.94,"41.16MiB / 512MiB",8.04
2026-09-22T05:47:45.886Z,chirpstack,0.24,"44.53MiB / 1.922GiB",2.26
2026-09-22T05:47:45.886Z,spilo,1.10,"252.9MiB / 1.922GiB",12.85
2026-09-22T05:47:45.886Z,etcd,2.24,"48.43MiB / 1.922GiB",2.46
2026-09-22T05:47:53.334Z,lorawan-gateway-evidence-ingest-1,0.00,"3.641MiB / 192MiB",1.90
2026-09-22T05:47:53.334Z,lorawan-gateway-evidence-fabric-adapter-1,0.00,"3.84MiB / 192MiB",2.00
2026-09-22T05:47:53.334Z,lorawan-gateway-evidence-verifier-1,13.32,"10.85MiB / 192MiB",5.65
2026-09-22T05:47:53.334Z,seaweedfs,23.86,"144.1MiB / 256MiB",56.30
2026-09-22T05:47:53.334Z,seaweedfs-metadata-etcd,9.94,"80.5MiB / 96MiB",83.86
2026-09-22T05:47:53.334Z,openbao,2.05,"41.16MiB / 512MiB",8.04
2026-09-22T05:47:53.334Z,chirpstack,0.29,"44.53MiB / 1.922GiB",2.26
2026-09-22T05:47:53.334Z,spilo,0.91,"252.9MiB / 1.922GiB",12.85
2026-09-22T05:47:53.334Z,etcd,0.69,"48.43MiB / 1.922GiB",2.46
2026-09-22T05:48:00.777Z,lorawan-gateway-evidence-ingest-1,0.00,"3.641MiB / 192MiB",1.90
2026-09-22T05:48:00.777Z,lorawan-gateway-evidence-fabric-adapter-1,0.00,"3.84MiB / 192MiB",2.00
2026-09-22T05:48:00.777Z,lorawan-gateway-evidence-verifier-1,10.16,"10.88MiB / 192MiB",5.67
2026-09-22T05:48:00.777Z,seaweedfs,18.03,"145.7MiB / 256MiB",56.91
2026-09-22T05:48:00.777Z,seaweedfs-metadata-etcd,10.15,"80.5MiB / 96MiB",83.85
2026-09-22T05:48:00.777Z,openbao,4.09,"41.16MiB / 512MiB",8.04
2026-09-22T05:48:00.777Z,chirpstack,0.60,"44.53MiB / 1.922GiB",2.26
2026-09-22T05:48:00.777Z,spilo,2.89,"253.1MiB / 1.922GiB",12.86
2026-09-22T05:48:00.777Z,etcd,1.24,"48.43MiB / 1.922GiB",2.46
2026-09-22T05:48:08.169Z,lorawan-gateway-evidence-ingest-1,0.00,"3.641MiB / 192MiB",1.90
2026-09-22T05:48:08.169Z,lorawan-gateway-evidence-fabric-adapter-1,0.00,"3.84MiB / 192MiB",2.00
2026-09-22T05:48:08.169Z,lorawan-gateway-evidence-verifier-1,20.53,"10.54MiB / 192MiB",5.49
2026-09-22T05:48:08.169Z,seaweedfs,15.63,"145.9MiB / 256MiB",56.99
2026-09-22T05:48:08.169Z,seaweedfs-metadata-etcd,8.01,"80.5MiB / 96MiB",83.85
2026-09-22T05:48:08.169Z,openbao,2.38,"41.16MiB / 512MiB",8.04
2026-09-22T05:48:08.169Z,chirpstack,0.31,"44.53MiB / 1.922GiB",2.26
2026-09-22T05:48:08.169Z,spilo,0.54,"253.1MiB / 1.922GiB",12.86
2026-09-22T05:48:08.169Z,etcd,0.77,"48.43MiB / 1.922GiB",2.46
2026-09-22T05:48:15.616Z,lorawan-gateway-evidence-ingest-1,0.00,"3.641MiB / 192MiB",1.90
2026-09-22T05:48:15.616Z,lorawan-gateway-evidence-fabric-adapter-1,0.00,"3.84MiB / 192MiB",2.00
2026-09-22T05:48:15.616Z,lorawan-gateway-evidence-verifier-1,20.48,"10.73MiB / 192MiB",5.59
2026-09-22T05:48:15.616Z,seaweedfs,21.32,"145.6MiB / 256MiB",56.87
2026-09-22T05:48:15.616Z,seaweedfs-metadata-etcd,9.42,"80.5MiB / 96MiB",83.85
2026-09-22T05:48:15.616Z,openbao,2.54,"41.22MiB / 512MiB",8.05
2026-09-22T05:48:15.616Z,chirpstack,0.41,"44.53MiB / 1.922GiB",2.26
2026-09-22T05:48:15.616Z,spilo,2.25,"253.1MiB / 1.922GiB",12.86
2026-09-22T05:48:15.616Z,etcd,2.50,"48.46MiB / 1.922GiB",2.46
2026-09-22T05:48:23.050Z,lorawan-gateway-evidence-ingest-1,0.00,"3.641MiB / 192MiB",1.90
2026-09-22T05:48:23.050Z,lorawan-gateway-evidence-fabric-adapter-1,0.00,"3.84MiB / 192MiB",2.00
2026-09-22T05:48:23.050Z,lorawan-gateway-evidence-verifier-1,14.44,"10.54MiB / 192MiB",5.49
2026-09-22T05:48:23.050Z,seaweedfs,24.51,"146.4MiB / 256MiB",57.17
2026-09-22T05:48:23.050Z,seaweedfs-metadata-etcd,10.94,"80.5MiB / 96MiB",83.86
2026-09-22T05:48:23.050Z,openbao,1.93,"41.22MiB / 512MiB",8.05
2026-09-22T05:48:23.050Z,chirpstack,0.32,"44.53MiB / 1.922GiB",2.26
2026-09-22T05:48:23.050Z,spilo,0.93,"253.1MiB / 1.922GiB",12.86
2026-09-22T05:48:23.050Z,etcd,0.99,"48.46MiB / 1.922GiB",2.46
2026-09-22T05:48:30.470Z,lorawan-gateway-evidence-ingest-1,0.00,"3.641MiB / 192MiB",1.90
2026-09-22T05:48:30.470Z,lorawan-gateway-evidence-fabric-adapter-1,0.00,"3.84MiB / 192MiB",2.00
2026-09-22T05:48:30.470Z,lorawan-gateway-evidence-verifier-1,13.97,"10.72MiB / 192MiB",5.58
2026-09-22T05:48:30.470Z,seaweedfs,24.22,"146.1MiB / 256MiB",57.07
2026-09-22T05:48:30.470Z,seaweedfs-metadata-etcd,9.52,"80.5MiB / 96MiB",83.86
2026-09-22T05:48:30.470Z,openbao,2.84,"41.22MiB / 512MiB",8.05
2026-09-22T05:48:30.470Z,chirpstack,0.40,"44.53MiB / 1.922GiB",2.26
2026-09-22T05:48:30.470Z,spilo,1.46,"253.1MiB / 1.922GiB",12.86
2026-09-22T05:48:30.470Z,etcd,1.12,"48.46MiB / 1.922GiB",2.46
2026-09-22T05:48:38.006Z,lorawan-gateway-evidence-ingest-1,0.00,"3.641MiB / 192MiB",1.90
2026-09-22T05:48:38.006Z,lorawan-gateway-evidence-fabric-adapter-1,0.00,"3.84MiB / 192MiB",2.00
2026-09-22T05:48:38.006Z,lorawan-gateway-evidence-verifier-1,20.93,"10.65MiB / 192MiB",5.55
2026-09-22T05:48:38.006Z,seaweedfs,14.66,"144.6MiB / 256MiB",56.47
2026-09-22T05:48:38.006Z,seaweedfs-metadata-etcd,11.66,"80.5MiB / 96MiB",83.86
2026-09-22T05:48:38.006Z,openbao,2.30,"41.22MiB / 512MiB",8.05
2026-09-22T05:48:38.006Z,chirpstack,0.35,"44.53MiB / 1.922GiB",2.26
2026-09-22T05:48:38.006Z,spilo,0.97,"253.1MiB / 1.922GiB",12.86
2026-09-22T05:48:38.006Z,etcd,0.70,"48.46MiB / 1.922GiB",2.46
2026-09-22T05:48:45.416Z,lorawan-gateway-evidence-ingest-1,0.00,"3.641MiB / 192MiB",1.90
2026-09-22T05:48:45.416Z,lorawan-gateway-evidence-fabric-adapter-1,0.00,"3.84MiB / 192MiB",2.00
2026-09-22T05:48:45.416Z,lorawan-gateway-evidence-verifier-1,10.92,"10.85MiB / 192MiB",5.65
2026-09-22T05:48:45.416Z,seaweedfs,18.03,"145.6MiB / 256MiB",56.89
2026-09-22T05:48:45.416Z,seaweedfs-metadata-etcd,11.25,"80.5MiB / 96MiB",83.85
2026-09-22T05:48:45.416Z,openbao,2.41,"41.22MiB / 512MiB",8.05
2026-09-22T05:48:45.416Z,chirpstack,0.33,"44.53MiB / 1.922GiB",2.26
2026-09-22T05:48:45.416Z,spilo,2.19,"253.1MiB / 1.922GiB",12.86
2026-09-22T05:48:45.416Z,etcd,2.00,"48.46MiB / 1.922GiB",2.46
2026-09-22T05:48:52.847Z,lorawan-gateway-evidence-ingest-1,0.00,"3.641MiB / 192MiB",1.90
2026-09-22T05:48:52.847Z,lorawan-gateway-evidence-fabric-adapter-1,0.00,"3.84MiB / 192MiB",2.00
2026-09-22T05:48:52.847Z,lorawan-gateway-evidence-verifier-1,13.16,"10.79MiB / 192MiB",5.62
2026-09-22T05:48:52.847Z,seaweedfs,25.32,"146.7MiB / 256MiB",57.29
2026-09-22T05:48:52.847Z,seaweedfs-metadata-etcd,11.27,"80.5MiB / 96MiB",83.85
2026-09-22T05:48:52.847Z,openbao,2.24,"41.22MiB / 512MiB",8.05
2026-09-22T05:48:52.847Z,chirpstack,0.34,"44.54MiB / 1.922GiB",2.26
2026-09-22T05:48:52.847Z,spilo,0.96,"253.1MiB / 1.922GiB",12.86
2026-09-22T05:48:52.847Z,etcd,0.72,"48.46MiB / 1.922GiB",2.46
2026-09-22T05:49:00.484Z,lorawan-gateway-evidence-ingest-1,0.00,"3.641MiB / 192MiB",1.90
2026-09-22T05:49:00.484Z,lorawan-gateway-evidence-fabric-adapter-1,0.00,"3.84MiB / 192MiB",2.00
2026-09-22T05:49:00.484Z,lorawan-gateway-evidence-verifier-1,14.43,"10.48MiB / 192MiB",5.46
2026-09-22T05:49:00.484Z,seaweedfs,19.97,"146.3MiB / 256MiB",57.13
2026-09-22T05:49:00.484Z,seaweedfs-metadata-etcd,9.17,"80.5MiB / 96MiB",83.85
2026-09-22T05:49:00.484Z,openbao,3.07,"41.22MiB / 512MiB",8.05
2026-09-22T05:49:00.484Z,chirpstack,0.40,"44.54MiB / 1.922GiB",2.26
2026-09-22T05:49:00.484Z,spilo,3.28,"253.1MiB / 1.922GiB",12.86
2026-09-22T05:49:00.484Z,etcd,0.83,"48.46MiB / 1.922GiB",2.46
2026-09-22T05:49:07.847Z,lorawan-gateway-evidence-ingest-1,0.00,"3.641MiB / 192MiB",1.90
2026-09-22T05:49:07.847Z,lorawan-gateway-evidence-fabric-adapter-1,0.00,"3.84MiB / 192MiB",2.00
2026-09-22T05:49:07.847Z,lorawan-gateway-evidence-verifier-1,20.72,"10.49MiB / 192MiB",5.46
2026-09-22T05:49:07.847Z,seaweedfs,17.45,"146.3MiB / 256MiB",57.15
2026-09-22T05:49:07.847Z,seaweedfs-metadata-etcd,10.98,"80.5MiB / 96MiB",83.85
2026-09-22T05:49:07.847Z,openbao,2.02,"41.23MiB / 512MiB",8.05
2026-09-22T05:49:07.847Z,chirpstack,0.31,"44.54MiB / 1.922GiB",2.26
2026-09-22T05:49:07.847Z,spilo,1.14,"253.1MiB / 1.922GiB",12.86
2026-09-22T05:49:07.847Z,etcd,0.70,"48.46MiB / 1.922GiB",2.46
2026-09-22T05:49:15.323Z,lorawan-gateway-evidence-ingest-1,0.00,"3.641MiB / 192MiB",1.90
2026-09-22T05:49:15.323Z,lorawan-gateway-evidence-fabric-adapter-1,0.00,"3.84MiB / 192MiB",2.00
2026-09-22T05:49:15.323Z,lorawan-gateway-evidence-verifier-1,10.97,"10.88MiB / 192MiB",5.67
2026-09-22T05:49:15.323Z,seaweedfs,23.75,"146MiB / 256MiB",57.02
2026-09-22T05:49:15.323Z,seaweedfs-metadata-etcd,12.02,"80.5MiB / 96MiB",83.86
2026-09-22T05:49:15.323Z,openbao,2.51,"41.23MiB / 512MiB",8.05
2026-09-22T05:49:15.323Z,chirpstack,0.49,"44.54MiB / 1.922GiB",2.26
2026-09-22T05:49:15.323Z,spilo,1.83,"253.1MiB / 1.922GiB",12.86
2026-09-22T05:49:15.323Z,etcd,2.62,"48.46MiB / 1.922GiB",2.46
2026-09-22T05:49:22.835Z,lorawan-gateway-evidence-ingest-1,0.00,"3.641MiB / 192MiB",1.90
2026-09-22T05:49:22.835Z,lorawan-gateway-evidence-fabric-adapter-1,0.00,"3.84MiB / 192MiB",2.00
2026-09-22T05:49:22.835Z,lorawan-gateway-evidence-verifier-1,0.00,"10.84MiB / 192MiB",5.64
2026-09-22T05:49:22.835Z,seaweedfs,0.58,"146MiB / 256MiB",57.05
2026-09-22T05:49:22.835Z,seaweedfs-metadata-etcd,1.19,"80.5MiB / 96MiB",83.85
2026-09-22T05:49:22.835Z,openbao,2.42,"41.23MiB / 512MiB",8.05
2026-09-22T05:49:22.835Z,chirpstack,0.37,"44.54MiB / 1.922GiB",2.26
2026-09-22T05:49:22.835Z,spilo,0.33,"253.1MiB / 1.922GiB",12.86
2026-09-22T05:49:22.835Z,etcd,1.62,"48.46MiB / 1.922GiB",2.46
2026-09-22T05:49:30.121Z,lorawan-gateway-evidence-ingest-1,0.00,"3.641MiB / 192MiB",1.90
2026-09-22T05:49:30.121Z,lorawan-gateway-evidence-fabric-adapter-1,0.00,"3.84MiB / 192MiB",2.00
2026-09-22T05:49:30.121Z,lorawan-gateway-evidence-verifier-1,0.09,"10.84MiB / 192MiB",5.64
2026-09-22T05:49:30.121Z,seaweedfs,1.09,"146.1MiB / 256MiB",57.05
2026-09-22T05:49:30.121Z,seaweedfs-metadata-etcd,1.29,"80.5MiB / 96MiB",83.85
2026-09-22T05:49:30.121Z,openbao,2.28,"41.23MiB / 512MiB",8.05
2026-09-22T05:49:30.121Z,chirpstack,0.35,"44.54MiB / 1.922GiB",2.26
2026-09-22T05:49:30.121Z,spilo,1.17,"253.1MiB / 1.922GiB",12.86
2026-09-22T05:49:30.121Z,etcd,0.78,"48.46MiB / 1.922GiB",2.46
2026-09-22T05:49:37.353Z,lorawan-gateway-evidence-ingest-1,0.00,"3.641MiB / 192MiB",1.90
2026-09-22T05:49:37.353Z,lorawan-gateway-evidence-fabric-adapter-1,0.00,"3.84MiB / 192MiB",2.00
2026-09-22T05:49:37.353Z,lorawan-gateway-evidence-verifier-1,0.00,"10.84MiB / 192MiB",5.64
2026-09-22T05:49:37.353Z,seaweedfs,0.59,"146MiB / 256MiB",57.05
2026-09-22T05:49:37.353Z,seaweedfs-metadata-etcd,0.97,"80.5MiB / 96MiB",83.85
2026-09-22T05:49:37.353Z,openbao,2.26,"41.23MiB / 512MiB",8.05
2026-09-22T05:49:37.353Z,chirpstack,0.32,"44.54MiB / 1.922GiB",2.26
2026-09-22T05:49:37.353Z,spilo,1.09,"253.1MiB / 1.922GiB",12.86
2026-09-22T05:49:37.353Z,etcd,0.99,"48.46MiB / 1.922GiB",2.46
2026-09-22T05:49:44.557Z,lorawan-gateway-evidence-ingest-1,0.00,"3.641MiB / 192MiB",1.90
2026-09-22T05:49:44.557Z,lorawan-gateway-evidence-fabric-adapter-1,0.00,"3.84MiB / 192MiB",2.00
2026-09-22T05:49:44.557Z,lorawan-gateway-evidence-verifier-1,0.00,"10.49MiB / 192MiB",5.46
2026-09-22T05:49:44.557Z,seaweedfs,6.05,"143.4MiB / 256MiB",56.01
2026-09-22T05:49:44.557Z,seaweedfs-metadata-etcd,8.24,"80.5MiB / 96MiB",83.86
2026-09-22T05:49:44.557Z,openbao,2.24,"41.23MiB / 512MiB",8.05
2026-09-22T05:49:44.557Z,chirpstack,0.41,"44.54MiB / 1.922GiB",2.26
2026-09-22T05:49:44.557Z,spilo,1.29,"253.1MiB / 1.922GiB",12.86
2026-09-22T05:49:44.557Z,etcd,2.39,"48.46MiB / 1.922GiB",2.46
2026-09-22T05:49:51.980Z,lorawan-gateway-evidence-ingest-1,0.00,"3.641MiB / 192MiB",1.90
2026-09-22T05:49:51.980Z,lorawan-gateway-evidence-fabric-adapter-1,0.00,"3.84MiB / 192MiB",2.00
2026-09-22T05:49:51.980Z,lorawan-gateway-evidence-verifier-1,6.59,"10.48MiB / 192MiB",5.46
2026-09-22T05:49:51.980Z,seaweedfs,14.52,"143.6MiB / 256MiB",56.08
2026-09-22T05:49:51.980Z,seaweedfs-metadata-etcd,10.57,"80.5MiB / 96MiB",83.86
2026-09-22T05:49:51.980Z,openbao,2.15,"41.23MiB / 512MiB",8.05
2026-09-22T05:49:51.980Z,chirpstack,0.33,"44.52MiB / 1.922GiB",2.26
2026-09-22T05:49:51.980Z,spilo,1.95,"253.1MiB / 1.922GiB",12.86
2026-09-22T05:49:51.980Z,etcd,0.68,"48.46MiB / 1.922GiB",2.46
2026-09-22T05:49:59.341Z,lorawan-gateway-evidence-ingest-1,0.00,"3.641MiB / 192MiB",1.90
2026-09-22T05:49:59.341Z,lorawan-gateway-evidence-fabric-adapter-1,0.00,"3.84MiB / 192MiB",2.00
2026-09-22T05:49:59.341Z,lorawan-gateway-evidence-verifier-1,0.00,"10.34MiB / 192MiB",5.39
2026-09-22T05:49:59.341Z,seaweedfs,0.70,"154MiB / 256MiB",60.16
2026-09-22T05:49:59.341Z,seaweedfs-metadata-etcd,1.72,"80.5MiB / 96MiB",83.85
2026-09-22T05:49:59.341Z,openbao,3.57,"41.27MiB / 512MiB",8.06
2026-09-22T05:49:59.341Z,chirpstack,0.39,"44.69MiB / 1.922GiB",2.27
2026-09-22T05:49:59.341Z,spilo,2.78,"253.9MiB / 1.922GiB",12.90
2026-09-22T05:49:59.341Z,etcd,1.38,"48.46MiB / 1.922GiB",2.46
2026-09-22T05:50:06.796Z,lorawan-gateway-evidence-ingest-1,0.00,"3.641MiB / 192MiB",1.90
2026-09-22T05:50:06.796Z,lorawan-gateway-evidence-fabric-adapter-1,0.00,"3.84MiB / 192MiB",2.00
2026-09-22T05:50:06.796Z,lorawan-gateway-evidence-verifier-1,7.51,"10.65MiB / 192MiB",5.55
2026-09-22T05:50:06.796Z,seaweedfs,15.63,"146.6MiB / 256MiB",57.25
2026-09-22T05:50:06.796Z,seaweedfs-metadata-etcd,8.82,"80.5MiB / 96MiB",83.86
2026-09-22T05:50:06.796Z,openbao,5.24,"41.27MiB / 512MiB",8.06
2026-09-22T05:50:06.796Z,chirpstack,0.98,"44.7MiB / 1.922GiB",2.27
2026-09-22T05:50:06.796Z,spilo,1.77,"253.9MiB / 1.922GiB",12.90
2026-09-22T05:50:06.796Z,etcd,1.65,"48.46MiB / 1.922GiB",2.46
2026-09-22T05:50:14.406Z,lorawan-gateway-evidence-ingest-1,0.00,"3.641MiB / 192MiB",1.90
2026-09-22T05:50:14.406Z,lorawan-gateway-evidence-fabric-adapter-1,0.00,"3.84MiB / 192MiB",2.00
2026-09-22T05:50:14.406Z,lorawan-gateway-evidence-verifier-1,12.95,"10.85MiB / 192MiB",5.65
2026-09-22T05:50:14.406Z,seaweedfs,23.03,"146.4MiB / 256MiB",57.17
2026-09-22T05:50:14.406Z,seaweedfs-metadata-etcd,10.43,"80.5MiB / 96MiB",83.86
2026-09-22T05:50:14.406Z,openbao,2.82,"41.26MiB / 512MiB",8.06
2026-09-22T05:50:14.406Z,chirpstack,0.39,"44.61MiB / 1.922GiB",2.27
2026-09-22T05:50:14.406Z,spilo,2.43,"253.9MiB / 1.922GiB",12.90
2026-09-22T05:50:14.406Z,etcd,1.31,"48.46MiB / 1.922GiB",2.46
2026-09-22T05:50:21.855Z,lorawan-gateway-evidence-ingest-1,0.00,"3.641MiB / 192MiB",1.90
2026-09-22T05:50:21.855Z,lorawan-gateway-evidence-fabric-adapter-1,0.00,"3.84MiB / 192MiB",2.00
2026-09-22T05:50:21.855Z,lorawan-gateway-evidence-verifier-1,14.54,"10.91MiB / 192MiB",5.68
2026-09-22T05:50:21.855Z,seaweedfs,21.36,"146.1MiB / 256MiB",57.09
2026-09-22T05:50:21.855Z,seaweedfs-metadata-etcd,9.53,"80.5MiB / 96MiB",83.85
2026-09-22T05:50:21.855Z,openbao,2.57,"41.26MiB / 512MiB",8.06
2026-09-22T05:50:21.855Z,chirpstack,0.38,"44.61MiB / 1.922GiB",2.27
2026-09-22T05:50:21.855Z,spilo,3.70,"253.9MiB / 1.922GiB",12.90
2026-09-22T05:50:21.855Z,etcd,0.72,"48.45MiB / 1.922GiB",2.46
2026-09-22T05:50:29.373Z,lorawan-gateway-evidence-ingest-1,0.00,"3.641MiB / 192MiB",1.90
2026-09-22T05:50:29.373Z,lorawan-gateway-evidence-fabric-adapter-1,0.00,"3.84MiB / 192MiB",2.00
2026-09-22T05:50:29.373Z,lorawan-gateway-evidence-verifier-1,12.16,"10.91MiB / 192MiB",5.68
2026-09-22T05:50:29.373Z,seaweedfs,23.52,"146.2MiB / 256MiB",57.12
2026-09-22T05:50:29.373Z,seaweedfs-metadata-etcd,9.16,"80.5MiB / 96MiB",83.86
2026-09-22T05:50:29.373Z,openbao,2.26,"41.26MiB / 512MiB",8.06
2026-09-22T05:50:29.373Z,chirpstack,0.40,"44.61MiB / 1.922GiB",2.27
2026-09-22T05:50:29.373Z,spilo,0.51,"253.9MiB / 1.922GiB",12.90
2026-09-22T05:50:29.373Z,etcd,0.98,"48.46MiB / 1.922GiB",2.46
2026-09-22T05:50:36.756Z,lorawan-gateway-evidence-ingest-1,0.00,"3.641MiB / 192MiB",1.90
2026-09-22T05:50:36.756Z,lorawan-gateway-evidence-fabric-adapter-1,0.00,"3.84MiB / 192MiB",2.00
2026-09-22T05:50:36.756Z,lorawan-gateway-evidence-verifier-1,15.20,"10.35MiB / 192MiB",5.39
2026-09-22T05:50:36.756Z,seaweedfs,24.52,"146.5MiB / 256MiB",57.21
2026-09-22T05:50:36.756Z,seaweedfs-metadata-etcd,7.39,"80.5MiB / 96MiB",83.85
2026-09-22T05:50:36.756Z,openbao,1.93,"41.26MiB / 512MiB",8.06
2026-09-22T05:50:36.756Z,chirpstack,0.47,"44.61MiB / 1.922GiB",2.27
2026-09-22T05:50:36.756Z,spilo,1.29,"253.9MiB / 1.922GiB",12.90
2026-09-22T05:50:36.756Z,etcd,0.90,"48.46MiB / 1.922GiB",2.46
2026-09-22T05:50:44.083Z,lorawan-gateway-evidence-ingest-1,0.00,"3.641MiB / 192MiB",1.90
2026-09-22T05:50:44.083Z,lorawan-gateway-evidence-fabric-adapter-1,0.00,"3.84MiB / 192MiB",2.00
2026-09-22T05:50:44.083Z,lorawan-gateway-evidence-verifier-1,0.13,"10.85MiB / 192MiB",5.65
2026-09-22T05:50:44.083Z,seaweedfs,5.48,"146.1MiB / 256MiB",57.06
2026-09-22T05:50:44.083Z,seaweedfs-metadata-etcd,8.72,"80.5MiB / 96MiB",83.86
2026-09-22T05:50:44.083Z,openbao,2.34,"41.26MiB / 512MiB",8.06
2026-09-22T05:50:44.083Z,chirpstack,0.54,"44.61MiB / 1.922GiB",2.27
2026-09-22T05:50:44.083Z,spilo,1.51,"253.9MiB / 1.922GiB",12.90
2026-09-22T05:50:44.083Z,etcd,0.89,"48.46MiB / 1.922GiB",2.46
2026-09-22T05:50:51.336Z,lorawan-gateway-evidence-ingest-1,0.09,"3.641MiB / 192MiB",1.90
2026-09-22T05:50:51.336Z,lorawan-gateway-evidence-fabric-adapter-1,0.00,"3.84MiB / 192MiB",2.00
2026-09-22T05:50:51.336Z,lorawan-gateway-evidence-verifier-1,13.56,"10.54MiB / 192MiB",5.49
2026-09-22T05:50:51.336Z,seaweedfs,26.90,"146.5MiB / 256MiB",57.21
2026-09-22T05:50:51.336Z,seaweedfs-metadata-etcd,13.08,"80.51MiB / 96MiB",83.86
2026-09-22T05:50:51.336Z,openbao,2.48,"41.26MiB / 512MiB",8.06
2026-09-22T05:50:51.336Z,chirpstack,0.39,"44.61MiB / 1.922GiB",2.27
2026-09-22T05:50:51.336Z,spilo,0.92,"253.9MiB / 1.922GiB",12.90
2026-09-22T05:50:51.336Z,etcd,1.29,"48.46MiB / 1.922GiB",2.46
2026-09-22T05:50:58.683Z,lorawan-gateway-evidence-ingest-1,0.00,"3.641MiB / 192MiB",1.90
2026-09-22T05:50:58.683Z,lorawan-gateway-evidence-fabric-adapter-1,0.00,"3.84MiB / 192MiB",2.00
2026-09-22T05:50:58.683Z,lorawan-gateway-evidence-verifier-1,10.03,"10.41MiB / 192MiB",5.42
2026-09-22T05:50:58.683Z,seaweedfs,22.03,"145.8MiB / 256MiB",56.96
2026-09-22T05:50:58.683Z,seaweedfs-metadata-etcd,9.59,"80.5MiB / 96MiB",83.85
2026-09-22T05:50:58.683Z,openbao,2.41,"41.26MiB / 512MiB",8.06
2026-09-22T05:50:58.683Z,chirpstack,0.49,"44.61MiB / 1.922GiB",2.27
2026-09-22T05:50:58.683Z,spilo,1.95,"253.9MiB / 1.922GiB",12.90
2026-09-22T05:50:58.683Z,etcd,1.29,"48.46MiB / 1.922GiB",2.46
2026-09-22T05:51:06.118Z,lorawan-gateway-evidence-ingest-1,0.00,"3.641MiB / 192MiB",1.90
2026-09-22T05:51:06.118Z,lorawan-gateway-evidence-fabric-adapter-1,0.00,"3.84MiB / 192MiB",2.00
2026-09-22T05:51:06.118Z,lorawan-gateway-evidence-verifier-1,13.83,"10.6MiB / 192MiB",5.52
2026-09-22T05:51:06.118Z,seaweedfs,24.99,"146.2MiB / 256MiB",57.13
2026-09-22T05:51:06.118Z,seaweedfs-metadata-etcd,12.27,"80.51MiB / 96MiB",83.87
2026-09-22T05:51:06.118Z,openbao,2.26,"41.26MiB / 512MiB",8.06
2026-09-22T05:51:06.118Z,chirpstack,0.32,"44.61MiB / 1.922GiB",2.27
2026-09-22T05:51:06.118Z,spilo,1.91,"253.9MiB / 1.922GiB",12.90
2026-09-22T05:51:06.118Z,etcd,1.14,"48.46MiB / 1.922GiB",2.46
2026-09-22T05:51:13.745Z,lorawan-gateway-evidence-ingest-1,0.00,"3.641MiB / 192MiB",1.90
2026-09-22T05:51:13.745Z,lorawan-gateway-evidence-fabric-adapter-1,0.00,"3.84MiB / 192MiB",2.00
2026-09-22T05:51:13.745Z,lorawan-gateway-evidence-verifier-1,12.39,"10.51MiB / 192MiB",5.47
2026-09-22T05:51:13.745Z,seaweedfs,25.88,"146.6MiB / 256MiB",57.25
2026-09-22T05:51:13.745Z,seaweedfs-metadata-etcd,11.40,"80.51MiB / 96MiB",83.86
2026-09-22T05:51:13.745Z,openbao,2.32,"41.26MiB / 512MiB",8.06
2026-09-22T05:51:13.745Z,chirpstack,0.39,"44.61MiB / 1.922GiB",2.27
2026-09-22T05:51:13.745Z,spilo,1.25,"253.9MiB / 1.922GiB",12.90
2026-09-22T05:51:13.745Z,etcd,0.69,"48.46MiB / 1.922GiB",2.46
2026-09-22T05:51:21.148Z,lorawan-gateway-evidence-ingest-1,0.03,"3.641MiB / 192MiB",1.90
2026-09-22T05:51:21.148Z,lorawan-gateway-evidence-fabric-adapter-1,0.00,"3.84MiB / 192MiB",2.00
2026-09-22T05:51:21.148Z,lorawan-gateway-evidence-verifier-1,0.68,"10.85MiB / 192MiB",5.65
2026-09-22T05:51:21.148Z,seaweedfs,0.86,"145.8MiB / 256MiB",56.97
2026-09-22T05:51:21.148Z,seaweedfs-metadata-etcd,1.56,"80.5MiB / 96MiB",83.85
2026-09-22T05:51:21.148Z,openbao,2.68,"41.26MiB / 512MiB",8.06
2026-09-22T05:51:21.148Z,chirpstack,0.32,"44.61MiB / 1.922GiB",2.27
2026-09-22T05:51:21.148Z,spilo,0.68,"254MiB / 1.922GiB",12.91
2026-09-22T05:51:21.148Z,etcd,0.74,"48.46MiB / 1.922GiB",2.46
2026-09-22T05:51:28.526Z,lorawan-gateway-evidence-ingest-1,0.00,"3.641MiB / 192MiB",1.90
2026-09-22T05:51:28.526Z,lorawan-gateway-evidence-fabric-adapter-1,0.00,"3.84MiB / 192MiB",2.00
2026-09-22T05:51:28.526Z,lorawan-gateway-evidence-verifier-1,5.15,"10.6MiB / 192MiB",5.52
2026-09-22T05:51:28.526Z,seaweedfs,14.39,"145.8MiB / 256MiB",56.94
2026-09-22T05:51:28.526Z,seaweedfs-metadata-etcd,11.54,"80.5MiB / 96MiB",83.85
2026-09-22T05:51:28.526Z,openbao,2.34,"41.26MiB / 512MiB",8.06
2026-09-22T05:51:28.526Z,chirpstack,0.36,"44.61MiB / 1.922GiB",2.27
2026-09-22T05:51:28.526Z,spilo,2.39,"254MiB / 1.922GiB",12.91
2026-09-22T05:51:28.526Z,etcd,0.59,"48.46MiB / 1.922GiB",2.46
2026-09-22T05:51:35.890Z,lorawan-gateway-evidence-ingest-1,0.00,"3.641MiB / 192MiB",1.90
2026-09-22T05:51:35.890Z,lorawan-gateway-evidence-fabric-adapter-1,0.00,"3.84MiB / 192MiB",2.00
2026-09-22T05:51:35.890Z,lorawan-gateway-evidence-verifier-1,12.31,"10.83MiB / 192MiB",5.64
2026-09-22T05:51:35.890Z,seaweedfs,20.98,"146MiB / 256MiB",57.04
2026-09-22T05:51:35.890Z,seaweedfs-metadata-etcd,10.73,"80.5MiB / 96MiB",83.86
2026-09-22T05:51:35.890Z,openbao,2.20,"41.26MiB / 512MiB",8.06
2026-09-22T05:51:35.890Z,chirpstack,0.30,"44.61MiB / 1.922GiB",2.27
2026-09-22T05:51:35.890Z,spilo,0.79,"254MiB / 1.922GiB",12.91
2026-09-22T05:51:35.890Z,etcd,2.10,"48.46MiB / 1.922GiB",2.46
2026-09-22T05:51:43.266Z,lorawan-gateway-evidence-ingest-1,0.00,"3.641MiB / 192MiB",1.90
2026-09-22T05:51:43.266Z,lorawan-gateway-evidence-fabric-adapter-1,0.00,"3.84MiB / 192MiB",2.00
2026-09-22T05:51:43.266Z,lorawan-gateway-evidence-verifier-1,13.23,"10.3MiB / 192MiB",5.36
2026-09-22T05:51:43.266Z,seaweedfs,24.69,"146.1MiB / 256MiB",57.09
2026-09-22T05:51:43.266Z,seaweedfs-metadata-etcd,11.28,"80.51MiB / 96MiB",83.86
2026-09-22T05:51:43.266Z,openbao,2.23,"41.26MiB / 512MiB",8.06
2026-09-22T05:51:43.266Z,chirpstack,0.38,"44.61MiB / 1.922GiB",2.27
2026-09-22T05:51:43.266Z,spilo,1.76,"254MiB / 1.922GiB",12.91
2026-09-22T05:51:43.266Z,etcd,0.84,"48.46MiB / 1.922GiB",2.46
2026-09-22T05:51:50.669Z,lorawan-gateway-evidence-ingest-1,0.00,"3.641MiB / 192MiB",1.90
2026-09-22T05:51:50.669Z,lorawan-gateway-evidence-fabric-adapter-1,0.00,"3.84MiB / 192MiB",2.00
2026-09-22T05:51:50.669Z,lorawan-gateway-evidence-verifier-1,13.96,"10.85MiB / 192MiB",5.65
2026-09-22T05:51:50.669Z,seaweedfs,21.28,"146.2MiB / 256MiB",57.10
2026-09-22T05:51:50.669Z,seaweedfs-metadata-etcd,10.24,"80.51MiB / 96MiB",83.86
2026-09-22T05:51:50.669Z,openbao,1.99,"41.26MiB / 512MiB",8.06
2026-09-22T05:51:50.669Z,chirpstack,0.35,"44.61MiB / 1.922GiB",2.27
2026-09-22T05:51:50.669Z,spilo,1.39,"254MiB / 1.922GiB",12.91
2026-09-22T05:51:50.669Z,etcd,1.13,"48.46MiB / 1.922GiB",2.46
2026-09-22T05:51:58.061Z,lorawan-gateway-evidence-ingest-1,0.00,"3.641MiB / 192MiB",1.90
2026-09-22T05:51:58.061Z,lorawan-gateway-evidence-fabric-adapter-1,0.00,"3.84MiB / 192MiB",2.00
2026-09-22T05:51:58.061Z,lorawan-gateway-evidence-verifier-1,14.85,"10.85MiB / 192MiB",5.65
2026-09-22T05:51:58.061Z,seaweedfs,25.13,"145.6MiB / 256MiB",56.87
2026-09-22T05:51:58.061Z,seaweedfs-metadata-etcd,8.96,"80.5MiB / 96MiB",83.86
2026-09-22T05:51:58.061Z,openbao,1.85,"41.26MiB / 512MiB",8.06
2026-09-22T05:51:58.061Z,chirpstack,0.29,"44.61MiB / 1.922GiB",2.27
2026-09-22T05:51:58.061Z,spilo,2.04,"254MiB / 1.922GiB",12.91
2026-09-22T05:51:58.061Z,etcd,0.61,"48.46MiB / 1.922GiB",2.46
2026-09-22T05:52:05.531Z,lorawan-gateway-evidence-ingest-1,0.00,"3.641MiB / 192MiB",1.90
2026-09-22T05:52:05.531Z,lorawan-gateway-evidence-fabric-adapter-1,0.00,"3.84MiB / 192MiB",2.00
2026-09-22T05:52:05.531Z,lorawan-gateway-evidence-verifier-1,1.57,"10.81MiB / 192MiB",5.63
2026-09-22T05:52:05.531Z,seaweedfs,7.00,"146.2MiB / 256MiB",57.10
2026-09-22T05:52:05.531Z,seaweedfs-metadata-etcd,7.64,"80.51MiB / 96MiB",83.86
2026-09-22T05:52:05.531Z,openbao,2.93,"41.26MiB / 512MiB",8.06
2026-09-22T05:52:05.531Z,chirpstack,2.58,"44.61MiB / 1.922GiB",2.27
2026-09-22T05:52:05.531Z,spilo,1.00,"254MiB / 1.922GiB",12.91
2026-09-22T05:52:05.531Z,etcd,2.42,"48.46MiB / 1.922GiB",2.46
2026-09-22T05:52:12.956Z,lorawan-gateway-evidence-ingest-1,0.00,"3.641MiB / 192MiB",1.90
2026-09-22T05:52:12.956Z,lorawan-gateway-evidence-fabric-adapter-1,0.00,"3.84MiB / 192MiB",2.00
2026-09-22T05:52:12.956Z,lorawan-gateway-evidence-verifier-1,12.45,"10.82MiB / 192MiB",5.64
2026-09-22T05:52:12.956Z,seaweedfs,24.28,"145.7MiB / 256MiB",56.90
2026-09-22T05:52:12.956Z,seaweedfs-metadata-etcd,9.81,"80.5MiB / 96MiB",83.86
2026-09-22T05:52:12.956Z,openbao,2.28,"41.26MiB / 512MiB",8.06
2026-09-22T05:52:12.956Z,chirpstack,0.28,"44.61MiB / 1.922GiB",2.27
2026-09-22T05:52:12.956Z,spilo,1.21,"254MiB / 1.922GiB",12.91
2026-09-22T05:52:12.956Z,etcd,0.80,"48.46MiB / 1.922GiB",2.46
2026-09-22T05:52:20.418Z,lorawan-gateway-evidence-ingest-1,0.00,"3.641MiB / 192MiB",1.90
2026-09-22T05:52:20.418Z,lorawan-gateway-evidence-fabric-adapter-1,0.00,"3.84MiB / 192MiB",2.00
2026-09-22T05:52:20.418Z,lorawan-gateway-evidence-verifier-1,14.05,"10.6MiB / 192MiB",5.52
2026-09-22T05:52:20.418Z,seaweedfs,22.93,"145.7MiB / 256MiB",56.91
2026-09-22T05:52:20.418Z,seaweedfs-metadata-etcd,10.67,"80.5MiB / 96MiB",83.86
2026-09-22T05:52:20.418Z,openbao,2.15,"41.26MiB / 512MiB",8.06
2026-09-22T05:52:20.418Z,chirpstack,0.35,"44.61MiB / 1.922GiB",2.27
2026-09-22T05:52:20.418Z,spilo,1.36,"254MiB / 1.922GiB",12.91
2026-09-22T05:52:20.418Z,etcd,0.75,"48.46MiB / 1.922GiB",2.46
2026-09-22T05:52:27.847Z,lorawan-gateway-evidence-ingest-1,0.00,"3.641MiB / 192MiB",1.90
2026-09-22T05:52:27.847Z,lorawan-gateway-evidence-fabric-adapter-1,0.00,"3.84MiB / 192MiB",2.00
2026-09-22T05:52:27.847Z,lorawan-gateway-evidence-verifier-1,13.29,"10.85MiB / 192MiB",5.65
2026-09-22T05:52:27.847Z,seaweedfs,26.21,"146.3MiB / 256MiB",57.13
2026-09-22T05:52:27.847Z,seaweedfs-metadata-etcd,11.74,"80.5MiB / 96MiB",83.86
2026-09-22T05:52:27.847Z,openbao,2.54,"41.26MiB / 512MiB",8.06
2026-09-22T05:52:27.847Z,chirpstack,0.34,"44.61MiB / 1.922GiB",2.27
2026-09-22T05:52:27.847Z,spilo,0.84,"254MiB / 1.922GiB",12.91
2026-09-22T05:52:27.847Z,etcd,0.80,"48.46MiB / 1.922GiB",2.46
2026-09-22T05:52:35.281Z,lorawan-gateway-evidence-ingest-1,0.00,"3.641MiB / 192MiB",1.90
2026-09-22T05:52:35.281Z,lorawan-gateway-evidence-fabric-adapter-1,0.00,"3.84MiB / 192MiB",2.00
2026-09-22T05:52:35.281Z,lorawan-gateway-evidence-verifier-1,11.92,"10.84MiB / 192MiB",5.65
2026-09-22T05:52:35.281Z,seaweedfs,18.95,"146.2MiB / 256MiB",57.12
2026-09-22T05:52:35.281Z,seaweedfs-metadata-etcd,10.39,"80.5MiB / 96MiB",83.85
2026-09-22T05:52:35.281Z,openbao,2.09,"41.26MiB / 512MiB",8.06
2026-09-22T05:52:35.281Z,chirpstack,0.31,"44.61MiB / 1.922GiB",2.27
2026-09-22T05:52:35.281Z,spilo,1.04,"254MiB / 1.922GiB",12.91
2026-09-22T05:52:35.281Z,etcd,2.23,"48.47MiB / 1.922GiB",2.46
2026-09-22T05:52:42.703Z,lorawan-gateway-evidence-ingest-1,0.00,"3.641MiB / 192MiB",1.90
2026-09-22T05:52:42.703Z,lorawan-gateway-evidence-fabric-adapter-1,0.00,"3.84MiB / 192MiB",2.00
2026-09-22T05:52:42.703Z,lorawan-gateway-evidence-verifier-1,12.97,"10.89MiB / 192MiB",5.67
2026-09-22T05:52:42.703Z,seaweedfs,23.09,"154.1MiB / 256MiB",60.19
2026-09-22T05:52:42.703Z,seaweedfs-metadata-etcd,10.70,"80.5MiB / 96MiB",83.86
2026-09-22T05:52:42.703Z,openbao,2.29,"41.54MiB / 512MiB",8.11
2026-09-22T05:52:42.703Z,chirpstack,0.45,"44.61MiB / 1.922GiB",2.27
2026-09-22T05:52:42.703Z,spilo,2.26,"256.9MiB / 1.922GiB",13.05
2026-09-22T05:52:42.703Z,etcd,1.15,"48.46MiB / 1.922GiB",2.46
2026-09-22T05:52:50.143Z,lorawan-gateway-evidence-ingest-1,0.00,"3.641MiB / 192MiB",1.90
2026-09-22T05:52:50.143Z,lorawan-gateway-evidence-fabric-adapter-1,0.00,"3.84MiB / 192MiB",2.00
2026-09-22T05:52:50.143Z,lorawan-gateway-evidence-verifier-1,20.82,"10.41MiB / 192MiB",5.42
2026-09-22T05:52:50.143Z,seaweedfs,19.32,"146.2MiB / 256MiB",57.10
2026-09-22T05:52:50.143Z,seaweedfs-metadata-etcd,8.44,"80.5MiB / 96MiB",83.86
2026-09-22T05:52:50.143Z,openbao,2.87,"41.54MiB / 512MiB",8.11
2026-09-22T05:52:50.143Z,chirpstack,0.33,"44.61MiB / 1.922GiB",2.27
2026-09-22T05:52:50.143Z,spilo,2.04,"256.9MiB / 1.922GiB",13.05
2026-09-22T05:52:50.143Z,etcd,0.88,"48.46MiB / 1.922GiB",2.46
2026-09-22T05:52:57.593Z,lorawan-gateway-evidence-ingest-1,0.00,"3.641MiB / 192MiB",1.90
2026-09-22T05:52:57.593Z,lorawan-gateway-evidence-fabric-adapter-1,0.00,"3.84MiB / 192MiB",2.00
2026-09-22T05:52:57.593Z,lorawan-gateway-evidence-verifier-1,20.76,"10.65MiB / 192MiB",5.55
2026-09-22T05:52:57.593Z,seaweedfs,18.41,"146.2MiB / 256MiB",57.12
2026-09-22T05:52:57.593Z,seaweedfs-metadata-etcd,7.84,"80.5MiB / 96MiB",83.85
2026-09-22T05:52:57.593Z,openbao,2.20,"41.54MiB / 512MiB",8.11
2026-09-22T05:52:57.593Z,chirpstack,0.36,"44.61MiB / 1.922GiB",2.27
2026-09-22T05:52:57.593Z,spilo,0.67,"256.9MiB / 1.922GiB",13.05
2026-09-22T05:52:57.593Z,etcd,0.87,"48.46MiB / 1.922GiB",2.46
2026-09-22T05:53:04.998Z,lorawan-gateway-evidence-ingest-1,0.00,"3.641MiB / 192MiB",1.90
2026-09-22T05:53:04.998Z,lorawan-gateway-evidence-fabric-adapter-1,0.12,"3.84MiB / 192MiB",2.00
2026-09-22T05:53:04.998Z,lorawan-gateway-evidence-verifier-1,14.52,"10.77MiB / 192MiB",5.61
2026-09-22T05:53:04.998Z,seaweedfs,24.56,"146MiB / 256MiB",57.02
2026-09-22T05:53:04.998Z,seaweedfs-metadata-etcd,10.43,"80.5MiB / 96MiB",83.85
2026-09-22T05:53:04.998Z,openbao,2.48,"41.54MiB / 512MiB",8.11
2026-09-22T05:53:04.998Z,chirpstack,2.76,"44.62MiB / 1.922GiB",2.27
2026-09-22T05:53:04.998Z,spilo,3.54,"257.4MiB / 1.922GiB",13.08
2026-09-22T05:53:04.998Z,etcd,0.75,"48.46MiB / 1.922GiB",2.46
2026-09-22T05:53:12.413Z,lorawan-gateway-evidence-ingest-1,0.00,"3.641MiB / 192MiB",1.90
2026-09-22T05:53:12.413Z,lorawan-gateway-evidence-fabric-adapter-1,0.00,"3.84MiB / 192MiB",2.00
2026-09-22T05:53:12.413Z,lorawan-gateway-evidence-verifier-1,14.38,"10.72MiB / 192MiB",5.58
2026-09-22T05:53:12.413Z,seaweedfs,28.71,"146.3MiB / 256MiB",57.16
2026-09-22T05:53:12.413Z,seaweedfs-metadata-etcd,12.01,"80.51MiB / 96MiB",83.86
2026-09-22T05:53:12.413Z,openbao,3.47,"41.54MiB / 512MiB",8.11
2026-09-22T05:53:12.413Z,chirpstack,0.53,"44.61MiB / 1.922GiB",2.27
2026-09-22T05:53:12.413Z,spilo,1.52,"257.4MiB / 1.922GiB",13.08
2026-09-22T05:53:12.413Z,etcd,0.82,"48.46MiB / 1.922GiB",2.46
2026-09-22T05:53:19.979Z,lorawan-gateway-evidence-ingest-1,0.00,"3.641MiB / 192MiB",1.90
2026-09-22T05:53:19.979Z,lorawan-gateway-evidence-fabric-adapter-1,0.00,"3.84MiB / 192MiB",2.00
2026-09-22T05:53:19.979Z,lorawan-gateway-evidence-verifier-1,20.09,"10.41MiB / 192MiB",5.42
2026-09-22T05:53:19.979Z,seaweedfs,19.05,"146.2MiB / 256MiB",57.12
2026-09-22T05:53:19.979Z,seaweedfs-metadata-etcd,9.90,"80.5MiB / 96MiB",83.86
2026-09-22T05:53:19.979Z,openbao,2.74,"41.85MiB / 512MiB",8.17
2026-09-22T05:53:19.979Z,chirpstack,0.35,"44.61MiB / 1.922GiB",2.27
2026-09-22T05:53:19.979Z,spilo,1.33,"257.4MiB / 1.922GiB",13.08
2026-09-22T05:53:19.979Z,etcd,0.77,"48.46MiB / 1.922GiB",2.46
2026-09-22T05:53:27.343Z,lorawan-gateway-evidence-ingest-1,0.00,"3.641MiB / 192MiB",1.90
2026-09-22T05:53:27.343Z,lorawan-gateway-evidence-fabric-adapter-1,0.00,"3.84MiB / 192MiB",2.00
2026-09-22T05:53:27.343Z,lorawan-gateway-evidence-verifier-1,15.38,"10.51MiB / 192MiB",5.47
2026-09-22T05:53:27.343Z,seaweedfs,20.90,"146.3MiB / 256MiB",57.14
2026-09-22T05:53:27.343Z,seaweedfs-metadata-etcd,10.38,"80.51MiB / 96MiB",83.87
2026-09-22T05:53:27.343Z,openbao,2.22,"41.85MiB / 512MiB",8.17
2026-09-22T05:53:27.343Z,chirpstack,0.41,"44.61MiB / 1.922GiB",2.27
2026-09-22T05:53:27.343Z,spilo,1.07,"257.4MiB / 1.922GiB",13.08
2026-09-22T05:53:27.343Z,etcd,1.14,"48.46MiB / 1.922GiB",2.46
2026-09-22T05:53:34.732Z,lorawan-gateway-evidence-ingest-1,0.00,"3.641MiB / 192MiB",1.90
2026-09-22T05:53:34.732Z,lorawan-gateway-evidence-fabric-adapter-1,0.00,"3.84MiB / 192MiB",2.00
2026-09-22T05:53:34.732Z,lorawan-gateway-evidence-verifier-1,13.74,"10.37MiB / 192MiB",5.40
2026-09-22T05:53:34.732Z,seaweedfs,28.09,"145.9MiB / 256MiB",57.00
2026-09-22T05:53:34.732Z,seaweedfs-metadata-etcd,14.55,"80.51MiB / 96MiB",83.86
2026-09-22T05:53:34.732Z,openbao,2.56,"41.86MiB / 512MiB",8.17
2026-09-22T05:53:34.732Z,chirpstack,0.33,"44.61MiB / 1.922GiB",2.27
2026-09-22T05:53:34.732Z,spilo,3.82,"257.5MiB / 1.922GiB",13.08
2026-09-22T05:53:34.732Z,etcd,1.03,"48.46MiB / 1.922GiB",2.46
2026-09-22T05:53:42.150Z,lorawan-gateway-evidence-ingest-1,0.00,"3.641MiB / 192MiB",1.90
2026-09-22T05:53:42.150Z,lorawan-gateway-evidence-fabric-adapter-1,0.00,"3.84MiB / 192MiB",2.00
2026-09-22T05:53:42.150Z,lorawan-gateway-evidence-verifier-1,14.80,"10.53MiB / 192MiB",5.48
2026-09-22T05:53:42.150Z,seaweedfs,27.18,"146.3MiB / 256MiB",57.15
2026-09-22T05:53:42.150Z,seaweedfs-metadata-etcd,10.25,"80.5MiB / 96MiB",83.86
2026-09-22T05:53:42.150Z,openbao,2.75,"41.85MiB / 512MiB",8.17
2026-09-22T05:53:42.150Z,chirpstack,0.28,"44.61MiB / 1.922GiB",2.27
2026-09-22T05:53:42.150Z,spilo,0.89,"257.5MiB / 1.922GiB",13.08
2026-09-22T05:53:42.150Z,etcd,0.81,"48.46MiB / 1.922GiB",2.46
2026-09-22T05:53:49.536Z,lorawan-gateway-evidence-ingest-1,0.00,"3.641MiB / 192MiB",1.90
2026-09-22T05:53:49.536Z,lorawan-gateway-evidence-fabric-adapter-1,0.00,"3.84MiB / 192MiB",2.00
2026-09-22T05:53:49.536Z,lorawan-gateway-evidence-verifier-1,15.28,"10.49MiB / 192MiB",5.46
2026-09-22T05:53:49.536Z,seaweedfs,21.93,"146.2MiB / 256MiB",57.12
2026-09-22T05:53:49.536Z,seaweedfs-metadata-etcd,8.03,"80.51MiB / 96MiB",83.86
2026-09-22T05:53:49.536Z,openbao,2.05,"41.85MiB / 512MiB",8.17
2026-09-22T05:53:49.536Z,chirpstack,0.43,"44.61MiB / 1.922GiB",2.27
2026-09-22T05:53:49.536Z,spilo,2.14,"257.5MiB / 1.922GiB",13.08
2026-09-22T05:53:49.536Z,etcd,0.95,"48.46MiB / 1.922GiB",2.46
2026-09-22T05:53:56.938Z,lorawan-gateway-evidence-ingest-1,0.00,"3.641MiB / 192MiB",1.90
2026-09-22T05:53:56.938Z,lorawan-gateway-evidence-fabric-adapter-1,0.00,"3.84MiB / 192MiB",2.00
2026-09-22T05:53:56.938Z,lorawan-gateway-evidence-verifier-1,20.92,"10.82MiB / 192MiB",5.64
2026-09-22T05:53:56.938Z,seaweedfs,15.63,"145.7MiB / 256MiB",56.92
2026-09-22T05:53:56.938Z,seaweedfs-metadata-etcd,7.65,"80.5MiB / 96MiB",83.86
2026-09-22T05:53:56.938Z,openbao,1.86,"41.85MiB / 512MiB",8.17
2026-09-22T05:53:56.938Z,chirpstack,0.39,"44.61MiB / 1.922GiB",2.27
2026-09-22T05:53:56.938Z,spilo,1.20,"257.5MiB / 1.922GiB",13.09
2026-09-22T05:53:56.938Z,etcd,0.90,"48.46MiB / 1.922GiB",2.46
2026-09-22T05:54:04.391Z,lorawan-gateway-evidence-ingest-1,0.00,"3.641MiB / 192MiB",1.90
2026-09-22T05:54:04.391Z,lorawan-gateway-evidence-fabric-adapter-1,0.01,"3.84MiB / 192MiB",2.00
2026-09-22T05:54:04.391Z,lorawan-gateway-evidence-verifier-1,12.65,"10.6MiB / 192MiB",5.52
2026-09-22T05:54:04.391Z,seaweedfs,24.84,"146MiB / 256MiB",57.05
2026-09-22T05:54:04.391Z,seaweedfs-metadata-etcd,9.89,"80.5MiB / 96MiB",83.86
2026-09-22T05:54:04.391Z,openbao,2.12,"41.91MiB / 512MiB",8.19
2026-09-22T05:54:04.391Z,chirpstack,0.38,"44.61MiB / 1.922GiB",2.27
2026-09-22T05:54:04.391Z,spilo,2.90,"257.5MiB / 1.922GiB",13.09
2026-09-22T05:54:04.391Z,etcd,1.05,"48.46MiB / 1.922GiB",2.46
2026-09-22T05:54:11.921Z,lorawan-gateway-evidence-ingest-1,0.00,"3.641MiB / 192MiB",1.90
2026-09-22T05:54:11.921Z,lorawan-gateway-evidence-fabric-adapter-1,0.00,"3.84MiB / 192MiB",2.00
2026-09-22T05:54:11.921Z,lorawan-gateway-evidence-verifier-1,20.04,"10.36MiB / 192MiB",5.40
2026-09-22T05:54:11.921Z,seaweedfs,16.22,"145.6MiB / 256MiB",56.86
2026-09-22T05:54:11.921Z,seaweedfs-metadata-etcd,9.70,"80.5MiB / 96MiB",83.86
2026-09-22T05:54:11.921Z,openbao,2.16,"41.91MiB / 512MiB",8.19
2026-09-22T05:54:11.921Z,chirpstack,0.32,"44.61MiB / 1.922GiB",2.27
2026-09-22T05:54:11.921Z,spilo,0.46,"257.6MiB / 1.922GiB",13.09
2026-09-22T05:54:11.921Z,etcd,0.83,"48.46MiB / 1.922GiB",2.46
2026-09-22T05:54:19.400Z,lorawan-gateway-evidence-ingest-1,0.00,"3.641MiB / 192MiB",1.90
2026-09-22T05:54:19.400Z,lorawan-gateway-evidence-fabric-adapter-1,0.00,"3.84MiB / 192MiB",2.00
2026-09-22T05:54:19.400Z,lorawan-gateway-evidence-verifier-1,12.08,"10.35MiB / 192MiB",5.39
2026-09-22T05:54:19.400Z,seaweedfs,19.59,"145.9MiB / 256MiB",56.98
2026-09-22T05:54:19.400Z,seaweedfs-metadata-etcd,10.45,"80.5MiB / 96MiB",83.86
2026-09-22T05:54:19.400Z,openbao,2.16,"41.91MiB / 512MiB",8.19
2026-09-22T05:54:19.400Z,chirpstack,0.31,"44.61MiB / 1.922GiB",2.27
2026-09-22T05:54:19.400Z,spilo,2.45,"257.6MiB / 1.922GiB",13.09
2026-09-22T05:54:19.400Z,etcd,0.94,"48.46MiB / 1.922GiB",2.46
2026-09-22T05:54:26.858Z,lorawan-gateway-evidence-ingest-1,0.00,"3.641MiB / 192MiB",1.90
2026-09-22T05:54:26.858Z,lorawan-gateway-evidence-fabric-adapter-1,0.00,"3.84MiB / 192MiB",2.00
2026-09-22T05:54:26.858Z,lorawan-gateway-evidence-verifier-1,0.00,"10.35MiB / 192MiB",5.39
2026-09-22T05:54:26.858Z,seaweedfs,0.44,"145.9MiB / 256MiB",56.99
2026-09-22T05:54:26.858Z,seaweedfs-metadata-etcd,1.14,"80.5MiB / 96MiB",83.85
2026-09-22T05:54:26.858Z,openbao,2.45,"42.64MiB / 512MiB",8.33
2026-09-22T05:54:26.858Z,chirpstack,0.42,"44.57MiB / 1.922GiB",2.26
2026-09-22T05:54:26.858Z,spilo,0.72,"258.4MiB / 1.922GiB",13.13
2026-09-22T05:54:26.858Z,etcd,1.39,"48.46MiB / 1.922GiB",2.46
2026-09-22T05:54:34.114Z,lorawan-gateway-evidence-ingest-1,0.00,"3.641MiB / 192MiB",1.90
2026-09-22T05:54:34.114Z,lorawan-gateway-evidence-fabric-adapter-1,0.00,"3.84MiB / 192MiB",2.00
2026-09-22T05:54:34.114Z,lorawan-gateway-evidence-verifier-1,8.54,"11.02MiB / 192MiB",5.74
2026-09-22T05:54:34.114Z,seaweedfs,16.24,"146.1MiB / 256MiB",57.08
2026-09-22T05:54:34.114Z,seaweedfs-metadata-etcd,5.12,"80.51MiB / 96MiB",83.86
2026-09-22T05:54:34.114Z,openbao,2.16,"42.64MiB / 512MiB",8.33
2026-09-22T05:54:34.114Z,chirpstack,0.44,"44.57MiB / 1.922GiB",2.26
2026-09-22T05:54:34.114Z,spilo,1.48,"258.5MiB / 1.922GiB",13.13
2026-09-22T05:54:34.114Z,etcd,0.95,"48.46MiB / 1.922GiB",2.46
2026-09-22T05:54:41.485Z,lorawan-gateway-evidence-ingest-1,0.00,"3.641MiB / 192MiB",1.90
2026-09-22T05:54:41.485Z,lorawan-gateway-evidence-fabric-adapter-1,0.00,"3.84MiB / 192MiB",2.00
2026-09-22T05:54:41.485Z,lorawan-gateway-evidence-verifier-1,0.00,"10.57MiB / 192MiB",5.50
2026-09-22T05:54:41.485Z,seaweedfs,0.67,"146.1MiB / 256MiB",57.08
2026-09-22T05:54:41.485Z,seaweedfs-metadata-etcd,0.86,"80.5MiB / 96MiB",83.85
2026-09-22T05:54:41.485Z,openbao,2.01,"42.64MiB / 512MiB",8.33
2026-09-22T05:54:41.485Z,chirpstack,0.32,"44.57MiB / 1.922GiB",2.26
2026-09-22T05:54:41.485Z,spilo,1.82,"258.5MiB / 1.922GiB",13.13
2026-09-22T05:54:41.485Z,etcd,1.05,"48.46MiB / 1.922GiB",2.46
2026-09-22T05:54:48.670Z,lorawan-gateway-evidence-ingest-1,0.00,"3.641MiB / 192MiB",1.90
2026-09-22T05:54:48.670Z,lorawan-gateway-evidence-fabric-adapter-1,0.00,"3.84MiB / 192MiB",2.00
2026-09-22T05:54:48.670Z,lorawan-gateway-evidence-verifier-1,13.52,"10.87MiB / 192MiB",5.66
2026-09-22T05:54:48.670Z,seaweedfs,25.34,"152.2MiB / 256MiB",59.47
2026-09-22T05:54:48.670Z,seaweedfs-metadata-etcd,7.36,"80.51MiB / 96MiB",83.86
2026-09-22T05:54:48.670Z,openbao,1.75,"42.64MiB / 512MiB",8.33
2026-09-22T05:54:48.670Z,chirpstack,0.30,"44.57MiB / 1.922GiB",2.26
2026-09-22T05:54:48.670Z,spilo,0.55,"258.5MiB / 1.922GiB",13.13
2026-09-22T05:54:48.670Z,etcd,0.80,"48.46MiB / 1.922GiB",2.46
2026-09-22T05:54:55.925Z,lorawan-gateway-evidence-ingest-1,0.00,"3.641MiB / 192MiB",1.90
2026-09-22T05:54:55.925Z,lorawan-gateway-evidence-fabric-adapter-1,0.00,"3.84MiB / 192MiB",2.00
2026-09-22T05:54:55.925Z,lorawan-gateway-evidence-verifier-1,0.13,"10.79MiB / 192MiB",5.62
2026-09-22T05:54:55.925Z,seaweedfs,4.48,"143.6MiB / 256MiB",56.08
2026-09-22T05:54:55.925Z,seaweedfs-metadata-etcd,5.73,"80.5MiB / 96MiB",83.85
2026-09-22T05:54:55.925Z,openbao,2.76,"42.64MiB / 512MiB",8.33
2026-09-22T05:54:55.925Z,chirpstack,0.34,"44.57MiB / 1.922GiB",2.26
2026-09-22T05:54:55.925Z,spilo,2.37,"258.5MiB / 1.922GiB",13.13
2026-09-22T05:54:55.925Z,etcd,2.64,"48.46MiB / 1.922GiB",2.46
2026-09-22T05:55:03.175Z,lorawan-gateway-evidence-ingest-1,0.00,"3.641MiB / 192MiB",1.90
2026-09-22T05:55:03.175Z,lorawan-gateway-evidence-fabric-adapter-1,0.00,"3.84MiB / 192MiB",2.00
2026-09-22T05:55:03.175Z,lorawan-gateway-evidence-verifier-1,0.00,"10.79MiB / 192MiB",5.62
2026-09-22T05:55:03.175Z,seaweedfs,0.83,"143.6MiB / 256MiB",56.08
2026-09-22T05:55:03.175Z,seaweedfs-metadata-etcd,1.80,"80.5MiB / 96MiB",83.85
2026-09-22T05:55:03.175Z,openbao,3.42,"42.64MiB / 512MiB",8.33
2026-09-22T05:55:03.175Z,chirpstack,0.40,"44.57MiB / 1.922GiB",2.26
2026-09-22T05:55:03.175Z,spilo,2.08,"258.7MiB / 1.922GiB",13.15
2026-09-22T05:55:03.175Z,etcd,2.60,"48.46MiB / 1.922GiB",2.46
2026-09-22T05:55:10.587Z,lorawan-gateway-evidence-ingest-1,0.00,"3.641MiB / 192MiB",1.90
2026-09-22T05:55:10.587Z,lorawan-gateway-evidence-fabric-adapter-1,0.00,"3.84MiB / 192MiB",2.00
2026-09-22T05:55:10.587Z,lorawan-gateway-evidence-verifier-1,13.36,"10.85MiB / 192MiB",5.65
2026-09-22T05:55:10.587Z,seaweedfs,28.81,"145.5MiB / 256MiB",56.83
2026-09-22T05:55:10.587Z,seaweedfs-metadata-etcd,13.62,"80.51MiB / 96MiB",83.86
2026-09-22T05:55:10.587Z,openbao,2.87,"42.72MiB / 512MiB",8.34
2026-09-22T05:55:10.587Z,chirpstack,0.38,"44.88MiB / 1.922GiB",2.28
2026-09-22T05:55:10.587Z,spilo,2.07,"258.8MiB / 1.922GiB",13.15
2026-09-22T05:55:10.587Z,etcd,1.27,"48.46MiB / 1.922GiB",2.46
2026-09-22T05:55:18.110Z,lorawan-gateway-evidence-ingest-1,0.00,"3.641MiB / 192MiB",1.90
2026-09-22T05:55:18.110Z,lorawan-gateway-evidence-fabric-adapter-1,0.00,"3.84MiB / 192MiB",2.00
2026-09-22T05:55:18.110Z,lorawan-gateway-evidence-verifier-1,0.10,"10.66MiB / 192MiB",5.55
2026-09-22T05:55:18.110Z,seaweedfs,4.76,"146.7MiB / 256MiB",57.29
2026-09-22T05:55:18.110Z,seaweedfs-metadata-etcd,6.85,"80.5MiB / 96MiB",83.85
2026-09-22T05:55:18.110Z,openbao,2.32,"42.72MiB / 512MiB",8.34
2026-09-22T05:55:18.110Z,chirpstack,0.81,"44.8MiB / 1.922GiB",2.28
2026-09-22T05:55:18.110Z,spilo,1.42,"258.8MiB / 1.922GiB",13.15
2026-09-22T05:55:18.110Z,etcd,0.82,"48.46MiB / 1.922GiB",2.46
2026-09-22T05:55:25.508Z,lorawan-gateway-evidence-ingest-1,0.00,"3.641MiB / 192MiB",1.90
2026-09-22T05:55:25.508Z,lorawan-gateway-evidence-fabric-adapter-1,0.00,"3.84MiB / 192MiB",2.00
2026-09-22T05:55:25.508Z,lorawan-gateway-evidence-verifier-1,12.98,"10.29MiB / 192MiB",5.36
2026-09-22T05:55:25.508Z,seaweedfs,25.11,"147MiB / 256MiB",57.42
2026-09-22T05:55:25.508Z,seaweedfs-metadata-etcd,12.20,"80.51MiB / 96MiB",83.86
2026-09-22T05:55:25.508Z,openbao,2.56,"42.71MiB / 512MiB",8.34
2026-09-22T05:55:25.508Z,chirpstack,0.45,"44.79MiB / 1.922GiB",2.28
2026-09-22T05:55:25.508Z,spilo,2.79,"258.9MiB / 1.922GiB",13.15
2026-09-22T05:55:25.508Z,etcd,2.71,"48.46MiB / 1.922GiB",2.46
2026-09-22T05:55:33.065Z,lorawan-gateway-evidence-ingest-1,0.00,"3.641MiB / 192MiB",1.90
2026-09-22T05:55:33.065Z,lorawan-gateway-evidence-fabric-adapter-1,0.00,"3.84MiB / 192MiB",2.00
2026-09-22T05:55:33.065Z,lorawan-gateway-evidence-verifier-1,0.00,"10.79MiB / 192MiB",5.62
2026-09-22T05:55:33.065Z,seaweedfs,0.79,"146.6MiB / 256MiB",57.28
2026-09-22T05:55:33.065Z,seaweedfs-metadata-etcd,1.15,"80.5MiB / 96MiB",83.85
2026-09-22T05:55:33.065Z,openbao,2.61,"42.71MiB / 512MiB",8.34
2026-09-22T05:55:33.065Z,chirpstack,0.40,"44.79MiB / 1.922GiB",2.28
2026-09-22T05:55:33.065Z,spilo,0.72,"258.8MiB / 1.922GiB",13.15
2026-09-22T05:55:33.065Z,etcd,0.98,"48.46MiB / 1.922GiB",2.46
2026-09-22T05:55:40.262Z,lorawan-gateway-evidence-ingest-1,0.00,"3.641MiB / 192MiB",1.90
2026-09-22T05:55:40.262Z,lorawan-gateway-evidence-fabric-adapter-1,0.00,"3.84MiB / 192MiB",2.00
2026-09-22T05:55:40.262Z,lorawan-gateway-evidence-verifier-1,0.11,"10.84MiB / 192MiB",5.64
2026-09-22T05:55:40.262Z,seaweedfs,0.62,"146.3MiB / 256MiB",57.15
2026-09-22T05:55:40.262Z,seaweedfs-metadata-etcd,1.26,"80.5MiB / 96MiB",83.85
2026-09-22T05:55:40.262Z,openbao,4.44,"42.71MiB / 512MiB",8.34
2026-09-22T05:55:40.262Z,chirpstack,0.38,"44.79MiB / 1.922GiB",2.28
2026-09-22T05:55:40.262Z,spilo,0.55,"258.8MiB / 1.922GiB",13.15
2026-09-22T05:55:40.262Z,etcd,1.04,"48.46MiB / 1.922GiB",2.46
2026-09-22T05:55:47.697Z,lorawan-gateway-evidence-ingest-1,0.00,"3.641MiB / 192MiB",1.90
2026-09-22T05:55:47.697Z,lorawan-gateway-evidence-fabric-adapter-1,0.00,"3.84MiB / 192MiB",2.00
2026-09-22T05:55:47.697Z,lorawan-gateway-evidence-verifier-1,12.22,"10.82MiB / 192MiB",5.64
2026-09-22T05:55:47.697Z,seaweedfs,22.02,"146.1MiB / 256MiB",57.05
2026-09-22T05:55:47.697Z,seaweedfs-metadata-etcd,11.73,"80.51MiB / 96MiB",83.87
2026-09-22T05:55:47.697Z,openbao,2.23,"42.71MiB / 512MiB",8.34
2026-09-22T05:55:47.697Z,chirpstack,0.43,"44.79MiB / 1.922GiB",2.28
2026-09-22T05:55:47.697Z,spilo,2.71,"258.8MiB / 1.922GiB",13.15
2026-09-22T05:55:47.697Z,etcd,0.82,"48.46MiB / 1.922GiB",2.46
2026-09-22T05:55:55.239Z,lorawan-gateway-evidence-ingest-1,0.00,"3.641MiB / 192MiB",1.90
2026-09-22T05:55:55.239Z,lorawan-gateway-evidence-fabric-adapter-1,0.00,"3.84MiB / 192MiB",2.00
2026-09-22T05:55:55.239Z,lorawan-gateway-evidence-verifier-1,4.03,"10.66MiB / 192MiB",5.55
2026-09-22T05:55:55.239Z,seaweedfs,5.78,"145.5MiB / 256MiB",56.83
2026-09-22T05:55:55.239Z,seaweedfs-metadata-etcd,3.32,"80.5MiB / 96MiB",83.85
2026-09-22T05:55:55.239Z,openbao,2.66,"42.71MiB / 512MiB",8.34
2026-09-22T05:55:55.239Z,chirpstack,0.35,"44.79MiB / 1.922GiB",2.28
2026-09-22T05:55:55.239Z,spilo,1.31,"258.8MiB / 1.922GiB",13.15
2026-09-22T05:55:55.239Z,etcd,2.38,"48.46MiB / 1.922GiB",2.46
2026-09-22T05:56:02.660Z,lorawan-gateway-evidence-ingest-1,0.00,"3.641MiB / 192MiB",1.90
2026-09-22T05:56:02.660Z,lorawan-gateway-evidence-fabric-adapter-1,0.00,"3.84MiB / 192MiB",2.00
2026-09-22T05:56:02.660Z,lorawan-gateway-evidence-verifier-1,10.45,"10.85MiB / 192MiB",5.65
2026-09-22T05:56:02.660Z,seaweedfs,20.58,"146.3MiB / 256MiB",57.17
2026-09-22T05:56:02.660Z,seaweedfs-metadata-etcd,9.15,"80.5MiB / 96MiB",83.86
2026-09-22T05:56:02.660Z,openbao,3.07,"42.71MiB / 512MiB",8.34
2026-09-22T05:56:02.660Z,chirpstack,0.34,"44.79MiB / 1.922GiB",2.28
2026-09-22T05:56:02.660Z,spilo,1.06,"258.8MiB / 1.922GiB",13.15
2026-09-22T05:56:02.660Z,etcd,1.51,"48.46MiB / 1.922GiB",2.46
2026-09-22T05:56:10.150Z,lorawan-gateway-evidence-ingest-1,0.00,"3.641MiB / 192MiB",1.90
2026-09-22T05:56:10.150Z,lorawan-gateway-evidence-fabric-adapter-1,0.00,"3.84MiB / 192MiB",2.00
2026-09-22T05:56:10.150Z,lorawan-gateway-evidence-verifier-1,8.88,"10.29MiB / 192MiB",5.36
2026-09-22T05:56:10.150Z,seaweedfs,17.30,"145.3MiB / 256MiB",56.75
2026-09-22T05:56:10.150Z,seaweedfs-metadata-etcd,5.84,"80.5MiB / 96MiB",83.86
2026-09-22T05:56:10.150Z,openbao,2.46,"42.71MiB / 512MiB",8.34
2026-09-22T05:56:10.150Z,chirpstack,0.32,"44.79MiB / 1.922GiB",2.28
2026-09-22T05:56:10.150Z,spilo,0.93,"258.9MiB / 1.922GiB",13.15
2026-09-22T05:56:10.150Z,etcd,0.96,"48.46MiB / 1.922GiB",2.46
2026-09-22T05:56:17.486Z,lorawan-gateway-evidence-ingest-1,0.00,"3.641MiB / 192MiB",1.90
2026-09-22T05:56:17.486Z,lorawan-gateway-evidence-fabric-adapter-1,0.00,"3.84MiB / 192MiB",2.00
2026-09-22T05:56:17.486Z,lorawan-gateway-evidence-verifier-1,0.00,"10.64MiB / 192MiB",5.54
2026-09-22T05:56:17.486Z,seaweedfs,0.55,"146.4MiB / 256MiB",57.21
2026-09-22T05:56:17.486Z,seaweedfs-metadata-etcd,0.97,"80.5MiB / 96MiB",83.85
2026-09-22T05:56:17.486Z,openbao,2.54,"42.71MiB / 512MiB",8.34
2026-09-22T05:56:17.486Z,chirpstack,0.34,"44.79MiB / 1.922GiB",2.28
2026-09-22T05:56:17.486Z,spilo,2.50,"258.9MiB / 1.922GiB",13.15
2026-09-22T05:56:17.486Z,etcd,1.17,"48.46MiB / 1.922GiB",2.46
2026-09-22T05:56:24.743Z,lorawan-gateway-evidence-ingest-1,0.00,"3.641MiB / 192MiB",1.90
2026-09-22T05:56:24.743Z,lorawan-gateway-evidence-fabric-adapter-1,0.00,"3.84MiB / 192MiB",2.00
2026-09-22T05:56:24.743Z,lorawan-gateway-evidence-verifier-1,11.18,"10.75MiB / 192MiB",5.60
2026-09-22T05:56:24.743Z,seaweedfs,22.34,"147.1MiB / 256MiB",57.48
2026-09-22T05:56:24.743Z,seaweedfs-metadata-etcd,10.69,"80.51MiB / 96MiB",83.87
2026-09-22T05:56:24.743Z,openbao,2.92,"42.71MiB / 512MiB",8.34
2026-09-22T05:56:24.743Z,chirpstack,0.36,"44.8MiB / 1.922GiB",2.28
2026-09-22T05:56:24.743Z,spilo,1.41,"258.9MiB / 1.922GiB",13.15
2026-09-22T05:56:24.743Z,etcd,0.74,"48.46MiB / 1.922GiB",2.46
2026-09-22T05:56:32.251Z,lorawan-gateway-evidence-ingest-1,0.00,"3.641MiB / 192MiB",1.90
2026-09-22T05:56:32.251Z,lorawan-gateway-evidence-fabric-adapter-1,0.00,"3.84MiB / 192MiB",2.00
2026-09-22T05:56:32.251Z,lorawan-gateway-evidence-verifier-1,16.81,"10.86MiB / 192MiB",5.66
2026-09-22T05:56:32.251Z,seaweedfs,23.48,"146.7MiB / 256MiB",57.31
2026-09-22T05:56:32.251Z,seaweedfs-metadata-etcd,7.93,"80.51MiB / 96MiB",83.86
2026-09-22T05:56:32.251Z,openbao,2.25,"42.71MiB / 512MiB",8.34
2026-09-22T05:56:32.251Z,chirpstack,0.24,"44.8MiB / 1.922GiB",2.28
2026-09-22T05:56:32.251Z,spilo,2.23,"258.9MiB / 1.922GiB",13.15
2026-09-22T05:56:32.251Z,etcd,0.85,"48.46MiB / 1.922GiB",2.46
2026-09-22T05:56:39.631Z,lorawan-gateway-evidence-ingest-1,0.00,"3.641MiB / 192MiB",1.90
2026-09-22T05:56:39.631Z,lorawan-gateway-evidence-fabric-adapter-1,0.00,"3.84MiB / 192MiB",2.00
2026-09-22T05:56:39.631Z,lorawan-gateway-evidence-verifier-1,13.31,"10.54MiB / 192MiB",5.49
2026-09-22T05:56:39.631Z,seaweedfs,21.04,"145.9MiB / 256MiB",56.98
2026-09-22T05:56:39.631Z,seaweedfs-metadata-etcd,12.19,"80.51MiB / 96MiB",83.86
2026-09-22T05:56:39.631Z,openbao,2.31,"42.72MiB / 512MiB",8.34
2026-09-22T05:56:39.631Z,chirpstack,0.23,"44.8MiB / 1.922GiB",2.28
2026-09-22T05:56:39.631Z,spilo,1.21,"258.9MiB / 1.922GiB",13.15
2026-09-22T05:56:39.631Z,etcd,0.70,"48.46MiB / 1.922GiB",2.46
2026-09-22T05:56:47.129Z,lorawan-gateway-evidence-ingest-1,0.00,"3.641MiB / 192MiB",1.90
2026-09-22T05:56:47.129Z,lorawan-gateway-evidence-fabric-adapter-1,0.00,"3.84MiB / 192MiB",2.00
2026-09-22T05:56:47.129Z,lorawan-gateway-evidence-verifier-1,0.00,"10.85MiB / 192MiB",5.65
2026-09-22T05:56:47.129Z,seaweedfs,3.73,"145.9MiB / 256MiB",56.99
2026-09-22T05:56:47.129Z,seaweedfs-metadata-etcd,5.31,"80.5MiB / 96MiB",83.85
2026-09-22T05:56:47.129Z,openbao,2.66,"42.71MiB / 512MiB",8.34
2026-09-22T05:56:47.129Z,chirpstack,0.36,"44.8MiB / 1.922GiB",2.28
2026-09-22T05:56:47.129Z,spilo,1.29,"258.9MiB / 1.922GiB",13.15
2026-09-22T05:56:47.129Z,etcd,1.40,"48.46MiB / 1.922GiB",2.46
2026-09-22T05:56:54.363Z,lorawan-gateway-evidence-ingest-1,0.00,"3.641MiB / 192MiB",1.90
2026-09-22T05:56:54.363Z,lorawan-gateway-evidence-fabric-adapter-1,0.00,"3.84MiB / 192MiB",2.00
2026-09-22T05:56:54.363Z,lorawan-gateway-evidence-verifier-1,11.43,"10.41MiB / 192MiB",5.42
2026-09-22T05:56:54.363Z,seaweedfs,22.58,"146.6MiB / 256MiB",57.25
2026-09-22T05:56:54.363Z,seaweedfs-metadata-etcd,9.25,"80.51MiB / 96MiB",83.86
2026-09-22T05:56:54.363Z,openbao,2.52,"42.71MiB / 512MiB",8.34
2026-09-22T05:56:54.363Z,chirpstack,0.46,"44.8MiB / 1.922GiB",2.28
2026-09-22T05:56:54.363Z,spilo,2.04,"258.8MiB / 1.922GiB",13.15
2026-09-22T05:56:54.363Z,etcd,0.89,"48.46MiB / 1.922GiB",2.46
2026-09-22T05:57:01.831Z,lorawan-gateway-evidence-ingest-1,0.00,"3.641MiB / 192MiB",1.90
2026-09-22T05:57:01.831Z,lorawan-gateway-evidence-fabric-adapter-1,0.00,"3.84MiB / 192MiB",2.00
2026-09-22T05:57:01.831Z,lorawan-gateway-evidence-verifier-1,7.34,"10.88MiB / 192MiB",5.67
2026-09-22T05:57:01.831Z,seaweedfs,18.08,"146MiB / 256MiB",57.03
2026-09-22T05:57:01.831Z,seaweedfs-metadata-etcd,9.82,"80.5MiB / 96MiB",83.86
2026-09-22T05:57:01.831Z,openbao,2.81,"42.71MiB / 512MiB",8.34
2026-09-22T05:57:01.831Z,chirpstack,0.49,"44.8MiB / 1.922GiB",2.28
2026-09-22T05:57:01.831Z,spilo,2.04,"258.8MiB / 1.922GiB",13.15
2026-09-22T05:57:01.831Z,etcd,0.94,"48.46MiB / 1.922GiB",2.46
2026-09-22T05:57:09.260Z,lorawan-gateway-evidence-ingest-1,0.00,"3.641MiB / 192MiB",1.90
2026-09-22T05:57:09.260Z,lorawan-gateway-evidence-fabric-adapter-1,0.00,"3.84MiB / 192MiB",2.00
2026-09-22T05:57:09.260Z,lorawan-gateway-evidence-verifier-1,11.75,"10.46MiB / 192MiB",5.45
2026-09-22T05:57:09.260Z,seaweedfs,23.20,"146.1MiB / 256MiB",57.06
2026-09-22T05:57:09.260Z,seaweedfs-metadata-etcd,9.38,"80.5MiB / 96MiB",83.86
2026-09-22T05:57:09.260Z,openbao,2.26,"42.71MiB / 512MiB",8.34
2026-09-22T05:57:09.260Z,chirpstack,0.41,"44.8MiB / 1.922GiB",2.28
2026-09-22T05:57:09.260Z,spilo,0.67,"258.9MiB / 1.922GiB",13.15
2026-09-22T05:57:09.260Z,etcd,1.15,"48.46MiB / 1.922GiB",2.46
2026-09-22T05:57:16.750Z,lorawan-gateway-evidence-ingest-1,0.00,"3.641MiB / 192MiB",1.90
2026-09-22T05:57:16.750Z,lorawan-gateway-evidence-fabric-adapter-1,0.00,"3.84MiB / 192MiB",2.00
2026-09-22T05:57:16.750Z,lorawan-gateway-evidence-verifier-1,10.94,"10.82MiB / 192MiB",5.64
2026-09-22T05:57:16.750Z,seaweedfs,19.54,"147.1MiB / 256MiB",57.46
2026-09-22T05:57:16.750Z,seaweedfs-metadata-etcd,9.87,"80.51MiB / 96MiB",83.86
2026-09-22T05:57:16.750Z,openbao,2.08,"42.71MiB / 512MiB",8.34
2026-09-22T05:57:16.750Z,chirpstack,0.40,"44.8MiB / 1.922GiB",2.28
2026-09-22T05:57:16.750Z,spilo,1.62,"258.9MiB / 1.922GiB",13.15
2026-09-22T05:57:16.750Z,etcd,0.94,"48.46MiB / 1.922GiB",2.46
2026-09-22T05:57:24.153Z,lorawan-gateway-evidence-ingest-1,0.00,"3.641MiB / 192MiB",1.90
2026-09-22T05:57:24.153Z,lorawan-gateway-evidence-fabric-adapter-1,0.00,"3.84MiB / 192MiB",2.00
2026-09-22T05:57:24.153Z,lorawan-gateway-evidence-verifier-1,9.19,"10.64MiB / 192MiB",5.54
2026-09-22T05:57:24.153Z,seaweedfs,21.24,"145.4MiB / 256MiB",56.79
2026-09-22T05:57:24.153Z,seaweedfs-metadata-etcd,10.61,"80.5MiB / 96MiB",83.86
2026-09-22T05:57:24.153Z,openbao,2.02,"40.45MiB / 512MiB",7.90
2026-09-22T05:57:24.153Z,chirpstack,0.37,"44.8MiB / 1.922GiB",2.28
2026-09-22T05:57:24.153Z,spilo,3.00,"260.5MiB / 1.922GiB",13.24
2026-09-22T05:57:24.153Z,etcd,0.91,"48.46MiB / 1.922GiB",2.46
2026-09-22T05:57:31.635Z,lorawan-gateway-evidence-ingest-1,0.00,"3.641MiB / 192MiB",1.90
2026-09-22T05:57:31.635Z,lorawan-gateway-evidence-fabric-adapter-1,0.00,"3.84MiB / 192MiB",2.00
2026-09-22T05:57:31.635Z,lorawan-gateway-evidence-verifier-1,11.89,"10.68MiB / 192MiB",5.56
2026-09-22T05:57:31.635Z,seaweedfs,23.91,"149.6MiB / 256MiB",58.42
2026-09-22T05:57:31.635Z,seaweedfs-metadata-etcd,11.31,"80.51MiB / 96MiB",83.86
2026-09-22T05:57:31.635Z,openbao,2.01,"40.45MiB / 512MiB",7.90
2026-09-22T05:57:31.635Z,chirpstack,0.31,"44.8MiB / 1.922GiB",2.28
2026-09-22T05:57:31.635Z,spilo,1.43,"260.5MiB / 1.922GiB",13.24
2026-09-22T05:57:31.635Z,etcd,0.70,"48.46MiB / 1.922GiB",2.46
2026-09-22T05:57:39.127Z,lorawan-gateway-evidence-ingest-1,0.00,"3.641MiB / 192MiB",1.90
2026-09-22T05:57:39.127Z,lorawan-gateway-evidence-fabric-adapter-1,0.00,"3.84MiB / 192MiB",2.00
2026-09-22T05:57:39.127Z,lorawan-gateway-evidence-verifier-1,9.26,"10.84MiB / 192MiB",5.65
2026-09-22T05:57:39.127Z,seaweedfs,20.32,"146.7MiB / 256MiB",57.29
2026-09-22T05:57:39.127Z,seaweedfs-metadata-etcd,11.02,"80.51MiB / 96MiB",83.87
2026-09-22T05:57:39.127Z,openbao,2.54,"40.45MiB / 512MiB",7.90
2026-09-22T05:57:39.127Z,chirpstack,0.40,"44.8MiB / 1.922GiB",2.28
2026-09-22T05:57:39.127Z,spilo,1.05,"260.5MiB / 1.922GiB",13.24
2026-09-22T05:57:39.127Z,etcd,1.18,"48.46MiB / 1.922GiB",2.46
2026-09-22T05:57:46.623Z,lorawan-gateway-evidence-ingest-1,0.00,"3.641MiB / 192MiB",1.90
2026-09-22T05:57:46.623Z,lorawan-gateway-evidence-fabric-adapter-1,0.00,"3.84MiB / 192MiB",2.00
2026-09-22T05:57:46.623Z,lorawan-gateway-evidence-verifier-1,12.74,"10.4MiB / 192MiB",5.42
2026-09-22T05:57:46.623Z,seaweedfs,23.97,"145MiB / 256MiB",56.63
2026-09-22T05:57:46.623Z,seaweedfs-metadata-etcd,12.72,"80.5MiB / 96MiB",83.86
2026-09-22T05:57:46.623Z,openbao,2.23,"40.45MiB / 512MiB",7.90
2026-09-22T05:57:46.623Z,chirpstack,0.41,"44.8MiB / 1.922GiB",2.28
2026-09-22T05:57:46.623Z,spilo,1.30,"260.5MiB / 1.922GiB",13.24
2026-09-22T05:57:46.623Z,etcd,1.23,"48.46MiB / 1.922GiB",2.46
2026-09-22T05:57:53.998Z,lorawan-gateway-evidence-ingest-1,0.00,"3.641MiB / 192MiB",1.90
2026-09-22T05:57:53.998Z,lorawan-gateway-evidence-fabric-adapter-1,0.00,"3.84MiB / 192MiB",2.00
2026-09-22T05:57:53.998Z,lorawan-gateway-evidence-verifier-1,14.31,"10.72MiB / 192MiB",5.58
2026-09-22T05:57:53.998Z,seaweedfs,24.81,"146.7MiB / 256MiB",57.31
2026-09-22T05:57:53.998Z,seaweedfs-metadata-etcd,12.72,"80.51MiB / 96MiB",83.86
2026-09-22T05:57:53.998Z,openbao,2.78,"40.45MiB / 512MiB",7.90
2026-09-22T05:57:53.998Z,chirpstack,0.34,"44.8MiB / 1.922GiB",2.28
2026-09-22T05:57:53.998Z,spilo,2.26,"260.5MiB / 1.922GiB",13.24
2026-09-22T05:57:53.998Z,etcd,0.87,"48.46MiB / 1.922GiB",2.46
2026-09-22T05:58:01.480Z,lorawan-gateway-evidence-ingest-1,0.00,"3.641MiB / 192MiB",1.90
2026-09-22T05:58:01.480Z,lorawan-gateway-evidence-fabric-adapter-1,0.00,"3.84MiB / 192MiB",2.00
2026-09-22T05:58:01.480Z,lorawan-gateway-evidence-verifier-1,14.11,"10.77MiB / 192MiB",5.61
2026-09-22T05:58:01.480Z,seaweedfs,27.53,"146.4MiB / 256MiB",57.18
2026-09-22T05:58:01.480Z,seaweedfs-metadata-etcd,12.14,"80.5MiB / 96MiB",83.86
2026-09-22T05:58:01.480Z,openbao,3.56,"40.45MiB / 512MiB",7.90
2026-09-22T05:58:01.480Z,chirpstack,0.45,"44.8MiB / 1.922GiB",2.28
2026-09-22T05:58:01.480Z,spilo,1.47,"260.5MiB / 1.922GiB",13.24
2026-09-22T05:58:01.480Z,etcd,0.92,"48.46MiB / 1.922GiB",2.46
2026-09-22T05:58:09.093Z,lorawan-gateway-evidence-ingest-1,0.00,"3.641MiB / 192MiB",1.90
2026-09-22T05:58:09.093Z,lorawan-gateway-evidence-fabric-adapter-1,0.00,"3.84MiB / 192MiB",2.00
2026-09-22T05:58:09.093Z,lorawan-gateway-evidence-verifier-1,19.64,"10.84MiB / 192MiB",5.65
2026-09-22T05:58:09.093Z,seaweedfs,18.71,"147MiB / 256MiB",57.41
2026-09-22T05:58:09.093Z,seaweedfs-metadata-etcd,9.07,"80.51MiB / 96MiB",83.86
2026-09-22T05:58:09.093Z,openbao,3.05,"40.45MiB / 512MiB",7.90
2026-09-22T05:58:09.093Z,chirpstack,0.34,"44.82MiB / 1.922GiB",2.28
2026-09-22T05:58:09.093Z,spilo,0.64,"260.5MiB / 1.922GiB",13.24
2026-09-22T05:58:09.093Z,etcd,2.03,"48.46MiB / 1.922GiB",2.46
2026-09-22T05:58:16.680Z,lorawan-gateway-evidence-ingest-1,0.00,"3.641MiB / 192MiB",1.90
2026-09-22T05:58:16.680Z,lorawan-gateway-evidence-fabric-adapter-1,0.00,"3.84MiB / 192MiB",2.00
2026-09-22T05:58:16.680Z,lorawan-gateway-evidence-verifier-1,14.48,"10.38MiB / 192MiB",5.40
2026-09-22T05:58:16.680Z,seaweedfs,23.88,"146.1MiB / 256MiB",57.08
2026-09-22T05:58:16.680Z,seaweedfs-metadata-etcd,10.17,"80.51MiB / 96MiB",83.87
2026-09-22T05:58:16.680Z,openbao,2.22,"40.45MiB / 512MiB",7.90
2026-09-22T05:58:16.680Z,chirpstack,0.32,"44.82MiB / 1.922GiB",2.28
2026-09-22T05:58:16.680Z,spilo,1.47,"260.5MiB / 1.922GiB",13.24
2026-09-22T05:58:16.680Z,etcd,0.76,"48.46MiB / 1.922GiB",2.46
2026-09-22T05:58:24.190Z,lorawan-gateway-evidence-ingest-1,0.00,"3.641MiB / 192MiB",1.90
2026-09-22T05:58:24.190Z,lorawan-gateway-evidence-fabric-adapter-1,0.00,"3.84MiB / 192MiB",2.00
2026-09-22T05:58:24.190Z,lorawan-gateway-evidence-verifier-1,11.60,"10.72MiB / 192MiB",5.58
2026-09-22T05:58:24.190Z,seaweedfs,25.53,"146.4MiB / 256MiB",57.19
2026-09-22T05:58:24.190Z,seaweedfs-metadata-etcd,10.97,"80.51MiB / 96MiB",83.87
2026-09-22T05:58:24.190Z,openbao,2.82,"40.45MiB / 512MiB",7.90
2026-09-22T05:58:24.190Z,chirpstack,0.30,"44.83MiB / 1.922GiB",2.28
2026-09-22T05:58:24.190Z,spilo,3.54,"260.5MiB / 1.922GiB",13.24
2026-09-22T05:58:24.190Z,etcd,0.85,"48.46MiB / 1.922GiB",2.46
2026-09-22T05:58:31.689Z,lorawan-gateway-evidence-ingest-1,0.00,"3.641MiB / 192MiB",1.90
2026-09-22T05:58:31.689Z,lorawan-gateway-evidence-fabric-adapter-1,0.00,"3.84MiB / 192MiB",2.00
2026-09-22T05:58:31.689Z,lorawan-gateway-evidence-verifier-1,19.38,"10.59MiB / 192MiB",5.52
2026-09-22T05:58:31.689Z,seaweedfs,19.05,"146.5MiB / 256MiB",57.21
2026-09-22T05:58:31.689Z,seaweedfs-metadata-etcd,10.13,"80.51MiB / 96MiB",83.86
2026-09-22T05:58:31.689Z,openbao,1.96,"40.45MiB / 512MiB",7.90
2026-09-22T05:58:31.689Z,chirpstack,0.32,"44.83MiB / 1.922GiB",2.28
2026-09-22T05:58:31.689Z,spilo,0.96,"260.5MiB / 1.922GiB",13.24
2026-09-22T05:58:31.689Z,etcd,0.73,"48.46MiB / 1.922GiB",2.46
2026-09-22T05:58:39.232Z,lorawan-gateway-evidence-ingest-1,0.00,"3.641MiB / 192MiB",1.90
2026-09-22T05:58:39.232Z,lorawan-gateway-evidence-fabric-adapter-1,0.00,"3.84MiB / 192MiB",2.00
2026-09-22T05:58:39.232Z,lorawan-gateway-evidence-verifier-1,20.45,"10.72MiB / 192MiB",5.58
2026-09-22T05:58:39.232Z,seaweedfs,15.22,"143.7MiB / 256MiB",56.13
2026-09-22T05:58:39.232Z,seaweedfs-metadata-etcd,8.43,"80.51MiB / 96MiB",83.87
2026-09-22T05:58:39.232Z,openbao,2.29,"40.45MiB / 512MiB",7.90
2026-09-22T05:58:39.232Z,chirpstack,0.34,"44.84MiB / 1.922GiB",2.28
2026-09-22T05:58:39.232Z,spilo,1.50,"260.5MiB / 1.922GiB",13.24
2026-09-22T05:58:39.232Z,etcd,1.18,"48.46MiB / 1.922GiB",2.46
2026-09-22T05:58:46.597Z,lorawan-gateway-evidence-ingest-1,0.00,"3.641MiB / 192MiB",1.90
2026-09-22T05:58:46.597Z,lorawan-gateway-evidence-fabric-adapter-1,0.00,"3.84MiB / 192MiB",2.00
2026-09-22T05:58:46.597Z,lorawan-gateway-evidence-verifier-1,20.24,"10.41MiB / 192MiB",5.42
2026-09-22T05:58:46.597Z,seaweedfs,17.90,"144.2MiB / 256MiB",56.32
2026-09-22T05:58:46.597Z,seaweedfs-metadata-etcd,10.10,"80.5MiB / 96MiB",83.86
2026-09-22T05:58:46.597Z,openbao,1.99,"40.45MiB / 512MiB",7.90
2026-09-22T05:58:46.597Z,chirpstack,0.30,"44.83MiB / 1.922GiB",2.28
2026-09-22T05:58:46.597Z,spilo,1.36,"260.5MiB / 1.922GiB",13.24
2026-09-22T05:58:46.597Z,etcd,1.11,"48.46MiB / 1.922GiB",2.46
2026-09-22T05:58:54.022Z,lorawan-gateway-evidence-ingest-1,0.00,"3.641MiB / 192MiB",1.90
2026-09-22T05:58:54.022Z,lorawan-gateway-evidence-fabric-adapter-1,0.00,"3.84MiB / 192MiB",2.00
2026-09-22T05:58:54.022Z,lorawan-gateway-evidence-verifier-1,12.00,"10.96MiB / 192MiB",5.71
2026-09-22T05:58:54.022Z,seaweedfs,22.00,"143.9MiB / 256MiB",56.21
2026-09-22T05:58:54.022Z,seaweedfs-metadata-etcd,12.31,"80.51MiB / 96MiB",83.86
2026-09-22T05:58:54.022Z,openbao,2.15,"40.45MiB / 512MiB",7.90
2026-09-22T05:58:54.022Z,chirpstack,0.39,"44.83MiB / 1.922GiB",2.28
2026-09-22T05:58:54.022Z,spilo,2.92,"260.5MiB / 1.922GiB",13.24
2026-09-22T05:58:54.022Z,etcd,0.88,"48.46MiB / 1.922GiB",2.46
2026-09-22T05:59:01.579Z,lorawan-gateway-evidence-ingest-1,0.00,"3.641MiB / 192MiB",1.90
2026-09-22T05:59:01.579Z,lorawan-gateway-evidence-fabric-adapter-1,0.00,"3.84MiB / 192MiB",2.00
2026-09-22T05:59:01.579Z,lorawan-gateway-evidence-verifier-1,21.20,"10.85MiB / 192MiB",5.65
2026-09-22T05:59:01.579Z,seaweedfs,20.46,"143.9MiB / 256MiB",56.22
2026-09-22T05:59:01.579Z,seaweedfs-metadata-etcd,10.23,"80.51MiB / 96MiB",83.86
2026-09-22T05:59:01.579Z,openbao,2.45,"40.45MiB / 512MiB",7.90
2026-09-22T05:59:01.579Z,chirpstack,0.54,"44.83MiB / 1.922GiB",2.28
2026-09-22T05:59:01.579Z,spilo,0.21,"260.5MiB / 1.922GiB",13.24
2026-09-22T05:59:01.579Z,etcd,1.01,"48.46MiB / 1.922GiB",2.46
2026-09-22T05:59:09.071Z,lorawan-gateway-evidence-ingest-1,0.00,"3.641MiB / 192MiB",1.90
2026-09-22T05:59:09.071Z,lorawan-gateway-evidence-fabric-adapter-1,0.00,"3.84MiB / 192MiB",2.00
2026-09-22T05:59:09.071Z,lorawan-gateway-evidence-verifier-1,20.28,"10.59MiB / 192MiB",5.52
2026-09-22T05:59:09.071Z,seaweedfs,17.34,"143.8MiB / 256MiB",56.16
2026-09-22T05:59:09.071Z,seaweedfs-metadata-etcd,9.77,"80.51MiB / 96MiB",83.86
2026-09-22T05:59:09.071Z,openbao,2.13,"40.67MiB / 512MiB",7.94
2026-09-22T05:59:09.071Z,chirpstack,0.33,"44.83MiB / 1.922GiB",2.28
2026-09-22T05:59:09.071Z,spilo,1.70,"260.5MiB / 1.922GiB",13.24
2026-09-22T05:59:09.071Z,etcd,0.94,"48.46MiB / 1.922GiB",2.46
2026-09-22T05:59:16.474Z,lorawan-gateway-evidence-ingest-1,0.00,"3.641MiB / 192MiB",1.90
2026-09-22T05:59:16.474Z,lorawan-gateway-evidence-fabric-adapter-1,0.00,"3.84MiB / 192MiB",2.00
2026-09-22T05:59:16.474Z,lorawan-gateway-evidence-verifier-1,16.77,"10.43MiB / 192MiB",5.43
2026-09-22T05:59:16.474Z,seaweedfs,20.53,"143.7MiB / 256MiB",56.14
2026-09-22T05:59:16.474Z,seaweedfs-metadata-etcd,8.74,"80.5MiB / 96MiB",83.86
2026-09-22T05:59:16.474Z,openbao,2.79,"40.67MiB / 512MiB",7.94
2026-09-22T05:59:16.474Z,chirpstack,0.41,"44.83MiB / 1.922GiB",2.28
2026-09-22T05:59:16.474Z,spilo,1.80,"260.5MiB / 1.922GiB",13.24
2026-09-22T05:59:16.474Z,etcd,0.77,"48.46MiB / 1.922GiB",2.46
2026-09-22T05:59:24.035Z,lorawan-gateway-evidence-ingest-1,0.00,"3.641MiB / 192MiB",1.90
2026-09-22T05:59:24.035Z,lorawan-gateway-evidence-fabric-adapter-1,0.00,"3.84MiB / 192MiB",2.00
2026-09-22T05:59:24.035Z,lorawan-gateway-evidence-verifier-1,13.05,"10.84MiB / 192MiB",5.65
2026-09-22T05:59:24.035Z,seaweedfs,21.80,"143.9MiB / 256MiB",56.20
2026-09-22T05:59:24.035Z,seaweedfs-metadata-etcd,10.31,"80.51MiB / 96MiB",83.86
2026-09-22T05:59:24.035Z,openbao,2.59,"40.67MiB / 512MiB",7.94
2026-09-22T05:59:24.035Z,chirpstack,0.31,"44.61MiB / 1.922GiB",2.27
2026-09-22T05:59:24.035Z,spilo,2.93,"260.5MiB / 1.922GiB",13.24
2026-09-22T05:59:24.035Z,etcd,0.91,"48.46MiB / 1.922GiB",2.46
2026-09-22T05:59:31.588Z,lorawan-gateway-evidence-ingest-1,0.00,"3.641MiB / 192MiB",1.90
2026-09-22T05:59:31.588Z,lorawan-gateway-evidence-fabric-adapter-1,0.00,"3.84MiB / 192MiB",2.00
2026-09-22T05:59:31.588Z,lorawan-gateway-evidence-verifier-1,0.11,"10.84MiB / 192MiB",5.65
2026-09-22T05:59:31.588Z,seaweedfs,0.70,"143.8MiB / 256MiB",56.18
2026-09-22T05:59:31.588Z,seaweedfs-metadata-etcd,1.93,"80.5MiB / 96MiB",83.85
2026-09-22T05:59:31.588Z,openbao,2.47,"40.67MiB / 512MiB",7.94
2026-09-22T05:59:31.588Z,chirpstack,0.41,"44.61MiB / 1.922GiB",2.27
2026-09-22T05:59:31.588Z,spilo,0.21,"260.5MiB / 1.922GiB",13.24
2026-09-22T05:59:31.588Z,etcd,0.76,"48.46MiB / 1.922GiB",2.46
2026-09-22T05:59:39.006Z,lorawan-gateway-evidence-ingest-1,0.00,"3.641MiB / 192MiB",1.90
2026-09-22T05:59:39.006Z,lorawan-gateway-evidence-fabric-adapter-1,0.00,"3.84MiB / 192MiB",2.00
2026-09-22T05:59:39.006Z,lorawan-gateway-evidence-verifier-1,0.00,"10.84MiB / 192MiB",5.65
2026-09-22T05:59:39.006Z,seaweedfs,0.74,"143.8MiB / 256MiB",56.18
2026-09-22T05:59:39.006Z,seaweedfs-metadata-etcd,1.07,"80.5MiB / 96MiB",83.85
2026-09-22T05:59:39.006Z,openbao,2.45,"40.67MiB / 512MiB",7.94
2026-09-22T05:59:39.006Z,chirpstack,0.36,"44.61MiB / 1.922GiB",2.27
2026-09-22T05:59:39.006Z,spilo,2.05,"260.5MiB / 1.922GiB",13.24
2026-09-22T05:59:39.006Z,etcd,1.37,"48.46MiB / 1.922GiB",2.46
2026-09-22T05:59:46.217Z,lorawan-gateway-evidence-ingest-1,0.00,"3.641MiB / 192MiB",1.90
2026-09-22T05:59:46.217Z,lorawan-gateway-evidence-fabric-adapter-1,0.00,"3.84MiB / 192MiB",2.00
2026-09-22T05:59:46.217Z,lorawan-gateway-evidence-verifier-1,0.15,"10.84MiB / 192MiB",5.65
2026-09-22T05:59:46.217Z,seaweedfs,0.63,"144.1MiB / 256MiB",56.30
2026-09-22T05:59:46.217Z,seaweedfs-metadata-etcd,1.09,"80.5MiB / 96MiB",83.85
2026-09-22T05:59:46.217Z,openbao,2.28,"40.67MiB / 512MiB",7.94
2026-09-22T05:59:46.217Z,chirpstack,0.42,"44.58MiB / 1.922GiB",2.27
2026-09-22T05:59:46.217Z,spilo,0.61,"263MiB / 1.922GiB",13.37
2026-09-22T05:59:46.217Z,etcd,1.89,"48.46MiB / 1.922GiB",2.46
2026-09-22T05:59:53.499Z,lorawan-gateway-evidence-ingest-1,0.00,"3.641MiB / 192MiB",1.90
2026-09-22T05:59:53.499Z,lorawan-gateway-evidence-fabric-adapter-1,0.00,"3.84MiB / 192MiB",2.00
2026-09-22T05:59:53.499Z,lorawan-gateway-evidence-verifier-1,0.00,"10.84MiB / 192MiB",5.65
2026-09-22T05:59:53.499Z,seaweedfs,0.70,"144.1MiB / 256MiB",56.30
2026-09-22T05:59:53.499Z,seaweedfs-metadata-etcd,0.91,"80.5MiB / 96MiB",83.85
2026-09-22T05:59:53.499Z,openbao,4.01,"40.67MiB / 512MiB",7.94
2026-09-22T05:59:53.499Z,chirpstack,0.36,"44.58MiB / 1.922GiB",2.27
2026-09-22T05:59:53.499Z,spilo,1.19,"263MiB / 1.922GiB",13.37
2026-09-22T05:59:53.499Z,etcd,1.01,"48.46MiB / 1.922GiB",2.46
2026-09-22T06:00:00.708Z,lorawan-gateway-evidence-ingest-1,0.00,"3.641MiB / 192MiB",1.90
2026-09-22T06:00:00.708Z,lorawan-gateway-evidence-fabric-adapter-1,0.00,"3.84MiB / 192MiB",2.00
2026-09-22T06:00:00.708Z,lorawan-gateway-evidence-verifier-1,10.78,"10.58MiB / 192MiB",5.51
2026-09-22T06:00:00.708Z,seaweedfs,39.57,"144.2MiB / 256MiB",56.34
2026-09-22T06:00:00.708Z,seaweedfs-metadata-etcd,6.30,"80.5MiB / 96MiB",83.85
2026-09-22T06:00:00.708Z,openbao,20.38,"40.67MiB / 512MiB",7.94
2026-09-22T06:00:00.708Z,chirpstack,0.77,"44.58MiB / 1.922GiB",2.27
2026-09-22T06:00:00.708Z,spilo,11.11,"263.1MiB / 1.922GiB",13.37
2026-09-22T06:00:00.708Z,etcd,1.51,"48.46MiB / 1.922GiB",2.46
2026-09-22T06:00:08.389Z,lorawan-gateway-evidence-ingest-1,0.00,"3.641MiB / 192MiB",1.90
2026-09-22T06:00:08.389Z,lorawan-gateway-evidence-fabric-adapter-1,0.00,"3.84MiB / 192MiB",2.00
2026-09-22T06:00:08.389Z,lorawan-gateway-evidence-verifier-1,0.00,"10.39MiB / 192MiB",5.41
2026-09-22T06:00:08.389Z,seaweedfs,5.15,"144.4MiB / 256MiB",56.39
2026-09-22T06:00:08.389Z,seaweedfs-metadata-etcd,7.61,"80.53MiB / 96MiB",83.88
2026-09-22T06:00:08.389Z,openbao,2.90,"40.67MiB / 512MiB",7.94
2026-09-22T06:00:08.389Z,chirpstack,0.74,"44.59MiB / 1.922GiB",2.27
2026-09-22T06:00:08.389Z,spilo,1.77,"263.1MiB / 1.922GiB",13.37
2026-09-22T06:00:08.389Z,etcd,1.45,"48.46MiB / 1.922GiB",2.46
2026-09-22T06:00:15.970Z,lorawan-gateway-evidence-ingest-1,0.00,"3.641MiB / 192MiB",1.90
2026-09-22T06:00:15.970Z,lorawan-gateway-evidence-fabric-adapter-1,0.00,"3.84MiB / 192MiB",2.00
2026-09-22T06:00:15.970Z,lorawan-gateway-evidence-verifier-1,0.16,"10.39MiB / 192MiB",5.41
2026-09-22T06:00:15.970Z,seaweedfs,0.63,"144.4MiB / 256MiB",56.39
2026-09-22T06:00:15.970Z,seaweedfs-metadata-etcd,1.14,"80.52MiB / 96MiB",83.88
2026-09-22T06:00:15.970Z,openbao,3.12,"40.67MiB / 512MiB",7.94
2026-09-22T06:00:15.970Z,chirpstack,0.32,"44.58MiB / 1.922GiB",2.27
2026-09-22T06:00:15.970Z,spilo,0.47,"263.1MiB / 1.922GiB",13.37
2026-09-22T06:00:15.970Z,etcd,3.35,"48.46MiB / 1.922GiB",2.46
2026-09-22T06:00:23.219Z,lorawan-gateway-evidence-ingest-1,0.00,"3.641MiB / 192MiB",1.90
2026-09-22T06:00:23.219Z,lorawan-gateway-evidence-fabric-adapter-1,0.00,"3.84MiB / 192MiB",2.00
2026-09-22T06:00:23.219Z,lorawan-gateway-evidence-verifier-1,0.00,"10.39MiB / 192MiB",5.41
2026-09-22T06:00:23.219Z,seaweedfs,0.83,"144.4MiB / 256MiB",56.39
2026-09-22T06:00:23.219Z,seaweedfs-metadata-etcd,1.44,"80.52MiB / 96MiB",83.88
2026-09-22T06:00:23.219Z,openbao,2.57,"40.67MiB / 512MiB",7.94
2026-09-22T06:00:23.219Z,chirpstack,0.33,"44.58MiB / 1.922GiB",2.27
2026-09-22T06:00:23.219Z,spilo,2.23,"263.1MiB / 1.922GiB",13.37
2026-09-22T06:00:23.219Z,etcd,1.51,"48.46MiB / 1.922GiB",2.46
2026-09-22T06:00:30.440Z,lorawan-gateway-evidence-ingest-1,0.00,"3.641MiB / 192MiB",1.90
2026-09-22T06:00:30.440Z,lorawan-gateway-evidence-fabric-adapter-1,0.00,"3.84MiB / 192MiB",2.00
2026-09-22T06:00:30.440Z,lorawan-gateway-evidence-verifier-1,0.26,"10.39MiB / 192MiB",5.41
2026-09-22T06:00:30.440Z,seaweedfs,0.68,"144.4MiB / 256MiB",56.39
2026-09-22T06:00:30.440Z,seaweedfs-metadata-etcd,1.12,"80.52MiB / 96MiB",83.88
2026-09-22T06:00:30.440Z,openbao,3.34,"40.68MiB / 512MiB",7.95
2026-09-22T06:00:30.440Z,chirpstack,0.33,"44.58MiB / 1.922GiB",2.27
2026-09-22T06:00:30.440Z,spilo,1.27,"263.1MiB / 1.922GiB",13.37
2026-09-22T06:00:30.440Z,etcd,1.33,"48.46MiB / 1.922GiB",2.46
2026-09-22T06:00:37.726Z,lorawan-gateway-evidence-ingest-1,0.00,"3.641MiB / 192MiB",1.90
2026-09-22T06:00:37.726Z,lorawan-gateway-evidence-fabric-adapter-1,0.00,"3.84MiB / 192MiB",2.00
2026-09-22T06:00:37.726Z,lorawan-gateway-evidence-verifier-1,2.72,"10.08MiB / 192MiB",5.25
2026-09-22T06:00:37.726Z,seaweedfs,6.06,"144.4MiB / 256MiB",56.39
2026-09-22T06:00:37.726Z,seaweedfs-metadata-etcd,2.41,"80.52MiB / 96MiB",83.88
2026-09-22T06:00:37.726Z,openbao,3.42,"40.68MiB / 512MiB",7.94
2026-09-22T06:00:37.726Z,chirpstack,0.34,"44.58MiB / 1.922GiB",2.27
2026-09-22T06:00:37.726Z,spilo,0.85,"263.1MiB / 1.922GiB",13.37
2026-09-22T06:00:37.726Z,etcd,1.04,"48.46MiB / 1.922GiB",2.46
2026-09-22T06:00:45.052Z,lorawan-gateway-evidence-ingest-1,0.00,"3.641MiB / 192MiB",1.90
2026-09-22T06:00:45.052Z,lorawan-gateway-evidence-fabric-adapter-1,0.00,"3.84MiB / 192MiB",2.00
2026-09-22T06:00:45.052Z,lorawan-gateway-evidence-verifier-1,17.07,"10.74MiB / 192MiB",5.59
2026-09-22T06:00:45.052Z,seaweedfs,27.01,"145.6MiB / 256MiB",56.87
2026-09-22T06:00:45.052Z,seaweedfs-metadata-etcd,9.18,"80.52MiB / 96MiB",83.88
2026-09-22T06:00:45.052Z,openbao,3.41,"40.74MiB / 512MiB",7.96
2026-09-22T06:00:45.052Z,chirpstack,0.73,"44.58MiB / 1.922GiB",2.27
2026-09-22T06:00:45.052Z,spilo,3.34,"263.1MiB / 1.922GiB",13.37
2026-09-22T06:00:45.052Z,etcd,1.32,"48.47MiB / 1.922GiB",2.46
2026-09-22T06:00:52.529Z,lorawan-gateway-evidence-ingest-1,0.00,"3.641MiB / 192MiB",1.90
2026-09-22T06:00:52.529Z,lorawan-gateway-evidence-fabric-adapter-1,0.00,"3.84MiB / 192MiB",2.00
2026-09-22T06:00:52.529Z,lorawan-gateway-evidence-verifier-1,0.13,"10.73MiB / 192MiB",5.59
2026-09-22T06:00:52.529Z,seaweedfs,3.80,"144MiB / 256MiB",56.24
2026-09-22T06:00:52.529Z,seaweedfs-metadata-etcd,0.99,"80.52MiB / 96MiB",83.88
2026-09-22T06:00:52.529Z,openbao,2.28,"40.74MiB / 512MiB",7.96
2026-09-22T06:00:52.529Z,chirpstack,0.31,"44.58MiB / 1.922GiB",2.27
2026-09-22T06:00:52.529Z,spilo,0.28,"263.1MiB / 1.922GiB",13.37
2026-09-22T06:00:52.529Z,etcd,1.03,"48.46MiB / 1.922GiB",2.46
2026-09-22T06:00:59.739Z,lorawan-gateway-evidence-ingest-1,0.00,"3.641MiB / 192MiB",1.90
2026-09-22T06:00:59.739Z,lorawan-gateway-evidence-fabric-adapter-1,0.00,"3.84MiB / 192MiB",2.00
2026-09-22T06:00:59.739Z,lorawan-gateway-evidence-verifier-1,0.13,"10.73MiB / 192MiB",5.59
2026-09-22T06:00:59.739Z,seaweedfs,0.68,"144.1MiB / 256MiB",56.30
2026-09-22T06:00:59.739Z,seaweedfs-metadata-etcd,1.16,"80.52MiB / 96MiB",83.88
2026-09-22T06:00:59.739Z,openbao,3.12,"40.74MiB / 512MiB",7.96
2026-09-22T06:00:59.739Z,chirpstack,0.45,"44.58MiB / 1.922GiB",2.27
2026-09-22T06:00:59.739Z,spilo,0.91,"263.1MiB / 1.922GiB",13.37
2026-09-22T06:00:59.739Z,etcd,1.14,"48.46MiB / 1.922GiB",2.46
2026-09-22T06:01:07.033Z,lorawan-gateway-evidence-ingest-1,0.00,"3.641MiB / 192MiB",1.90
2026-09-22T06:01:07.033Z,lorawan-gateway-evidence-fabric-adapter-1,0.00,"3.84MiB / 192MiB",2.00
2026-09-22T06:01:07.033Z,lorawan-gateway-evidence-verifier-1,0.00,"10.73MiB / 192MiB",5.59
2026-09-22T06:01:07.033Z,seaweedfs,0.77,"144.1MiB / 256MiB",56.31
2026-09-22T06:01:07.033Z,seaweedfs-metadata-etcd,1.39,"80.52MiB / 96MiB",83.88
2026-09-22T06:01:07.033Z,openbao,2.99,"40.74MiB / 512MiB",7.96
2026-09-22T06:01:07.033Z,chirpstack,0.30,"44.58MiB / 1.922GiB",2.27
2026-09-22T06:01:07.033Z,spilo,1.69,"263.1MiB / 1.922GiB",13.37
2026-09-22T06:01:07.033Z,etcd,1.52,"48.46MiB / 1.922GiB",2.46
2026-09-22T06:01:14.296Z,lorawan-gateway-evidence-ingest-1,0.00,"3.641MiB / 192MiB",1.90
2026-09-22T06:01:14.296Z,lorawan-gateway-evidence-fabric-adapter-1,0.00,"3.84MiB / 192MiB",2.00
2026-09-22T06:01:14.296Z,lorawan-gateway-evidence-verifier-1,16.72,"10.84MiB / 192MiB",5.65
2026-09-22T06:01:14.296Z,seaweedfs,26.33,"144.2MiB / 256MiB",56.31
2026-09-22T06:01:14.296Z,seaweedfs-metadata-etcd,7.96,"80.52MiB / 96MiB",83.88
2026-09-22T06:01:14.296Z,openbao,2.60,"40.74MiB / 512MiB",7.96
2026-09-22T06:01:14.296Z,chirpstack,0.30,"44.58MiB / 1.922GiB",2.27
2026-09-22T06:01:14.296Z,spilo,1.55,"263.1MiB / 1.922GiB",13.37
2026-09-22T06:01:14.296Z,etcd,1.32,"48.46MiB / 1.922GiB",2.46
2026-09-22T06:01:21.729Z,lorawan-gateway-evidence-ingest-1,0.03,"3.641MiB / 192MiB",1.90
2026-09-22T06:01:21.729Z,lorawan-gateway-evidence-fabric-adapter-1,0.00,"3.84MiB / 192MiB",2.00
2026-09-22T06:01:21.729Z,lorawan-gateway-evidence-verifier-1,0.13,"10.82MiB / 192MiB",5.64
2026-09-22T06:01:21.729Z,seaweedfs,0.67,"144.3MiB / 256MiB",56.38
2026-09-22T06:01:21.729Z,seaweedfs-metadata-etcd,1.40,"80.52MiB / 96MiB",83.88
2026-09-22T06:01:21.729Z,openbao,2.48,"40.74MiB / 512MiB",7.96
2026-09-22T06:01:21.729Z,chirpstack,0.33,"44.58MiB / 1.922GiB",2.27
2026-09-22T06:01:21.729Z,spilo,1.56,"263.1MiB / 1.922GiB",13.37
2026-09-22T06:01:21.729Z,etcd,1.04,"48.46MiB / 1.922GiB",2.46
2026-09-22T06:01:28.948Z,lorawan-gateway-evidence-ingest-1,0.00,"3.641MiB / 192MiB",1.90
2026-09-22T06:01:28.948Z,lorawan-gateway-evidence-fabric-adapter-1,0.00,"3.84MiB / 192MiB",2.00
2026-09-22T06:01:28.948Z,lorawan-gateway-evidence-verifier-1,0.00,"10.82MiB / 192MiB",5.64
2026-09-22T06:01:28.948Z,seaweedfs,0.82,"144.3MiB / 256MiB",56.38
2026-09-22T06:01:28.948Z,seaweedfs-metadata-etcd,1.16,"80.52MiB / 96MiB",83.88
2026-09-22T06:01:28.948Z,openbao,2.81,"40.74MiB / 512MiB",7.96
2026-09-22T06:01:28.948Z,chirpstack,0.25,"44.58MiB / 1.922GiB",2.27
2026-09-22T06:01:28.948Z,spilo,0.91,"263.1MiB / 1.922GiB",13.37
2026-09-22T06:01:28.948Z,etcd,1.23,"48.46MiB / 1.922GiB",2.46
2026-09-22T06:01:36.170Z,lorawan-gateway-evidence-ingest-1,0.00,"3.641MiB / 192MiB",1.90
2026-09-22T06:01:36.170Z,lorawan-gateway-evidence-fabric-adapter-1,0.00,"3.84MiB / 192MiB",2.00
2026-09-22T06:01:36.170Z,lorawan-gateway-evidence-verifier-1,0.16,"10.82MiB / 192MiB",5.64
2026-09-22T06:01:36.170Z,seaweedfs,0.57,"144.3MiB / 256MiB",56.38
2026-09-22T06:01:36.170Z,seaweedfs-metadata-etcd,1.22,"80.52MiB / 96MiB",83.88
2026-09-22T06:01:36.170Z,openbao,2.58,"40.74MiB / 512MiB",7.96
2026-09-22T06:01:36.170Z,chirpstack,0.29,"44.58MiB / 1.922GiB",2.27
2026-09-22T06:01:36.170Z,spilo,1.49,"263.1MiB / 1.922GiB",13.37
2026-09-22T06:01:36.170Z,etcd,1.55,"48.46MiB / 1.922GiB",2.46
2026-09-22T06:01:43.377Z,lorawan-gateway-evidence-ingest-1,0.00,"3.641MiB / 192MiB",1.90
2026-09-22T06:01:43.377Z,lorawan-gateway-evidence-fabric-adapter-1,0.00,"3.84MiB / 192MiB",2.00
2026-09-22T06:01:43.377Z,lorawan-gateway-evidence-verifier-1,0.00,"10.82MiB / 192MiB",5.64
2026-09-22T06:01:43.377Z,seaweedfs,0.78,"144.3MiB / 256MiB",56.38
2026-09-22T06:01:43.377Z,seaweedfs-metadata-etcd,1.27,"80.52MiB / 96MiB",83.88
2026-09-22T06:01:43.377Z,openbao,2.51,"40.74MiB / 512MiB",7.96
2026-09-22T06:01:43.377Z,chirpstack,0.32,"44.58MiB / 1.922GiB",2.27
2026-09-22T06:01:43.377Z,spilo,1.64,"263.1MiB / 1.922GiB",13.37
2026-09-22T06:01:43.377Z,etcd,1.13,"48.46MiB / 1.922GiB",2.46
2026-09-22T06:01:50.578Z,lorawan-gateway-evidence-ingest-1,0.00,"3.641MiB / 192MiB",1.90
2026-09-22T06:01:50.578Z,lorawan-gateway-evidence-fabric-adapter-1,0.00,"3.84MiB / 192MiB",2.00
2026-09-22T06:01:50.578Z,lorawan-gateway-evidence-verifier-1,14.76,"10.71MiB / 192MiB",5.58
2026-09-22T06:01:50.578Z,seaweedfs,23.55,"144.4MiB / 256MiB",56.40
2026-09-22T06:01:50.578Z,seaweedfs-metadata-etcd,8.39,"80.53MiB / 96MiB",83.88
2026-09-22T06:01:50.578Z,openbao,2.15,"40.74MiB / 512MiB",7.96
2026-09-22T06:01:50.578Z,chirpstack,0.33,"44.58MiB / 1.922GiB",2.27
2026-09-22T06:01:50.578Z,spilo,0.73,"263.1MiB / 1.922GiB",13.37
2026-09-22T06:01:50.578Z,etcd,1.42,"48.46MiB / 1.922GiB",2.46
2026-09-22T06:01:57.979Z,lorawan-gateway-evidence-ingest-1,0.00,"3.641MiB / 192MiB",1.90
2026-09-22T06:01:57.979Z,lorawan-gateway-evidence-fabric-adapter-1,0.00,"3.84MiB / 192MiB",2.00
2026-09-22T06:01:57.979Z,lorawan-gateway-evidence-verifier-1,0.12,"10.84MiB / 192MiB",5.65
2026-09-22T06:01:57.979Z,seaweedfs,0.61,"144.7MiB / 256MiB",56.54
2026-09-22T06:01:57.979Z,seaweedfs-metadata-etcd,1.11,"80.52MiB / 96MiB",83.88
2026-09-22T06:01:57.979Z,openbao,2.74,"40.74MiB / 512MiB",7.96
2026-09-22T06:01:57.979Z,chirpstack,0.41,"44.58MiB / 1.922GiB",2.27
2026-09-22T06:01:57.979Z,spilo,1.44,"263.1MiB / 1.922GiB",13.37
2026-09-22T06:01:57.979Z,etcd,1.17,"48.46MiB / 1.922GiB",2.46
2026-09-22T06:02:05.225Z,lorawan-gateway-evidence-ingest-1,0.00,"3.641MiB / 192MiB",1.90
2026-09-22T06:02:05.225Z,lorawan-gateway-evidence-fabric-adapter-1,0.02,"3.84MiB / 192MiB",2.00
2026-09-22T06:02:05.225Z,lorawan-gateway-evidence-verifier-1,0.00,"10.84MiB / 192MiB",5.65
2026-09-22T06:02:05.225Z,seaweedfs,0.60,"144.7MiB / 256MiB",56.54
2026-09-22T06:02:05.225Z,seaweedfs-metadata-etcd,1.25,"80.52MiB / 96MiB",83.88
2026-09-22T06:02:05.225Z,openbao,3.38,"40.94MiB / 512MiB",8.00
2026-09-22T06:02:05.225Z,chirpstack,0.34,"44.58MiB / 1.922GiB",2.27
2026-09-22T06:02:05.225Z,spilo,1.84,"263.1MiB / 1.922GiB",13.37
2026-09-22T06:02:05.225Z,etcd,1.52,"48.47MiB / 1.922GiB",2.46
2026-09-22T06:02:12.491Z,lorawan-gateway-evidence-ingest-1,0.00,"3.641MiB / 192MiB",1.90
2026-09-22T06:02:12.491Z,lorawan-gateway-evidence-fabric-adapter-1,0.00,"3.84MiB / 192MiB",2.00
2026-09-22T06:02:12.491Z,lorawan-gateway-evidence-verifier-1,0.12,"10.84MiB / 192MiB",5.65
2026-09-22T06:02:12.491Z,seaweedfs,0.65,"144.7MiB / 256MiB",56.54
2026-09-22T06:02:12.491Z,seaweedfs-metadata-etcd,0.84,"80.53MiB / 96MiB",83.88
2026-09-22T06:02:12.491Z,openbao,2.82,"40.94MiB / 512MiB",8.00
2026-09-22T06:02:12.491Z,chirpstack,0.36,"44.58MiB / 1.922GiB",2.27
2026-09-22T06:02:12.491Z,spilo,0.99,"263.1MiB / 1.922GiB",13.37
2026-09-22T06:02:12.491Z,etcd,1.17,"48.46MiB / 1.922GiB",2.46
2026-09-22T06:02:19.731Z,lorawan-gateway-evidence-ingest-1,0.00,"3.641MiB / 192MiB",1.90
2026-09-22T06:02:19.731Z,lorawan-gateway-evidence-fabric-adapter-1,0.00,"3.84MiB / 192MiB",2.00
2026-09-22T06:02:19.731Z,lorawan-gateway-evidence-verifier-1,1.38,"10.85MiB / 192MiB",5.65
2026-09-22T06:02:19.731Z,seaweedfs,2.26,"144.7MiB / 256MiB",56.54
2026-09-22T06:02:19.731Z,seaweedfs-metadata-etcd,1.83,"80.53MiB / 96MiB",83.88
2026-09-22T06:02:19.731Z,openbao,3.09,"40.94MiB / 512MiB",8.00
2026-09-22T06:02:19.731Z,chirpstack,0.36,"44.58MiB / 1.922GiB",2.27
2026-09-22T06:02:19.731Z,spilo,1.48,"263.1MiB / 1.922GiB",13.37
2026-09-22T06:02:19.731Z,etcd,1.04,"48.46MiB / 1.922GiB",2.46
2026-09-22T06:02:26.975Z,lorawan-gateway-evidence-ingest-1,0.00,"3.641MiB / 192MiB",1.90
2026-09-22T06:02:26.975Z,lorawan-gateway-evidence-fabric-adapter-1,0.00,"3.84MiB / 192MiB",2.00
2026-09-22T06:02:26.975Z,lorawan-gateway-evidence-verifier-1,5.56,"10.84MiB / 192MiB",5.65
2026-09-22T06:02:26.975Z,seaweedfs,8.12,"144.5MiB / 256MiB",56.45
2026-09-22T06:02:26.975Z,seaweedfs-metadata-etcd,3.58,"80.52MiB / 96MiB",83.88
2026-09-22T06:02:26.975Z,openbao,2.09,"40.95MiB / 512MiB",8.00
2026-09-22T06:02:26.975Z,chirpstack,0.32,"44.58MiB / 1.922GiB",2.27
2026-09-22T06:02:26.975Z,spilo,1.64,"263.1MiB / 1.922GiB",13.37
2026-09-22T06:02:26.975Z,etcd,1.22,"48.46MiB / 1.922GiB",2.46
2026-09-22T06:02:34.372Z,lorawan-gateway-evidence-ingest-1,0.00,"3.641MiB / 192MiB",1.90
2026-09-22T06:02:34.372Z,lorawan-gateway-evidence-fabric-adapter-1,0.00,"3.84MiB / 192MiB",2.00
2026-09-22T06:02:34.372Z,lorawan-gateway-evidence-verifier-1,0.12,"10.84MiB / 192MiB",5.65
2026-09-22T06:02:34.372Z,seaweedfs,0.48,"144.5MiB / 256MiB",56.45
2026-09-22T06:02:34.372Z,seaweedfs-metadata-etcd,0.86,"80.52MiB / 96MiB",83.88
2026-09-22T06:02:34.372Z,openbao,2.15,"40.94MiB / 512MiB",8.00
2026-09-22T06:02:34.372Z,chirpstack,0.29,"44.58MiB / 1.922GiB",2.27
2026-09-22T06:02:34.372Z,spilo,1.67,"263.1MiB / 1.922GiB",13.37
2026-09-22T06:02:34.372Z,etcd,1.31,"48.46MiB / 1.922GiB",2.46
2026-09-22T06:02:41.573Z,lorawan-gateway-evidence-ingest-1,0.00,"3.641MiB / 192MiB",1.90
2026-09-22T06:02:41.573Z,lorawan-gateway-evidence-fabric-adapter-1,0.00,"3.84MiB / 192MiB",2.00
2026-09-22T06:02:41.573Z,lorawan-gateway-evidence-verifier-1,0.00,"10.84MiB / 192MiB",5.65
2026-09-22T06:02:41.573Z,seaweedfs,0.52,"144.5MiB / 256MiB",56.45
2026-09-22T06:02:41.573Z,seaweedfs-metadata-etcd,3.40,"80.52MiB / 96MiB",83.88
2026-09-22T06:02:41.573Z,openbao,2.45,"40.94MiB / 512MiB",8.00
2026-09-22T06:02:41.573Z,chirpstack,0.28,"44.58MiB / 1.922GiB",2.27
2026-09-22T06:02:41.573Z,spilo,1.15,"263.1MiB / 1.922GiB",13.37
2026-09-22T06:02:41.573Z,etcd,1.02,"48.46MiB / 1.922GiB",2.46
2026-09-22T06:02:48.784Z,lorawan-gateway-evidence-ingest-1,0.00,"3.641MiB / 192MiB",1.90
2026-09-22T06:02:48.784Z,lorawan-gateway-evidence-fabric-adapter-1,0.00,"3.84MiB / 192MiB",2.00
2026-09-22T06:02:48.784Z,lorawan-gateway-evidence-verifier-1,0.00,"10.84MiB / 192MiB",5.65
2026-09-22T06:02:48.784Z,seaweedfs,0.57,"144.5MiB / 256MiB",56.45
2026-09-22T06:02:48.784Z,seaweedfs-metadata-etcd,0.74,"67.05MiB / 96MiB",69.84
2026-09-22T06:02:48.784Z,openbao,2.47,"40.94MiB / 512MiB",8.00
2026-09-22T06:02:48.784Z,chirpstack,0.27,"44.58MiB / 1.922GiB",2.27
2026-09-22T06:02:48.784Z,spilo,0.83,"263.1MiB / 1.922GiB",13.37
2026-09-22T06:02:48.784Z,etcd,0.97,"48.46MiB / 1.922GiB",2.46
2026-09-22T06:02:56.001Z,lorawan-gateway-evidence-ingest-1,0.00,"3.641MiB / 192MiB",1.90
2026-09-22T06:02:56.001Z,lorawan-gateway-evidence-fabric-adapter-1,0.00,"3.84MiB / 192MiB",2.00
2026-09-22T06:02:56.001Z,lorawan-gateway-evidence-verifier-1,18.44,"10.41MiB / 192MiB",5.42
2026-09-22T06:02:56.001Z,seaweedfs,26.65,"144.6MiB / 256MiB",56.47
2026-09-22T06:02:56.001Z,seaweedfs-metadata-etcd,8.42,"67.05MiB / 96MiB",69.85
2026-09-22T06:02:56.001Z,openbao,2.19,"40.94MiB / 512MiB",8.00
2026-09-22T06:02:56.001Z,chirpstack,0.39,"44.58MiB / 1.922GiB",2.27
2026-09-22T06:02:56.001Z,spilo,0.95,"263.1MiB / 1.922GiB",13.37
2026-09-22T06:02:56.001Z,etcd,2.22,"48.46MiB / 1.922GiB",2.46
2026-09-22T06:03:03.407Z,lorawan-gateway-evidence-ingest-1,0.00,"3.641MiB / 192MiB",1.90
2026-09-22T06:03:03.407Z,lorawan-gateway-evidence-fabric-adapter-1,0.00,"3.84MiB / 192MiB",2.00
2026-09-22T06:03:03.407Z,lorawan-gateway-evidence-verifier-1,0.00,"10.84MiB / 192MiB",5.65
2026-09-22T06:03:03.407Z,seaweedfs,0.51,"144.5MiB / 256MiB",56.44
2026-09-22T06:03:03.407Z,seaweedfs-metadata-etcd,1.44,"67.05MiB / 96MiB",69.84
2026-09-22T06:03:03.407Z,openbao,3.24,"40.94MiB / 512MiB",8.00
2026-09-22T06:03:03.407Z,chirpstack,0.37,"44.59MiB / 1.922GiB",2.27
2026-09-22T06:03:03.407Z,spilo,1.98,"263.1MiB / 1.922GiB",13.37
2026-09-22T06:03:03.407Z,etcd,1.06,"48.46MiB / 1.922GiB",2.46
2026-09-22T06:03:10.666Z,lorawan-gateway-evidence-ingest-1,0.00,"3.641MiB / 192MiB",1.90
2026-09-22T06:03:10.666Z,lorawan-gateway-evidence-fabric-adapter-1,0.00,"3.84MiB / 192MiB",2.00
2026-09-22T06:03:10.666Z,lorawan-gateway-evidence-verifier-1,0.00,"10.84MiB / 192MiB",5.65
2026-09-22T06:03:10.666Z,seaweedfs,0.44,"144.5MiB / 256MiB",56.44
2026-09-22T06:03:10.666Z,seaweedfs-metadata-etcd,0.87,"67.05MiB / 96MiB",69.84
2026-09-22T06:03:10.666Z,openbao,2.38,"40.94MiB / 512MiB",8.00
2026-09-22T06:03:10.666Z,chirpstack,0.30,"44.58MiB / 1.922GiB",2.27
2026-09-22T06:03:10.666Z,spilo,0.28,"263.1MiB / 1.922GiB",13.37
2026-09-22T06:03:10.666Z,etcd,1.40,"48.46MiB / 1.922GiB",2.46
2026-09-22T06:03:17.866Z,lorawan-gateway-evidence-ingest-1,0.00,"3.641MiB / 192MiB",1.90
2026-09-22T06:03:17.866Z,lorawan-gateway-evidence-fabric-adapter-1,0.00,"3.84MiB / 192MiB",2.00
2026-09-22T06:03:17.866Z,lorawan-gateway-evidence-verifier-1,0.12,"10.84MiB / 192MiB",5.65
2026-09-22T06:03:17.866Z,seaweedfs,0.45,"144.5MiB / 256MiB",56.44
2026-09-22T06:03:17.866Z,seaweedfs-metadata-etcd,0.97,"67.05MiB / 96MiB",69.84
2026-09-22T06:03:17.866Z,openbao,2.50,"40.95MiB / 512MiB",8.00
2026-09-22T06:03:17.866Z,chirpstack,0.30,"44.58MiB / 1.922GiB",2.27
2026-09-22T06:03:17.866Z,spilo,2.45,"263.1MiB / 1.922GiB",13.37
2026-09-22T06:03:17.866Z,etcd,1.08,"48.46MiB / 1.922GiB",2.46
2026-09-22T06:03:25.081Z,lorawan-gateway-evidence-ingest-1,0.00,"3.641MiB / 192MiB",1.90
2026-09-22T06:03:25.081Z,lorawan-gateway-evidence-fabric-adapter-1,0.00,"3.84MiB / 192MiB",2.00
2026-09-22T06:03:25.081Z,lorawan-gateway-evidence-verifier-1,0.00,"10.84MiB / 192MiB",5.65
2026-09-22T06:03:25.081Z,seaweedfs,0.57,"144.5MiB / 256MiB",56.44
2026-09-22T06:03:25.081Z,seaweedfs-metadata-etcd,0.98,"67.05MiB / 96MiB",69.84
2026-09-22T06:03:25.081Z,openbao,2.30,"40.94MiB / 512MiB",8.00
2026-09-22T06:03:25.081Z,chirpstack,0.24,"44.58MiB / 1.922GiB",2.27
2026-09-22T06:03:25.081Z,spilo,1.86,"263.1MiB / 1.922GiB",13.37
2026-09-22T06:03:25.081Z,etcd,0.81,"48.46MiB / 1.922GiB",2.46
2026-09-22T06:03:32.335Z,lorawan-gateway-evidence-ingest-1,0.00,"3.641MiB / 192MiB",1.90
2026-09-22T06:03:32.335Z,lorawan-gateway-evidence-fabric-adapter-1,0.00,"3.84MiB / 192MiB",2.00
2026-09-22T06:03:32.335Z,lorawan-gateway-evidence-verifier-1,17.20,"10.72MiB / 192MiB",5.58
2026-09-22T06:03:32.335Z,seaweedfs,24.33,"145MiB / 256MiB",56.63
2026-09-22T06:03:32.335Z,seaweedfs-metadata-etcd,7.90,"67.06MiB / 96MiB",69.85
2026-09-22T06:03:32.335Z,openbao,1.65,"40.95MiB / 512MiB",8.00
2026-09-22T06:03:32.335Z,chirpstack,0.26,"44.58MiB / 1.922GiB",2.27
2026-09-22T06:03:32.335Z,spilo,0.84,"263.1MiB / 1.922GiB",13.37
2026-09-22T06:03:32.335Z,etcd,0.74,"48.46MiB / 1.922GiB",2.46
2026-09-22T06:03:39.697Z,lorawan-gateway-evidence-ingest-1,0.00,"3.641MiB / 192MiB",1.90
2026-09-22T06:03:39.697Z,lorawan-gateway-evidence-fabric-adapter-1,0.00,"3.84MiB / 192MiB",2.00
2026-09-22T06:03:39.697Z,lorawan-gateway-evidence-verifier-1,0.11,"10.22MiB / 192MiB",5.32
2026-09-22T06:03:39.697Z,seaweedfs,0.58,"145MiB / 256MiB",56.63
2026-09-22T06:03:39.697Z,seaweedfs-metadata-etcd,1.26,"67.05MiB / 96MiB",69.84
2026-09-22T06:03:39.697Z,openbao,2.51,"40.94MiB / 512MiB",8.00
2026-09-22T06:03:39.697Z,chirpstack,0.31,"44.58MiB / 1.922GiB",2.27
2026-09-22T06:03:39.697Z,spilo,1.76,"263.1MiB / 1.922GiB",13.37
2026-09-22T06:03:39.697Z,etcd,0.95,"48.46MiB / 1.922GiB",2.46
2026-09-22T06:03:46.950Z,lorawan-gateway-evidence-ingest-1,0.00,"3.641MiB / 192MiB",1.90
2026-09-22T06:03:46.950Z,lorawan-gateway-evidence-fabric-adapter-1,0.00,"3.84MiB / 192MiB",2.00
2026-09-22T06:03:46.950Z,lorawan-gateway-evidence-verifier-1,0.00,"10.22MiB / 192MiB",5.32
2026-09-22T06:03:46.950Z,seaweedfs,0.55,"145MiB / 256MiB",56.63
2026-09-22T06:03:46.950Z,seaweedfs-metadata-etcd,1.86,"68.11MiB / 96MiB",70.95
2026-09-22T06:03:46.950Z,openbao,2.08,"40.94MiB / 512MiB",8.00
2026-09-22T06:03:46.950Z,chirpstack,0.31,"44.58MiB / 1.922GiB",2.27
2026-09-22T06:03:46.950Z,spilo,0.25,"263.1MiB / 1.922GiB",13.37
2026-09-22T06:03:46.950Z,etcd,1.14,"48.46MiB / 1.922GiB",2.46
2026-09-22T06:03:54.135Z,lorawan-gateway-evidence-ingest-1,0.00,"3.641MiB / 192MiB",1.90
2026-09-22T06:03:54.135Z,lorawan-gateway-evidence-fabric-adapter-1,0.00,"3.84MiB / 192MiB",2.00
2026-09-22T06:03:54.135Z,lorawan-gateway-evidence-verifier-1,0.10,"10.22MiB / 192MiB",5.32
2026-09-22T06:03:54.135Z,seaweedfs,0.36,"145MiB / 256MiB",56.63
2026-09-22T06:03:54.135Z,seaweedfs-metadata-etcd,0.95,"68.11MiB / 96MiB",70.95
2026-09-22T06:03:54.135Z,openbao,2.46,"40.94MiB / 512MiB",8.00
2026-09-22T06:03:54.135Z,chirpstack,0.39,"44.58MiB / 1.922GiB",2.27
2026-09-22T06:03:54.135Z,spilo,1.32,"263.1MiB / 1.922GiB",13.37
2026-09-22T06:03:54.135Z,etcd,1.00,"48.46MiB / 1.922GiB",2.46
2026-09-22T06:04:01.312Z,lorawan-gateway-evidence-ingest-1,0.00,"3.641MiB / 192MiB",1.90
2026-09-22T06:04:01.312Z,lorawan-gateway-evidence-fabric-adapter-1,0.00,"3.84MiB / 192MiB",2.00
2026-09-22T06:04:01.312Z,lorawan-gateway-evidence-verifier-1,0.00,"10.22MiB / 192MiB",5.32
2026-09-22T06:04:01.312Z,seaweedfs,0.77,"145MiB / 256MiB",56.63
2026-09-22T06:04:01.312Z,seaweedfs-metadata-etcd,1.16,"68.11MiB / 96MiB",70.95
2026-09-22T06:04:01.312Z,openbao,2.34,"40.94MiB / 512MiB",8.00
2026-09-22T06:04:01.312Z,chirpstack,0.34,"44.58MiB / 1.922GiB",2.27
2026-09-22T06:04:01.312Z,spilo,2.86,"263.1MiB / 1.922GiB",13.37
2026-09-22T06:04:01.312Z,etcd,1.12,"48.46MiB / 1.922GiB",2.46
2026-09-22T06:04:08.601Z,lorawan-gateway-evidence-ingest-1,0.00,"3.641MiB / 192MiB",1.90
2026-09-22T06:04:08.601Z,lorawan-gateway-evidence-fabric-adapter-1,0.00,"3.84MiB / 192MiB",2.00
2026-09-22T06:04:08.601Z,lorawan-gateway-evidence-verifier-1,0.09,"10.84MiB / 192MiB",5.65
2026-09-22T06:04:08.601Z,seaweedfs,2.55,"144.4MiB / 256MiB",56.39
2026-09-22T06:04:08.601Z,seaweedfs-metadata-etcd,4.02,"68.11MiB / 96MiB",70.95
2026-09-22T06:04:08.601Z,openbao,2.47,"40.94MiB / 512MiB",8.00
2026-09-22T06:04:08.601Z,chirpstack,0.35,"44.58MiB / 1.922GiB",2.27
2026-09-22T06:04:08.601Z,spilo,0.68,"263.1MiB / 1.922GiB",13.37
2026-09-22T06:04:08.601Z,etcd,0.90,"48.46MiB / 1.922GiB",2.46
2026-09-22T06:04:15.823Z,lorawan-gateway-evidence-ingest-1,0.00,"3.641MiB / 192MiB",1.90
2026-09-22T06:04:15.823Z,lorawan-gateway-evidence-fabric-adapter-1,0.00,"3.84MiB / 192MiB",2.00
2026-09-22T06:04:15.823Z,lorawan-gateway-evidence-verifier-1,0.25,"10.84MiB / 192MiB",5.65
2026-09-22T06:04:15.823Z,seaweedfs,0.61,"144.4MiB / 256MiB",56.39
2026-09-22T06:04:15.823Z,seaweedfs-metadata-etcd,1.20,"68.11MiB / 96MiB",70.95
2026-09-22T06:04:15.823Z,openbao,2.82,"40.94MiB / 512MiB",8.00
2026-09-22T06:04:15.823Z,chirpstack,0.34,"44.58MiB / 1.922GiB",2.27
2026-09-22T06:04:15.823Z,spilo,2.04,"263.1MiB / 1.922GiB",13.37
2026-09-22T06:04:15.823Z,etcd,2.67,"48.46MiB / 1.922GiB",2.46
2026-09-22T06:04:23.031Z,lorawan-gateway-evidence-ingest-1,0.00,"3.641MiB / 192MiB",1.90
2026-09-22T06:04:23.031Z,lorawan-gateway-evidence-fabric-adapter-1,0.00,"3.84MiB / 192MiB",2.00
2026-09-22T06:04:23.031Z,lorawan-gateway-evidence-verifier-1,0.00,"10.84MiB / 192MiB",5.65
2026-09-22T06:04:23.031Z,seaweedfs,0.79,"144.4MiB / 256MiB",56.39
2026-09-22T06:04:23.031Z,seaweedfs-metadata-etcd,1.34,"68.11MiB / 96MiB",70.95
2026-09-22T06:04:23.031Z,openbao,2.39,"40.94MiB / 512MiB",8.00
2026-09-22T06:04:23.031Z,chirpstack,0.27,"44.58MiB / 1.922GiB",2.27
2026-09-22T06:04:23.031Z,spilo,0.22,"263.1MiB / 1.922GiB",13.37
2026-09-22T06:04:23.031Z,etcd,1.38,"48.46MiB / 1.922GiB",2.46
2026-09-22T06:04:30.240Z,lorawan-gateway-evidence-ingest-1,0.00,"3.641MiB / 192MiB",1.90
2026-09-22T06:04:30.240Z,lorawan-gateway-evidence-fabric-adapter-1,0.00,"3.84MiB / 192MiB",2.00
2026-09-22T06:04:30.240Z,lorawan-gateway-evidence-verifier-1,0.14,"10.84MiB / 192MiB",5.65
2026-09-22T06:04:30.240Z,seaweedfs,0.47,"144.4MiB / 256MiB",56.39
2026-09-22T06:04:30.240Z,seaweedfs-metadata-etcd,0.95,"68.11MiB / 96MiB",70.95
2026-09-22T06:04:30.240Z,openbao,2.98,"40.94MiB / 512MiB",8.00
2026-09-22T06:04:30.240Z,chirpstack,0.41,"44.58MiB / 1.922GiB",2.27
2026-09-22T06:04:30.240Z,spilo,1.89,"263.1MiB / 1.922GiB",13.37
2026-09-22T06:04:30.240Z,etcd,1.12,"48.46MiB / 1.922GiB",2.46
2026-09-22T06:04:37.495Z,lorawan-gateway-evidence-ingest-1,0.00,"3.641MiB / 192MiB",1.90
2026-09-22T06:04:37.495Z,lorawan-gateway-evidence-fabric-adapter-1,0.00,"3.84MiB / 192MiB",2.00
2026-09-22T06:04:37.495Z,lorawan-gateway-evidence-verifier-1,0.00,"10.84MiB / 192MiB",5.65
2026-09-22T06:04:37.495Z,seaweedfs,7.59,"144.4MiB / 256MiB",56.39
2026-09-22T06:04:37.495Z,seaweedfs-metadata-etcd,8.80,"68.12MiB / 96MiB",70.96
2026-09-22T06:04:37.495Z,openbao,2.36,"40.94MiB / 512MiB",8.00
2026-09-22T06:04:37.495Z,chirpstack,0.35,"44.58MiB / 1.922GiB",2.27
2026-09-22T06:04:37.495Z,spilo,1.12,"263.1MiB / 1.922GiB",13.37
2026-09-22T06:04:37.495Z,etcd,1.10,"48.46MiB / 1.922GiB",2.46
2026-09-22T06:04:44.750Z,lorawan-gateway-evidence-ingest-1,0.00,"3.641MiB / 192MiB",1.90
2026-09-22T06:04:44.750Z,lorawan-gateway-evidence-fabric-adapter-1,0.00,"3.84MiB / 192MiB",2.00
2026-09-22T06:04:44.750Z,lorawan-gateway-evidence-verifier-1,0.00,"10.84MiB / 192MiB",5.65
2026-09-22T06:04:44.750Z,seaweedfs,0.40,"144.1MiB / 256MiB",56.28
2026-09-22T06:04:44.750Z,seaweedfs-metadata-etcd,0.86,"67.18MiB / 96MiB",69.97
2026-09-22T06:04:44.750Z,openbao,2.88,"40.94MiB / 512MiB",8.00
2026-09-22T06:04:44.750Z,chirpstack,0.32,"44.58MiB / 1.922GiB",2.27
2026-09-22T06:04:44.750Z,spilo,1.55,"263.1MiB / 1.922GiB",13.37
2026-09-22T06:04:44.750Z,etcd,1.06,"48.46MiB / 1.922GiB",2.46
2026-09-22T06:04:51.943Z,lorawan-gateway-evidence-ingest-1,0.02,"3.641MiB / 192MiB",1.90
2026-09-22T06:04:51.943Z,lorawan-gateway-evidence-fabric-adapter-1,0.00,"3.84MiB / 192MiB",2.00
2026-09-22T06:04:51.943Z,lorawan-gateway-evidence-verifier-1,0.11,"10.84MiB / 192MiB",5.65
2026-09-22T06:04:51.943Z,seaweedfs,0.38,"144.1MiB / 256MiB",56.28
2026-09-22T06:04:51.943Z,seaweedfs-metadata-etcd,1.08,"67.18MiB / 96MiB",69.97
2026-09-22T06:04:51.943Z,openbao,2.63,"40.94MiB / 512MiB",8.00
2026-09-22T06:04:51.943Z,chirpstack,0.39,"44.58MiB / 1.922GiB",2.27
2026-09-22T06:04:51.943Z,spilo,1.77,"263.1MiB / 1.922GiB",13.37
2026-09-22T06:04:51.943Z,etcd,0.88,"48.46MiB / 1.922GiB",2.46
2026-09-22T06:04:59.136Z,lorawan-gateway-evidence-ingest-1,0.00,"3.641MiB / 192MiB",1.90
2026-09-22T06:04:59.136Z,lorawan-gateway-evidence-fabric-adapter-1,0.00,"3.84MiB / 192MiB",2.00
2026-09-22T06:04:59.136Z,lorawan-gateway-evidence-verifier-1,0.00,"10.84MiB / 192MiB",5.65
2026-09-22T06:04:59.136Z,seaweedfs,0.71,"144.1MiB / 256MiB",56.29
2026-09-22T06:04:59.136Z,seaweedfs-metadata-etcd,1.08,"67.18MiB / 96MiB",69.97
2026-09-22T06:04:59.136Z,openbao,3.39,"40.94MiB / 512MiB",8.00
2026-09-22T06:04:59.136Z,chirpstack,0.29,"44.58MiB / 1.922GiB",2.27
2026-09-22T06:04:59.136Z,spilo,4.01,"263.1MiB / 1.922GiB",13.37
2026-09-22T06:04:59.136Z,etcd,1.48,"48.46MiB / 1.922GiB",2.46
2026-09-22T06:05:06.368Z,lorawan-gateway-evidence-ingest-1,0.00,"3.641MiB / 192MiB",1.90
2026-09-22T06:05:06.368Z,lorawan-gateway-evidence-fabric-adapter-1,0.00,"3.84MiB / 192MiB",2.00
2026-09-22T06:05:06.368Z,lorawan-gateway-evidence-verifier-1,0.65,"11.08MiB / 192MiB",5.77
2026-09-22T06:05:06.368Z,seaweedfs,0.59,"144.1MiB / 256MiB",56.28
2026-09-22T06:05:06.368Z,seaweedfs-metadata-etcd,1.07,"67.18MiB / 96MiB",69.97
2026-09-22T06:05:06.368Z,openbao,3.49,"40.94MiB / 512MiB",8.00
2026-09-22T06:05:06.368Z,chirpstack,0.45,"44.58MiB / 1.922GiB",2.27
2026-09-22T06:05:06.368Z,spilo,2.53,"263.1MiB / 1.922GiB",13.37
2026-09-22T06:05:06.368Z,etcd,1.74,"48.46MiB / 1.922GiB",2.46
2026-09-22T06:05:13.665Z,lorawan-gateway-evidence-ingest-1,0.00,"3.641MiB / 192MiB",1.90
2026-09-22T06:05:13.665Z,lorawan-gateway-evidence-fabric-adapter-1,0.00,"3.84MiB / 192MiB",2.00
2026-09-22T06:05:13.665Z,lorawan-gateway-evidence-verifier-1,14.21,"11.51MiB / 192MiB",5.99
2026-09-22T06:05:13.665Z,seaweedfs,23.62,"144.1MiB / 256MiB",56.29
2026-09-22T06:05:13.665Z,seaweedfs-metadata-etcd,7.26,"67.18MiB / 96MiB",69.98
2026-09-22T06:05:13.665Z,openbao,2.42,"40.94MiB / 512MiB",8.00
2026-09-22T06:05:13.665Z,chirpstack,0.39,"44.58MiB / 1.922GiB",2.27
2026-09-22T06:05:13.665Z,spilo,1.43,"263.1MiB / 1.922GiB",13.37
2026-09-22T06:05:13.665Z,etcd,0.89,"48.46MiB / 1.922GiB",2.46
2026-09-22T06:05:21.103Z,lorawan-gateway-evidence-ingest-1,0.03,"3.641MiB / 192MiB",1.90
2026-09-22T06:05:21.103Z,lorawan-gateway-evidence-fabric-adapter-1,0.00,"3.84MiB / 192MiB",2.00
2026-09-22T06:05:21.103Z,lorawan-gateway-evidence-verifier-1,0.00,"11.63MiB / 192MiB",6.06
2026-09-22T06:05:21.103Z,seaweedfs,0.67,"144.5MiB / 256MiB",56.43
2026-09-22T06:05:21.103Z,seaweedfs-metadata-etcd,1.20,"67.18MiB / 96MiB",69.97
2026-09-22T06:05:21.103Z,openbao,2.63,"40.94MiB / 512MiB",8.00
2026-09-22T06:05:21.103Z,chirpstack,0.31,"44.58MiB / 1.922GiB",2.27
2026-09-22T06:05:21.103Z,spilo,0.94,"263.1MiB / 1.922GiB",13.37
2026-09-22T06:05:21.103Z,etcd,1.20,"48.46MiB / 1.922GiB",2.46
2026-09-22T06:05:28.386Z,lorawan-gateway-evidence-ingest-1,0.00,"3.641MiB / 192MiB",1.90
2026-09-22T06:05:28.386Z,lorawan-gateway-evidence-fabric-adapter-1,0.00,"3.84MiB / 192MiB",2.00
2026-09-22T06:05:28.386Z,lorawan-gateway-evidence-verifier-1,0.17,"11.63MiB / 192MiB",6.06
2026-09-22T06:05:28.386Z,seaweedfs,0.67,"144.5MiB / 256MiB",56.43
2026-09-22T06:05:28.386Z,seaweedfs-metadata-etcd,1.11,"67.18MiB / 96MiB",69.97
2026-09-22T06:05:28.386Z,openbao,2.95,"40.94MiB / 512MiB",8.00
2026-09-22T06:05:28.386Z,chirpstack,0.35,"44.58MiB / 1.922GiB",2.27
2026-09-22T06:05:28.386Z,spilo,1.98,"263.1MiB / 1.922GiB",13.37
2026-09-22T06:05:28.386Z,etcd,0.93,"48.46MiB / 1.922GiB",2.46
2026-09-22T06:05:35.616Z,lorawan-gateway-evidence-ingest-1,0.00,"3.641MiB / 192MiB",1.90
2026-09-22T06:05:35.616Z,lorawan-gateway-evidence-fabric-adapter-1,0.00,"3.84MiB / 192MiB",2.00
2026-09-22T06:05:35.616Z,lorawan-gateway-evidence-verifier-1,0.14,"11.63MiB / 192MiB",6.06
2026-09-22T06:05:35.616Z,seaweedfs,0.56,"144.5MiB / 256MiB",56.43
2026-09-22T06:05:35.616Z,seaweedfs-metadata-etcd,1.27,"67.18MiB / 96MiB",69.97
2026-09-22T06:05:35.616Z,openbao,4.40,"40.94MiB / 512MiB",8.00
2026-09-22T06:05:35.616Z,chirpstack,0.31,"44.58MiB / 1.922GiB",2.27
2026-09-22T06:05:35.616Z,spilo,1.15,"263.1MiB / 1.922GiB",13.37
2026-09-22T06:05:35.616Z,etcd,1.20,"48.46MiB / 1.922GiB",2.46
2026-09-22T06:05:42.815Z,lorawan-gateway-evidence-ingest-1,0.00,"3.641MiB / 192MiB",1.90
2026-09-22T06:05:42.815Z,lorawan-gateway-evidence-fabric-adapter-1,0.00,"3.84MiB / 192MiB",2.00
2026-09-22T06:05:42.815Z,lorawan-gateway-evidence-verifier-1,0.00,"11.63MiB / 192MiB",6.06
2026-09-22T06:05:42.815Z,seaweedfs,0.63,"144.5MiB / 256MiB",56.43
2026-09-22T06:05:42.815Z,seaweedfs-metadata-etcd,1.31,"67.18MiB / 96MiB",69.97
2026-09-22T06:05:42.815Z,openbao,2.59,"40.94MiB / 512MiB",8.00
2026-09-22T06:05:42.815Z,chirpstack,0.30,"44.58MiB / 1.922GiB",2.27
2026-09-22T06:05:42.815Z,spilo,1.37,"263.1MiB / 1.922GiB",13.37
2026-09-22T06:05:42.815Z,etcd,1.34,"48.46MiB / 1.922GiB",2.46
2026-09-22T06:05:50.056Z,lorawan-gateway-evidence-ingest-1,0.00,"3.641MiB / 192MiB",1.90
2026-09-22T06:05:50.056Z,lorawan-gateway-evidence-fabric-adapter-1,0.00,"3.84MiB / 192MiB",2.00
2026-09-22T06:05:50.056Z,lorawan-gateway-evidence-verifier-1,0.12,"11.63MiB / 192MiB",6.06
2026-09-22T06:05:50.056Z,seaweedfs,5.75,"144.5MiB / 256MiB",56.43
2026-09-22T06:05:50.056Z,seaweedfs-metadata-etcd,6.78,"67.18MiB / 96MiB",69.98
2026-09-22T06:05:50.056Z,openbao,2.30,"40.94MiB / 512MiB",8.00
2026-09-22T06:05:50.056Z,chirpstack,0.32,"44.58MiB / 1.922GiB",2.27
2026-09-22T06:05:50.056Z,spilo,0.96,"263.1MiB / 1.922GiB",13.37
2026-09-22T06:05:50.056Z,etcd,0.87,"48.46MiB / 1.922GiB",2.46
2026-09-22T06:05:57.318Z,lorawan-gateway-evidence-ingest-1,0.00,"3.641MiB / 192MiB",1.90
2026-09-22T06:05:57.318Z,lorawan-gateway-evidence-fabric-adapter-1,0.00,"3.84MiB / 192MiB",2.00
2026-09-22T06:05:57.318Z,lorawan-gateway-evidence-verifier-1,0.00,"11.63MiB / 192MiB",6.06
2026-09-22T06:05:57.318Z,seaweedfs,0.62,"145.3MiB / 256MiB",56.76
2026-09-22T06:05:57.318Z,seaweedfs-metadata-etcd,0.78,"67.18MiB / 96MiB",69.97
2026-09-22T06:05:57.318Z,openbao,2.39,"40.94MiB / 512MiB",8.00
2026-09-22T06:05:57.318Z,chirpstack,0.26,"44.58MiB / 1.922GiB",2.27
2026-09-22T06:05:57.318Z,spilo,0.77,"263.1MiB / 1.922GiB",13.37
2026-09-22T06:05:57.318Z,etcd,1.04,"48.46MiB / 1.922GiB",2.46
2026-09-22T06:06:04.519Z,lorawan-gateway-evidence-ingest-1,0.00,"3.641MiB / 192MiB",1.90
2026-09-22T06:06:04.519Z,lorawan-gateway-evidence-fabric-adapter-1,0.00,"3.84MiB / 192MiB",2.00
2026-09-22T06:06:04.519Z,lorawan-gateway-evidence-verifier-1,0.16,"11.63MiB / 192MiB",6.06
2026-09-22T06:06:04.519Z,seaweedfs,0.51,"145.7MiB / 256MiB",56.91
2026-09-22T06:06:04.519Z,seaweedfs-metadata-etcd,1.06,"67.18MiB / 96MiB",69.97
2026-09-22T06:06:04.519Z,openbao,2.81,"40.94MiB / 512MiB",8.00
2026-09-22T06:06:04.519Z,chirpstack,0.43,"44.58MiB / 1.922GiB",2.27
2026-09-22T06:06:04.519Z,spilo,1.76,"263.1MiB / 1.922GiB",13.37
2026-09-22T06:06:04.519Z,etcd,1.31,"48.46MiB / 1.922GiB",2.46
2026-09-22T06:06:11.727Z,lorawan-gateway-evidence-ingest-1,0.00,"3.641MiB / 192MiB",1.90
2026-09-22T06:06:11.727Z,lorawan-gateway-evidence-fabric-adapter-1,0.00,"3.84MiB / 192MiB",2.00
2026-09-22T06:06:11.727Z,lorawan-gateway-evidence-verifier-1,0.12,"11.63MiB / 192MiB",6.06
2026-09-22T06:06:11.727Z,seaweedfs,0.70,"144.1MiB / 256MiB",56.29
2026-09-22T06:06:11.727Z,seaweedfs-metadata-etcd,1.41,"67.18MiB / 96MiB",69.97
2026-09-22T06:06:11.727Z,openbao,2.20,"40.94MiB / 512MiB",8.00
2026-09-22T06:06:11.727Z,chirpstack,0.37,"44.58MiB / 1.922GiB",2.27
2026-09-22T06:06:11.727Z,spilo,0.62,"263.1MiB / 1.922GiB",13.37
2026-09-22T06:06:11.727Z,etcd,0.91,"48.46MiB / 1.922GiB",2.46
2026-09-22T06:06:18.958Z,lorawan-gateway-evidence-ingest-1,0.00,"3.641MiB / 192MiB",1.90
2026-09-22T06:06:18.958Z,lorawan-gateway-evidence-fabric-adapter-1,0.00,"3.84MiB / 192MiB",2.00
2026-09-22T06:06:18.958Z,lorawan-gateway-evidence-verifier-1,14.60,"11.54MiB / 192MiB",6.01
2026-09-22T06:06:18.958Z,seaweedfs,21.41,"144.1MiB / 256MiB",56.30
2026-09-22T06:06:18.958Z,seaweedfs-metadata-etcd,7.62,"67.18MiB / 96MiB",69.98
2026-09-22T06:06:18.958Z,openbao,2.05,"40.94MiB / 512MiB",8.00
2026-09-22T06:06:18.958Z,chirpstack,0.36,"44.58MiB / 1.922GiB",2.27
2026-09-22T06:06:18.958Z,spilo,1.50,"263.1MiB / 1.922GiB",13.37
2026-09-22T06:06:18.958Z,etcd,1.37,"48.46MiB / 1.922GiB",2.46
2026-09-22T06:06:26.207Z,lorawan-gateway-evidence-ingest-1,0.00,"3.641MiB / 192MiB",1.90
2026-09-22T06:06:26.207Z,lorawan-gateway-evidence-fabric-adapter-1,0.00,"3.84MiB / 192MiB",2.00
2026-09-22T06:06:26.207Z,lorawan-gateway-evidence-verifier-1,0.11,"11.63MiB / 192MiB",6.06
2026-09-22T06:06:26.207Z,seaweedfs,0.57,"144.5MiB / 256MiB",56.44
2026-09-22T06:06:26.207Z,seaweedfs-metadata-etcd,1.27,"67.18MiB / 96MiB",69.97
2026-09-22T06:06:26.207Z,openbao,2.22,"40.94MiB / 512MiB",8.00
2026-09-22T06:06:26.207Z,chirpstack,0.41,"44.58MiB / 1.922GiB",2.27
2026-09-22T06:06:26.207Z,spilo,0.79,"263.1MiB / 1.922GiB",13.37
2026-09-22T06:06:26.207Z,etcd,1.90,"48.46MiB / 1.922GiB",2.46
2026-09-22T06:06:33.546Z,lorawan-gateway-evidence-ingest-1,0.00,"3.641MiB / 192MiB",1.90
2026-09-22T06:06:33.546Z,lorawan-gateway-evidence-fabric-adapter-1,0.00,"3.84MiB / 192MiB",2.00
2026-09-22T06:06:33.546Z,lorawan-gateway-evidence-verifier-1,0.00,"11.63MiB / 192MiB",6.06
2026-09-22T06:06:33.546Z,seaweedfs,0.67,"144.5MiB / 256MiB",56.44
2026-09-22T06:06:33.546Z,seaweedfs-metadata-etcd,0.92,"67.18MiB / 96MiB",69.97
2026-09-22T06:06:33.546Z,openbao,2.49,"40.94MiB / 512MiB",8.00
2026-09-22T06:06:33.546Z,chirpstack,0.30,"44.58MiB / 1.922GiB",2.27
2026-09-22T06:06:33.546Z,spilo,0.95,"263.1MiB / 1.922GiB",13.37
2026-09-22T06:06:33.546Z,etcd,0.93,"48.46MiB / 1.922GiB",2.46
2026-09-22T06:06:40.748Z,lorawan-gateway-evidence-ingest-1,0.00,"3.641MiB / 192MiB",1.90
2026-09-22T06:06:40.748Z,lorawan-gateway-evidence-fabric-adapter-1,0.00,"3.84MiB / 192MiB",2.00
2026-09-22T06:06:40.748Z,lorawan-gateway-evidence-verifier-1,0.00,"11.63MiB / 192MiB",6.06
2026-09-22T06:06:40.748Z,seaweedfs,0.43,"144.5MiB / 256MiB",56.44
2026-09-22T06:06:40.748Z,seaweedfs-metadata-etcd,0.74,"67.18MiB / 96MiB",69.97
2026-09-22T06:06:40.748Z,openbao,2.54,"40.94MiB / 512MiB",8.00
2026-09-22T06:06:40.748Z,chirpstack,0.34,"44.58MiB / 1.922GiB",2.27
2026-09-22T06:06:40.748Z,spilo,1.34,"263.1MiB / 1.922GiB",13.37
2026-09-22T06:06:40.748Z,etcd,0.97,"48.46MiB / 1.922GiB",2.46
2026-09-22T06:06:47.967Z,lorawan-gateway-evidence-ingest-1,0.00,"3.641MiB / 192MiB",1.90
2026-09-22T06:06:47.967Z,lorawan-gateway-evidence-fabric-adapter-1,0.00,"3.84MiB / 192MiB",2.00
2026-09-22T06:06:47.967Z,lorawan-gateway-evidence-verifier-1,0.14,"11.63MiB / 192MiB",6.06
2026-09-22T06:06:47.967Z,seaweedfs,0.51,"144.5MiB / 256MiB",56.44
2026-09-22T06:06:47.967Z,seaweedfs-metadata-etcd,1.16,"65.61MiB / 96MiB",68.35
2026-09-22T06:06:47.967Z,openbao,2.30,"40.95MiB / 512MiB",8.00
2026-09-22T06:06:47.967Z,chirpstack,0.35,"44.58MiB / 1.922GiB",2.27
2026-09-22T06:06:47.967Z,spilo,1.69,"263.1MiB / 1.922GiB",13.37
2026-09-22T06:06:47.967Z,etcd,0.98,"48.46MiB / 1.922GiB",2.46
2026-09-22T06:06:55.184Z,lorawan-gateway-evidence-ingest-1,0.00,"3.641MiB / 192MiB",1.90
2026-09-22T06:06:55.184Z,lorawan-gateway-evidence-fabric-adapter-1,0.00,"3.84MiB / 192MiB",2.00
2026-09-22T06:06:55.184Z,lorawan-gateway-evidence-verifier-1,0.67,"11.63MiB / 192MiB",6.06
2026-09-22T06:06:55.184Z,seaweedfs,1.30,"144.9MiB / 256MiB",56.59
2026-09-22T06:06:55.184Z,seaweedfs-metadata-etcd,2.18,"65.61MiB / 96MiB",68.35
2026-09-22T06:06:55.184Z,openbao,2.63,"40.94MiB / 512MiB",8.00
2026-09-22T06:06:55.184Z,chirpstack,0.28,"44.58MiB / 1.922GiB",2.27
2026-09-22T06:06:55.184Z,spilo,1.49,"263.1MiB / 1.922GiB",13.37
2026-09-22T06:06:55.184Z,etcd,2.11,"48.47MiB / 1.922GiB",2.46
2026-09-22T06:07:02.584Z,lorawan-gateway-evidence-ingest-1,0.00,"3.641MiB / 192MiB",1.90
2026-09-22T06:07:02.584Z,lorawan-gateway-evidence-fabric-adapter-1,0.00,"3.84MiB / 192MiB",2.00
2026-09-22T06:07:02.584Z,lorawan-gateway-evidence-verifier-1,0.00,"11.44MiB / 192MiB",5.96
2026-09-22T06:07:02.584Z,seaweedfs,0.62,"144.4MiB / 256MiB",56.41
2026-09-22T06:07:02.584Z,seaweedfs-metadata-etcd,1.02,"65.61MiB / 96MiB",68.35
2026-09-22T06:07:02.584Z,openbao,2.62,"40.94MiB / 512MiB",8.00
2026-09-22T06:07:02.584Z,chirpstack,0.51,"44.58MiB / 1.922GiB",2.27
2026-09-22T06:07:02.584Z,spilo,1.98,"263.1MiB / 1.922GiB",13.37
2026-09-22T06:07:02.584Z,etcd,1.65,"48.46MiB / 1.922GiB",2.46
2026-09-22T06:07:09.895Z,lorawan-gateway-evidence-ingest-1,0.00,"3.641MiB / 192MiB",1.90
2026-09-22T06:07:09.895Z,lorawan-gateway-evidence-fabric-adapter-1,0.00,"3.84MiB / 192MiB",2.00
2026-09-22T06:07:09.895Z,lorawan-gateway-evidence-verifier-1,0.12,"11.44MiB / 192MiB",5.96
2026-09-22T06:07:09.895Z,seaweedfs,0.38,"144.4MiB / 256MiB",56.41
2026-09-22T06:07:09.895Z,seaweedfs-metadata-etcd,0.83,"65.61MiB / 96MiB",68.35
2026-09-22T06:07:09.895Z,openbao,2.06,"40.94MiB / 512MiB",8.00
2026-09-22T06:07:09.895Z,chirpstack,0.32,"44.58MiB / 1.922GiB",2.27
2026-09-22T06:07:09.895Z,spilo,1.20,"263.1MiB / 1.922GiB",13.37
2026-09-22T06:07:09.895Z,etcd,0.94,"48.46MiB / 1.922GiB",2.46
2026-09-22T06:07:17.131Z,lorawan-gateway-evidence-ingest-1,0.00,"3.641MiB / 192MiB",1.90
2026-09-22T06:07:17.131Z,lorawan-gateway-evidence-fabric-adapter-1,0.00,"3.84MiB / 192MiB",2.00
2026-09-22T06:07:17.131Z,lorawan-gateway-evidence-verifier-1,0.00,"11.44MiB / 192MiB",5.96
2026-09-22T06:07:17.131Z,seaweedfs,0.50,"144.4MiB / 256MiB",56.41
2026-09-22T06:07:17.131Z,seaweedfs-metadata-etcd,0.85,"65.61MiB / 96MiB",68.35
2026-09-22T06:07:17.131Z,openbao,2.18,"40.94MiB / 512MiB",8.00
2026-09-22T06:07:17.131Z,chirpstack,0.34,"44.58MiB / 1.922GiB",2.27
2026-09-22T06:07:17.131Z,spilo,0.57,"263.1MiB / 1.922GiB",13.37
2026-09-22T06:07:17.131Z,etcd,0.95,"48.46MiB / 1.922GiB",2.46
2026-09-22T06:07:24.383Z,lorawan-gateway-evidence-ingest-1,0.00,"3.641MiB / 192MiB",1.90
2026-09-22T06:07:24.383Z,lorawan-gateway-evidence-fabric-adapter-1,0.00,"3.84MiB / 192MiB",2.00
2026-09-22T06:07:24.383Z,lorawan-gateway-evidence-verifier-1,0.13,"11.44MiB / 192MiB",5.96
2026-09-22T06:07:24.383Z,seaweedfs,0.38,"144.4MiB / 256MiB",56.41
2026-09-22T06:07:24.383Z,seaweedfs-metadata-etcd,0.81,"65.61MiB / 96MiB",68.35
2026-09-22T06:07:24.383Z,openbao,2.29,"40.94MiB / 512MiB",8.00
2026-09-22T06:07:24.383Z,chirpstack,0.35,"44.58MiB / 1.922GiB",2.27
2026-09-22T06:07:24.383Z,spilo,1.19,"263.1MiB / 1.922GiB",13.37
2026-09-22T06:07:24.383Z,etcd,1.10,"48.46MiB / 1.922GiB",2.46
2026-09-22T06:07:31.560Z,lorawan-gateway-evidence-ingest-1,0.00,"3.641MiB / 192MiB",1.90
2026-09-22T06:07:31.560Z,lorawan-gateway-evidence-fabric-adapter-1,0.00,"3.84MiB / 192MiB",2.00
2026-09-22T06:07:31.560Z,lorawan-gateway-evidence-verifier-1,15.32,"11.32MiB / 192MiB",5.89
2026-09-22T06:07:31.560Z,seaweedfs,23.98,"144.5MiB / 256MiB",56.46
2026-09-22T06:07:31.560Z,seaweedfs-metadata-etcd,7.43,"65.62MiB / 96MiB",68.36
2026-09-22T06:07:31.560Z,openbao,1.89,"40.94MiB / 512MiB",8.00
2026-09-22T06:07:31.560Z,chirpstack,0.30,"44.58MiB / 1.922GiB",2.27
2026-09-22T06:07:31.560Z,spilo,1.16,"263.1MiB / 1.922GiB",13.37
2026-09-22T06:07:31.560Z,etcd,0.86,"48.46MiB / 1.922GiB",2.46
2026-09-22T06:07:38.833Z,lorawan-gateway-evidence-ingest-1,0.00,"3.641MiB / 192MiB",1.90
2026-09-22T06:07:38.833Z,lorawan-gateway-evidence-fabric-adapter-1,0.00,"3.84MiB / 192MiB",2.00
2026-09-22T06:07:38.833Z,lorawan-gateway-evidence-verifier-1,0.00,"11.32MiB / 192MiB",5.89
2026-09-22T06:07:38.833Z,seaweedfs,0.38,"144.5MiB / 256MiB",56.46
2026-09-22T06:07:38.833Z,seaweedfs-metadata-etcd,1.07,"65.61MiB / 96MiB",68.35
2026-09-22T06:07:38.833Z,openbao,2.29,"40.94MiB / 512MiB",8.00
2026-09-22T06:07:38.833Z,chirpstack,0.36,"44.58MiB / 1.922GiB",2.27
2026-09-22T06:07:38.833Z,spilo,1.02,"263.1MiB / 1.922GiB",13.37
2026-09-22T06:07:38.833Z,etcd,1.24,"48.46MiB / 1.922GiB",2.46
2026-09-22T06:07:46.043Z,lorawan-gateway-evidence-ingest-1,0.00,"3.594MiB / 192MiB",1.87
2026-09-22T06:07:46.043Z,lorawan-gateway-evidence-fabric-adapter-1,0.00,"3.891MiB / 192MiB",2.03
2026-09-22T06:07:46.043Z,lorawan-gateway-evidence-verifier-1,0.14,"11.7MiB / 192MiB",6.09
2026-09-22T06:07:46.043Z,seaweedfs,0.33,"140.4MiB / 256MiB",54.85
2026-09-22T06:07:46.043Z,seaweedfs-metadata-etcd,0.76,"63.66MiB / 96MiB",66.32
2026-09-22T06:07:46.043Z,openbao,2.16,"41.38MiB / 512MiB",8.08
2026-09-22T06:07:46.043Z,chirpstack,0.34,"44.61MiB / 1.922GiB",2.27
2026-09-22T06:07:46.043Z,spilo,1.73,"246.4MiB / 1.922GiB",12.52
2026-09-22T06:07:46.043Z,etcd,1.84,"49.43MiB / 1.922GiB",2.51
2026-09-22T06:07:53.558Z,lorawan-gateway-evidence-ingest-1,0.00,"3.594MiB / 192MiB",1.87
2026-09-22T06:07:53.558Z,lorawan-gateway-evidence-fabric-adapter-1,0.00,"3.891MiB / 192MiB",2.03
2026-09-22T06:07:53.558Z,lorawan-gateway-evidence-verifier-1,0.12,"11.7MiB / 192MiB",6.09
2026-09-22T06:07:53.558Z,seaweedfs,0.47,"140.4MiB / 256MiB",54.85
2026-09-22T06:07:53.558Z,seaweedfs-metadata-etcd,0.69,"63.66MiB / 96MiB",66.32
2026-09-22T06:07:53.558Z,openbao,2.17,"41.38MiB / 512MiB",8.08
2026-09-22T06:07:53.558Z,chirpstack,0.29,"44.61MiB / 1.922GiB",2.27
2026-09-22T06:07:53.558Z,spilo,0.57,"246.4MiB / 1.922GiB",12.52
2026-09-22T06:07:53.558Z,etcd,0.74,"49.43MiB / 1.922GiB",2.51
2026-09-22T06:08:00.919Z,lorawan-gateway-evidence-ingest-1,0.00,"3.59MiB / 192MiB",1.87
2026-09-22T06:08:00.919Z,lorawan-gateway-evidence-fabric-adapter-1,0.00,"3.84MiB / 192MiB",2.00
2026-09-22T06:08:00.919Z,lorawan-gateway-evidence-verifier-1,6.75,"9.234MiB / 192MiB",4.81
2026-09-22T06:08:00.919Z,seaweedfs,12.82,"135.1MiB / 256MiB",52.76
2026-09-22T06:08:00.919Z,seaweedfs-metadata-etcd,5.85,"63.82MiB / 96MiB",66.48
2026-09-22T06:08:00.919Z,openbao,2.60,"38.97MiB / 512MiB",7.61
2026-09-22T06:08:00.919Z,chirpstack,0.33,"48.04MiB / 1.922GiB",2.44
2026-09-22T06:08:00.919Z,spilo,4.10,"234.1MiB / 1.922GiB",11.89
2026-09-22T06:08:00.919Z,etcd,0.85,"49.45MiB / 1.922GiB",2.51
2026-09-22T06:08:08.338Z,lorawan-gateway-evidence-ingest-1,0.00,"3.59MiB / 192MiB",1.87
2026-09-22T06:08:08.338Z,lorawan-gateway-evidence-fabric-adapter-1,0.00,"3.84MiB / 192MiB",2.00
2026-09-22T06:08:08.338Z,lorawan-gateway-evidence-verifier-1,0.12,"8.766MiB / 192MiB",4.57
2026-09-22T06:08:08.338Z,seaweedfs,2.00,"135.3MiB / 256MiB",52.83
2026-09-22T06:08:08.338Z,seaweedfs-metadata-etcd,3.19,"64.01MiB / 96MiB",66.68
2026-09-22T06:08:08.338Z,openbao,2.12,"39.79MiB / 512MiB",7.77
2026-09-22T06:08:08.338Z,chirpstack,0.34,"51.79MiB / 1.922GiB",2.63
2026-09-22T06:08:08.338Z,spilo,0.97,"234.1MiB / 1.922GiB",11.90
2026-09-22T06:08:08.338Z,etcd,0.80,"48.08MiB / 1.922GiB",2.44
2026-09-22T06:08:15.752Z,lorawan-gateway-evidence-ingest-1,0.00,"3.59MiB / 192MiB",1.87
2026-09-22T06:08:15.752Z,lorawan-gateway-evidence-fabric-adapter-1,0.00,"3.84MiB / 192MiB",2.00
2026-09-22T06:08:15.752Z,lorawan-gateway-evidence-verifier-1,0.14,"8.766MiB / 192MiB",4.57
2026-09-22T06:08:15.752Z,seaweedfs,0.46,"135.5MiB / 256MiB",52.93
2026-09-22T06:08:15.752Z,seaweedfs-metadata-etcd,0.79,"64.01MiB / 96MiB",66.68
2026-09-22T06:08:15.752Z,openbao,2.53,"39.04MiB / 512MiB",7.63
2026-09-22T06:08:15.752Z,chirpstack,0.43,"39.91MiB / 1.922GiB",2.03
2026-09-22T06:08:15.752Z,spilo,1.07,"234.1MiB / 1.922GiB",11.90
2026-09-22T06:08:15.752Z,etcd,2.18,"48.09MiB / 1.922GiB",2.44
2026-09-22T06:08:23.260Z,lorawan-gateway-evidence-ingest-1,0.00,"3.59MiB / 192MiB",1.87
2026-09-22T06:08:23.260Z,lorawan-gateway-evidence-fabric-adapter-1,0.00,"3.84MiB / 192MiB",2.00
2026-09-22T06:08:23.260Z,lorawan-gateway-evidence-verifier-1,0.00,"8.766MiB / 192MiB",4.57
2026-09-22T06:08:23.260Z,seaweedfs,0.61,"137.2MiB / 256MiB",53.59
2026-09-22T06:08:23.260Z,seaweedfs-metadata-etcd,1.02,"64.01MiB / 96MiB",66.68
2026-09-22T06:08:23.260Z,openbao,2.49,"39.04MiB / 512MiB",7.63
2026-09-22T06:08:23.260Z,chirpstack,0.30,"39.91MiB / 1.922GiB",2.03
2026-09-22T06:08:23.260Z,spilo,0.67,"232.9MiB / 1.922GiB",11.83
2026-09-22T06:08:23.260Z,etcd,0.91,"48.09MiB / 1.922GiB",2.44
2026-09-22T06:08:30.687Z,lorawan-gateway-evidence-ingest-1,0.00,"3.59MiB / 192MiB",1.87
2026-09-22T06:08:30.687Z,lorawan-gateway-evidence-fabric-adapter-1,0.00,"3.84MiB / 192MiB",2.00
2026-09-22T06:08:30.687Z,lorawan-gateway-evidence-verifier-1,0.00,"8.766MiB / 192MiB",4.57
2026-09-22T06:08:30.687Z,seaweedfs,0.51,"137.2MiB / 256MiB",53.59
2026-09-22T06:08:30.687Z,seaweedfs-metadata-etcd,0.91,"64.01MiB / 96MiB",66.68
2026-09-22T06:08:30.687Z,openbao,2.08,"39.04MiB / 512MiB",7.63
2026-09-22T06:08:30.687Z,chirpstack,0.30,"39.91MiB / 1.922GiB",2.03
2026-09-22T06:08:30.687Z,spilo,1.36,"232.9MiB / 1.922GiB",11.83
2026-09-22T06:08:30.687Z,etcd,1.13,"48.09MiB / 1.922GiB",2.44
2026-09-22T06:08:38.125Z,lorawan-gateway-evidence-ingest-1,0.00,"3.59MiB / 192MiB",1.87
2026-09-22T06:08:38.125Z,lorawan-gateway-evidence-fabric-adapter-1,0.00,"3.84MiB / 192MiB",2.00
2026-09-22T06:08:38.125Z,lorawan-gateway-evidence-verifier-1,9.54,"9.055MiB / 192MiB",4.72
2026-09-22T06:08:38.125Z,seaweedfs,18.80,"138.6MiB / 256MiB",54.12
2026-09-22T06:08:38.125Z,seaweedfs-metadata-etcd,4.93,"64.02MiB / 96MiB",66.69
2026-09-22T06:08:38.125Z,openbao,1.92,"39.04MiB / 512MiB",7.63
2026-09-22T06:08:38.125Z,chirpstack,0.36,"39.92MiB / 1.922GiB",2.03
2026-09-22T06:08:38.125Z,spilo,0.75,"232.9MiB / 1.922GiB",11.83
2026-09-22T06:08:38.125Z,etcd,0.81,"48.09MiB / 1.922GiB",2.44
2026-09-22T06:08:45.769Z,lorawan-gateway-evidence-ingest-1,0.00,"3.574MiB / 192MiB",1.86
2026-09-22T06:08:45.769Z,lorawan-gateway-evidence-fabric-adapter-1,0.00,"3.582MiB / 192MiB",1.87
2026-09-22T06:08:45.769Z,lorawan-gateway-evidence-verifier-1,0.14,"8.02MiB / 192MiB",4.18
2026-09-22T06:08:45.769Z,seaweedfs,0.59,"136.5MiB / 256MiB",53.32
2026-09-22T06:08:45.769Z,seaweedfs-metadata-etcd,0.68,"63.68MiB / 96MiB",66.34
2026-09-22T06:08:45.769Z,openbao,2.17,"36.66MiB / 512MiB",7.16
2026-09-22T06:08:45.769Z,chirpstack,0.30,"34.34MiB / 1.922GiB",1.74
2026-09-22T06:08:45.769Z,spilo,1.34,"233MiB / 1.922GiB",11.84
2026-09-22T06:08:45.769Z,etcd,2.39,"48.04MiB / 1.922GiB",2.44
2026-09-22T06:08:53.349Z,lorawan-gateway-evidence-ingest-1,0.00,"3.316MiB / 192MiB",1.73
2026-09-22T06:08:53.349Z,lorawan-gateway-evidence-fabric-adapter-1,0.00,"3.582MiB / 192MiB",1.87
2026-09-22T06:08:53.349Z,lorawan-gateway-evidence-verifier-1,0.12,"8.215MiB / 192MiB",4.28
2026-09-22T06:08:53.349Z,seaweedfs,0.68,"136.8MiB / 256MiB",53.42
2026-09-22T06:08:53.349Z,seaweedfs-metadata-etcd,0.78,"63.58MiB / 96MiB",66.23
2026-09-22T06:08:53.349Z,openbao,2.53,"36.29MiB / 512MiB",7.09
2026-09-22T06:08:53.349Z,chirpstack,0.38,"34.35MiB / 1.922GiB",1.75
2026-09-22T06:08:53.349Z,spilo,0.54,"233MiB / 1.922GiB",11.84
2026-09-22T06:08:53.349Z,etcd,0.98,"48.44MiB / 1.922GiB",2.46
2026-09-22T06:09:01.081Z,lorawan-gateway-evidence-ingest-1,0.00,"3.328MiB / 192MiB",1.73
2026-09-22T06:09:01.081Z,lorawan-gateway-evidence-fabric-adapter-1,0.00,"3.582MiB / 192MiB",1.87
2026-09-22T06:09:01.081Z,lorawan-gateway-evidence-verifier-1,0.00,"8.16MiB / 192MiB",4.25
2026-09-22T06:09:01.081Z,seaweedfs,0.92,"137.1MiB / 256MiB",53.57
2026-09-22T06:09:01.081Z,seaweedfs-metadata-etcd,1.39,"63.58MiB / 96MiB",66.23
2026-09-22T06:09:01.081Z,openbao,4.71,"36.33MiB / 512MiB",7.10
2026-09-22T06:09:01.081Z,chirpstack,0.48,"34.35MiB / 1.922GiB",1.75
2026-09-22T06:09:01.081Z,spilo,13.18,"247.1MiB / 1.922GiB",12.56
2026-09-22T06:09:01.081Z,etcd,1.29,"48.02MiB / 1.922GiB",2.44
2026-09-22T06:09:08.438Z,lorawan-gateway-evidence-ingest-1,0.00,"3.328MiB / 192MiB",1.73
2026-09-22T06:09:08.438Z,lorawan-gateway-evidence-fabric-adapter-1,0.00,"8.18MiB / 192MiB",4.26
2026-09-22T06:09:08.438Z,lorawan-gateway-evidence-verifier-1,0.12,"8.16MiB / 192MiB",4.25
2026-09-22T06:09:08.438Z,seaweedfs,0.66,"139MiB / 256MiB",54.30
2026-09-22T06:09:08.438Z,seaweedfs-metadata-etcd,0.97,"63.58MiB / 96MiB",66.23
2026-09-22T06:09:08.438Z,openbao,2.35,"43.67MiB / 512MiB",8.53
2026-09-22T06:09:08.438Z,chirpstack,0.36,"34.34MiB / 1.922GiB",1.74
2026-09-22T06:09:08.438Z,spilo,0.21,"247.1MiB / 1.922GiB",12.56
2026-09-22T06:09:08.438Z,etcd,0.99,"48.03MiB / 1.922GiB",2.44
2026-09-22T06:09:15.675Z,lorawan-gateway-evidence-ingest-1,0.00,"3.328MiB / 192MiB",1.73
2026-09-22T06:09:15.675Z,lorawan-gateway-evidence-fabric-adapter-1,0.00,"8.18MiB / 192MiB",4.26
2026-09-22T06:09:15.675Z,lorawan-gateway-evidence-verifier-1,13.81,"15.03MiB / 192MiB",7.83
2026-09-22T06:09:15.675Z,seaweedfs,23.10,"148.1MiB / 256MiB",57.83
2026-09-22T06:09:15.675Z,seaweedfs-metadata-etcd,11.38,"64.15MiB / 96MiB",66.82
2026-09-22T06:09:15.675Z,openbao,2.36,"43.74MiB / 512MiB",8.54
2026-09-22T06:09:15.675Z,chirpstack,0.37,"34.34MiB / 1.922GiB",1.75
2026-09-22T06:09:15.675Z,spilo,1.59,"247.2MiB / 1.922GiB",12.56
2026-09-22T06:09:15.675Z,etcd,2.45,"48.03MiB / 1.922GiB",2.44
2026-09-22T06:09:23.496Z,lorawan-gateway-evidence-ingest-1,0.00,"3.328MiB / 192MiB",1.73
2026-09-22T06:09:23.496Z,lorawan-gateway-evidence-fabric-adapter-1,0.00,"8.18MiB / 192MiB",4.26
2026-09-22T06:09:23.496Z,lorawan-gateway-evidence-verifier-1,0.00,"14.78MiB / 192MiB",7.70
2026-09-22T06:09:23.496Z,seaweedfs,0.63,"149MiB / 256MiB",58.21
2026-09-22T06:09:23.496Z,seaweedfs-metadata-etcd,1.40,"64.14MiB / 96MiB",66.81
2026-09-22T06:09:23.496Z,openbao,2.59,"44.79MiB / 512MiB",8.75
2026-09-22T06:09:23.496Z,chirpstack,0.38,"34.34MiB / 1.922GiB",1.75
2026-09-22T06:09:23.496Z,spilo,1.30,"247.2MiB / 1.922GiB",12.56
2026-09-22T06:09:23.496Z,etcd,1.18,"48.03MiB / 1.922GiB",2.44
2026-09-22T06:09:30.719Z,lorawan-gateway-evidence-ingest-1,0.00,"3.328MiB / 192MiB",1.73
2026-09-22T06:09:30.719Z,lorawan-gateway-evidence-fabric-adapter-1,0.00,"8.18MiB / 192MiB",4.26
2026-09-22T06:09:30.719Z,lorawan-gateway-evidence-verifier-1,0.00,"14.78MiB / 192MiB",7.70
2026-09-22T06:09:30.719Z,seaweedfs,0.40,"149.1MiB / 256MiB",58.26
2026-09-22T06:09:30.719Z,seaweedfs-metadata-etcd,0.83,"64.14MiB / 96MiB",66.81
2026-09-22T06:09:30.719Z,openbao,2.25,"44.91MiB / 512MiB",8.77
2026-09-22T06:09:30.719Z,chirpstack,0.39,"34.35MiB / 1.922GiB",1.75
2026-09-22T06:09:30.719Z,spilo,1.16,"247.2MiB / 1.922GiB",12.56
2026-09-22T06:09:30.719Z,etcd,1.45,"48.55MiB / 1.922GiB",2.47
2026-09-22T06:09:37.932Z,lorawan-gateway-evidence-ingest-1,0.00,"3.328MiB / 192MiB",1.73
2026-09-22T06:09:37.932Z,lorawan-gateway-evidence-fabric-adapter-1,0.00,"8.18MiB / 192MiB",4.26
2026-09-22T06:09:37.932Z,lorawan-gateway-evidence-verifier-1,0.11,"14.78MiB / 192MiB",7.70
2026-09-22T06:09:37.932Z,seaweedfs,0.50,"149.1MiB / 256MiB",58.26
2026-09-22T06:09:37.932Z,seaweedfs-metadata-etcd,0.86,"64.14MiB / 96MiB",66.81
2026-09-22T06:09:37.932Z,openbao,2.51,"45.23MiB / 512MiB",8.83
2026-09-22T06:09:37.932Z,chirpstack,0.27,"34.35MiB / 1.922GiB",1.75
2026-09-22T06:09:37.932Z,spilo,1.15,"247.5MiB / 1.922GiB",12.58
2026-09-22T06:09:37.932Z,etcd,0.81,"48.55MiB / 1.922GiB",2.47
2026-09-22T06:09:45.148Z,lorawan-gateway-evidence-ingest-1,0.00,"3.328MiB / 192MiB",1.73
2026-09-22T06:09:45.148Z,lorawan-gateway-evidence-fabric-adapter-1,0.00,"8.18MiB / 192MiB",4.26
2026-09-22T06:09:45.148Z,lorawan-gateway-evidence-verifier-1,0.00,"14.78MiB / 192MiB",7.70
2026-09-22T06:09:45.148Z,seaweedfs,0.46,"149.1MiB / 256MiB",58.26
2026-09-22T06:09:45.148Z,seaweedfs-metadata-etcd,0.95,"64.14MiB / 96MiB",66.81
2026-09-22T06:09:45.148Z,openbao,2.44,"45.23MiB / 512MiB",8.83
2026-09-22T06:09:45.148Z,chirpstack,0.37,"34.34MiB / 1.922GiB",1.74
2026-09-22T06:09:45.148Z,spilo,1.76,"247.5MiB / 1.922GiB",12.58
2026-09-22T06:09:45.148Z,etcd,0.81,"48.66MiB / 1.922GiB",2.47
2026-09-22T06:09:52.356Z,lorawan-gateway-evidence-ingest-1,0.00,"3.328MiB / 192MiB",1.73
2026-09-22T06:09:52.356Z,lorawan-gateway-evidence-fabric-adapter-1,0.00,"8.18MiB / 192MiB",4.26
2026-09-22T06:09:52.356Z,lorawan-gateway-evidence-verifier-1,0.08,"15.15MiB / 192MiB",7.89
2026-09-22T06:09:52.356Z,seaweedfs,5.93,"148.9MiB / 256MiB",58.18
2026-09-22T06:09:52.356Z,seaweedfs-metadata-etcd,7.56,"64.48MiB / 96MiB",67.16
2026-09-22T06:09:52.356Z,openbao,2.09,"45.23MiB / 512MiB",8.83
2026-09-22T06:09:52.356Z,chirpstack,0.31,"34.34MiB / 1.922GiB",1.74
2026-09-22T06:09:52.356Z,spilo,1.39,"247.5MiB / 1.922GiB",12.58
2026-09-22T06:09:52.356Z,etcd,0.75,"49.12MiB / 1.922GiB",2.50
2026-09-22T06:09:59.676Z,lorawan-gateway-evidence-ingest-1,0.00,"3.328MiB / 192MiB",1.73
2026-09-22T06:09:59.676Z,lorawan-gateway-evidence-fabric-adapter-1,0.00,"8.18MiB / 192MiB",4.26
2026-09-22T06:09:59.676Z,lorawan-gateway-evidence-verifier-1,0.14,"15.15MiB / 192MiB",7.89
2026-09-22T06:09:59.676Z,seaweedfs,1.15,"148.9MiB / 256MiB",58.18
2026-09-22T06:09:59.676Z,seaweedfs-metadata-etcd,1.60,"64.48MiB / 96MiB",67.16
2026-09-22T06:09:59.676Z,openbao,3.27,"45.23MiB / 512MiB",8.83
2026-09-22T06:09:59.676Z,chirpstack,2.01,"34.34MiB / 1.922GiB",1.74
2026-09-22T06:09:59.676Z,spilo,6.55,"249MiB / 1.922GiB",12.65
2026-09-22T06:09:59.676Z,etcd,1.11,"49.23MiB / 1.922GiB",2.50
2026-09-22T06:10:06.932Z,lorawan-gateway-evidence-ingest-1,0.00,"3.328MiB / 192MiB",1.73
2026-09-22T06:10:06.932Z,lorawan-gateway-evidence-fabric-adapter-1,0.00,"8.18MiB / 192MiB",4.26
2026-09-22T06:10:06.932Z,lorawan-gateway-evidence-verifier-1,0.00,"15.15MiB / 192MiB",7.89
2026-09-22T06:10:06.932Z,seaweedfs,0.51,"148.9MiB / 256MiB",58.18
2026-09-22T06:10:06.932Z,seaweedfs-metadata-etcd,1.39,"64.48MiB / 96MiB",67.16
2026-09-22T06:10:06.932Z,openbao,3.30,"45.61MiB / 512MiB",8.91
2026-09-22T06:10:06.932Z,chirpstack,0.50,"34.34MiB / 1.922GiB",1.74
2026-09-22T06:10:06.932Z,spilo,1.71,"249MiB / 1.922GiB",12.65
2026-09-22T06:10:06.932Z,etcd,1.82,"49.83MiB / 1.922GiB",2.53
2026-09-22T06:10:14.230Z,lorawan-gateway-evidence-ingest-1,0.00,"3.328MiB / 192MiB",1.73
2026-09-22T06:10:14.230Z,lorawan-gateway-evidence-fabric-adapter-1,0.00,"8.18MiB / 192MiB",4.26
2026-09-22T06:10:14.230Z,lorawan-gateway-evidence-verifier-1,0.15,"15.15MiB / 192MiB",7.89
2026-09-22T06:10:14.230Z,seaweedfs,0.45,"148.9MiB / 256MiB",58.18
2026-09-22T06:10:14.230Z,seaweedfs-metadata-etcd,0.84,"64.55MiB / 96MiB",67.24
2026-09-22T06:10:14.230Z,openbao,2.87,"46.12MiB / 512MiB",9.01
2026-09-22T06:10:14.230Z,chirpstack,0.44,"34.34MiB / 1.922GiB",1.75
2026-09-22T06:10:14.230Z,spilo,1.60,"249MiB / 1.922GiB",12.65
2026-09-22T06:10:14.230Z,etcd,1.08,"49.83MiB / 1.922GiB",2.53
2026-09-22T06:10:21.505Z,lorawan-gateway-evidence-ingest-1,0.83,"6.984MiB / 192MiB",3.64
2026-09-22T06:10:21.505Z,lorawan-gateway-evidence-fabric-adapter-1,0.00,"8.18MiB / 192MiB",4.26
2026-09-22T06:10:21.505Z,lorawan-gateway-evidence-verifier-1,0.00,"15.15MiB / 192MiB",7.89
2026-09-22T06:10:21.505Z,seaweedfs,0.63,"148.9MiB / 256MiB",58.17
2026-09-22T06:10:21.505Z,seaweedfs-metadata-etcd,1.01,"64.55MiB / 96MiB",67.24
2026-09-22T06:10:21.505Z,openbao,2.49,"46.12MiB / 512MiB",9.01
2026-09-22T06:10:21.505Z,chirpstack,0.35,"34.34MiB / 1.922GiB",1.74
2026-09-22T06:10:21.505Z,spilo,0.88,"249MiB / 1.922GiB",12.65
2026-09-22T06:10:21.505Z,etcd,0.89,"49.83MiB / 1.922GiB",2.53
2026-09-22T06:10:28.708Z,lorawan-gateway-evidence-ingest-1,0.00,"6.984MiB / 192MiB",3.64
2026-09-22T06:10:28.708Z,lorawan-gateway-evidence-fabric-adapter-1,0.00,"8.18MiB / 192MiB",4.26
2026-09-22T06:10:28.708Z,lorawan-gateway-evidence-verifier-1,0.00,"15.21MiB / 192MiB",7.92
2026-09-22T06:10:28.708Z,seaweedfs,1.79,"149.6MiB / 256MiB",58.42
2026-09-22T06:10:28.708Z,seaweedfs-metadata-etcd,2.62,"64.89MiB / 96MiB",67.59
2026-09-22T06:10:28.708Z,openbao,2.36,"46.12MiB / 512MiB",9.01
2026-09-22T06:10:28.708Z,chirpstack,0.51,"34.34MiB / 1.922GiB",1.75
2026-09-22T06:10:28.708Z,spilo,1.50,"249MiB / 1.922GiB",12.65
2026-09-22T06:10:28.708Z,etcd,0.85,"49.83MiB / 1.922GiB",2.53
2026-09-22T06:10:35.961Z,lorawan-gateway-evidence-ingest-1,0.00,"6.984MiB / 192MiB",3.64
2026-09-22T06:10:35.961Z,lorawan-gateway-evidence-fabric-adapter-1,0.00,"8.18MiB / 192MiB",4.26
2026-09-22T06:10:35.961Z,lorawan-gateway-evidence-verifier-1,0.13,"15.21MiB / 192MiB",7.92
2026-09-22T06:10:35.961Z,seaweedfs,0.51,"150.2MiB / 256MiB",58.67
2026-09-22T06:10:35.961Z,seaweedfs-metadata-etcd,1.12,"64.97MiB / 96MiB",67.68
2026-09-22T06:10:35.961Z,openbao,2.72,"46.39MiB / 512MiB",9.06
2026-09-22T06:10:35.961Z,chirpstack,0.41,"34.34MiB / 1.922GiB",1.74
2026-09-22T06:10:35.961Z,spilo,0.52,"249MiB / 1.922GiB",12.65
2026-09-22T06:10:35.961Z,etcd,2.32,"49.91MiB / 1.922GiB",2.54
2026-09-22T06:10:43.156Z,lorawan-gateway-evidence-ingest-1,0.00,"6.984MiB / 192MiB",3.64
2026-09-22T06:10:43.156Z,lorawan-gateway-evidence-fabric-adapter-1,0.00,"8.18MiB / 192MiB",4.26
2026-09-22T06:10:43.156Z,lorawan-gateway-evidence-verifier-1,0.00,"15.21MiB / 192MiB",7.92
2026-09-22T06:10:43.156Z,seaweedfs,0.59,"150.2MiB / 256MiB",58.67
2026-09-22T06:10:43.156Z,seaweedfs-metadata-etcd,1.21,"64.97MiB / 96MiB",67.68
2026-09-22T06:10:43.156Z,openbao,2.44,"46.39MiB / 512MiB",9.06
2026-09-22T06:10:43.156Z,chirpstack,0.40,"34.34MiB / 1.922GiB",1.74
2026-09-22T06:10:43.156Z,spilo,1.12,"249MiB / 1.922GiB",12.65
2026-09-22T06:10:43.156Z,etcd,1.47,"49.91MiB / 1.922GiB",2.54
2026-09-22T06:10:50.359Z,lorawan-gateway-evidence-ingest-1,0.00,"6.984MiB / 192MiB",3.64
2026-09-22T06:10:50.359Z,lorawan-gateway-evidence-fabric-adapter-1,0.00,"8.18MiB / 192MiB",4.26
2026-09-22T06:10:50.359Z,lorawan-gateway-evidence-verifier-1,0.10,"15.21MiB / 192MiB",7.92
2026-09-22T06:10:50.359Z,seaweedfs,0.33,"150.2MiB / 256MiB",58.67
2026-09-22T06:10:50.359Z,seaweedfs-metadata-etcd,0.91,"64.97MiB / 96MiB",67.68
2026-09-22T06:10:50.359Z,openbao,2.45,"46.39MiB / 512MiB",9.06
2026-09-22T06:10:50.359Z,chirpstack,0.33,"34.34MiB / 1.922GiB",1.74
2026-09-22T06:10:50.359Z,spilo,1.15,"249MiB / 1.922GiB",12.65
2026-09-22T06:10:50.359Z,etcd,1.14,"49.91MiB / 1.922GiB",2.54
2026-09-22T06:10:57.586Z,lorawan-gateway-evidence-ingest-1,0.00,"6.984MiB / 192MiB",3.64
2026-09-22T06:10:57.586Z,lorawan-gateway-evidence-fabric-adapter-1,0.00,"8.18MiB / 192MiB",4.26
2026-09-22T06:10:57.586Z,lorawan-gateway-evidence-verifier-1,0.31,"15.22MiB / 192MiB",7.93
2026-09-22T06:10:57.586Z,seaweedfs,0.74,"150.2MiB / 256MiB",58.67
2026-09-22T06:10:57.586Z,seaweedfs-metadata-etcd,0.83,"64.97MiB / 96MiB",67.68
2026-09-22T06:10:57.586Z,openbao,2.48,"46.57MiB / 512MiB",9.10
2026-09-22T06:10:57.586Z,chirpstack,0.33,"34.34MiB / 1.922GiB",1.74
2026-09-22T06:10:57.586Z,spilo,0.90,"249MiB / 1.922GiB",12.65
2026-09-22T06:10:57.586Z,etcd,0.88,"49.91MiB / 1.922GiB",2.54
2026-09-22T06:11:04.833Z,lorawan-gateway-evidence-ingest-1,0.00,"6.984MiB / 192MiB",3.64
2026-09-22T06:11:04.833Z,lorawan-gateway-evidence-fabric-adapter-1,0.14,"8.18MiB / 192MiB",4.26
2026-09-22T06:11:04.833Z,lorawan-gateway-evidence-verifier-1,0.00,"15.48MiB / 192MiB",8.06
2026-09-22T06:11:04.833Z,seaweedfs,1.59,"150.2MiB / 256MiB",58.69
2026-09-22T06:11:04.833Z,seaweedfs-metadata-etcd,2.21,"64.99MiB / 96MiB",67.70
2026-09-22T06:11:04.833Z,openbao,2.92,"46.84MiB / 512MiB",9.15
2026-09-22T06:11:04.833Z,chirpstack,0.53,"34.34MiB / 1.922GiB",1.74
2026-09-22T06:11:04.833Z,spilo,3.23,"249.3MiB / 1.922GiB",12.67
2026-09-22T06:11:04.833Z,etcd,0.83,"49.91MiB / 1.922GiB",2.54
2026-09-22T06:11:12.112Z,lorawan-gateway-evidence-ingest-1,0.00,"6.984MiB / 192MiB",3.64
2026-09-22T06:11:12.112Z,lorawan-gateway-evidence-fabric-adapter-1,0.00,"8.18MiB / 192MiB",4.26
2026-09-22T06:11:12.112Z,lorawan-gateway-evidence-verifier-1,0.13,"15.48MiB / 192MiB",8.06
2026-09-22T06:11:12.112Z,seaweedfs,0.62,"150.2MiB / 256MiB",58.69
2026-09-22T06:11:12.112Z,seaweedfs-metadata-etcd,1.12,"64.99MiB / 96MiB",67.70
2026-09-22T06:11:12.112Z,openbao,2.91,"46.84MiB / 512MiB",9.15
2026-09-22T06:11:12.112Z,chirpstack,0.28,"34.34MiB / 1.922GiB",1.74
2026-09-22T06:11:12.112Z,spilo,0.51,"249.3MiB / 1.922GiB",12.67
2026-09-22T06:11:12.112Z,etcd,0.97,"49.91MiB / 1.922GiB",2.54
2026-09-22T06:11:19.353Z,lorawan-gateway-evidence-ingest-1,0.00,"6.984MiB / 192MiB",3.64
2026-09-22T06:11:19.353Z,lorawan-gateway-evidence-fabric-adapter-1,0.00,"8.18MiB / 192MiB",4.26
2026-09-22T06:11:19.353Z,lorawan-gateway-evidence-verifier-1,0.00,"15.48MiB / 192MiB",8.06
2026-09-22T06:11:19.353Z,seaweedfs,0.54,"150.2MiB / 256MiB",58.69
2026-09-22T06:11:19.353Z,seaweedfs-metadata-etcd,1.23,"64.99MiB / 96MiB",67.70
2026-09-22T06:11:19.353Z,openbao,2.94,"46.84MiB / 512MiB",9.15
2026-09-22T06:11:19.353Z,chirpstack,0.33,"34.34MiB / 1.922GiB",1.74
2026-09-22T06:11:19.353Z,spilo,1.68,"249.3MiB / 1.922GiB",12.67
2026-09-22T06:11:19.353Z,etcd,1.47,"49.91MiB / 1.922GiB",2.54
2026-09-22T06:11:26.559Z,lorawan-gateway-evidence-ingest-1,0.00,"6.984MiB / 192MiB",3.64
2026-09-22T06:11:26.559Z,lorawan-gateway-evidence-fabric-adapter-1,0.00,"8.18MiB / 192MiB",4.26
2026-09-22T06:11:26.559Z,lorawan-gateway-evidence-verifier-1,0.10,"15.48MiB / 192MiB",8.06
2026-09-22T06:11:26.559Z,seaweedfs,0.46,"150.3MiB / 256MiB",58.69
2026-09-22T06:11:26.559Z,seaweedfs-metadata-etcd,0.85,"64.99MiB / 96MiB",67.70
2026-09-22T06:11:26.559Z,openbao,2.42,"46.84MiB / 512MiB",9.15
2026-09-22T06:11:26.559Z,chirpstack,0.37,"34.34MiB / 1.922GiB",1.74
2026-09-22T06:11:26.559Z,spilo,0.81,"249.3MiB / 1.922GiB",12.67
2026-09-22T06:11:26.559Z,etcd,1.31,"49.91MiB / 1.922GiB",2.54
2026-09-22T06:11:33.760Z,lorawan-gateway-evidence-ingest-1,0.00,"6.984MiB / 192MiB",3.64
2026-09-22T06:11:33.760Z,lorawan-gateway-evidence-fabric-adapter-1,0.00,"8.18MiB / 192MiB",4.26
2026-09-22T06:11:33.760Z,lorawan-gateway-evidence-verifier-1,2.94,"15.18MiB / 192MiB",7.90
2026-09-22T06:11:33.760Z,seaweedfs,5.08,"150.2MiB / 256MiB",58.69
2026-09-22T06:11:33.760Z,seaweedfs-metadata-etcd,2.14,"65MiB / 96MiB",67.70
2026-09-22T06:11:33.760Z,openbao,2.42,"46.92MiB / 512MiB",9.16
2026-09-22T06:11:33.760Z,chirpstack,0.29,"34.34MiB / 1.922GiB",1.74
2026-09-22T06:11:33.760Z,spilo,0.89,"249.3MiB / 1.922GiB",12.67
2026-09-22T06:11:33.760Z,etcd,0.84,"49.91MiB / 1.922GiB",2.54
2026-09-22T06:11:41.041Z,lorawan-gateway-evidence-ingest-1,0.00,"6.984MiB / 192MiB",3.64
2026-09-22T06:11:41.041Z,lorawan-gateway-evidence-fabric-adapter-1,0.00,"8.18MiB / 192MiB",4.26
2026-09-22T06:11:41.041Z,lorawan-gateway-evidence-verifier-1,0.00,"15.39MiB / 192MiB",8.02
2026-09-22T06:11:41.041Z,seaweedfs,0.49,"151.1MiB / 256MiB",59.01
2026-09-22T06:11:41.041Z,seaweedfs-metadata-etcd,0.99,"65.11MiB / 96MiB",67.83
2026-09-22T06:11:41.041Z,openbao,2.12,"47.08MiB / 512MiB",9.20
2026-09-22T06:11:41.041Z,chirpstack,0.38,"34.34MiB / 1.922GiB",1.74
2026-09-22T06:11:41.041Z,spilo,1.35,"249.3MiB / 1.922GiB",12.67
2026-09-22T06:11:41.041Z,etcd,0.93,"49.91MiB / 1.922GiB",2.54
2026-09-22T06:11:48.241Z,lorawan-gateway-evidence-ingest-1,0.00,"6.984MiB / 192MiB",3.64
2026-09-22T06:11:48.241Z,lorawan-gateway-evidence-fabric-adapter-1,0.00,"8.18MiB / 192MiB",4.26
2026-09-22T06:11:48.241Z,lorawan-gateway-evidence-verifier-1,0.09,"15.39MiB / 192MiB",8.02
2026-09-22T06:11:48.241Z,seaweedfs,0.44,"151.1MiB / 256MiB",59.01
2026-09-22T06:11:48.241Z,seaweedfs-metadata-etcd,0.91,"65.11MiB / 96MiB",67.83
2026-09-22T06:11:48.241Z,openbao,2.71,"47.08MiB / 512MiB",9.20
2026-09-22T06:11:48.241Z,chirpstack,0.33,"34.34MiB / 1.922GiB",1.74
2026-09-22T06:11:48.241Z,spilo,1.40,"249.3MiB / 1.922GiB",12.67
2026-09-22T06:11:48.241Z,etcd,0.93,"49.91MiB / 1.922GiB",2.54
2026-09-22T06:11:55.470Z,lorawan-gateway-evidence-ingest-1,0.00,"6.984MiB / 192MiB",3.64
2026-09-22T06:11:55.470Z,lorawan-gateway-evidence-fabric-adapter-1,0.00,"8.18MiB / 192MiB",4.26
2026-09-22T06:11:55.470Z,lorawan-gateway-evidence-verifier-1,0.00,"15.39MiB / 192MiB",8.02
2026-09-22T06:11:55.470Z,seaweedfs,0.51,"151.1MiB / 256MiB",59.01
2026-09-22T06:11:55.470Z,seaweedfs-metadata-etcd,1.30,"65.11MiB / 96MiB",67.83
2026-09-22T06:11:55.470Z,openbao,2.94,"47.16MiB / 512MiB",9.21
2026-09-22T06:11:55.470Z,chirpstack,0.36,"34.34MiB / 1.922GiB",1.74
2026-09-22T06:11:55.470Z,spilo,2.05,"249.3MiB / 1.922GiB",12.67
2026-09-22T06:11:55.470Z,etcd,1.30,"49.91MiB / 1.922GiB",2.54
2026-09-22T06:12:02.676Z,lorawan-gateway-evidence-ingest-1,0.00,"6.984MiB / 192MiB",3.64
2026-09-22T06:12:02.676Z,lorawan-gateway-evidence-fabric-adapter-1,0.00,"8.18MiB / 192MiB",4.26
2026-09-22T06:12:02.676Z,lorawan-gateway-evidence-verifier-1,0.00,"15.39MiB / 192MiB",8.02
2026-09-22T06:12:02.676Z,seaweedfs,0.58,"152MiB / 256MiB",59.36
2026-09-22T06:12:02.676Z,seaweedfs-metadata-etcd,1.27,"65.11MiB / 96MiB",67.83
2026-09-22T06:12:02.676Z,openbao,3.59,"48.3MiB / 512MiB",9.43
2026-09-22T06:12:02.676Z,chirpstack,0.45,"34.34MiB / 1.922GiB",1.74
2026-09-22T06:12:02.676Z,spilo,0.98,"250.1MiB / 1.922GiB",12.71
2026-09-22T06:12:02.676Z,etcd,1.63,"49.91MiB / 1.922GiB",2.54
2026-09-22T06:12:10.002Z,lorawan-gateway-evidence-ingest-1,0.00,"6.984MiB / 192MiB",3.64
2026-09-22T06:12:10.002Z,lorawan-gateway-evidence-fabric-adapter-1,0.00,"8.18MiB / 192MiB",4.26
2026-09-22T06:12:10.002Z,lorawan-gateway-evidence-verifier-1,13.78,"15.3MiB / 192MiB",7.97
2026-09-22T06:12:10.002Z,seaweedfs,22.49,"152.1MiB / 256MiB",59.41
2026-09-22T06:12:10.002Z,seaweedfs-metadata-etcd,8.79,"65.29MiB / 96MiB",68.01
2026-09-22T06:12:10.002Z,openbao,2.13,"48.3MiB / 512MiB",9.43
2026-09-22T06:12:10.002Z,chirpstack,0.28,"34.34MiB / 1.922GiB",1.74
2026-09-22T06:12:10.002Z,spilo,1.04,"250.1MiB / 1.922GiB",12.71
2026-09-22T06:12:10.002Z,etcd,1.97,"49.91MiB / 1.922GiB",2.54
2026-09-22T06:12:17.487Z,lorawan-gateway-evidence-ingest-1,0.00,"6.984MiB / 192MiB",3.64
2026-09-22T06:12:17.487Z,lorawan-gateway-evidence-fabric-adapter-1,0.00,"8.18MiB / 192MiB",4.26
2026-09-22T06:12:17.487Z,lorawan-gateway-evidence-verifier-1,0.00,"15.3MiB / 192MiB",7.97
2026-09-22T06:12:17.487Z,seaweedfs,0.53,"151.7MiB / 256MiB",59.26
2026-09-22T06:12:17.487Z,seaweedfs-metadata-etcd,0.85,"65.35MiB / 96MiB",68.07
2026-09-22T06:12:17.487Z,openbao,2.37,"48.48MiB / 512MiB",9.47
2026-09-22T06:12:17.487Z,chirpstack,0.36,"34.34MiB / 1.922GiB",1.74
2026-09-22T06:12:17.487Z,spilo,2.02,"250.1MiB / 1.922GiB",12.71
2026-09-22T06:12:17.487Z,etcd,1.10,"50.03MiB / 1.922GiB",2.54
2026-09-22T06:12:24.744Z,lorawan-gateway-evidence-ingest-1,0.00,"6.984MiB / 192MiB",3.64
2026-09-22T06:12:24.744Z,lorawan-gateway-evidence-fabric-adapter-1,0.00,"8.18MiB / 192MiB",4.26
2026-09-22T06:12:24.744Z,lorawan-gateway-evidence-verifier-1,0.00,"15.3MiB / 192MiB",7.97
2026-09-22T06:12:24.744Z,seaweedfs,0.36,"151.7MiB / 256MiB",59.26
2026-09-22T06:12:24.744Z,seaweedfs-metadata-etcd,0.88,"65.35MiB / 96MiB",68.07
2026-09-22T06:12:24.744Z,openbao,2.58,"48.48MiB / 512MiB",9.47
2026-09-22T06:12:24.744Z,chirpstack,0.34,"34.34MiB / 1.922GiB",1.74
2026-09-22T06:12:24.744Z,spilo,1.14,"250.2MiB / 1.922GiB",12.71
2026-09-22T06:12:24.744Z,etcd,1.09,"50.03MiB / 1.922GiB",2.54
2026-09-22T06:12:31.932Z,lorawan-gateway-evidence-ingest-1,0.00,"6.984MiB / 192MiB",3.64
2026-09-22T06:12:31.932Z,lorawan-gateway-evidence-fabric-adapter-1,0.00,"8.18MiB / 192MiB",4.26
2026-09-22T06:12:31.932Z,lorawan-gateway-evidence-verifier-1,0.14,"15.3MiB / 192MiB",7.97
2026-09-22T06:12:31.932Z,seaweedfs,0.59,"151.7MiB / 256MiB",59.26
2026-09-22T06:12:31.932Z,seaweedfs-metadata-etcd,1.09,"65.35MiB / 96MiB",68.07
2026-09-22T06:12:31.932Z,openbao,2.30,"48.48MiB / 512MiB",9.47
2026-09-22T06:12:31.932Z,chirpstack,0.34,"34.34MiB / 1.922GiB",1.74
2026-09-22T06:12:31.932Z,spilo,1.90,"250.1MiB / 1.922GiB",12.71
2026-09-22T06:12:31.932Z,etcd,0.89,"50.03MiB / 1.922GiB",2.54
2026-09-22T06:12:39.120Z,lorawan-gateway-evidence-ingest-1,0.00,"6.984MiB / 192MiB",3.64
2026-09-22T06:12:39.120Z,lorawan-gateway-evidence-fabric-adapter-1,0.00,"8.18MiB / 192MiB",4.26
2026-09-22T06:12:39.120Z,lorawan-gateway-evidence-verifier-1,0.00,"15.3MiB / 192MiB",7.97
2026-09-22T06:12:39.120Z,seaweedfs,0.48,"151.7MiB / 256MiB",59.26
2026-09-22T06:12:39.120Z,seaweedfs-metadata-etcd,1.08,"65.35MiB / 96MiB",68.07
2026-09-22T06:12:39.120Z,openbao,2.20,"48.64MiB / 512MiB",9.50
2026-09-22T06:12:39.120Z,chirpstack,0.45,"34.34MiB / 1.922GiB",1.74
2026-09-22T06:12:39.120Z,spilo,0.58,"250.3MiB / 1.922GiB",12.72
2026-09-22T06:12:39.120Z,etcd,1.49,"50.75MiB / 1.922GiB",2.58
2026-09-22T06:12:46.348Z,lorawan-gateway-evidence-ingest-1,0.00,"6.984MiB / 192MiB",3.64
2026-09-22T06:12:46.348Z,lorawan-gateway-evidence-fabric-adapter-1,0.00,"8.18MiB / 192MiB",4.26
2026-09-22T06:12:46.348Z,lorawan-gateway-evidence-verifier-1,0.12,"15.48MiB / 192MiB",8.06
2026-09-22T06:12:46.348Z,seaweedfs,7.28,"151.9MiB / 256MiB",59.32
2026-09-22T06:12:46.348Z,seaweedfs-metadata-etcd,8.84,"65.35MiB / 96MiB",68.07
2026-09-22T06:12:46.348Z,openbao,2.28,"48.64MiB / 512MiB",9.50
2026-09-22T06:12:46.348Z,chirpstack,0.32,"34.34MiB / 1.922GiB",1.74
2026-09-22T06:12:46.348Z,spilo,1.23,"250.3MiB / 1.922GiB",12.72
2026-09-22T06:12:46.348Z,etcd,1.17,"50.75MiB / 1.922GiB",2.58
